﻿<?xml version="1.0" encoding="utf-8"?>

<ROOTLEVEL>
  <MODULE35>
    <Enable>Yes</Enable>
    <Height>0</Height>
    <Width>100</Width>
  </MODULE35>
  <MODULE31>
    <Enable>Yes</Enable>
    <Height>0</Height>
    <Width>80</Width>
  </MODULE31>
  <MODULE20>
    <Enable>Yes</Enable>
    <Height>0</Height>
    <Width>80</Width>
  </MODULE20>
  <MODULE44>
    <Enable>Yes</Enable>
    <Height>0</Height>
    <Width>80</Width>
  </MODULE44>
  <MODULE10>
    <Enable>Yes</Enable>
    <Height>0</Height>
    <Width>220</Width>
  </MODULE10>
  <MODULE46>
    <Enable>Yes</Enable>
    <Height>0</Height>
    <Width>80</Width>
  </MODULE46>
  <MODULE18>
    <Enable>Yes</Enable>
    <Height>0</Height>
    <Width>80</Width>
  </MODULE18>
  <MODULE23>
    <Enable>Yes</Enable>
    <Height>0</Height>
    <Width>80</Width>
  </MODULE23>
  <MODULE28>
    <Enable>Yes</Enable>
    <Height>0</Height>
    <Width>80</Width>
  </MODULE28>
  <MODULE52>
    <Enable>Yes</Enable>
    <Height>0</Height>
    <Width>80</Width>
  </MODULE52>
  <MODULE51>
    <Enable>Yes</Enable>
    <Height>0</Height>
    <Width>100</Width>
  </MODULE51>
  <MODULE32>
    <Enable>Yes</Enable>
    <Height>0</Height>
    <Width>80</Width>
  </MODULE32>
  <MODULE41>
    <Enable>Yes</Enable>
    <Height>0</Height>
    <Width>150</Width>
  </MODULE41>
  <MODULE50>
    <Enable>Yes</Enable>
    <Height>0</Height>
    <Width>150</Width>
  </MODULE50>
  <MODULE45COACH>
    <Enable>Yes</Enable>
    <Height>0</Height>
    <Width>150</Width>
  </MODULE45COACH>
  <MODULE45PLAYER>
    <Enable>Yes</Enable>
    <Height>0</Height>
    <Width>150</Width>
  </MODULE45PLAYER>
  <MODULE45TEAM>
    <Enable>Yes</Enable>
    <Height>0</Height>
    <Width>250</Width>
  </MODULE45TEAM>
  <MODULE63>
    <Enable>Yes</Enable>
    <Height>0</Height>
    <Width>80</Width>
  </MODULE63>
</ROOTLEVEL>