INSERT INTO Categories (CatID,ListUnder,CategoryName,Description,Keywords,CatType,Moderator,AccessKeys,WriteKeys,SEODescription,SEOPageTitle,ManageKeys,AccessHide,WriteHide,ExcPortalSecurity,Weight,ShowList,Sharing) VALUES('862725879391212','657693783216338','.NET','','','Software','Moderator','|2|,|3|,|1|,|4|','|2|,|3|,|4|','','','|2|','0','0','0','2000','1','1')
INSERT INTO CategoriesModules (UniqueID,CatID,ModuleID) VALUES('947325844607244','862725879391212','10')
INSERT INTO CategoriesPortals (UniqueID,CatID,PortalID) VALUES('141924634421172','862725879391212','0')
INSERT INTO Categories (CatID,ListUnder,CategoryName,Description,Keywords,CatType,Moderator,AccessKeys,WriteKeys,SEODescription,SEOPageTitle,ManageKeys,AccessHide,WriteHide,ExcPortalSecurity,Weight,ShowList,Sharing) VALUES('485506057113556','114534263577583','3D Modeling Software','','','Software','Moderator','|2|,|3|,|1|,|4|','|2|,|3|,|4|','','','|2|','0','0','0','2000','1','1')
INSERT INTO CategoriesModules (UniqueID,CatID,ModuleID) VALUES('151274601434326','485506057113556','10')
INSERT INTO CategoriesPortals (UniqueID,CatID,PortalID) VALUES('580436145234828','485506057113556','0')
INSERT INTO Categories (CatID,ListUnder,CategoryName,Description,Keywords,CatType,Moderator,AccessKeys,WriteKeys,SEODescription,SEOPageTitle,ManageKeys,AccessHide,WriteHide,ExcPortalSecurity,Weight,ShowList,Sharing) VALUES('610109604444086','596013171463375','Accounting & Billing Software','','','Software','Moderator','|2|,|3|,|1|,|4|','|2|,|3|,|4|','','','|2|','0','0','0','2000','1','1')
INSERT INTO CategoriesModules (UniqueID,CatID,ModuleID) VALUES('434995168766623','610109604444086','10')
INSERT INTO CategoriesPortals (UniqueID,CatID,PortalID) VALUES('110348273722178','610109604444086','0')
INSERT INTO Categories (CatID,ListUnder,CategoryName,Description,Keywords,CatType,Moderator,AccessKeys,WriteKeys,SEODescription,SEOPageTitle,ManageKeys,AccessHide,WriteHide,ExcPortalSecurity,Weight,ShowList,Sharing) VALUES('424289378278093','148863072772101','Action','','','Software','Moderator','|2|,|3|,|1|,|4|','|2|,|3|,|4|','','','|2|','0','0','0','2000','1','1')
INSERT INTO CategoriesModules (UniqueID,CatID,ModuleID) VALUES('875339498627418','424289378278093','10')
INSERT INTO CategoriesPortals (UniqueID,CatID,PortalID) VALUES('335893924572389','424289378278093','0')
INSERT INTO Categories (CatID,ListUnder,CategoryName,Description,Keywords,CatType,Moderator,AccessKeys,WriteKeys,SEODescription,SEOPageTitle,ManageKeys,AccessHide,WriteHide,ExcPortalSecurity,Weight,ShowList,Sharing) VALUES('146079937173061','657693783216338','ActiveX','','','Software','Moderator','|2|,|3|,|1|,|4|','|2|,|3|,|4|','','','|2|','0','0','0','2000','1','1')
INSERT INTO CategoriesModules (UniqueID,CatID,ModuleID) VALUES('897430112587540','146079937173061','10')
INSERT INTO CategoriesPortals (UniqueID,CatID,PortalID) VALUES('195632352738263','146079937173061','0')
INSERT INTO Categories (CatID,ListUnder,CategoryName,Description,Keywords,CatType,Moderator,AccessKeys,WriteKeys,SEODescription,SEOPageTitle,ManageKeys,AccessHide,WriteHide,ExcPortalSecurity,Weight,ShowList,Sharing) VALUES('205595189929270','148863072772101','Adventure','','','Software','Moderator','|2|,|3|,|1|,|4|','|2|,|3|,|4|','','','|2|','0','0','0','2000','1','1')
INSERT INTO CategoriesModules (UniqueID,CatID,ModuleID) VALUES('136336291261034','205595189929270','10')
INSERT INTO CategoriesPortals (UniqueID,CatID,PortalID) VALUES('942388762447732','205595189929270','0')
INSERT INTO Categories (CatID,ListUnder,CategoryName,Description,Keywords,CatType,Moderator,AccessKeys,WriteKeys,SEODescription,SEOPageTitle,ManageKeys,AccessHide,WriteHide,ExcPortalSecurity,Weight,ShowList,Sharing) VALUES('178409233968768','339345278245369','Alarms & Clock Software','','','Software','Moderator','|2|,|3|,|1|,|4|','|2|,|3|,|4|','','','|2|','0','0','0','2000','1','1')
INSERT INTO CategoriesModules (UniqueID,CatID,ModuleID) VALUES('212643655185265','178409233968768','10')
INSERT INTO CategoriesPortals (UniqueID,CatID,PortalID) VALUES('493631543161891','178409233968768','0')
INSERT INTO Categories (CatID,ListUnder,CategoryName,Description,Keywords,CatType,Moderator,AccessKeys,WriteKeys,SEODescription,SEOPageTitle,ManageKeys,AccessHide,WriteHide,ExcPortalSecurity,Weight,ShowList,Sharing) VALUES('202457214381155','114534263577583','Animation Software','','','Software','Moderator','|2|,|3|,|1|,|4|','|2|,|3|,|4|','','','|2|','0','0','0','2000','1','1')
INSERT INTO CategoriesModules (UniqueID,CatID,ModuleID) VALUES('127764167484227','202457214381155','10')
INSERT INTO CategoriesPortals (UniqueID,CatID,PortalID) VALUES('772672445192635','202457214381155','0')
INSERT INTO Categories (CatID,ListUnder,CategoryName,Description,Keywords,CatType,Moderator,AccessKeys,WriteKeys,SEODescription,SEOPageTitle,ManageKeys,AccessHide,WriteHide,ExcPortalSecurity,Weight,ShowList,Sharing) VALUES('189412571838498','405921489444206','Antivirus Software','','','Software','Moderator','|2|,|3|,|1|,|4|','|2|,|3|,|4|','','','|2|','0','0','0','2000','1','1')
INSERT INTO CategoriesModules (UniqueID,CatID,ModuleID) VALUES('195050937165951','189412571838498','10')
INSERT INTO CategoriesPortals (UniqueID,CatID,PortalID) VALUES('106982987385722','189412571838498','0')
INSERT INTO Categories (CatID,ListUnder,CategoryName,Description,Keywords,CatType,Moderator,AccessKeys,WriteKeys,SEODescription,SEOPageTitle,ManageKeys,AccessHide,WriteHide,ExcPortalSecurity,Weight,ShowList,Sharing) VALUES('106168631339443','897615573684516','Applets & Add-Ins','','','Software','Moderator','|2|,|3|,|1|,|4|','|2|,|3|,|4|','','','|2|','0','0','0','2000','1','1')
INSERT INTO CategoriesModules (UniqueID,CatID,ModuleID) VALUES('132542226244271','106168631339443','10')
INSERT INTO CategoriesPortals (UniqueID,CatID,PortalID) VALUES('985291856930321','106168631339443','0')
INSERT INTO Categories (CatID,ListUnder,CategoryName,Description,Keywords,CatType,Moderator,AccessKeys,WriteKeys,SEODescription,SEOPageTitle,ManageKeys,AccessHide,WriteHide,ExcPortalSecurity,Weight,ShowList,Sharing) VALUES('278696994653468','148863072772101','Arcade','','','Software','Moderator','|2|,|3|,|1|,|4|','|2|,|3|,|4|','','','|2|','0','0','0','2000','1','1')
INSERT INTO CategoriesModules (UniqueID,CatID,ModuleID) VALUES('144676524965447','278696994653468','10')
INSERT INTO CategoriesPortals (UniqueID,CatID,PortalID) VALUES('184895011652555','278696994653468','0')
INSERT INTO Categories (CatID,ListUnder,CategoryName,Description,Keywords,CatType,Moderator,AccessKeys,WriteKeys,SEODescription,SEOPageTitle,ManageKeys,AccessHide,WriteHide,ExcPortalSecurity,Weight,ShowList,Sharing) VALUES('210436733075235','157802457072636','Astrology Software','','','Software','Moderator','|2|,|3|,|1|,|4|','|2|,|3|,|4|','','','|2|','0','0','0','2000','1','1')
INSERT INTO CategoriesModules (UniqueID,CatID,ModuleID) VALUES('850138892457216','210436733075235','10')
INSERT INTO CategoriesPortals (UniqueID,CatID,PortalID) VALUES('275271346783983','210436733075235','0')
INSERT INTO Categories (CatID,ListUnder,CategoryName,Description,Keywords,CatType,Moderator,AccessKeys,WriteKeys,SEODescription,SEOPageTitle,ManageKeys,AccessHide,WriteHide,ExcPortalSecurity,Weight,ShowList,Sharing) VALUES('176515523344180','596013171463375','Auction Sites','','','Software','Moderator','|2|,|3|,|1|,|4|','|2|,|3|,|4|','','','|2|','0','0','0','2000','1','1')
INSERT INTO CategoriesModules (UniqueID,CatID,ModuleID) VALUES('132763243859351','176515523344180','10')
INSERT INTO CategoriesPortals (UniqueID,CatID,PortalID) VALUES('230012425430381','176515523344180','0')
INSERT INTO Categories (CatID,ListUnder,CategoryName,Description,Keywords,CatType,Moderator,AccessKeys,WriteKeys,SEODescription,SEOPageTitle,ManageKeys,AccessHide,WriteHide,ExcPortalSecurity,Weight,ShowList,Sharing) VALUES('360028088841482','596013171463375','Auction Software','','','Software','Moderator','|2|,|3|,|1|,|4|','|2|,|3|,|4|','','','|2|','0','0','0','2000','1','1')
INSERT INTO CategoriesModules (UniqueID,CatID,ModuleID) VALUES('122737973963718','360028088841482','10')
INSERT INTO CategoriesPortals (UniqueID,CatID,PortalID) VALUES('962288781391880','360028088841482','0')
INSERT INTO Categories (CatID,ListUnder,CategoryName,Description,Keywords,CatType,Moderator,AccessKeys,WriteKeys,SEODescription,SEOPageTitle,ManageKeys,AccessHide,WriteHide,ExcPortalSecurity,Weight,ShowList,Sharing) VALUES('156125109341424','208112443612175','Audio Drivers','','','Software','Moderator','|2|,|3|,|1|,|4|','|2|,|3|,|4|','','','|2|','0','0','0','2000','1','1')
INSERT INTO CategoriesModules (UniqueID,CatID,ModuleID) VALUES('557395054467659','156125109341424','10')
INSERT INTO CategoriesPortals (UniqueID,CatID,PortalID) VALUES('221808388444599','156125109341424','0')
INSERT INTO Categories (CatID,ListUnder,CategoryName,Description,Keywords,CatType,Moderator,AccessKeys,WriteKeys,SEODescription,SEOPageTitle,ManageKeys,AccessHide,WriteHide,ExcPortalSecurity,Weight,ShowList,Sharing) VALUES('214101115192265','166601370357119','Audio Plugins','','','Software','Moderator','|2|,|3|,|1|,|4|','|2|,|3|,|4|','','','|2|','0','0','0','2000','1','1')
INSERT INTO CategoriesModules (UniqueID,CatID,ModuleID) VALUES('140841028345570','214101115192265','10')
INSERT INTO CategoriesPortals (UniqueID,CatID,PortalID) VALUES('883653391455754','214101115192265','0')
INSERT INTO Categories (CatID,ListUnder,CategoryName,Description,Keywords,CatType,Moderator,AccessKeys,WriteKeys,SEODescription,SEOPageTitle,ManageKeys,AccessHide,WriteHide,ExcPortalSecurity,Weight,ShowList,Sharing) VALUES('123432164973231','166601370357119','Audio Production & Recording Software','','','Software','Moderator','|2|,|3|,|1|,|4|','|2|,|3|,|4|','','','|2|','0','0','0','2000','1','1')
INSERT INTO CategoriesModules (UniqueID,CatID,ModuleID) VALUES('983374432230686','123432164973231','10')
INSERT INTO CategoriesPortals (UniqueID,CatID,PortalID) VALUES('371797350482525','123432164973231','0')
INSERT INTO Categories (CatID,ListUnder,CategoryName,Description,Keywords,CatType,Moderator,AccessKeys,WriteKeys,SEODescription,SEOPageTitle,ManageKeys,AccessHide,WriteHide,ExcPortalSecurity,Weight,ShowList,Sharing) VALUES('145022848857214','897615573684516','Automation Software','','','Software','Moderator','|2|,|3|,|1|,|4|','|2|,|3|,|4|','','','|2|','0','0','0','2000','1','1')
INSERT INTO CategoriesModules (UniqueID,CatID,ModuleID) VALUES('399630915851850','145022848857214','10')
INSERT INTO CategoriesPortals (UniqueID,CatID,PortalID) VALUES('121602860533146','145022848857214','0')
INSERT INTO Categories (CatID,ListUnder,CategoryName,Description,Keywords,CatType,Moderator,AccessKeys,WriteKeys,SEODescription,SEOPageTitle,ManageKeys,AccessHide,WriteHide,ExcPortalSecurity,Weight,ShowList,Sharing) VALUES('192617835193721','897615573684516','Backup Software','','','Software','Moderator','|2|,|3|,|1|,|4|','|2|,|3|,|4|','','','|2|','0','0','0','2000','1','1')
INSERT INTO CategoriesModules (UniqueID,CatID,ModuleID) VALUES('696345320497181','192617835193721','10')
INSERT INTO CategoriesPortals (UniqueID,CatID,PortalID) VALUES('100919867537850','192617835193721','0')
INSERT INTO Categories (CatID,ListUnder,CategoryName,Description,Keywords,CatType,Moderator,AccessKeys,WriteKeys,SEODescription,SEOPageTitle,ManageKeys,AccessHide,WriteHide,ExcPortalSecurity,Weight,ShowList,Sharing) VALUES('119001648141986','897615573684516','Battery Utilities','','','Software','Moderator','|2|,|3|,|1|,|4|','|2|,|3|,|4|','','','|2|','0','0','0','2000','1','1')
INSERT INTO CategoriesModules (UniqueID,CatID,ModuleID) VALUES('324768606287988','119001648141986','10')
INSERT INTO CategoriesPortals (UniqueID,CatID,PortalID) VALUES('302650851230628','119001648141986','0')
INSERT INTO Categories (CatID,ListUnder,CategoryName,Description,Keywords,CatType,Moderator,AccessKeys,WriteKeys,SEODescription,SEOPageTitle,ManageKeys,AccessHide,WriteHide,ExcPortalSecurity,Weight,ShowList,Sharing) VALUES('135487407923626','288953637081841','Blogging Software & Tools','','','Software','Moderator','|2|,|3|,|1|,|4|','|2|,|3|,|4|','','','|2|','0','0','0','2000','1','1')
INSERT INTO CategoriesModules (UniqueID,CatID,ModuleID) VALUES('275140318110398','135487407923626','10')
INSERT INTO CategoriesPortals (UniqueID,CatID,PortalID) VALUES('133526153447152','135487407923626','0')
INSERT INTO Categories (CatID,ListUnder,CategoryName,Description,Keywords,CatType,Moderator,AccessKeys,WriteKeys,SEODescription,SEOPageTitle,ManageKeys,AccessHide,WriteHide,ExcPortalSecurity,Weight,ShowList,Sharing) VALUES('121425886330630','288953637081841','Bookmark Managers','','','Software','Moderator','|2|,|3|,|1|,|4|','|2|,|3|,|4|','','','|2|','0','0','0','2000','1','1')
INSERT INTO CategoriesModules (UniqueID,CatID,ModuleID) VALUES('906902065533279','121425886330630','10')
INSERT INTO CategoriesPortals (UniqueID,CatID,PortalID) VALUES('706406865131743','121425886330630','0')
INSERT INTO Categories (CatID,ListUnder,CategoryName,Description,Keywords,CatType,Moderator,AccessKeys,WriteKeys,SEODescription,SEOPageTitle,ManageKeys,AccessHide,WriteHide,ExcPortalSecurity,Weight,ShowList,Sharing) VALUES('648737004226607','131275661355184','Brainstorming and Mind-Mapping Software','','','Software','Moderator','|2|,|3|,|1|,|4|','|2|,|3|,|4|','','','|2|','0','0','0','2000','1','1')
INSERT INTO CategoriesModules (UniqueID,CatID,ModuleID) VALUES('154154714611363','648737004226607','10')
INSERT INTO CategoriesPortals (UniqueID,CatID,PortalID) VALUES('143259709180786','648737004226607','0')
INSERT INTO Categories (CatID,ListUnder,CategoryName,Description,Keywords,CatType,Moderator,AccessKeys,WriteKeys,SEODescription,SEOPageTitle,ManageKeys,AccessHide,WriteHide,ExcPortalSecurity,Weight,ShowList,Sharing) VALUES('506496889659147','0','Browsers','','','Software','Moderator','|2|,|3|,|1|,|4|','|2|,|3|,|4|','','','|2|','0','0','0','2000','1','1')
INSERT INTO CategoriesModules (UniqueID,CatID,ModuleID) VALUES('828613391333711','506496889659147','10')
INSERT INTO CategoriesPortals (UniqueID,CatID,PortalID) VALUES('957440611278672','506496889659147','0')
INSERT INTO Categories (CatID,ListUnder,CategoryName,Description,Keywords,CatType,Moderator,AccessKeys,WriteKeys,SEODescription,SEOPageTitle,ManageKeys,AccessHide,WriteHide,ExcPortalSecurity,Weight,ShowList,Sharing) VALUES('165274561148456','596013171463375','Business Applications','','','Software','Moderator','|2|,|3|,|1|,|4|','|2|,|3|,|4|','','','|2|','0','0','0','2000','1','1')
INSERT INTO CategoriesModules (UniqueID,CatID,ModuleID) VALUES('161673594227358','165274561148456','10')
INSERT INTO CategoriesPortals (UniqueID,CatID,PortalID) VALUES('339665985768234','165274561148456','0')
INSERT INTO Categories (CatID,ListUnder,CategoryName,Description,Keywords,CatType,Moderator,AccessKeys,WriteKeys,SEODescription,SEOPageTitle,ManageKeys,AccessHide,WriteHide,ExcPortalSecurity,Weight,ShowList,Sharing) VALUES('596013171463375','0','Business Software','','','Software','Moderator','|2|,|3|,|1|,|4|','|2|,|3|,|4|','','','|2|','0','0','0','2000','1','1')
INSERT INTO CategoriesModules (UniqueID,CatID,ModuleID) VALUES('157474112712717','596013171463375','10')
INSERT INTO CategoriesPortals (UniqueID,CatID,PortalID) VALUES('201056497397453','596013171463375','0')
INSERT INTO Categories (CatID,ListUnder,CategoryName,Description,Keywords,CatType,Moderator,AccessKeys,WriteKeys,SEODescription,SEOPageTitle,ManageKeys,AccessHide,WriteHide,ExcPortalSecurity,Weight,ShowList,Sharing) VALUES('174112448556491','114534263577583','CAD Software','','','Software','Moderator','|2|,|3|,|1|,|4|','|2|,|3|,|4|','','','|2|','0','0','0','2000','1','1')
INSERT INTO CategoriesModules (UniqueID,CatID,ModuleID) VALUES('144658393073314','174112448556491','10')
INSERT INTO CategoriesPortals (UniqueID,CatID,PortalID) VALUES('748147773327648','174112448556491','0')
INSERT INTO Categories (CatID,ListUnder,CategoryName,Description,Keywords,CatType,Moderator,AccessKeys,WriteKeys,SEODescription,SEOPageTitle,ManageKeys,AccessHide,WriteHide,ExcPortalSecurity,Weight,ShowList,Sharing) VALUES('178806759390759','131275661355184','Calculators','','','Software','Moderator','|2|,|3|,|1|,|4|','|2|,|3|,|4|','','','|2|','0','0','0','2000','1','1')
INSERT INTO CategoriesModules (UniqueID,CatID,ModuleID) VALUES('141309828241914','178806759390759','10')
INSERT INTO CategoriesPortals (UniqueID,CatID,PortalID) VALUES('107317304527151','178806759390759','0')
INSERT INTO Categories (CatID,ListUnder,CategoryName,Description,Keywords,CatType,Moderator,AccessKeys,WriteKeys,SEODescription,SEOPageTitle,ManageKeys,AccessHide,WriteHide,ExcPortalSecurity,Weight,ShowList,Sharing) VALUES('565363079716335','897615573684516','Calculators','','','Software','Moderator','|2|,|3|,|1|,|4|','|2|,|3|,|4|','','','|2|','0','0','0','2000','1','1')
INSERT INTO CategoriesModules (UniqueID,CatID,ModuleID) VALUES('105340498348944','565363079716335','10')
INSERT INTO CategoriesPortals (UniqueID,CatID,PortalID) VALUES('151207935097652','565363079716335','0')
INSERT INTO Categories (CatID,ListUnder,CategoryName,Description,Keywords,CatType,Moderator,AccessKeys,WriteKeys,SEODescription,SEOPageTitle,ManageKeys,AccessHide,WriteHide,ExcPortalSecurity,Weight,ShowList,Sharing) VALUES('205242376237249','131275661355184','Calendar & Time Management Software','','','Software','Moderator','|2|,|3|,|1|,|4|','|2|,|3|,|4|','','','|2|','0','0','0','2000','1','1')
INSERT INTO CategoriesModules (UniqueID,CatID,ModuleID) VALUES('164801344061046','205242376237249','10')
INSERT INTO CategoriesPortals (UniqueID,CatID,PortalID) VALUES('134850259182961','205242376237249','0')
INSERT INTO Categories (CatID,ListUnder,CategoryName,Description,Keywords,CatType,Moderator,AccessKeys,WriteKeys,SEODescription,SEOPageTitle,ManageKeys,AccessHide,WriteHide,ExcPortalSecurity,Weight,ShowList,Sharing) VALUES('686152475123408','208112443612175','Camera Drivers','','','Software','Moderator','|2|,|3|,|1|,|4|','|2|,|3|,|4|','','','|2|','0','0','0','2000','1','1')
INSERT INTO CategoriesModules (UniqueID,CatID,ModuleID) VALUES('316391398909034','686152475123408','10')
INSERT INTO CategoriesPortals (UniqueID,CatID,PortalID) VALUES('160738348679322','686152475123408','0')
INSERT INTO Categories (CatID,ListUnder,CategoryName,Description,Keywords,CatType,Moderator,AccessKeys,WriteKeys,SEODescription,SEOPageTitle,ManageKeys,AccessHide,WriteHide,ExcPortalSecurity,Weight,ShowList,Sharing) VALUES('398305405385033','148863072772101','Cards & Lottery','','','Software','Moderator','|2|,|3|,|1|,|4|','|2|,|3|,|4|','','','|2|','0','0','0','2000','1','1')
INSERT INTO CategoriesModules (UniqueID,CatID,ModuleID) VALUES('876599388522523','398305405385033','10')
INSERT INTO CategoriesPortals (UniqueID,CatID,PortalID) VALUES('108897618108657','398305405385033','0')
INSERT INTO Categories (CatID,ListUnder,CategoryName,Description,Keywords,CatType,Moderator,AccessKeys,WriteKeys,SEODescription,SEOPageTitle,ManageKeys,AccessHide,WriteHide,ExcPortalSecurity,Weight,ShowList,Sharing) VALUES('201370502127521','208112443612175','CD & DVD Drivers','','','Software','Moderator','|2|,|3|,|1|,|4|','|2|,|3|,|4|','','','|2|','0','0','0','2000','1','1')
INSERT INTO CategoriesModules (UniqueID,CatID,ModuleID) VALUES('102566000385408','201370502127521','10')
INSERT INTO CategoriesPortals (UniqueID,CatID,PortalID) VALUES('112130524426024','201370502127521','0')
INSERT INTO Categories (CatID,ListUnder,CategoryName,Description,Keywords,CatType,Moderator,AccessKeys,WriteKeys,SEODescription,SEOPageTitle,ManageKeys,AccessHide,WriteHide,ExcPortalSecurity,Weight,ShowList,Sharing) VALUES('162739820929246','166601370357119','CD Burners','','','Software','Moderator','|2|,|3|,|1|,|4|','|2|,|3|,|4|','','','|2|','0','0','0','2000','1','1')
INSERT INTO CategoriesModules (UniqueID,CatID,ModuleID) VALUES('105111809721771','162739820929246','10')
INSERT INTO CategoriesPortals (UniqueID,CatID,PortalID) VALUES('102674048722020','162739820929246','0')
INSERT INTO Categories (CatID,ListUnder,CategoryName,Description,Keywords,CatType,Moderator,AccessKeys,WriteKeys,SEODescription,SEOPageTitle,ManageKeys,AccessHide,WriteHide,ExcPortalSecurity,Weight,ShowList,Sharing) VALUES('943525255658262','611527412672347','Chat','','','Software','Moderator','|2|,|3|,|1|,|4|','|2|,|3|,|4|','','','|2|','0','0','0','2000','1','1')
INSERT INTO CategoriesModules (UniqueID,CatID,ModuleID) VALUES('188618969633693','943525255658262','10')
INSERT INTO CategoriesPortals (UniqueID,CatID,PortalID) VALUES('109476082878567','943525255658262','0')
INSERT INTO Categories (CatID,ListUnder,CategoryName,Description,Keywords,CatType,Moderator,AccessKeys,WriteKeys,SEODescription,SEOPageTitle,ManageKeys,AccessHide,WriteHide,ExcPortalSecurity,Weight,ShowList,Sharing) VALUES('192171019474352','339345278245369','Clipboard Software','','','Software','Moderator','|2|,|3|,|1|,|4|','|2|,|3|,|4|','','','|2|','0','0','0','2000','1','1')
INSERT INTO CategoriesModules (UniqueID,CatID,ModuleID) VALUES('696669190328553','192171019474352','10')
INSERT INTO CategoriesPortals (UniqueID,CatID,PortalID) VALUES('152359167722327','192171019474352','0')
INSERT INTO Categories (CatID,ListUnder,CategoryName,Description,Keywords,CatType,Moderator,AccessKeys,WriteKeys,SEODescription,SEOPageTitle,ManageKeys,AccessHide,WriteHide,ExcPortalSecurity,Weight,ShowList,Sharing) VALUES('550108568720239','657693783216338','Coding Utilities','','','Software','Moderator','|2|,|3|,|1|,|4|','|2|,|3|,|4|','','','|2|','0','0','0','2000','1','1')
INSERT INTO CategoriesModules (UniqueID,CatID,ModuleID) VALUES('213956494140157','550108568720239','10')
INSERT INTO CategoriesPortals (UniqueID,CatID,PortalID) VALUES('661266976893667','550108568720239','0')
INSERT INTO Categories (CatID,ListUnder,CategoryName,Description,Keywords,CatType,Moderator,AccessKeys,WriteKeys,SEODescription,SEOPageTitle,ManageKeys,AccessHide,WriteHide,ExcPortalSecurity,Weight,ShowList,Sharing) VALUES('882571500668180','596013171463375','Collaboration Software','','','Software','Moderator','|2|,|3|,|1|,|4|','|2|,|3|,|4|','','','|2|','0','0','0','2000','1','1')
INSERT INTO CategoriesModules (UniqueID,CatID,ModuleID) VALUES('344057378745317','882571500668180','10')
INSERT INTO CategoriesPortals (UniqueID,CatID,PortalID) VALUES('360208632682429','882571500668180','0')
INSERT INTO Categories (CatID,ListUnder,CategoryName,Description,Keywords,CatType,Moderator,AccessKeys,WriteKeys,SEODescription,SEOPageTitle,ManageKeys,AccessHide,WriteHide,ExcPortalSecurity,Weight,ShowList,Sharing) VALUES('611527412672347','0','Communications','','','Software','Moderator','|2|,|3|,|1|,|4|','|2|,|3|,|4|','','','|2|','0','0','0','2000','1','1')
INSERT INTO CategoriesModules (UniqueID,CatID,ModuleID) VALUES('502906836284675','611527412672347','10')
INSERT INTO CategoriesPortals (UniqueID,CatID,PortalID) VALUES('967455078591631','611527412672347','0')
INSERT INTO Categories (CatID,ListUnder,CategoryName,Description,Keywords,CatType,Moderator,AccessKeys,WriteKeys,SEODescription,SEOPageTitle,ManageKeys,AccessHide,WriteHide,ExcPortalSecurity,Weight,ShowList,Sharing) VALUES('187013614945847','657693783216338','Components & Libraries','','','Software','Moderator','|2|,|3|,|1|,|4|','|2|,|3|,|4|','','','|2|','0','0','0','2000','1','1')
INSERT INTO CategoriesModules (UniqueID,CatID,ModuleID) VALUES('721920418925417','187013614945847','10')
INSERT INTO CategoriesPortals (UniqueID,CatID,PortalID) VALUES('909515029177446','187013614945847','0')
INSERT INTO Categories (CatID,ListUnder,CategoryName,Description,Keywords,CatType,Moderator,AccessKeys,WriteKeys,SEODescription,SEOPageTitle,ManageKeys,AccessHide,WriteHide,ExcPortalSecurity,Weight,ShowList,Sharing) VALUES('270231873901334','131275661355184','Contact Management Software','','','Software','Moderator','|2|,|3|,|1|,|4|','|2|,|3|,|4|','','','|2|','0','0','0','2000','1','1')
INSERT INTO CategoriesModules (UniqueID,CatID,ModuleID) VALUES('310004210546681','270231873901334','10')
INSERT INTO CategoriesPortals (UniqueID,CatID,PortalID) VALUES('432465049926297','270231873901334','0')
INSERT INTO Categories (CatID,ListUnder,CategoryName,Description,Keywords,CatType,Moderator,AccessKeys,WriteKeys,SEODescription,SEOPageTitle,ManageKeys,AccessHide,WriteHide,ExcPortalSecurity,Weight,ShowList,Sharing) VALUES('196541434442420','405921489444206','Corporate Security Software','','','Software','Moderator','|2|,|3|,|1|,|4|','|2|,|3|,|4|','','','|2|','0','0','0','2000','1','1')
INSERT INTO CategoriesModules (UniqueID,CatID,ModuleID) VALUES('386502836657790','196541434442420','10')
INSERT INTO CategoriesPortals (UniqueID,CatID,PortalID) VALUES('105460763612463','196541434442420','0')
INSERT INTO Categories (CatID,ListUnder,CategoryName,Description,Keywords,CatType,Moderator,AccessKeys,WriteKeys,SEODescription,SEOPageTitle,ManageKeys,AccessHide,WriteHide,ExcPortalSecurity,Weight,ShowList,Sharing) VALUES('198401921334258','596013171463375','CRM Software','','','Software','Moderator','|2|,|3|,|1|,|4|','|2|,|3|,|4|','','','|2|','0','0','0','2000','1','1')
INSERT INTO CategoriesModules (UniqueID,CatID,ModuleID) VALUES('114299461663207','198401921334258','10')
INSERT INTO CategoriesPortals (UniqueID,CatID,PortalID) VALUES('730108351617727','198401921334258','0')
INSERT INTO Categories (CatID,ListUnder,CategoryName,Description,Keywords,CatType,Moderator,AccessKeys,WriteKeys,SEODescription,SEOPageTitle,ManageKeys,AccessHide,WriteHide,ExcPortalSecurity,Weight,ShowList,Sharing) VALUES('157185800201886','339345278245369','Cursors','','','Software','Moderator','|2|,|3|,|1|,|4|','|2|,|3|,|4|','','','|2|','0','0','0','2000','1','1')
INSERT INTO CategoriesModules (UniqueID,CatID,ModuleID) VALUES('519321247521168','157185800201886','10')
INSERT INTO CategoriesPortals (UniqueID,CatID,PortalID) VALUES('808458163882486','157185800201886','0')
INSERT INTO Categories (CatID,ListUnder,CategoryName,Description,Keywords,CatType,Moderator,AccessKeys,WriteKeys,SEODescription,SEOPageTitle,ManageKeys,AccessHide,WriteHide,ExcPortalSecurity,Weight,ShowList,Sharing) VALUES('557972136134477','897615573684516','Data Transfer & Sync Software','','','Software','Moderator','|2|,|3|,|1|,|4|','|2|,|3|,|4|','','','|2|','0','0','0','2000','1','1')
INSERT INTO CategoriesModules (UniqueID,CatID,ModuleID) VALUES('121783026862573','557972136134477','10')
INSERT INTO CategoriesPortals (UniqueID,CatID,PortalID) VALUES('103093677157438','557972136134477','0')
INSERT INTO Categories (CatID,ListUnder,CategoryName,Description,Keywords,CatType,Moderator,AccessKeys,WriteKeys,SEODescription,SEOPageTitle,ManageKeys,AccessHide,WriteHide,ExcPortalSecurity,Weight,ShowList,Sharing) VALUES('156227685140488','596013171463375','Database Management Software','','','Software','Moderator','|2|,|3|,|1|,|4|','|2|,|3|,|4|','','','|2|','0','0','0','2000','1','1')
INSERT INTO CategoriesModules (UniqueID,CatID,ModuleID) VALUES('188090150820593','156227685140488','10')
INSERT INTO CategoriesPortals (UniqueID,CatID,PortalID) VALUES('178129366046815','156227685140488','0')
INSERT INTO Categories (CatID,ListUnder,CategoryName,Description,Keywords,CatType,Moderator,AccessKeys,WriteKeys,SEODescription,SEOPageTitle,ManageKeys,AccessHide,WriteHide,ExcPortalSecurity,Weight,ShowList,Sharing) VALUES('116537969455711','657693783216338','Database Software','','','Software','Moderator','|2|,|3|,|1|,|4|','|2|,|3|,|4|','','','|2|','0','0','0','2000','1','1')
INSERT INTO CategoriesModules (UniqueID,CatID,ModuleID) VALUES('152982145748950','116537969455711','10')
INSERT INTO CategoriesPortals (UniqueID,CatID,PortalID) VALUES('176358872974158','116537969455711','0')
INSERT INTO Categories (CatID,ListUnder,CategoryName,Description,Keywords,CatType,Moderator,AccessKeys,WriteKeys,SEODescription,SEOPageTitle,ManageKeys,AccessHide,WriteHide,ExcPortalSecurity,Weight,ShowList,Sharing) VALUES('191073056788448','657693783216338','Debugging Software','','','Software','Moderator','|2|,|3|,|1|,|4|','|2|,|3|,|4|','','','|2|','0','0','0','2000','1','1')
INSERT INTO CategoriesModules (UniqueID,CatID,ModuleID) VALUES('102484724419283','191073056788448','10')
INSERT INTO CategoriesPortals (UniqueID,CatID,PortalID) VALUES('109796054024576','191073056788448','0')
INSERT INTO Categories (CatID,ListUnder,CategoryName,Description,Keywords,CatType,Moderator,AccessKeys,WriteKeys,SEODescription,SEOPageTitle,ManageKeys,AccessHide,WriteHide,ExcPortalSecurity,Weight,ShowList,Sharing) VALUES('397639171505572','339345278245369','Desktop Customization','','','Software','Moderator','|2|,|3|,|1|,|4|','|2|,|3|,|4|','','','|2|','0','0','0','2000','1','1')
INSERT INTO CategoriesModules (UniqueID,CatID,ModuleID) VALUES('549556114463731','397639171505572','10')
INSERT INTO CategoriesPortals (UniqueID,CatID,PortalID) VALUES('415897447657728','397639171505572','0')
INSERT INTO Categories (CatID,ListUnder,CategoryName,Description,Keywords,CatType,Moderator,AccessKeys,WriteKeys,SEODescription,SEOPageTitle,ManageKeys,AccessHide,WriteHide,ExcPortalSecurity,Weight,ShowList,Sharing) VALUES('339345278245369','0','Desktop Enhancements','','','Software','Moderator','|2|,|3|,|1|,|4|','|2|,|3|,|4|','','','|2|','0','0','0','2000','1','1')
INSERT INTO CategoriesModules (UniqueID,CatID,ModuleID) VALUES('205611692240484','339345278245369','10')
INSERT INTO CategoriesPortals (UniqueID,CatID,PortalID) VALUES('204096397024419','339345278245369','0')
INSERT INTO Categories (CatID,ListUnder,CategoryName,Description,Keywords,CatType,Moderator,AccessKeys,WriteKeys,SEODescription,SEOPageTitle,ManageKeys,AccessHide,WriteHide,ExcPortalSecurity,Weight,ShowList,Sharing) VALUES('167486170684137','114534263577583','Desktop Publishing Software','','','Software','Moderator','|2|,|3|,|1|,|4|','|2|,|3|,|4|','','','|2|','0','0','0','2000','1','1')
INSERT INTO CategoriesModules (UniqueID,CatID,ModuleID) VALUES('744808823961355','167486170684137','10')
INSERT INTO CategoriesPortals (UniqueID,CatID,PortalID) VALUES('150898436167046','167486170684137','0')
INSERT INTO Categories (CatID,ListUnder,CategoryName,Description,Keywords,CatType,Moderator,AccessKeys,WriteKeys,SEODescription,SEOPageTitle,ManageKeys,AccessHide,WriteHide,ExcPortalSecurity,Weight,ShowList,Sharing) VALUES('657693783216338','0','Developer Tools','','','Software','Moderator','|2|,|3|,|1|,|4|','|2|,|3|,|4|','','','|2|','0','0','0','2000','1','1')
INSERT INTO CategoriesModules (UniqueID,CatID,ModuleID) VALUES('226667742218418','657693783216338','10')
INSERT INTO CategoriesPortals (UniqueID,CatID,PortalID) VALUES('145333916678777','657693783216338','0')
INSERT INTO Categories (CatID,ListUnder,CategoryName,Description,Keywords,CatType,Moderator,AccessKeys,WriteKeys,SEODescription,SEOPageTitle,ManageKeys,AccessHide,WriteHide,ExcPortalSecurity,Weight,ShowList,Sharing) VALUES('381084549796116','657693783216338','Developer Tutorials','','','Software','Moderator','|2|,|3|,|1|,|4|','|2|,|3|,|4|','','','|2|','0','0','0','2000','1','1')
INSERT INTO CategoriesModules (UniqueID,CatID,ModuleID) VALUES('892976213983256','381084549796116','10')
INSERT INTO CategoriesPortals (UniqueID,CatID,PortalID) VALUES('503460070254574','381084549796116','0')
INSERT INTO Categories (CatID,ListUnder,CategoryName,Description,Keywords,CatType,Moderator,AccessKeys,WriteKeys,SEODescription,SEOPageTitle,ManageKeys,AccessHide,WriteHide,ExcPortalSecurity,Weight,ShowList,Sharing) VALUES('182178578503282','897615573684516','Diagnostic Software','','','Software','Moderator','|2|,|3|,|1|,|4|','|2|,|3|,|4|','','','|2|','0','0','0','2000','1','1')
INSERT INTO CategoriesModules (UniqueID,CatID,ModuleID) VALUES('205348354863876','182178578503282','10')
INSERT INTO CategoriesPortals (UniqueID,CatID,PortalID) VALUES('627027365866682','182178578503282','0')
INSERT INTO Categories (CatID,ListUnder,CategoryName,Description,Keywords,CatType,Moderator,AccessKeys,WriteKeys,SEODescription,SEOPageTitle,ManageKeys,AccessHide,WriteHide,ExcPortalSecurity,Weight,ShowList,Sharing) VALUES('172386218483256','611527412672347','Dial-up Software','','','Software','Moderator','|2|,|3|,|1|,|4|','|2|,|3|,|4|','','','|2|','0','0','0','2000','1','1')
INSERT INTO CategoriesModules (UniqueID,CatID,ModuleID) VALUES('533409963644336','172386218483256','10')
INSERT INTO CategoriesPortals (UniqueID,CatID,PortalID) VALUES('215571871608595','172386218483256','0')
INSERT INTO Categories (CatID,ListUnder,CategoryName,Description,Keywords,CatType,Moderator,AccessKeys,WriteKeys,SEODescription,SEOPageTitle,ManageKeys,AccessHide,WriteHide,ExcPortalSecurity,Weight,ShowList,Sharing) VALUES('199171240663053','654617169040206','Digital Camera Firmware','','','Software','Moderator','|2|,|3|,|1|,|4|','|2|,|3|,|4|','','','|2|','0','0','0','2000','1','1')
INSERT INTO CategoriesModules (UniqueID,CatID,ModuleID) VALUES('138530133545567','199171240663053','10')
INSERT INTO CategoriesPortals (UniqueID,CatID,PortalID) VALUES('192245593594338','199171240663053','0')
INSERT INTO Categories (CatID,ListUnder,CategoryName,Description,Keywords,CatType,Moderator,AccessKeys,WriteKeys,SEODescription,SEOPageTitle,ManageKeys,AccessHide,WriteHide,ExcPortalSecurity,Weight,ShowList,Sharing) VALUES('654617169040206','0','Digital Photo Software','','','Software','Moderator','|2|,|3|,|1|,|4|','|2|,|3|,|4|','','','|2|','0','0','0','2000','1','1')
INSERT INTO CategoriesModules (UniqueID,CatID,ModuleID) VALUES('467079648384278','654617169040206','10')
INSERT INTO CategoriesPortals (UniqueID,CatID,PortalID) VALUES('681851827278360','654617169040206','0')
INSERT INTO Categories (CatID,ListUnder,CategoryName,Description,Keywords,CatType,Moderator,AccessKeys,WriteKeys,SEODescription,SEOPageTitle,ManageKeys,AccessHide,WriteHide,ExcPortalSecurity,Weight,ShowList,Sharing) VALUES('120363164358578','654617169040206','Digital Photo Tools','','','Software','Moderator','|2|,|3|,|1|,|4|','|2|,|3|,|4|','','','|2|','0','0','0','2000','1','1')
INSERT INTO CategoriesModules (UniqueID,CatID,ModuleID) VALUES('192863845118962','120363164358578','10')
INSERT INTO CategoriesPortals (UniqueID,CatID,PortalID) VALUES('841137879666718','120363164358578','0')
INSERT INTO Categories (CatID,ListUnder,CategoryName,Description,Keywords,CatType,Moderator,AccessKeys,WriteKeys,SEODescription,SEOPageTitle,ManageKeys,AccessHide,WriteHide,ExcPortalSecurity,Weight,ShowList,Sharing) VALUES('767176542286994','105224809853575','DIY & How-To Software','','','Software','Moderator','|2|,|3|,|1|,|4|','|2|,|3|,|4|','','','|2|','0','0','0','2000','1','1')
INSERT INTO CategoriesModules (UniqueID,CatID,ModuleID) VALUES('716188126123553','767176542286994','10')
INSERT INTO CategoriesPortals (UniqueID,CatID,PortalID) VALUES('191587312102827','767176542286994','0')
INSERT INTO Categories (CatID,ListUnder,CategoryName,Description,Keywords,CatType,Moderator,AccessKeys,WriteKeys,SEODescription,SEOPageTitle,ManageKeys,AccessHide,WriteHide,ExcPortalSecurity,Weight,ShowList,Sharing) VALUES('139996476622541','166601370357119','DJ Software','','','Software','Moderator','|2|,|3|,|1|,|4|','|2|,|3|,|4|','','','|2|','0','0','0','2000','1','1')
INSERT INTO CategoriesModules (UniqueID,CatID,ModuleID) VALUES('192144831123933','139996476622541','10')
INSERT INTO CategoriesPortals (UniqueID,CatID,PortalID) VALUES('195425116324380','139996476622541','0')
INSERT INTO Categories (CatID,ListUnder,CategoryName,Description,Keywords,CatType,Moderator,AccessKeys,WriteKeys,SEODescription,SEOPageTitle,ManageKeys,AccessHide,WriteHide,ExcPortalSecurity,Weight,ShowList,Sharing) VALUES('370311290233798','596013171463375','Document Management Software','','','Software','Moderator','|2|,|3|,|1|,|4|','|2|,|3|,|4|','','','|2|','0','0','0','2000','1','1')
INSERT INTO CategoriesModules (UniqueID,CatID,ModuleID) VALUES('479622681663605','370311290233798','10')
INSERT INTO CategoriesPortals (UniqueID,CatID,PortalID) VALUES('960753865198384','370311290233798','0')
INSERT INTO Categories (CatID,ListUnder,CategoryName,Description,Keywords,CatType,Moderator,AccessKeys,WriteKeys,SEODescription,SEOPageTitle,ManageKeys,AccessHide,WriteHide,ExcPortalSecurity,Weight,ShowList,Sharing) VALUES('154548354518188','288953637081841','Download Managers','','','Software','Moderator','|2|,|3|,|1|,|4|','|2|,|3|,|4|','','','|2|','0','0','0','2000','1','1')
INSERT INTO CategoriesModules (UniqueID,CatID,ModuleID) VALUES('161819317757811','154548354518188','10')
INSERT INTO CategoriesPortals (UniqueID,CatID,PortalID) VALUES('137786575662142','154548354518188','0')
INSERT INTO Categories (CatID,ListUnder,CategoryName,Description,Keywords,CatType,Moderator,AccessKeys,WriteKeys,SEODescription,SEOPageTitle,ManageKeys,AccessHide,WriteHide,ExcPortalSecurity,Weight,ShowList,Sharing) VALUES('208112443612175','0','Drivers','','','Software','Moderator','|2|,|3|,|1|,|4|','|2|,|3|,|4|','','','|2|','0','0','0','2000','1','1')
INSERT INTO CategoriesModules (UniqueID,CatID,ModuleID) VALUES('694662177536479','208112443612175','10')
INSERT INTO CategoriesPortals (UniqueID,CatID,PortalID) VALUES('100383187079731','208112443612175','0')
INSERT INTO Categories (CatID,ListUnder,CategoryName,Description,Keywords,CatType,Moderator,AccessKeys,WriteKeys,SEODescription,SEOPageTitle,ManageKeys,AccessHide,WriteHide,ExcPortalSecurity,Weight,ShowList,Sharing) VALUES('114725019909511','148863072772101','Driving','','','Software','Moderator','|2|,|3|,|1|,|4|','|2|,|3|,|4|','','','|2|','0','0','0','2000','1','1')
INSERT INTO CategoriesModules (UniqueID,CatID,ModuleID) VALUES('179176750786846','114725019909511','10')
INSERT INTO CategoriesPortals (UniqueID,CatID,PortalID) VALUES('119999987123625','114725019909511','0')
INSERT INTO Categories (CatID,ListUnder,CategoryName,Description,Keywords,CatType,Moderator,AccessKeys,WriteKeys,SEODescription,SEOPageTitle,ManageKeys,AccessHide,WriteHide,ExcPortalSecurity,Weight,ShowList,Sharing) VALUES('248129533621622','208514819427262','DVD Burners','','','Software','Moderator','|2|,|3|,|1|,|4|','|2|,|3|,|4|','','','|2|','0','0','0','2000','1','1')
INSERT INTO CategoriesModules (UniqueID,CatID,ModuleID) VALUES('256560739813920','248129533621622','10')
INSERT INTO CategoriesPortals (UniqueID,CatID,PortalID) VALUES('799586147587713','248129533621622','0')
INSERT INTO Categories (CatID,ListUnder,CategoryName,Description,Keywords,CatType,Moderator,AccessKeys,WriteKeys,SEODescription,SEOPageTitle,ManageKeys,AccessHide,WriteHide,ExcPortalSecurity,Weight,ShowList,Sharing) VALUES('138461001497624','208514819427262','DVD Software','','','Software','Moderator','|2|,|3|,|1|,|4|','|2|,|3|,|4|','','','|2|','0','0','0','2000','1','1')
INSERT INTO CategoriesModules (UniqueID,CatID,ModuleID) VALUES('416693084911430','138461001497624','10')
INSERT INTO CategoriesPortals (UniqueID,CatID,PortalID) VALUES('201128417939327','138461001497624','0')
INSERT INTO Categories (CatID,ListUnder,CategoryName,Description,Keywords,CatType,Moderator,AccessKeys,WriteKeys,SEODescription,SEOPageTitle,ManageKeys,AccessHide,WriteHide,ExcPortalSecurity,Weight,ShowList,Sharing) VALUES('264776558485197','203887092110828','E-Book Software','','','Software','Moderator','|2|,|3|,|1|,|4|','|2|,|3|,|4|','','','|2|','0','0','0','2000','1','1')
INSERT INTO CategoriesModules (UniqueID,CatID,ModuleID) VALUES('109848073379957','264776558485197','10')
INSERT INTO CategoriesPortals (UniqueID,CatID,PortalID) VALUES('155150688173412','264776558485197','0')
INSERT INTO Categories (CatID,ListUnder,CategoryName,Description,Keywords,CatType,Moderator,AccessKeys,WriteKeys,SEODescription,SEOPageTitle,ManageKeys,AccessHide,WriteHide,ExcPortalSecurity,Weight,ShowList,Sharing) VALUES('199217458916065','203887092110828','E-Books','','','Software','Moderator','|2|,|3|,|1|,|4|','|2|,|3|,|4|','','','|2|','0','0','0','2000','1','1')
INSERT INTO CategoriesModules (UniqueID,CatID,ModuleID) VALUES('119384217333264','199217458916065','10')
INSERT INTO CategoriesPortals (UniqueID,CatID,PortalID) VALUES('198641378546414','199217458916065','0')
INSERT INTO Categories (CatID,ListUnder,CategoryName,Description,Keywords,CatType,Moderator,AccessKeys,WriteKeys,SEODescription,SEOPageTitle,ManageKeys,AccessHide,WriteHide,ExcPortalSecurity,Weight,ShowList,Sharing) VALUES('195043594643414','596013171463375','E-Commerce Software','','','Software','Moderator','|2|,|3|,|1|,|4|','|2|,|3|,|4|','','','|2|','0','0','0','2000','1','1')
INSERT INTO CategoriesModules (UniqueID,CatID,ModuleID) VALUES('151370436073357','195043594643414','10')
INSERT INTO CategoriesPortals (UniqueID,CatID,PortalID) VALUES('154598366855872','195043594643414','0')
INSERT INTO Categories (CatID,ListUnder,CategoryName,Description,Keywords,CatType,Moderator,AccessKeys,WriteKeys,SEODescription,SEOPageTitle,ManageKeys,AccessHide,WriteHide,ExcPortalSecurity,Weight,ShowList,Sharing) VALUES('203887092110828','0','Educational Software','','','Software','Moderator','|2|,|3|,|1|,|4|','|2|,|3|,|4|','','','|2|','0','0','0','2000','1','1')
INSERT INTO CategoriesModules (UniqueID,CatID,ModuleID) VALUES('144405823683657','203887092110828','10')
INSERT INTO CategoriesPortals (UniqueID,CatID,PortalID) VALUES('196824863847031','203887092110828','0')
INSERT INTO Categories (CatID,ListUnder,CategoryName,Description,Keywords,CatType,Moderator,AccessKeys,WriteKeys,SEODescription,SEOPageTitle,ManageKeys,AccessHide,WriteHide,ExcPortalSecurity,Weight,ShowList,Sharing) VALUES('186406300081435','611527412672347','E-mail Software','','','Software','Moderator','|2|,|3|,|1|,|4|','|2|,|3|,|4|','','','|2|','0','0','0','2000','1','1')
INSERT INTO CategoriesModules (UniqueID,CatID,ModuleID) VALUES('744332877577346','186406300081435','10')
INSERT INTO CategoriesPortals (UniqueID,CatID,PortalID) VALUES('622734510642045','186406300081435','0')
INSERT INTO Categories (CatID,ListUnder,CategoryName,Description,Keywords,CatType,Moderator,AccessKeys,WriteKeys,SEODescription,SEOPageTitle,ManageKeys,AccessHide,WriteHide,ExcPortalSecurity,Weight,ShowList,Sharing) VALUES('419738577004716','611527412672347','E-mail Utilities','','','Software','Moderator','|2|,|3|,|1|,|4|','|2|,|3|,|4|','','','|2|','0','0','0','2000','1','1')
INSERT INTO CategoriesModules (UniqueID,CatID,ModuleID) VALUES('161045492474771','419738577004716','10')
INSERT INTO CategoriesPortals (UniqueID,CatID,PortalID) VALUES('674032164283786','419738577004716','0')
INSERT INTO Categories (CatID,ListUnder,CategoryName,Description,Keywords,CatType,Moderator,AccessKeys,WriteKeys,SEODescription,SEOPageTitle,ManageKeys,AccessHide,WriteHide,ExcPortalSecurity,Weight,ShowList,Sharing) VALUES('950714618348015','405921489444206','Encryption Software','','','Software','Moderator','|2|,|3|,|1|,|4|','|2|,|3|,|4|','','','|2|','0','0','0','2000','1','1')
INSERT INTO CategoriesModules (UniqueID,CatID,ModuleID) VALUES('216682526296486','950714618348015','10')
INSERT INTO CategoriesPortals (UniqueID,CatID,PortalID) VALUES('116487008236984','950714618348015','0')
INSERT INTO Categories (CatID,ListUnder,CategoryName,Description,Keywords,CatType,Moderator,AccessKeys,WriteKeys,SEODescription,SEOPageTitle,ManageKeys,AccessHide,WriteHide,ExcPortalSecurity,Weight,ShowList,Sharing) VALUES('157802457072636','0','Entertainment Software','','','Software','Moderator','|2|,|3|,|1|,|4|','|2|,|3|,|4|','','','|2|','0','0','0','2000','1','1')
INSERT INTO CategoriesModules (UniqueID,CatID,ModuleID) VALUES('132182321208821','157802457072636','10')
INSERT INTO CategoriesPortals (UniqueID,CatID,PortalID) VALUES('124806389640658','157802457072636','0')
INSERT INTO Categories (CatID,ListUnder,CategoryName,Description,Keywords,CatType,Moderator,AccessKeys,WriteKeys,SEODescription,SEOPageTitle,ManageKeys,AccessHide,WriteHide,ExcPortalSecurity,Weight,ShowList,Sharing) VALUES('683938828677487','897615573684516','File Compression','','','Software','Moderator','|2|,|3|,|1|,|4|','|2|,|3|,|4|','','','|2|','0','0','0','2000','1','1')
INSERT INTO CategoriesModules (UniqueID,CatID,ModuleID) VALUES('177940592424752','683938828677487','10')
INSERT INTO CategoriesPortals (UniqueID,CatID,PortalID) VALUES('506060516521325','683938828677487','0')
INSERT INTO Categories (CatID,ListUnder,CategoryName,Description,Keywords,CatType,Moderator,AccessKeys,WriteKeys,SEODescription,SEOPageTitle,ManageKeys,AccessHide,WriteHide,ExcPortalSecurity,Weight,ShowList,Sharing) VALUES('105525368652838','897615573684516','File Management','','','Software','Moderator','|2|,|3|,|1|,|4|','|2|,|3|,|4|','','','|2|','0','0','0','2000','1','1')
INSERT INTO CategoriesModules (UniqueID,CatID,ModuleID) VALUES('189360044441595','105525368652838','10')
INSERT INTO CategoriesPortals (UniqueID,CatID,PortalID) VALUES('434149799048868','105525368652838','0')
INSERT INTO Categories (CatID,ListUnder,CategoryName,Description,Keywords,CatType,Moderator,AccessKeys,WriteKeys,SEODescription,SEOPageTitle,ManageKeys,AccessHide,WriteHide,ExcPortalSecurity,Weight,ShowList,Sharing) VALUES('547926110418574','152560870574488','File Server Software','','','Software','Moderator','|2|,|3|,|1|,|4|','|2|,|3|,|4|','','','|2|','0','0','0','2000','1','1')
INSERT INTO CategoriesModules (UniqueID,CatID,ModuleID) VALUES('161197970417835','547926110418574','10')
INSERT INTO CategoriesPortals (UniqueID,CatID,PortalID) VALUES('911486143981837','547926110418574','0')
INSERT INTO Categories (CatID,ListUnder,CategoryName,Description,Keywords,CatType,Moderator,AccessKeys,WriteKeys,SEODescription,SEOPageTitle,ManageKeys,AccessHide,WriteHide,ExcPortalSecurity,Weight,ShowList,Sharing) VALUES('170278258974531','203887092110828','Fine Arts Software','','','Software','Moderator','|2|,|3|,|1|,|4|','|2|,|3|,|4|','','','|2|','0','0','0','2000','1','1')
INSERT INTO CategoriesModules (UniqueID,CatID,ModuleID) VALUES('190523145517587','170278258974531','10')
INSERT INTO CategoriesPortals (UniqueID,CatID,PortalID) VALUES('168901200151530','170278258974531','0')
INSERT INTO Categories (CatID,ListUnder,CategoryName,Description,Keywords,CatType,Moderator,AccessKeys,WriteKeys,SEODescription,SEOPageTitle,ManageKeys,AccessHide,WriteHide,ExcPortalSecurity,Weight,ShowList,Sharing) VALUES('950930892423571','506496889659147','Firefox Add-ons & Plugins','','','Software','Moderator','|2|,|3|,|1|,|4|','|2|,|3|,|4|','','','|2|','0','0','0','2000','1','1')
INSERT INTO CategoriesModules (UniqueID,CatID,ModuleID) VALUES('127599048451723','950930892423571','10')
INSERT INTO CategoriesPortals (UniqueID,CatID,PortalID) VALUES('142888657928214','950930892423571','0')
INSERT INTO Categories (CatID,ListUnder,CategoryName,Description,Keywords,CatType,Moderator,AccessKeys,WriteKeys,SEODescription,SEOPageTitle,ManageKeys,AccessHide,WriteHide,ExcPortalSecurity,Weight,ShowList,Sharing) VALUES('129335991972243','405921489444206','Firewall Software','','','Software','Moderator','|2|,|3|,|1|,|4|','|2|,|3|,|4|','','','|2|','0','0','0','2000','1','1')
INSERT INTO CategoriesModules (UniqueID,CatID,ModuleID) VALUES('129981411737175','129335991972243','10')
INSERT INTO CategoriesPortals (UniqueID,CatID,PortalID) VALUES('980267568880456','129335991972243','0')
INSERT INTO Categories (CatID,ListUnder,CategoryName,Description,Keywords,CatType,Moderator,AccessKeys,WriteKeys,SEODescription,SEOPageTitle,ManageKeys,AccessHide,WriteHide,ExcPortalSecurity,Weight,ShowList,Sharing) VALUES('851925344340137','114534263577583','Flash Software','','','Software','Moderator','|2|,|3|,|1|,|4|','|2|,|3|,|4|','','','|2|','0','0','0','2000','1','1')
INSERT INTO CategoriesModules (UniqueID,CatID,ModuleID) VALUES('173828772581478','851925344340137','10')
INSERT INTO CategoriesPortals (UniqueID,CatID,PortalID) VALUES('202631636054137','851925344340137','0')
INSERT INTO Categories (CatID,ListUnder,CategoryName,Description,Keywords,CatType,Moderator,AccessKeys,WriteKeys,SEODescription,SEOPageTitle,ManageKeys,AccessHide,WriteHide,ExcPortalSecurity,Weight,ShowList,Sharing) VALUES('700254690701604','114534263577583','Font Tools','','','Software','Moderator','|2|,|3|,|1|,|4|','|2|,|3|,|4|','','','|2|','0','0','0','2000','1','1')
INSERT INTO CategoriesModules (UniqueID,CatID,ModuleID) VALUES('176692643711121','700254690701604','10')
INSERT INTO CategoriesPortals (UniqueID,CatID,PortalID) VALUES('316656528630962','700254690701604','0')
INSERT INTO Categories (CatID,ListUnder,CategoryName,Description,Keywords,CatType,Moderator,AccessKeys,WriteKeys,SEODescription,SEOPageTitle,ManageKeys,AccessHide,WriteHide,ExcPortalSecurity,Weight,ShowList,Sharing) VALUES('211899199687648','114534263577583','Fonts','','','Software','Moderator','|2|,|3|,|1|,|4|','|2|,|3|,|4|','','','|2|','0','0','0','2000','1','1')
INSERT INTO CategoriesModules (UniqueID,CatID,ModuleID) VALUES('876120109675243','211899199687648','10')
INSERT INTO CategoriesPortals (UniqueID,CatID,PortalID) VALUES('173549293143413','211899199687648','0')
INSERT INTO Categories (CatID,ListUnder,CategoryName,Description,Keywords,CatType,Moderator,AccessKeys,WriteKeys,SEODescription,SEOPageTitle,ManageKeys,AccessHide,WriteHide,ExcPortalSecurity,Weight,ShowList,Sharing) VALUES('141432338945687','288953637081841','FTP Software','','','Software','Moderator','|2|,|3|,|1|,|4|','|2|,|3|,|4|','','','|2|','0','0','0','2000','1','1')
INSERT INTO CategoriesModules (UniqueID,CatID,ModuleID) VALUES('152898650981453','141432338945687','10')
INSERT INTO CategoriesPortals (UniqueID,CatID,PortalID) VALUES('816510766112348','141432338945687','0')
INSERT INTO Categories (CatID,ListUnder,CategoryName,Description,Keywords,CatType,Moderator,AccessKeys,WriteKeys,SEODescription,SEOPageTitle,ManageKeys,AccessHide,WriteHide,ExcPortalSecurity,Weight,ShowList,Sharing) VALUES('115252798963556','339345278245369','Gadgets & Widgets','','','Software','Moderator','|2|,|3|,|1|,|4|','|2|,|3|,|4|','','','|2|','0','0','0','2000','1','1')
INSERT INTO CategoriesModules (UniqueID,CatID,ModuleID) VALUES('356924114571513','115252798963556','10')
INSERT INTO CategoriesPortals (UniqueID,CatID,PortalID) VALUES('311957682144876','115252798963556','0')
INSERT INTO Categories (CatID,ListUnder,CategoryName,Description,Keywords,CatType,Moderator,AccessKeys,WriteKeys,SEODescription,SEOPageTitle,ManageKeys,AccessHide,WriteHide,ExcPortalSecurity,Weight,ShowList,Sharing) VALUES('482785186361367','208112443612175','Game Controllers','','','Software','Moderator','|2|,|3|,|1|,|4|','|2|,|3|,|4|','','','|2|','0','0','0','2000','1','1')
INSERT INTO CategoriesModules (UniqueID,CatID,ModuleID) VALUES('132531667307743','482785186361367','10')
INSERT INTO CategoriesPortals (UniqueID,CatID,PortalID) VALUES('865982416412878','482785186361367','0')
INSERT INTO Categories (CatID,ListUnder,CategoryName,Description,Keywords,CatType,Moderator,AccessKeys,WriteKeys,SEODescription,SEOPageTitle,ManageKeys,AccessHide,WriteHide,ExcPortalSecurity,Weight,ShowList,Sharing) VALUES('905990558117797','148863072772101','Game Drivers','','','Software','Moderator','|2|,|3|,|1|,|4|','|2|,|3|,|4|','','','|2|','0','0','0','2000','1','1')
INSERT INTO CategoriesModules (UniqueID,CatID,ModuleID) VALUES('132363100961623','905990558117797','10')
INSERT INTO CategoriesPortals (UniqueID,CatID,PortalID) VALUES('145037211991260','905990558117797','0')
INSERT INTO Categories (CatID,ListUnder,CategoryName,Description,Keywords,CatType,Moderator,AccessKeys,WriteKeys,SEODescription,SEOPageTitle,ManageKeys,AccessHide,WriteHide,ExcPortalSecurity,Weight,ShowList,Sharing) VALUES('148863072772101','0','Games','','','Software','Moderator','|2|,|3|,|1|,|4|','|2|,|3|,|4|','','','|2|','0','0','0','2000','1','1')
INSERT INTO CategoriesModules (UniqueID,CatID,ModuleID) VALUES('104309365524346','148863072772101','10')
INSERT INTO CategoriesPortals (UniqueID,CatID,PortalID) VALUES('133575962252493','148863072772101','0')
INSERT INTO Categories (CatID,ListUnder,CategoryName,Description,Keywords,CatType,Moderator,AccessKeys,WriteKeys,SEODescription,SEOPageTitle,ManageKeys,AccessHide,WriteHide,ExcPortalSecurity,Weight,ShowList,Sharing) VALUES('181193825191384','203887092110828','Genealogy Software','','','Software','Moderator','|2|,|3|,|1|,|4|','|2|,|3|,|4|','','','|2|','0','0','0','2000','1','1')
INSERT INTO CategoriesModules (UniqueID,CatID,ModuleID) VALUES('128702974081022','181193825191384','10')
INSERT INTO CategoriesPortals (UniqueID,CatID,PortalID) VALUES('445538482312215','181193825191384','0')
INSERT INTO Categories (CatID,ListUnder,CategoryName,Description,Keywords,CatType,Moderator,AccessKeys,WriteKeys,SEODescription,SEOPageTitle,ManageKeys,AccessHide,WriteHide,ExcPortalSecurity,Weight,ShowList,Sharing) VALUES('114534263577583','0','Graphic Design Software','','','Software','Moderator','|2|,|3|,|1|,|4|','|2|,|3|,|4|','','','|2|','0','0','0','2000','1','1')
INSERT INTO CategoriesModules (UniqueID,CatID,ModuleID) VALUES('767158531708429','114534263577583','10')
INSERT INTO CategoriesPortals (UniqueID,CatID,PortalID) VALUES('252427778786888','114534263577583','0')
INSERT INTO Categories (CatID,ListUnder,CategoryName,Description,Keywords,CatType,Moderator,AccessKeys,WriteKeys,SEODescription,SEOPageTitle,ManageKeys,AccessHide,WriteHide,ExcPortalSecurity,Weight,ShowList,Sharing) VALUES('457614681222355','203887092110828','Health & Fitness Software','','','Software','Moderator','|2|,|3|,|1|,|4|','|2|,|3|,|4|','','','|2|','0','0','0','2000','1','1')
INSERT INTO CategoriesModules (UniqueID,CatID,ModuleID) VALUES('190128462430947','457614681222355','10')
INSERT INTO CategoriesPortals (UniqueID,CatID,PortalID) VALUES('157610698463615','457614681222355','0')
INSERT INTO Categories (CatID,ListUnder,CategoryName,Description,Keywords,CatType,Moderator,AccessKeys,WriteKeys,SEODescription,SEOPageTitle,ManageKeys,AccessHide,WriteHide,ExcPortalSecurity,Weight,ShowList,Sharing) VALUES('162334578665882','596013171463375','Help Desk Software','','','Software','Moderator','|2|,|3|,|1|,|4|','|2|,|3|,|4|','','','|2|','0','0','0','2000','1','1')
INSERT INTO CategoriesModules (UniqueID,CatID,ModuleID) VALUES('166556993954603','162334578665882','10')
INSERT INTO CategoriesPortals (UniqueID,CatID,PortalID) VALUES('142748543997147','162334578665882','0')
INSERT INTO Categories (CatID,ListUnder,CategoryName,Description,Keywords,CatType,Moderator,AccessKeys,WriteKeys,SEODescription,SEOPageTitle,ManageKeys,AccessHide,WriteHide,ExcPortalSecurity,Weight,ShowList,Sharing) VALUES('565625349645865','105224809853575','Hobby Software','','','Software','Moderator','|2|,|3|,|1|,|4|','|2|,|3|,|4|','','','|2|','0','0','0','2000','1','1')
INSERT INTO CategoriesModules (UniqueID,CatID,ModuleID) VALUES('177939526177998','565625349645865','10')
INSERT INTO CategoriesPortals (UniqueID,CatID,PortalID) VALUES('512068753896373','565625349645865','0')
INSERT INTO Categories (CatID,ListUnder,CategoryName,Description,Keywords,CatType,Moderator,AccessKeys,WriteKeys,SEODescription,SEOPageTitle,ManageKeys,AccessHide,WriteHide,ExcPortalSecurity,Weight,ShowList,Sharing) VALUES('488388033416151','105224809853575','Home Inventory Software','','','Software','Moderator','|2|,|3|,|1|,|4|','|2|,|3|,|4|','','','|2|','0','0','0','2000','1','1')
INSERT INTO CategoriesModules (UniqueID,CatID,ModuleID) VALUES('113690847946160','488388033416151','10')
INSERT INTO CategoriesPortals (UniqueID,CatID,PortalID) VALUES('162955747775126','488388033416151','0')
INSERT INTO Categories (CatID,ListUnder,CategoryName,Description,Keywords,CatType,Moderator,AccessKeys,WriteKeys,SEODescription,SEOPageTitle,ManageKeys,AccessHide,WriteHide,ExcPortalSecurity,Weight,ShowList,Sharing) VALUES('105224809853575','0','Home Software','','','Software','Moderator','|2|,|3|,|1|,|4|','|2|,|3|,|4|','','','|2|','0','0','0','2000','1','1')
INSERT INTO CategoriesModules (UniqueID,CatID,ModuleID) VALUES('190491795951227','105224809853575','10')
INSERT INTO CategoriesPortals (UniqueID,CatID,PortalID) VALUES('588222369762919','105224809853575','0')
INSERT INTO Categories (CatID,ListUnder,CategoryName,Description,Keywords,CatType,Moderator,AccessKeys,WriteKeys,SEODescription,SEOPageTitle,ManageKeys,AccessHide,WriteHide,ExcPortalSecurity,Weight,ShowList,Sharing) VALUES('309863777825822','157802457072636','Humor Software','','','Software','Moderator','|2|,|3|,|1|,|4|','|2|,|3|,|4|','','','|2|','0','0','0','2000','1','1')
INSERT INTO CategoriesModules (UniqueID,CatID,ModuleID) VALUES('791599154027047','309863777825822','10')
INSERT INTO CategoriesPortals (UniqueID,CatID,PortalID) VALUES('102801065011542','309863777825822','0')
INSERT INTO Categories (CatID,ListUnder,CategoryName,Description,Keywords,CatType,Moderator,AccessKeys,WriteKeys,SEODescription,SEOPageTitle,ManageKeys,AccessHide,WriteHide,ExcPortalSecurity,Weight,ShowList,Sharing) VALUES('196974078463845','339345278245369','Icon Tools','','','Software','Moderator','|2|,|3|,|1|,|4|','|2|,|3|,|4|','','','|2|','0','0','0','2000','1','1')
INSERT INTO CategoriesModules (UniqueID,CatID,ModuleID) VALUES('175758020464797','196974078463845','10')
INSERT INTO CategoriesPortals (UniqueID,CatID,PortalID) VALUES('713747163407814','196974078463845','0')
INSERT INTO Categories (CatID,ListUnder,CategoryName,Description,Keywords,CatType,Moderator,AccessKeys,WriteKeys,SEODescription,SEOPageTitle,ManageKeys,AccessHide,WriteHide,ExcPortalSecurity,Weight,ShowList,Sharing) VALUES('176944330238333','339345278245369','Icons','','','Software','Moderator','|2|,|3|,|1|,|4|','|2|,|3|,|4|','','','|2|','0','0','0','2000','1','1')
INSERT INTO CategoriesModules (UniqueID,CatID,ModuleID) VALUES('163397645237537','176944330238333','10')
INSERT INTO CategoriesPortals (UniqueID,CatID,PortalID) VALUES('124663598171172','176944330238333','0')
INSERT INTO Categories (CatID,ListUnder,CategoryName,Description,Keywords,CatType,Moderator,AccessKeys,WriteKeys,SEODescription,SEOPageTitle,ManageKeys,AccessHide,WriteHide,ExcPortalSecurity,Weight,ShowList,Sharing) VALUES('884737767769628','657693783216338','IDE Software','','','Software','Moderator','|2|,|3|,|1|,|4|','|2|,|3|,|4|','','','|2|','0','0','0','2000','1','1')
INSERT INTO CategoriesModules (UniqueID,CatID,ModuleID) VALUES('136984163122217','884737767769628','10')
INSERT INTO CategoriesPortals (UniqueID,CatID,PortalID) VALUES('609552948349460','884737767769628','0')
INSERT INTO Categories (CatID,ListUnder,CategoryName,Description,Keywords,CatType,Moderator,AccessKeys,WriteKeys,SEODescription,SEOPageTitle,ManageKeys,AccessHide,WriteHide,ExcPortalSecurity,Weight,ShowList,Sharing) VALUES('993070035846255','114534263577583','Illustration Software','','','Software','Moderator','|2|,|3|,|1|,|4|','|2|,|3|,|4|','','','|2|','0','0','0','2000','1','1')
INSERT INTO CategoriesModules (UniqueID,CatID,ModuleID) VALUES('446552062366268','993070035846255','10')
INSERT INTO CategoriesPortals (UniqueID,CatID,PortalID) VALUES('880154612348103','993070035846255','0')
[[GO]]
INSERT INTO Categories (CatID,ListUnder,CategoryName,Description,Keywords,CatType,Moderator,AccessKeys,WriteKeys,SEODescription,SEOPageTitle,ManageKeys,AccessHide,WriteHide,ExcPortalSecurity,Weight,ShowList,Sharing) VALUES('957721190467314','654617169040206','Image Editing Software','','','Software','Moderator','|2|,|3|,|1|,|4|','|2|,|3|,|4|','','','|2|','0','0','0','2000','1','1')
INSERT INTO CategoriesModules (UniqueID,CatID,ModuleID) VALUES('966404193666179','957721190467314','10')
INSERT INTO CategoriesPortals (UniqueID,CatID,PortalID) VALUES('197334030982811','957721190467314','0')
INSERT INTO Categories (CatID,ListUnder,CategoryName,Description,Keywords,CatType,Moderator,AccessKeys,WriteKeys,SEODescription,SEOPageTitle,ManageKeys,AccessHide,WriteHide,ExcPortalSecurity,Weight,ShowList,Sharing) VALUES('214037313585577','654617169040206','Image Viewers','','','Software','Moderator','|2|,|3|,|1|,|4|','|2|,|3|,|4|','','','|2|','0','0','0','2000','1','1')
INSERT INTO CategoriesModules (UniqueID,CatID,ModuleID) VALUES('300190058956445','214037313585577','10')
INSERT INTO CategoriesPortals (UniqueID,CatID,PortalID) VALUES('168051443841517','214037313585577','0')
INSERT INTO Categories (CatID,ListUnder,CategoryName,Description,Keywords,CatType,Moderator,AccessKeys,WriteKeys,SEODescription,SEOPageTitle,ManageKeys,AccessHide,WriteHide,ExcPortalSecurity,Weight,ShowList,Sharing) VALUES('194781959717811','506496889659147','Internet Explorer Add-ons & Plugins','','','Software','Moderator','|2|,|3|,|1|,|4|','|2|,|3|,|4|','','','|2|','0','0','0','2000','1','1')
INSERT INTO CategoriesModules (UniqueID,CatID,ModuleID) VALUES('107680924625347','194781959717811','10')
INSERT INTO CategoriesPortals (UniqueID,CatID,PortalID) VALUES('207297308055376','194781959717811','0')
INSERT INTO Categories (CatID,ListUnder,CategoryName,Description,Keywords,CatType,Moderator,AccessKeys,WriteKeys,SEODescription,SEOPageTitle,ManageKeys,AccessHide,WriteHide,ExcPortalSecurity,Weight,ShowList,Sharing) VALUES('166432715492188','152560870574488','Internet Operations','','','Software','Moderator','|2|,|3|,|1|,|4|','|2|,|3|,|4|','','','|2|','0','0','0','2000','1','1')
INSERT INTO CategoriesModules (UniqueID,CatID,ModuleID) VALUES('410413520476532','166432715492188','10')
INSERT INTO CategoriesPortals (UniqueID,CatID,PortalID) VALUES('193353910632826','166432715492188','0')
INSERT INTO Categories (CatID,ListUnder,CategoryName,Description,Keywords,CatType,Moderator,AccessKeys,WriteKeys,SEODescription,SEOPageTitle,ManageKeys,AccessHide,WriteHide,ExcPortalSecurity,Weight,ShowList,Sharing) VALUES('162935320704575','288953637081841','Internet Operations','','','Software','Moderator','|2|,|3|,|1|,|4|','|2|,|3|,|4|','','','|2|','0','0','0','2000','1','1')
INSERT INTO CategoriesModules (UniqueID,CatID,ModuleID) VALUES('133314302119672','162935320704575','10')
INSERT INTO CategoriesPortals (UniqueID,CatID,PortalID) VALUES('383517943211913','162935320704575','0')
INSERT INTO Categories (CatID,ListUnder,CategoryName,Description,Keywords,CatType,Moderator,AccessKeys,WriteKeys,SEODescription,SEOPageTitle,ManageKeys,AccessHide,WriteHide,ExcPortalSecurity,Weight,ShowList,Sharing) VALUES('129496417792182','405921489444206','Internet Security Software Suites','','','Software','Moderator','|2|,|3|,|1|,|4|','|2|,|3|,|4|','','','|2|','0','0','0','2000','1','1')
INSERT INTO CategoriesModules (UniqueID,CatID,ModuleID) VALUES('204364468150654','129496417792182','10')
INSERT INTO CategoriesPortals (UniqueID,CatID,PortalID) VALUES('350745378745463','129496417792182','0')
INSERT INTO Categories (CatID,ListUnder,CategoryName,Description,Keywords,CatType,Moderator,AccessKeys,WriteKeys,SEODescription,SEOPageTitle,ManageKeys,AccessHide,WriteHide,ExcPortalSecurity,Weight,ShowList,Sharing) VALUES('288953637081841','0','Internet Software','','','Software','Moderator','|2|,|3|,|1|,|4|','|2|,|3|,|4|','','','|2|','0','0','0','2000','1','1')
INSERT INTO CategoriesModules (UniqueID,CatID,ModuleID) VALUES('454269690282278','288953637081841','10')
INSERT INTO CategoriesPortals (UniqueID,CatID,PortalID) VALUES('173640984587795','288953637081841','0')
INSERT INTO Categories (CatID,ListUnder,CategoryName,Description,Keywords,CatType,Moderator,AccessKeys,WriteKeys,SEODescription,SEOPageTitle,ManageKeys,AccessHide,WriteHide,ExcPortalSecurity,Weight,ShowList,Sharing) VALUES('752704244351876','657693783216338','Interpreters & Compilers','','','Software','Moderator','|2|,|3|,|1|,|4|','|2|,|3|,|4|','','','|2|','0','0','0','2000','1','1')
INSERT INTO CategoriesModules (UniqueID,CatID,ModuleID) VALUES('232358073807557','752704244351876','10')
INSERT INTO CategoriesPortals (UniqueID,CatID,PortalID) VALUES('174848699409190','752704244351876','0')
INSERT INTO Categories (CatID,ListUnder,CategoryName,Description,Keywords,CatType,Moderator,AccessKeys,WriteKeys,SEODescription,SEOPageTitle,ManageKeys,AccessHide,WriteHide,ExcPortalSecurity,Weight,ShowList,Sharing) VALUES('553105356953468','596013171463375','Inventory Software','','','Software','Moderator','|2|,|3|,|1|,|4|','|2|,|3|,|4|','','','|2|','0','0','0','2000','1','1')
INSERT INTO CategoriesModules (UniqueID,CatID,ModuleID) VALUES('734212260715375','553105356953468','10')
INSERT INTO CategoriesPortals (UniqueID,CatID,PortalID) VALUES('126800548161732','553105356953468','0')
INSERT INTO Categories (CatID,ListUnder,CategoryName,Description,Keywords,CatType,Moderator,AccessKeys,WriteKeys,SEODescription,SEOPageTitle,ManageKeys,AccessHide,WriteHide,ExcPortalSecurity,Weight,ShowList,Sharing) VALUES('154199600445638','196108608953678','iPod Backup','','','Software','Moderator','|2|,|3|,|1|,|4|','|2|,|3|,|4|','','','|2|','0','0','0','2000','1','1')
INSERT INTO CategoriesModules (UniqueID,CatID,ModuleID) VALUES('996179885357516','154199600445638','10')
INSERT INTO CategoriesPortals (UniqueID,CatID,PortalID) VALUES('199019249833555','154199600445638','0')
INSERT INTO Categories (CatID,ListUnder,CategoryName,Description,Keywords,CatType,Moderator,AccessKeys,WriteKeys,SEODescription,SEOPageTitle,ManageKeys,AccessHide,WriteHide,ExcPortalSecurity,Weight,ShowList,Sharing) VALUES('385890339742370','196108608953678','iPod Utilities','','','Software','Moderator','|2|,|3|,|1|,|4|','|2|,|3|,|4|','','','|2|','0','0','0','2000','1','1')
INSERT INTO CategoriesModules (UniqueID,CatID,ModuleID) VALUES('472801422616517','385890339742370','10')
INSERT INTO CategoriesPortals (UniqueID,CatID,PortalID) VALUES('480383625772316','385890339742370','0')
INSERT INTO Categories (CatID,ListUnder,CategoryName,Description,Keywords,CatType,Moderator,AccessKeys,WriteKeys,SEODescription,SEOPageTitle,ManageKeys,AccessHide,WriteHide,ExcPortalSecurity,Weight,ShowList,Sharing) VALUES('136720665996256','196108608953678','iPod Video Software','','','Software','Moderator','|2|,|3|,|1|,|4|','|2|,|3|,|4|','','','|2|','0','0','0','2000','1','1')
INSERT INTO CategoriesModules (UniqueID,CatID,ModuleID) VALUES('148198181385573','136720665996256','10')
INSERT INTO CategoriesPortals (UniqueID,CatID,PortalID) VALUES('183200602030161','136720665996256','0')
INSERT INTO Categories (CatID,ListUnder,CategoryName,Description,Keywords,CatType,Moderator,AccessKeys,WriteKeys,SEODescription,SEOPageTitle,ManageKeys,AccessHide,WriteHide,ExcPortalSecurity,Weight,ShowList,Sharing) VALUES('196108608953678','0','iTunes & iPod Software','','','Software','Moderator','|2|,|3|,|1|,|4|','|2|,|3|,|4|','','','|2|','0','0','0','2000','1','1')
INSERT INTO CategoriesModules (UniqueID,CatID,ModuleID) VALUES('927427960828683','196108608953678','10')
INSERT INTO CategoriesPortals (UniqueID,CatID,PortalID) VALUES('423814158797864','196108608953678','0')
INSERT INTO Categories (CatID,ListUnder,CategoryName,Description,Keywords,CatType,Moderator,AccessKeys,WriteKeys,SEODescription,SEOPageTitle,ManageKeys,AccessHide,WriteHide,ExcPortalSecurity,Weight,ShowList,Sharing) VALUES('198704736493019','196108608953678','iTunes Artwork','','','Software','Moderator','|2|,|3|,|1|,|4|','|2|,|3|,|4|','','','|2|','0','0','0','2000','1','1')
INSERT INTO CategoriesModules (UniqueID,CatID,ModuleID) VALUES('160060968122137','198704736493019','10')
INSERT INTO CategoriesPortals (UniqueID,CatID,PortalID) VALUES('211318404225377','198704736493019','0')
INSERT INTO Categories (CatID,ListUnder,CategoryName,Description,Keywords,CatType,Moderator,AccessKeys,WriteKeys,SEODescription,SEOPageTitle,ManageKeys,AccessHide,WriteHide,ExcPortalSecurity,Weight,ShowList,Sharing) VALUES('213810623863119','196108608953678','iTunes Controllers','','','Software','Moderator','|2|,|3|,|1|,|4|','|2|,|3|,|4|','','','|2|','0','0','0','2000','1','1')
INSERT INTO CategoriesModules (UniqueID,CatID,ModuleID) VALUES('479302479598568','213810623863119','10')
INSERT INTO CategoriesPortals (UniqueID,CatID,PortalID) VALUES('113557066865050','213810623863119','0')
INSERT INTO Categories (CatID,ListUnder,CategoryName,Description,Keywords,CatType,Moderator,AccessKeys,WriteKeys,SEODescription,SEOPageTitle,ManageKeys,AccessHide,WriteHide,ExcPortalSecurity,Weight,ShowList,Sharing) VALUES('186557255543673','196108608953678','iTunes Sharing','','','Software','Moderator','|2|,|3|,|1|,|4|','|2|,|3|,|4|','','','|2|','0','0','0','2000','1','1')
INSERT INTO CategoriesModules (UniqueID,CatID,ModuleID) VALUES('542502338084267','186557255543673','10')
INSERT INTO CategoriesPortals (UniqueID,CatID,PortalID) VALUES('191676884625762','186557255543673','0')
INSERT INTO Categories (CatID,ListUnder,CategoryName,Description,Keywords,CatType,Moderator,AccessKeys,WriteKeys,SEODescription,SEOPageTitle,ManageKeys,AccessHide,WriteHide,ExcPortalSecurity,Weight,ShowList,Sharing) VALUES('126196933050761','196108608953678','iTunes Utilities','','','Software','Moderator','|2|,|3|,|1|,|4|','|2|,|3|,|4|','','','|2|','0','0','0','2000','1','1')
INSERT INTO CategoriesModules (UniqueID,CatID,ModuleID) VALUES('129245780753213','126196933050761','10')
INSERT INTO CategoriesPortals (UniqueID,CatID,PortalID) VALUES('146895090072862','126196933050761','0')
INSERT INTO Categories (CatID,ListUnder,CategoryName,Description,Keywords,CatType,Moderator,AccessKeys,WriteKeys,SEODescription,SEOPageTitle,ManageKeys,AccessHide,WriteHide,ExcPortalSecurity,Weight,ShowList,Sharing) VALUES('179270022525643','196108608953678','iTunes Visualizers','','','Software','Moderator','|2|,|3|,|1|,|4|','|2|,|3|,|4|','','','|2|','0','0','0','2000','1','1')
INSERT INTO CategoriesModules (UniqueID,CatID,ModuleID) VALUES('254552432542681','179270022525643','10')
INSERT INTO CategoriesPortals (UniqueID,CatID,PortalID) VALUES('198969927683544','179270022525643','0')
INSERT INTO Categories (CatID,ListUnder,CategoryName,Description,Keywords,CatType,Moderator,AccessKeys,WriteKeys,SEODescription,SEOPageTitle,ManageKeys,AccessHide,WriteHide,ExcPortalSecurity,Weight,ShowList,Sharing) VALUES('186261733494126','657693783216338','Java Software','','','Software','Moderator','|2|,|3|,|1|,|4|','|2|,|3|,|4|','','','|2|','0','0','0','2000','1','1')
INSERT INTO CategoriesModules (UniqueID,CatID,ModuleID) VALUES('157438381464032','186261733494126','10')
INSERT INTO CategoriesPortals (UniqueID,CatID,PortalID) VALUES('137014578674968','186261733494126','0')
INSERT INTO Categories (CatID,ListUnder,CategoryName,Description,Keywords,CatType,Moderator,AccessKeys,WriteKeys,SEODescription,SEOPageTitle,ManageKeys,AccessHide,WriteHide,ExcPortalSecurity,Weight,ShowList,Sharing) VALUES('901649072734351','166601370357119','Karaoke Software','','','Software','Moderator','|2|,|3|,|1|,|4|','|2|,|3|,|4|','','','|2|','0','0','0','2000','1','1')
INSERT INTO CategoriesModules (UniqueID,CatID,ModuleID) VALUES('126436365766692','901649072734351','10')
INSERT INTO CategoriesPortals (UniqueID,CatID,PortalID) VALUES('205601767955882','901649072734351','0')
INSERT INTO Categories (CatID,ListUnder,CategoryName,Description,Keywords,CatType,Moderator,AccessKeys,WriteKeys,SEODescription,SEOPageTitle,ManageKeys,AccessHide,WriteHide,ExcPortalSecurity,Weight,ShowList,Sharing) VALUES('649804042365063','208112443612175','Keyboard Drivers','','','Software','Moderator','|2|,|3|,|1|,|4|','|2|,|3|,|4|','','','|2|','0','0','0','2000','1','1')
INSERT INTO CategoriesModules (UniqueID,CatID,ModuleID) VALUES('138973156788572','649804042365063','10')
INSERT INTO CategoriesPortals (UniqueID,CatID,PortalID) VALUES('304914271775314','649804042365063','0')
INSERT INTO Categories (CatID,ListUnder,CategoryName,Description,Keywords,CatType,Moderator,AccessKeys,WriteKeys,SEODescription,SEOPageTitle,ManageKeys,AccessHide,WriteHide,ExcPortalSecurity,Weight,ShowList,Sharing) VALUES('914325230282137','148863072772101','Kids','','','Software','Moderator','|2|,|3|,|1|,|4|','|2|,|3|,|4|','','','|2|','0','0','0','2000','1','1')
INSERT INTO CategoriesModules (UniqueID,CatID,ModuleID) VALUES('154820036581188','914325230282137','10')
INSERT INTO CategoriesPortals (UniqueID,CatID,PortalID) VALUES('162277211762879','914325230282137','0')
INSERT INTO Categories (CatID,ListUnder,CategoryName,Description,Keywords,CatType,Moderator,AccessKeys,WriteKeys,SEODescription,SEOPageTitle,ManageKeys,AccessHide,WriteHide,ExcPortalSecurity,Weight,ShowList,Sharing) VALUES('528042484061162','105224809853575','Kids & Parenting Software','','','Software','Moderator','|2|,|3|,|1|,|4|','|2|,|3|,|4|','','','|2|','0','0','0','2000','1','1')
INSERT INTO CategoriesModules (UniqueID,CatID,ModuleID) VALUES('103312606442553','528042484061162','10')
INSERT INTO CategoriesPortals (UniqueID,CatID,PortalID) VALUES('108218948983715','528042484061162','0')
INSERT INTO Categories (CatID,ListUnder,CategoryName,Description,Keywords,CatType,Moderator,AccessKeys,WriteKeys,SEODescription,SEOPageTitle,ManageKeys,AccessHide,WriteHide,ExcPortalSecurity,Weight,ShowList,Sharing) VALUES('126482870279368','105224809853575','Landscape Design Software','','','Software','Moderator','|2|,|3|,|1|,|4|','|2|,|3|,|4|','','','|2|','0','0','0','2000','1','1')
INSERT INTO CategoriesModules (UniqueID,CatID,ModuleID) VALUES('115405187166112','126482870279368','10')
INSERT INTO CategoriesPortals (UniqueID,CatID,PortalID) VALUES('181571716332329','126482870279368','0')
INSERT INTO Categories (CatID,ListUnder,CategoryName,Description,Keywords,CatType,Moderator,AccessKeys,WriteKeys,SEODescription,SEOPageTitle,ManageKeys,AccessHide,WriteHide,ExcPortalSecurity,Weight,ShowList,Sharing) VALUES('165997639227296','203887092110828','Language Software','','','Software','Moderator','|2|,|3|,|1|,|4|','|2|,|3|,|4|','','','|2|','0','0','0','2000','1','1')
INSERT INTO CategoriesModules (UniqueID,CatID,ModuleID) VALUES('117027472873546','165997639227296','10')
INSERT INTO CategoriesPortals (UniqueID,CatID,PortalID) VALUES('611353390156014','165997639227296','0')
INSERT INTO Categories (CatID,ListUnder,CategoryName,Description,Keywords,CatType,Moderator,AccessKeys,WriteKeys,SEODescription,SEOPageTitle,ManageKeys,AccessHide,WriteHide,ExcPortalSecurity,Weight,ShowList,Sharing) VALUES('194905623414713','339345278245369','Launchers','','','Software','Moderator','|2|,|3|,|1|,|4|','|2|,|3|,|4|','','','|2|','0','0','0','2000','1','1')
INSERT INTO CategoriesModules (UniqueID,CatID,ModuleID) VALUES('185415334939275','194905623414713','10')
INSERT INTO CategoriesPortals (UniqueID,CatID,PortalID) VALUES('186827928118465','194905623414713','0')
INSERT INTO Categories (CatID,ListUnder,CategoryName,Description,Keywords,CatType,Moderator,AccessKeys,WriteKeys,SEODescription,SEOPageTitle,ManageKeys,AccessHide,WriteHide,ExcPortalSecurity,Weight,ShowList,Sharing) VALUES('810022667117791','596013171463375','Legal Software','','','Software','Moderator','|2|,|3|,|1|,|4|','|2|,|3|,|4|','','','|2|','0','0','0','2000','1','1')
INSERT INTO CategoriesModules (UniqueID,CatID,ModuleID) VALUES('907358454662817','810022667117791','10')
INSERT INTO CategoriesPortals (UniqueID,CatID,PortalID) VALUES('139424247171330','810022667117791','0')
INSERT INTO Categories (CatID,ListUnder,CategoryName,Description,Keywords,CatType,Moderator,AccessKeys,WriteKeys,SEODescription,SEOPageTitle,ManageKeys,AccessHide,WriteHide,ExcPortalSecurity,Weight,ShowList,Sharing) VALUES('105419041686738','157802457072636','Lifestyle Software','','','Software','Moderator','|2|,|3|,|1|,|4|','|2|,|3|,|4|','','','|2|','0','0','0','2000','1','1')
INSERT INTO CategoriesModules (UniqueID,CatID,ModuleID) VALUES('949246573367145','105419041686738','10')
INSERT INTO CategoriesPortals (UniqueID,CatID,PortalID) VALUES('201328389475865','105419041686738','0')
INSERT INTO Categories (CatID,ListUnder,CategoryName,Description,Keywords,CatType,Moderator,AccessKeys,WriteKeys,SEODescription,SEOPageTitle,ManageKeys,AccessHide,WriteHide,ExcPortalSecurity,Weight,ShowList,Sharing) VALUES('145595550287698','200146147121622','Login Screens','','','Software','Moderator','|2|,|3|,|1|,|4|','|2|,|3|,|4|','','','|2|','0','0','0','2000','1','1')
INSERT INTO CategoriesModules (UniqueID,CatID,ModuleID) VALUES('228269585050352','145595550287698','10')
INSERT INTO CategoriesPortals (UniqueID,CatID,PortalID) VALUES('287832856831674','145595550287698','0')
INSERT INTO Categories (CatID,ListUnder,CategoryName,Description,Keywords,CatType,Moderator,AccessKeys,WriteKeys,SEODescription,SEOPageTitle,ManageKeys,AccessHide,WriteHide,ExcPortalSecurity,Weight,ShowList,Sharing) VALUES('997450055833422','148863072772101','Mac Games','','','Software','Moderator','|2|,|3|,|1|,|4|','|2|,|3|,|4|','','','|2|','0','0','0','2000','1','1')
INSERT INTO CategoriesModules (UniqueID,CatID,ModuleID) VALUES('882526883025632','997450055833422','10')
INSERT INTO CategoriesPortals (UniqueID,CatID,PortalID) VALUES('515472876514907','997450055833422','0')
INSERT INTO Categories (CatID,ListUnder,CategoryName,Description,Keywords,CatType,Moderator,AccessKeys,WriteKeys,SEODescription,SEOPageTitle,ManageKeys,AccessHide,WriteHide,ExcPortalSecurity,Weight,ShowList,Sharing) VALUES('143984617428467','897615573684516','Maintenance & Optimization','','','Software','Moderator','|2|,|3|,|1|,|4|','|2|,|3|,|4|','','','|2|','0','0','0','2000','1','1')
INSERT INTO CategoriesModules (UniqueID,CatID,ModuleID) VALUES('333020693442728','143984617428467','10')
INSERT INTO CategoriesPortals (UniqueID,CatID,PortalID) VALUES('147529485563795','143984617428467','0')
INSERT INTO Categories (CatID,ListUnder,CategoryName,Description,Keywords,CatType,Moderator,AccessKeys,WriteKeys,SEODescription,SEOPageTitle,ManageKeys,AccessHide,WriteHide,ExcPortalSecurity,Weight,ShowList,Sharing) VALUES('822649941636505','203887092110828','Map Software','','','Software','Moderator','|2|,|3|,|1|,|4|','|2|,|3|,|4|','','','|2|','0','0','0','2000','1','1')
INSERT INTO CategoriesModules (UniqueID,CatID,ModuleID) VALUES('197226064622152','822649941636505','10')
INSERT INTO CategoriesPortals (UniqueID,CatID,PortalID) VALUES('152642478573871','822649941636505','0')
INSERT INTO Categories (CatID,ListUnder,CategoryName,Description,Keywords,CatType,Moderator,AccessKeys,WriteKeys,SEODescription,SEOPageTitle,ManageKeys,AccessHide,WriteHide,ExcPortalSecurity,Weight,ShowList,Sharing) VALUES('304761132003069','596013171463375','Marketing Tools','','','Software','Moderator','|2|,|3|,|1|,|4|','|2|,|3|,|4|','','','|2|','0','0','0','2000','1','1')
INSERT INTO CategoriesModules (UniqueID,CatID,ModuleID) VALUES('921598726943078','304761132003069','10')
INSERT INTO CategoriesPortals (UniqueID,CatID,PortalID) VALUES('104136604487144','304761132003069','0')
INSERT INTO Categories (CatID,ListUnder,CategoryName,Description,Keywords,CatType,Moderator,AccessKeys,WriteKeys,SEODescription,SEOPageTitle,ManageKeys,AccessHide,WriteHide,ExcPortalSecurity,Weight,ShowList,Sharing) VALUES('269540095337888','203887092110828','Math Software','','','Software','Moderator','|2|,|3|,|1|,|4|','|2|,|3|,|4|','','','|2|','0','0','0','2000','1','1')
INSERT INTO CategoriesModules (UniqueID,CatID,ModuleID) VALUES('166351342708721','269540095337888','10')
INSERT INTO CategoriesPortals (UniqueID,CatID,PortalID) VALUES('237093687748906','269540095337888','0')
INSERT INTO Categories (CatID,ListUnder,CategoryName,Description,Keywords,CatType,Moderator,AccessKeys,WriteKeys,SEODescription,SEOPageTitle,ManageKeys,AccessHide,WriteHide,ExcPortalSecurity,Weight,ShowList,Sharing) VALUES('420779745541846','654617169040206','Media Management','','','Software','Moderator','|2|,|3|,|1|,|4|','|2|,|3|,|4|','','','|2|','0','0','0','2000','1','1')
INSERT INTO CategoriesModules (UniqueID,CatID,ModuleID) VALUES('183791886331500','420779745541846','10')
INSERT INTO CategoriesPortals (UniqueID,CatID,PortalID) VALUES('152547027946707','420779745541846','0')
INSERT INTO Categories (CatID,ListUnder,CategoryName,Description,Keywords,CatType,Moderator,AccessKeys,WriteKeys,SEODescription,SEOPageTitle,ManageKeys,AccessHide,WriteHide,ExcPortalSecurity,Weight,ShowList,Sharing) VALUES('100706578807531','166601370357119','Media Players','','','Software','Moderator','|2|,|3|,|1|,|4|','|2|,|3|,|4|','','','|2|','0','0','0','2000','1','1')
INSERT INTO CategoriesModules (UniqueID,CatID,ModuleID) VALUES('108954958177473','100706578807531','10')
INSERT INTO CategoriesPortals (UniqueID,CatID,PortalID) VALUES('158864884618950','100706578807531','0')
INSERT INTO Categories (CatID,ListUnder,CategoryName,Description,Keywords,CatType,Moderator,AccessKeys,WriteKeys,SEODescription,SEOPageTitle,ManageKeys,AccessHide,WriteHide,ExcPortalSecurity,Weight,ShowList,Sharing) VALUES('123276292369616','105224809853575','Miscellaneous Home Software','','','Software','Moderator','|2|,|3|,|1|,|4|','|2|,|3|,|4|','','','|2|','0','0','0','2000','1','1')
INSERT INTO CategoriesModules (UniqueID,CatID,ModuleID) VALUES('228324986456178','123276292369616','10')
INSERT INTO CategoriesPortals (UniqueID,CatID,PortalID) VALUES('947285996642317','123276292369616','0')
INSERT INTO Categories (CatID,ListUnder,CategoryName,Description,Keywords,CatType,Moderator,AccessKeys,WriteKeys,SEODescription,SEOPageTitle,ManageKeys,AccessHide,WriteHide,ExcPortalSecurity,Weight,ShowList,Sharing) VALUES('181853412279919','208112443612175','Modem Drivers','','','Software','Moderator','|2|,|3|,|1|,|4|','|2|,|3|,|4|','','','|2|','0','0','0','2000','1','1')
INSERT INTO CategoriesModules (UniqueID,CatID,ModuleID) VALUES('182561608411941','181853412279919','10')
INSERT INTO CategoriesPortals (UniqueID,CatID,PortalID) VALUES('678687669124377','181853412279919','0')
INSERT INTO Categories (CatID,ListUnder,CategoryName,Description,Keywords,CatType,Moderator,AccessKeys,WriteKeys,SEODescription,SEOPageTitle,ManageKeys,AccessHide,WriteHide,ExcPortalSecurity,Weight,ShowList,Sharing) VALUES('192297930175324','405921489444206','Monitoring Software','','','Software','Moderator','|2|,|3|,|1|,|4|','|2|,|3|,|4|','','','|2|','0','0','0','2000','1','1')
INSERT INTO CategoriesModules (UniqueID,CatID,ModuleID) VALUES('270023965156177','192297930175324','10')
INSERT INTO CategoriesPortals (UniqueID,CatID,PortalID) VALUES('183782727673322','192297930175324','0')
INSERT INTO Categories (CatID,ListUnder,CategoryName,Description,Keywords,CatType,Moderator,AccessKeys,WriteKeys,SEODescription,SEOPageTitle,ManageKeys,AccessHide,WriteHide,ExcPortalSecurity,Weight,ShowList,Sharing) VALUES('188250723122226','208112443612175','Motherboard Drivers','','','Software','Moderator','|2|,|3|,|1|,|4|','|2|,|3|,|4|','','','|2|','0','0','0','2000','1','1')
INSERT INTO CategoriesModules (UniqueID,CatID,ModuleID) VALUES('227043055271682','188250723122226','10')
INSERT INTO CategoriesPortals (UniqueID,CatID,PortalID) VALUES('167760050127416','188250723122226','0')
INSERT INTO Categories (CatID,ListUnder,CategoryName,Description,Keywords,CatType,Moderator,AccessKeys,WriteKeys,SEODescription,SEOPageTitle,ManageKeys,AccessHide,WriteHide,ExcPortalSecurity,Weight,ShowList,Sharing) VALUES('221271553768583','208112443612175','Mouse Drivers','','','Software','Moderator','|2|,|3|,|1|,|4|','|2|,|3|,|4|','','','|2|','0','0','0','2000','1','1')
INSERT INTO CategoriesModules (UniqueID,CatID,ModuleID) VALUES('116263359537242','221271553768583','10')
INSERT INTO CategoriesPortals (UniqueID,CatID,PortalID) VALUES('123725581662287','221271553768583','0')
INSERT INTO Categories (CatID,ListUnder,CategoryName,Description,Keywords,CatType,Moderator,AccessKeys,WriteKeys,SEODescription,SEOPageTitle,ManageKeys,AccessHide,WriteHide,ExcPortalSecurity,Weight,ShowList,Sharing) VALUES('166601370357119','0','MP3 & Audio Software','','','Software','Moderator','|2|,|3|,|1|,|4|','|2|,|3|,|4|','','','|2|','0','0','0','2000','1','1')
INSERT INTO CategoriesModules (UniqueID,CatID,ModuleID) VALUES('886673766598606','166601370357119','10')
INSERT INTO CategoriesPortals (UniqueID,CatID,PortalID) VALUES('716642358388888','166601370357119','0')
INSERT INTO Categories (CatID,ListUnder,CategoryName,Description,Keywords,CatType,Moderator,AccessKeys,WriteKeys,SEODescription,SEOPageTitle,ManageKeys,AccessHide,WriteHide,ExcPortalSecurity,Weight,ShowList,Sharing) VALUES('154098788284280','166601370357119','Music Management Software','','','Software','Moderator','|2|,|3|,|1|,|4|','|2|,|3|,|4|','','','|2|','0','0','0','2000','1','1')
INSERT INTO CategoriesModules (UniqueID,CatID,ModuleID) VALUES('156784338224937','154098788284280','10')
INSERT INTO CategoriesPortals (UniqueID,CatID,PortalID) VALUES('146649545819318','154098788284280','0')
INSERT INTO Categories (CatID,ListUnder,CategoryName,Description,Keywords,CatType,Moderator,AccessKeys,WriteKeys,SEODescription,SEOPageTitle,ManageKeys,AccessHide,WriteHide,ExcPortalSecurity,Weight,ShowList,Sharing) VALUES('110914110407974','157802457072636','Music Software','','','Software','Moderator','|2|,|3|,|1|,|4|','|2|,|3|,|4|','','','|2|','0','0','0','2000','1','1')
INSERT INTO CategoriesModules (UniqueID,CatID,ModuleID) VALUES('192470138040151','110914110407974','10')
INSERT INTO CategoriesPortals (UniqueID,CatID,PortalID) VALUES('125063080183505','110914110407974','0')
INSERT INTO Categories (CatID,ListUnder,CategoryName,Description,Keywords,CatType,Moderator,AccessKeys,WriteKeys,SEODescription,SEOPageTitle,ManageKeys,AccessHide,WriteHide,ExcPortalSecurity,Weight,ShowList,Sharing) VALUES('105153753626614','208112443612175','Network Drivers','','','Software','Moderator','|2|,|3|,|1|,|4|','|2|,|3|,|4|','','','|2|','0','0','0','2000','1','1')
INSERT INTO CategoriesModules (UniqueID,CatID,ModuleID) VALUES('661606063150934','105153753626614','10')
INSERT INTO CategoriesPortals (UniqueID,CatID,PortalID) VALUES('988907829906145','105153753626614','0')
INSERT INTO Categories (CatID,ListUnder,CategoryName,Description,Keywords,CatType,Moderator,AccessKeys,WriteKeys,SEODescription,SEOPageTitle,ManageKeys,AccessHide,WriteHide,ExcPortalSecurity,Weight,ShowList,Sharing) VALUES('173381107463825','152560870574488','Network Management Software','','','Software','Moderator','|2|,|3|,|1|,|4|','|2|,|3|,|4|','','','|2|','0','0','0','2000','1','1')
INSERT INTO CategoriesModules (UniqueID,CatID,ModuleID) VALUES('205155470508334','173381107463825','10')
INSERT INTO CategoriesPortals (UniqueID,CatID,PortalID) VALUES('123176576294165','173381107463825','0')
INSERT INTO Categories (CatID,ListUnder,CategoryName,Description,Keywords,CatType,Moderator,AccessKeys,WriteKeys,SEODescription,SEOPageTitle,ManageKeys,AccessHide,WriteHide,ExcPortalSecurity,Weight,ShowList,Sharing) VALUES('116937449080303','152560870574488','Network Tools','','','Software','Moderator','|2|,|3|,|1|,|4|','|2|,|3|,|4|','','','|2|','0','0','0','2000','1','1')
INSERT INTO CategoriesModules (UniqueID,CatID,ModuleID) VALUES('201533511286832','116937449080303','10')
INSERT INTO CategoriesPortals (UniqueID,CatID,PortalID) VALUES('243800086814482','116937449080303','0')
INSERT INTO Categories (CatID,ListUnder,CategoryName,Description,Keywords,CatType,Moderator,AccessKeys,WriteKeys,SEODescription,SEOPageTitle,ManageKeys,AccessHide,WriteHide,ExcPortalSecurity,Weight,ShowList,Sharing) VALUES('152560870574488','0','Networking Software','','','Software','Moderator','|2|,|3|,|1|,|4|','|2|,|3|,|4|','','','|2|','0','0','0','2000','1','1')
INSERT INTO CategoriesModules (UniqueID,CatID,ModuleID) VALUES('488668577634124','152560870574488','10')
INSERT INTO CategoriesPortals (UniqueID,CatID,PortalID) VALUES('161535832361106','152560870574488','0')
INSERT INTO Categories (CatID,ListUnder,CategoryName,Description,Keywords,CatType,Moderator,AccessKeys,WriteKeys,SEODescription,SEOPageTitle,ManageKeys,AccessHide,WriteHide,ExcPortalSecurity,Weight,ShowList,Sharing) VALUES('136204947585400','506496889659147','Newsreaders & RSS Readers','','','Software','Moderator','|2|,|3|,|1|,|4|','|2|,|3|,|4|','','','|2|','0','0','0','2000','1','1')
INSERT INTO CategoriesModules (UniqueID,CatID,ModuleID) VALUES('325331818451140','136204947585400','10')
INSERT INTO CategoriesPortals (UniqueID,CatID,PortalID) VALUES('829831653526748','136204947585400','0')
INSERT INTO Categories (CatID,ListUnder,CategoryName,Description,Keywords,CatType,Moderator,AccessKeys,WriteKeys,SEODescription,SEOPageTitle,ManageKeys,AccessHide,WriteHide,ExcPortalSecurity,Weight,ShowList,Sharing) VALUES('192505090058745','596013171463375','Office Suites','','','Software','Moderator','|2|,|3|,|1|,|4|','|2|,|3|,|4|','','','|2|','0','0','0','2000','1','1')
INSERT INTO CategoriesModules (UniqueID,CatID,ModuleID) VALUES('396948271733736','192505090058745','10')
INSERT INTO CategoriesPortals (UniqueID,CatID,PortalID) VALUES('809896624236122','192505090058745','0')
INSERT INTO Categories (CatID,ListUnder,CategoryName,Description,Keywords,CatType,Moderator,AccessKeys,WriteKeys,SEODescription,SEOPageTitle,ManageKeys,AccessHide,WriteHide,ExcPortalSecurity,Weight,ShowList,Sharing) VALUES('213958241076158','506496889659147','Offline Browsers','','','Software','Moderator','|2|,|3|,|1|,|4|','|2|,|3|,|4|','','','|2|','0','0','0','2000','1','1')
INSERT INTO CategoriesModules (UniqueID,CatID,ModuleID) VALUES('873015320181323','213958241076158','10')
INSERT INTO CategoriesPortals (UniqueID,CatID,PortalID) VALUES('929145454571839','213958241076158','0')
INSERT INTO Categories (CatID,ListUnder,CategoryName,Description,Keywords,CatType,Moderator,AccessKeys,WriteKeys,SEODescription,SEOPageTitle,ManageKeys,AccessHide,WriteHide,ExcPortalSecurity,Weight,ShowList,Sharing) VALUES('141291964775133','288953637081841','Online Form Tools','','','Software','Moderator','|2|,|3|,|1|,|4|','|2|,|3|,|4|','','','|2|','0','0','0','2000','1','1')
INSERT INTO CategoriesModules (UniqueID,CatID,ModuleID) VALUES('388561503368652','141291964775133','10')
INSERT INTO CategoriesPortals (UniqueID,CatID,PortalID) VALUES('766448208735407','141291964775133','0')
INSERT INTO Categories (CatID,ListUnder,CategoryName,Description,Keywords,CatType,Moderator,AccessKeys,WriteKeys,SEODescription,SEOPageTitle,ManageKeys,AccessHide,WriteHide,ExcPortalSecurity,Weight,ShowList,Sharing) VALUES('660076348354021','288953637081841','Online Storage & Data Backup','','','Software','Moderator','|2|,|3|,|1|,|4|','|2|,|3|,|4|','','','|2|','0','0','0','2000','1','1')
INSERT INTO CategoriesModules (UniqueID,CatID,ModuleID) VALUES('975779983569500','660076348354021','10')
INSERT INTO CategoriesPortals (UniqueID,CatID,PortalID) VALUES('357176923933048','660076348354021','0')
INSERT INTO Categories (CatID,ListUnder,CategoryName,Description,Keywords,CatType,Moderator,AccessKeys,WriteKeys,SEODescription,SEOPageTitle,ManageKeys,AccessHide,WriteHide,ExcPortalSecurity,Weight,ShowList,Sharing) VALUES('538703490654171','897615573684516','Operating Systems & Updates','','','Software','Moderator','|2|,|3|,|1|,|4|','|2|,|3|,|4|','','','|2|','0','0','0','2000','1','1')
INSERT INTO CategoriesModules (UniqueID,CatID,ModuleID) VALUES('191983793975644','538703490654171','10')
INSERT INTO CategoriesPortals (UniqueID,CatID,PortalID) VALUES('110610343934406','538703490654171','0')
INSERT INTO Categories (CatID,ListUnder,CategoryName,Description,Keywords,CatType,Moderator,AccessKeys,WriteKeys,SEODescription,SEOPageTitle,ManageKeys,AccessHide,WriteHide,ExcPortalSecurity,Weight,ShowList,Sharing) VALUES('143858567488258','131275661355184','Other','','','Software','Moderator','|2|,|3|,|1|,|4|','|2|,|3|,|4|','','','|2|','0','0','0','2000','1','1')
INSERT INTO CategoriesModules (UniqueID,CatID,ModuleID) VALUES('185826106473175','143858567488258','10')
INSERT INTO CategoriesPortals (UniqueID,CatID,PortalID) VALUES('442356349414468','143858567488258','0')
INSERT INTO Categories (CatID,ListUnder,CategoryName,Description,Keywords,CatType,Moderator,AccessKeys,WriteKeys,SEODescription,SEOPageTitle,ManageKeys,AccessHide,WriteHide,ExcPortalSecurity,Weight,ShowList,Sharing) VALUES('197945532139938','203887092110828','Other','','','Software','Moderator','|2|,|3|,|1|,|4|','|2|,|3|,|4|','','','|2|','0','0','0','2000','1','1')
INSERT INTO CategoriesModules (UniqueID,CatID,ModuleID) VALUES('187342006003121','197945532139938','10')
INSERT INTO CategoriesPortals (UniqueID,CatID,PortalID) VALUES('457128019090157','197945532139938','0')
INSERT INTO Categories (CatID,ListUnder,CategoryName,Description,Keywords,CatType,Moderator,AccessKeys,WriteKeys,SEODescription,SEOPageTitle,ManageKeys,AccessHide,WriteHide,ExcPortalSecurity,Weight,ShowList,Sharing) VALUES('206162088154416','596013171463375','Other','','','Software','Moderator','|2|,|3|,|1|,|4|','|2|,|3|,|4|','','','|2|','0','0','0','2000','1','1')
INSERT INTO CategoriesModules (UniqueID,CatID,ModuleID) VALUES('131706936043295','206162088154416','10')
INSERT INTO CategoriesPortals (UniqueID,CatID,PortalID) VALUES('432180049319847','206162088154416','0')
INSERT INTO Categories (CatID,ListUnder,CategoryName,Description,Keywords,CatType,Moderator,AccessKeys,WriteKeys,SEODescription,SEOPageTitle,ManageKeys,AccessHide,WriteHide,ExcPortalSecurity,Weight,ShowList,Sharing) VALUES('164119257762534','897615573684516','Other','','','Software','Moderator','|2|,|3|,|1|,|4|','|2|,|3|,|4|','','','|2|','0','0','0','2000','1','1')
INSERT INTO CategoriesModules (UniqueID,CatID,ModuleID) VALUES('146417359827880','164119257762534','10')
INSERT INTO CategoriesPortals (UniqueID,CatID,PortalID) VALUES('440160521428353','164119257762534','0')
INSERT INTO Categories (CatID,ListUnder,CategoryName,Description,Keywords,CatType,Moderator,AccessKeys,WriteKeys,SEODescription,SEOPageTitle,ManageKeys,AccessHide,WriteHide,ExcPortalSecurity,Weight,ShowList,Sharing) VALUES('104164956712835','506496889659147','Other Browser Add-ons & Plugins','','','Software','Moderator','|2|,|3|,|1|,|4|','|2|,|3|,|4|','','','|2|','0','0','0','2000','1','1')
INSERT INTO CategoriesModules (UniqueID,CatID,ModuleID) VALUES('188310617027682','104164956712835','10')
INSERT INTO CategoriesPortals (UniqueID,CatID,PortalID) VALUES('423654752374648','104164956712835','0')
INSERT INTO Categories (CatID,ListUnder,CategoryName,Description,Keywords,CatType,Moderator,AccessKeys,WriteKeys,SEODescription,SEOPageTitle,ManageKeys,AccessHide,WriteHide,ExcPortalSecurity,Weight,ShowList,Sharing) VALUES('954896438542851','148863072772101','Other Game Utilities','','','Software','Moderator','|2|,|3|,|1|,|4|','|2|,|3|,|4|','','','|2|','0','0','0','2000','1','1')
INSERT INTO CategoriesModules (UniqueID,CatID,ModuleID) VALUES('119680770544107','954896438542851','10')
INSERT INTO CategoriesPortals (UniqueID,CatID,PortalID) VALUES('112800750907485','954896438542851','0')
INSERT INTO Categories (CatID,ListUnder,CategoryName,Description,Keywords,CatType,Moderator,AccessKeys,WriteKeys,SEODescription,SEOPageTitle,ManageKeys,AccessHide,WriteHide,ExcPortalSecurity,Weight,ShowList,Sharing) VALUES('591091733834545','196108608953678','Other iTunes & Ipod Software','','','Software','Moderator','|2|,|3|,|1|,|4|','|2|,|3|,|4|','','','|2|','0','0','0','2000','1','1')
INSERT INTO CategoriesModules (UniqueID,CatID,ModuleID) VALUES('161681580124462','591091733834545','10')
INSERT INTO CategoriesPortals (UniqueID,CatID,PortalID) VALUES('255082610925189','591091733834545','0')
INSERT INTO Categories (CatID,ListUnder,CategoryName,Description,Keywords,CatType,Moderator,AccessKeys,WriteKeys,SEODescription,SEOPageTitle,ManageKeys,AccessHide,WriteHide,ExcPortalSecurity,Weight,ShowList,Sharing) VALUES('374121464638185','288953637081841','P2P & File-Sharing Software','','','Software','Moderator','|2|,|3|,|1|,|4|','|2|,|3|,|4|','','','|2|','0','0','0','2000','1','1')
INSERT INTO CategoriesModules (UniqueID,CatID,ModuleID) VALUES('169047487659635','374121464638185','10')
INSERT INTO CategoriesPortals (UniqueID,CatID,PortalID) VALUES('480234837714647','374121464638185','0')
INSERT INTO Categories (CatID,ListUnder,CategoryName,Description,Keywords,CatType,Moderator,AccessKeys,WriteKeys,SEODescription,SEOPageTitle,ManageKeys,AccessHide,WriteHide,ExcPortalSecurity,Weight,ShowList,Sharing) VALUES('992872388582226','148863072772101','PalmOS Games','','','Software','Moderator','|2|,|3|,|1|,|4|','|2|,|3|,|4|','','','|2|','0','0','0','2000','1','1')
INSERT INTO CategoriesModules (UniqueID,CatID,ModuleID) VALUES('128053610316926','992872388582226','10')
INSERT INTO CategoriesPortals (UniqueID,CatID,PortalID) VALUES('189517691845173','992872388582226','0')
INSERT INTO Categories (CatID,ListUnder,CategoryName,Description,Keywords,CatType,Moderator,AccessKeys,WriteKeys,SEODescription,SEOPageTitle,ManageKeys,AccessHide,WriteHide,ExcPortalSecurity,Weight,ShowList,Sharing) VALUES('148957831861300','405921489444206','Parental Control','','','Software','Moderator','|2|,|3|,|1|,|4|','|2|,|3|,|4|','','','|2|','0','0','0','2000','1','1')
INSERT INTO CategoriesModules (UniqueID,CatID,ModuleID) VALUES('156634911871711','148957831861300','10')
INSERT INTO CategoriesPortals (UniqueID,CatID,PortalID) VALUES('137637412586884','148957831861300','0')
INSERT INTO Categories (CatID,ListUnder,CategoryName,Description,Keywords,CatType,Moderator,AccessKeys,WriteKeys,SEODescription,SEOPageTitle,ManageKeys,AccessHide,WriteHide,ExcPortalSecurity,Weight,ShowList,Sharing) VALUES('191317944361962','405921489444206','Password Managers','','','Software','Moderator','|2|,|3|,|1|,|4|','|2|,|3|,|4|','','','|2|','0','0','0','2000','1','1')
INSERT INTO CategoriesModules (UniqueID,CatID,ModuleID) VALUES('435599980679603','191317944361962','10')
INSERT INTO CategoriesPortals (UniqueID,CatID,PortalID) VALUES('134247293583948','191317944361962','0')
INSERT INTO Categories (CatID,ListUnder,CategoryName,Description,Keywords,CatType,Moderator,AccessKeys,WriteKeys,SEODescription,SEOPageTitle,ManageKeys,AccessHide,WriteHide,ExcPortalSecurity,Weight,ShowList,Sharing) VALUES('378319713200779','114534263577583','PDF Software','','','Software','Moderator','|2|,|3|,|1|,|4|','|2|,|3|,|4|','','','|2|','0','0','0','2000','1','1')
INSERT INTO CategoriesModules (UniqueID,CatID,ModuleID) VALUES('862820941720127','378319713200779','10')
INSERT INTO CategoriesPortals (UniqueID,CatID,PortalID) VALUES('463218674835828','378319713200779','0')
INSERT INTO Categories (CatID,ListUnder,CategoryName,Description,Keywords,CatType,Moderator,AccessKeys,WriteKeys,SEODescription,SEOPageTitle,ManageKeys,AccessHide,WriteHide,ExcPortalSecurity,Weight,ShowList,Sharing) VALUES('129743203523314','131275661355184','Personal Finance Software','','','Software','Moderator','|2|,|3|,|1|,|4|','|2|,|3|,|4|','','','|2|','0','0','0','2000','1','1')
INSERT INTO CategoriesModules (UniqueID,CatID,ModuleID) VALUES('158768372313730','129743203523314','10')
INSERT INTO CategoriesPortals (UniqueID,CatID,PortalID) VALUES('105571684469261','129743203523314','0')
INSERT INTO Categories (CatID,ListUnder,CategoryName,Description,Keywords,CatType,Moderator,AccessKeys,WriteKeys,SEODescription,SEOPageTitle,ManageKeys,AccessHide,WriteHide,ExcPortalSecurity,Weight,ShowList,Sharing) VALUES('170609934882296','654617169040206','Photo Sharing & Publishing','','','Software','Moderator','|2|,|3|,|1|,|4|','|2|,|3|,|4|','','','|2|','0','0','0','2000','1','1')
INSERT INTO CategoriesModules (UniqueID,CatID,ModuleID) VALUES('200877874558333','170609934882296','10')
INSERT INTO CategoriesPortals (UniqueID,CatID,PortalID) VALUES('169952051754755','170609934882296','0')
INSERT INTO Categories (CatID,ListUnder,CategoryName,Description,Keywords,CatType,Moderator,AccessKeys,WriteKeys,SEODescription,SEOPageTitle,ManageKeys,AccessHide,WriteHide,ExcPortalSecurity,Weight,ShowList,Sharing) VALUES('116212437673141','114534263577583','Photoshop Plugins & Filters','','','Software','Moderator','|2|,|3|,|1|,|4|','|2|,|3|,|4|','','','|2|','0','0','0','2000','1','1')
INSERT INTO CategoriesModules (UniqueID,CatID,ModuleID) VALUES('997229057816414','116212437673141','10')
INSERT INTO CategoriesPortals (UniqueID,CatID,PortalID) VALUES('172624348777677','116212437673141','0')
INSERT INTO Categories (CatID,ListUnder,CategoryName,Description,Keywords,CatType,Moderator,AccessKeys,WriteKeys,SEODescription,SEOPageTitle,ManageKeys,AccessHide,WriteHide,ExcPortalSecurity,Weight,ShowList,Sharing) VALUES('140715335771863','148863072772101','PocketPC Games','','','Software','Moderator','|2|,|3|,|1|,|4|','|2|,|3|,|4|','','','|2|','0','0','0','2000','1','1')
INSERT INTO CategoriesModules (UniqueID,CatID,ModuleID) VALUES('699128585781352','140715335771863','10')
INSERT INTO CategoriesPortals (UniqueID,CatID,PortalID) VALUES('146467049150721','140715335771863','0')
INSERT INTO Categories (CatID,ListUnder,CategoryName,Description,Keywords,CatType,Moderator,AccessKeys,WriteKeys,SEODescription,SEOPageTitle,ManageKeys,AccessHide,WriteHide,ExcPortalSecurity,Weight,ShowList,Sharing) VALUES('644674323276759','166601370357119','Podcasting Software','','','Software','Moderator','|2|,|3|,|1|,|4|','|2|,|3|,|4|','','','|2|','0','0','0','2000','1','1')
INSERT INTO CategoriesModules (UniqueID,CatID,ModuleID) VALUES('408550334057062','644674323276759','10')
INSERT INTO CategoriesPortals (UniqueID,CatID,PortalID) VALUES('822729294836243','644674323276759','0')
INSERT INTO Categories (CatID,ListUnder,CategoryName,Description,Keywords,CatType,Moderator,AccessKeys,WriteKeys,SEODescription,SEOPageTitle,ManageKeys,AccessHide,WriteHide,ExcPortalSecurity,Weight,ShowList,Sharing) VALUES('171618276173755','405921489444206','Popup Blocker Software','','','Software','Moderator','|2|,|3|,|1|,|4|','|2|,|3|,|4|','','','|2|','0','0','0','2000','1','1')
INSERT INTO CategoriesModules (UniqueID,CatID,ModuleID) VALUES('334480561704146','171618276173755','10')
INSERT INTO CategoriesPortals (UniqueID,CatID,PortalID) VALUES('130389982166954','171618276173755','0')
INSERT INTO Categories (CatID,ListUnder,CategoryName,Description,Keywords,CatType,Moderator,AccessKeys,WriteKeys,SEODescription,SEOPageTitle,ManageKeys,AccessHide,WriteHide,ExcPortalSecurity,Weight,ShowList,Sharing) VALUES('103191339555176','897615573684516','Portable Applications','','','Software','Moderator','|2|,|3|,|1|,|4|','|2|,|3|,|4|','','','|2|','0','0','0','2000','1','1')
INSERT INTO CategoriesModules (UniqueID,CatID,ModuleID) VALUES('390483191271476','103191339555176','10')
INSERT INTO CategoriesPortals (UniqueID,CatID,PortalID) VALUES('190666258722286','103191339555176','0')
INSERT INTO Categories (CatID,ListUnder,CategoryName,Description,Keywords,CatType,Moderator,AccessKeys,WriteKeys,SEODescription,SEOPageTitle,ManageKeys,AccessHide,WriteHide,ExcPortalSecurity,Weight,ShowList,Sharing) VALUES('934474116822649','596013171463375','Presentation Software','','','Software','Moderator','|2|,|3|,|1|,|4|','|2|,|3|,|4|','','','|2|','0','0','0','2000','1','1')
INSERT INTO CategoriesModules (UniqueID,CatID,ModuleID) VALUES('175526117848488','934474116822649','10')
INSERT INTO CategoriesPortals (UniqueID,CatID,PortalID) VALUES('833981941481556','934474116822649','0')
INSERT INTO Categories (CatID,ListUnder,CategoryName,Description,Keywords,CatType,Moderator,AccessKeys,WriteKeys,SEODescription,SEOPageTitle,ManageKeys,AccessHide,WriteHide,ExcPortalSecurity,Weight,ShowList,Sharing) VALUES('742692706609418','152560870574488','Print Server Software','','','Software','Moderator','|2|,|3|,|1|,|4|','|2|,|3|,|4|','','','|2|','0','0','0','2000','1','1')
INSERT INTO CategoriesModules (UniqueID,CatID,ModuleID) VALUES('414101707245838','742692706609418','10')
INSERT INTO CategoriesPortals (UniqueID,CatID,PortalID) VALUES('151485123661267','742692706609418','0')
INSERT INTO Categories (CatID,ListUnder,CategoryName,Description,Keywords,CatType,Moderator,AccessKeys,WriteKeys,SEODescription,SEOPageTitle,ManageKeys,AccessHide,WriteHide,ExcPortalSecurity,Weight,ShowList,Sharing) VALUES('111622371296367','208112443612175','Printer Drivers','','','Software','Moderator','|2|,|3|,|1|,|4|','|2|,|3|,|4|','','','|2|','0','0','0','2000','1','1')
INSERT INTO CategoriesModules (UniqueID,CatID,ModuleID) VALUES('187765512176188','111622371296367','10')
INSERT INTO CategoriesPortals (UniqueID,CatID,PortalID) VALUES('746298222177891','111622371296367','0')
INSERT INTO Categories (CatID,ListUnder,CategoryName,Description,Keywords,CatType,Moderator,AccessKeys,WriteKeys,SEODescription,SEOPageTitle,ManageKeys,AccessHide,WriteHide,ExcPortalSecurity,Weight,ShowList,Sharing) VALUES('163188336366952','897615573684516','Printer Software','','','Software','Moderator','|2|,|3|,|1|,|4|','|2|,|3|,|4|','','','|2|','0','0','0','2000','1','1')
INSERT INTO CategoriesModules (UniqueID,CatID,ModuleID) VALUES('154012267844471','163188336366952','10')
INSERT INTO CategoriesPortals (UniqueID,CatID,PortalID) VALUES('306578333175163','163188336366952','0')
INSERT INTO Categories (CatID,ListUnder,CategoryName,Description,Keywords,CatType,Moderator,AccessKeys,WriteKeys,SEODescription,SEOPageTitle,ManageKeys,AccessHide,WriteHide,ExcPortalSecurity,Weight,ShowList,Sharing) VALUES('108207859075643','405921489444206','Privacy Software','','','Software','Moderator','|2|,|3|,|1|,|4|','|2|,|3|,|4|','','','|2|','0','0','0','2000','1','1')
INSERT INTO CategoriesModules (UniqueID,CatID,ModuleID) VALUES('611000715835585','108207859075643','10')
INSERT INTO CategoriesPortals (UniqueID,CatID,PortalID) VALUES('145533714868913','108207859075643','0')
INSERT INTO Categories (CatID,ListUnder,CategoryName,Description,Keywords,CatType,Moderator,AccessKeys,WriteKeys,SEODescription,SEOPageTitle,ManageKeys,AccessHide,WriteHide,ExcPortalSecurity,Weight,ShowList,Sharing) VALUES('131275661355184','0','Productivity Software','','','Software','Moderator','|2|,|3|,|1|,|4|','|2|,|3|,|4|','','','|2|','0','0','0','2000','1','1')
INSERT INTO CategoriesModules (UniqueID,CatID,ModuleID) VALUES('176288712977374','131275661355184','10')
INSERT INTO CategoriesPortals (UniqueID,CatID,PortalID) VALUES('210205220046797','131275661355184','0')
INSERT INTO Categories (CatID,ListUnder,CategoryName,Description,Keywords,CatType,Moderator,AccessKeys,WriteKeys,SEODescription,SEOPageTitle,ManageKeys,AccessHide,WriteHide,ExcPortalSecurity,Weight,ShowList,Sharing) VALUES('575161719746552','657693783216338','Programming Software','','','Software','Moderator','|2|,|3|,|1|,|4|','|2|,|3|,|4|','','','|2|','0','0','0','2000','1','1')
INSERT INTO CategoriesModules (UniqueID,CatID,ModuleID) VALUES('209748346063121','575161719746552','10')
INSERT INTO CategoriesPortals (UniqueID,CatID,PortalID) VALUES('166016738213116','575161719746552','0')
INSERT INTO Categories (CatID,ListUnder,CategoryName,Description,Keywords,CatType,Moderator,AccessKeys,WriteKeys,SEODescription,SEOPageTitle,ManageKeys,AccessHide,WriteHide,ExcPortalSecurity,Weight,ShowList,Sharing) VALUES('188462383838762','596013171463375','Project Management Software','','','Software','Moderator','|2|,|3|,|1|,|4|','|2|,|3|,|4|','','','|2|','0','0','0','2000','1','1')
INSERT INTO CategoriesModules (UniqueID,CatID,ModuleID) VALUES('167489797048696','188462383838762','10')
INSERT INTO CategoriesPortals (UniqueID,CatID,PortalID) VALUES('304190497377634','188462383838762','0')
INSERT INTO Categories (CatID,ListUnder,CategoryName,Description,Keywords,CatType,Moderator,AccessKeys,WriteKeys,SEODescription,SEOPageTitle,ManageKeys,AccessHide,WriteHide,ExcPortalSecurity,Weight,ShowList,Sharing) VALUES('170270192831239','148863072772101','Puzzle','','','Software','Moderator','|2|,|3|,|1|,|4|','|2|,|3|,|4|','','','|2|','0','0','0','2000','1','1')
INSERT INTO CategoriesModules (UniqueID,CatID,ModuleID) VALUES('111815207888810','170270192831239','10')
INSERT INTO CategoriesPortals (UniqueID,CatID,PortalID) VALUES('145800894953159','170270192831239','0')
INSERT INTO Categories (CatID,ListUnder,CategoryName,Description,Keywords,CatType,Moderator,AccessKeys,WriteKeys,SEODescription,SEOPageTitle,ManageKeys,AccessHide,WriteHide,ExcPortalSecurity,Weight,ShowList,Sharing) VALUES('904738120741388','105224809853575','Recipe Software','','','Software','Moderator','|2|,|3|,|1|,|4|','|2|,|3|,|4|','','','|2|','0','0','0','2000','1','1')
INSERT INTO CategoriesModules (UniqueID,CatID,ModuleID) VALUES('109238257857125','904738120741388','10')
INSERT INTO CategoriesPortals (UniqueID,CatID,PortalID) VALUES('341389669221521','904738120741388','0')
INSERT INTO Categories (CatID,ListUnder,CategoryName,Description,Keywords,CatType,Moderator,AccessKeys,WriteKeys,SEODescription,SEOPageTitle,ManageKeys,AccessHide,WriteHide,ExcPortalSecurity,Weight,ShowList,Sharing) VALUES('992790898227624','203887092110828','Reference Software','','','Software','Moderator','|2|,|3|,|1|,|4|','|2|,|3|,|4|','','','|2|','0','0','0','2000','1','1')
INSERT INTO CategoriesModules (UniqueID,CatID,ModuleID) VALUES('960836507016341','992790898227624','10')
INSERT INTO CategoriesPortals (UniqueID,CatID,PortalID) VALUES('176870854361482','992790898227624','0')
INSERT INTO Categories (CatID,ListUnder,CategoryName,Description,Keywords,CatType,Moderator,AccessKeys,WriteKeys,SEODescription,SEOPageTitle,ManageKeys,AccessHide,WriteHide,ExcPortalSecurity,Weight,ShowList,Sharing) VALUES('211836710325629','203887092110828','Religious Software','','','Software','Moderator','|2|,|3|,|1|,|4|','|2|,|3|,|4|','','','|2|','0','0','0','2000','1','1')
INSERT INTO CategoriesModules (UniqueID,CatID,ModuleID) VALUES('591704297391782','211836710325629','10')
INSERT INTO CategoriesPortals (UniqueID,CatID,PortalID) VALUES('713470796187125','211836710325629','0')
INSERT INTO Categories (CatID,ListUnder,CategoryName,Description,Keywords,CatType,Moderator,AccessKeys,WriteKeys,SEODescription,SEOPageTitle,ManageKeys,AccessHide,WriteHide,ExcPortalSecurity,Weight,ShowList,Sharing) VALUES('919209332605382','152560870574488','Remote Access','','','Software','Moderator','|2|,|3|,|1|,|4|','|2|,|3|,|4|','','','|2|','0','0','0','2000','1','1')
INSERT INTO CategoriesModules (UniqueID,CatID,ModuleID) VALUES('523321858836177','919209332605382','10')
INSERT INTO CategoriesPortals (UniqueID,CatID,PortalID) VALUES('745117784619730','919209332605382','0')
INSERT INTO Categories (CatID,ListUnder,CategoryName,Description,Keywords,CatType,Moderator,AccessKeys,WriteKeys,SEODescription,SEOPageTitle,ManageKeys,AccessHide,WriteHide,ExcPortalSecurity,Weight,ShowList,Sharing) VALUES('142593517236564','596013171463375','Resume Software','','','Software','Moderator','|2|,|3|,|1|,|4|','|2|,|3|,|4|','','','|2|','0','0','0','2000','1','1')
INSERT INTO CategoriesModules (UniqueID,CatID,ModuleID) VALUES('380715933557342','142593517236564','10')
INSERT INTO CategoriesPortals (UniqueID,CatID,PortalID) VALUES('145761234327234','142593517236564','0')
INSERT INTO Categories (CatID,ListUnder,CategoryName,Description,Keywords,CatType,Moderator,AccessKeys,WriteKeys,SEODescription,SEOPageTitle,ManageKeys,AccessHide,WriteHide,ExcPortalSecurity,Weight,ShowList,Sharing) VALUES('231402438834714','166601370357119','Ringtone Software','','','Software','Moderator','|2|,|3|,|1|,|4|','|2|,|3|,|4|','','','|2|','0','0','0','2000','1','1')
INSERT INTO CategoriesModules (UniqueID,CatID,ModuleID) VALUES('897858611472171','231402438834714','10')
INSERT INTO CategoriesPortals (UniqueID,CatID,PortalID) VALUES('949117135560559','231402438834714','0')
INSERT INTO Categories (CatID,ListUnder,CategoryName,Description,Keywords,CatType,Moderator,AccessKeys,WriteKeys,SEODescription,SEOPageTitle,ManageKeys,AccessHide,WriteHide,ExcPortalSecurity,Weight,ShowList,Sharing) VALUES('100742411565746','166601370357119','Rippers & Converting Software','','','Software','Moderator','|2|,|3|,|1|,|4|','|2|,|3|,|4|','','','|2|','0','0','0','2000','1','1')
INSERT INTO CategoriesModules (UniqueID,CatID,ModuleID) VALUES('876057024855335','100742411565746','10')
INSERT INTO CategoriesPortals (UniqueID,CatID,PortalID) VALUES('267386995030034','100742411565746','0')
INSERT INTO Categories (CatID,ListUnder,CategoryName,Description,Keywords,CatType,Moderator,AccessKeys,WriteKeys,SEODescription,SEOPageTitle,ManageKeys,AccessHide,WriteHide,ExcPortalSecurity,Weight,ShowList,Sharing) VALUES('126827153728354','148863072772101','Role-Playing','','','Software','Moderator','|2|,|3|,|1|,|4|','|2|,|3|,|4|','','','|2|','0','0','0','2000','1','1')
INSERT INTO CategoriesModules (UniqueID,CatID,ModuleID) VALUES('459817071665758','126827153728354','10')
INSERT INTO CategoriesPortals (UniqueID,CatID,PortalID) VALUES('156088757116803','126827153728354','0')
INSERT INTO Categories (CatID,ListUnder,CategoryName,Description,Keywords,CatType,Moderator,AccessKeys,WriteKeys,SEODescription,SEOPageTitle,ManageKeys,AccessHide,WriteHide,ExcPortalSecurity,Weight,ShowList,Sharing) VALUES('179307305115443','208112443612175','Scanner Drivers','','','Software','Moderator','|2|,|3|,|1|,|4|','|2|,|3|,|4|','','','|2|','0','0','0','2000','1','1')
INSERT INTO CategoriesModules (UniqueID,CatID,ModuleID) VALUES('213089183226234','179307305115443','10')
INSERT INTO CategoriesPortals (UniqueID,CatID,PortalID) VALUES('134740653386148','179307305115443','0')
INSERT INTO Categories (CatID,ListUnder,CategoryName,Description,Keywords,CatType,Moderator,AccessKeys,WriteKeys,SEODescription,SEOPageTitle,ManageKeys,AccessHide,WriteHide,ExcPortalSecurity,Weight,ShowList,Sharing) VALUES('214416741983511','203887092110828','Science Software','','','Software','Moderator','|2|,|3|,|1|,|4|','|2|,|3|,|4|','','','|2|','0','0','0','2000','1','1')
INSERT INTO CategoriesModules (UniqueID,CatID,ModuleID) VALUES('129225016976955','214416741983511','10')
INSERT INTO CategoriesPortals (UniqueID,CatID,PortalID) VALUES('400142379248875','214416741983511','0')
INSERT INTO Categories (CatID,ListUnder,CategoryName,Description,Keywords,CatType,Moderator,AccessKeys,WriteKeys,SEODescription,SEOPageTitle,ManageKeys,AccessHide,WriteHide,ExcPortalSecurity,Weight,ShowList,Sharing) VALUES('209872403463264','200146147121622','Screensaver Editors & Tools','','','Software','Moderator','|2|,|3|,|1|,|4|','|2|,|3|,|4|','','','|2|','0','0','0','2000','1','1')
INSERT INTO CategoriesModules (UniqueID,CatID,ModuleID) VALUES('866712611862247','209872403463264','10')
INSERT INTO CategoriesPortals (UniqueID,CatID,PortalID) VALUES('800246900242767','209872403463264','0')
INSERT INTO Categories (CatID,ListUnder,CategoryName,Description,Keywords,CatType,Moderator,AccessKeys,WriteKeys,SEODescription,SEOPageTitle,ManageKeys,AccessHide,WriteHide,ExcPortalSecurity,Weight,ShowList,Sharing) VALUES('190964066052393','200146147121622','Screensavers','','','Software','Moderator','|2|,|3|,|1|,|4|','|2|,|3|,|4|','','','|2|','0','0','0','2000','1','1')
INSERT INTO CategoriesModules (UniqueID,CatID,ModuleID) VALUES('114312199897322','190964066052393','10')
INSERT INTO CategoriesPortals (UniqueID,CatID,PortalID) VALUES('298537151694074','190964066052393','0')
INSERT INTO Categories (CatID,ListUnder,CategoryName,Description,Keywords,CatType,Moderator,AccessKeys,WriteKeys,SEODescription,SEOPageTitle,ManageKeys,AccessHide,WriteHide,ExcPortalSecurity,Weight,ShowList,Sharing) VALUES('200146147121622','0','Screensavers & Wallpaper','','','Software','Moderator','|2|,|3|,|1|,|4|','|2|,|3|,|4|','','','|2|','0','0','0','2000','1','1')
INSERT INTO CategoriesModules (UniqueID,CatID,ModuleID) VALUES('378470365954043','200146147121622','10')
INSERT INTO CategoriesPortals (UniqueID,CatID,PortalID) VALUES('150193151431135','200146147121622','0')
INSERT INTO Categories (CatID,ListUnder,CategoryName,Description,Keywords,CatType,Moderator,AccessKeys,WriteKeys,SEODescription,SEOPageTitle,ManageKeys,AccessHide,WriteHide,ExcPortalSecurity,Weight,ShowList,Sharing) VALUES('506628008861469','208112443612175','SCSI Drivers','','','Software','Moderator','|2|,|3|,|1|,|4|','|2|,|3|,|4|','','','|2|','0','0','0','2000','1','1')
INSERT INTO CategoriesModules (UniqueID,CatID,ModuleID) VALUES('149034699560489','506628008861469','10')
INSERT INTO CategoriesPortals (UniqueID,CatID,PortalID) VALUES('164357895912456','506628008861469','0')
INSERT INTO Categories (CatID,ListUnder,CategoryName,Description,Keywords,CatType,Moderator,AccessKeys,WriteKeys,SEODescription,SEOPageTitle,ManageKeys,AccessHide,WriteHide,ExcPortalSecurity,Weight,ShowList,Sharing) VALUES('749563144652640','288953637081841','Search Tools','','','Software','Moderator','|2|,|3|,|1|,|4|','|2|,|3|,|4|','','','|2|','0','0','0','2000','1','1')
INSERT INTO CategoriesModules (UniqueID,CatID,ModuleID) VALUES('650582986441405','749563144652640','10')
INSERT INTO CategoriesPortals (UniqueID,CatID,PortalID) VALUES('214161284463663','749563144652640','0')
INSERT INTO Categories (CatID,ListUnder,CategoryName,Description,Keywords,CatType,Moderator,AccessKeys,WriteKeys,SEODescription,SEOPageTitle,ManageKeys,AccessHide,WriteHide,ExcPortalSecurity,Weight,ShowList,Sharing) VALUES('405921489444206','0','Security Software','','','Software','Moderator','|2|,|3|,|1|,|4|','|2|,|3|,|4|','','','|2|','0','0','0','2000','1','1')
INSERT INTO CategoriesModules (UniqueID,CatID,ModuleID) VALUES('147716499383193','405921489444206','10')
INSERT INTO CategoriesPortals (UniqueID,CatID,PortalID) VALUES('281642183179858','405921489444206','0')
INSERT INTO Categories (CatID,ListUnder,CategoryName,Description,Keywords,CatType,Moderator,AccessKeys,WriteKeys,SEODescription,SEOPageTitle,ManageKeys,AccessHide,WriteHide,ExcPortalSecurity,Weight,ShowList,Sharing) VALUES('846242157466419','596013171463375','SEO Tools','','','Software','Moderator','|2|,|3|,|1|,|4|','|2|,|3|,|4|','','','|2|','0','0','0','2000','1','1')
INSERT INTO CategoriesModules (UniqueID,CatID,ModuleID) VALUES('153180119892252','846242157466419','10')
INSERT INTO CategoriesPortals (UniqueID,CatID,PortalID) VALUES('524051011337482','846242157466419','0')
INSERT INTO Categories (CatID,ListUnder,CategoryName,Description,Keywords,CatType,Moderator,AccessKeys,WriteKeys,SEODescription,SEOPageTitle,ManageKeys,AccessHide,WriteHide,ExcPortalSecurity,Weight,ShowList,Sharing) VALUES('146060285255687','148863072772101','Simulation','','','Software','Moderator','|2|,|3|,|1|,|4|','|2|,|3|,|4|','','','|2|','0','0','0','2000','1','1')
INSERT INTO CategoriesModules (UniqueID,CatID,ModuleID) VALUES('160043709825509','146060285255687','10')
INSERT INTO CategoriesPortals (UniqueID,CatID,PortalID) VALUES('192765075838515','146060285255687','0')
INSERT INTO Categories (CatID,ListUnder,CategoryName,Description,Keywords,CatType,Moderator,AccessKeys,WriteKeys,SEODescription,SEOPageTitle,ManageKeys,AccessHide,WriteHide,ExcPortalSecurity,Weight,ShowList,Sharing) VALUES('997932085871861','200146147121622','Skins','','','Software','Moderator','|2|,|3|,|1|,|4|','|2|,|3|,|4|','','','|2|','0','0','0','2000','1','1')
INSERT INTO CategoriesModules (UniqueID,CatID,ModuleID) VALUES('146319700777235','997932085871861','10')
INSERT INTO CategoriesPortals (UniqueID,CatID,PortalID) VALUES('715775159480645','997932085871861','0')
INSERT INTO Categories (CatID,ListUnder,CategoryName,Description,Keywords,CatType,Moderator,AccessKeys,WriteKeys,SEODescription,SEOPageTitle,ManageKeys,AccessHide,WriteHide,ExcPortalSecurity,Weight,ShowList,Sharing) VALUES('157599089938820','596013171463375','Small Business Software','','','Software','Moderator','|2|,|3|,|1|,|4|','|2|,|3|,|4|','','','|2|','0','0','0','2000','1','1')
INSERT INTO CategoriesModules (UniqueID,CatID,ModuleID) VALUES('653281917711227','157599089938820','10')
INSERT INTO CategoriesPortals (UniqueID,CatID,PortalID) VALUES('162537034769484','157599089938820','0')
INSERT INTO Categories (CatID,ListUnder,CategoryName,Description,Keywords,CatType,Moderator,AccessKeys,WriteKeys,SEODescription,SEOPageTitle,ManageKeys,AccessHide,WriteHide,ExcPortalSecurity,Weight,ShowList,Sharing) VALUES('206114841443869','596013171463375','Small Business Tools','','','Software','Moderator','|2|,|3|,|1|,|4|','|2|,|3|,|4|','','','|2|','0','0','0','2000','1','1')
INSERT INTO CategoriesModules (UniqueID,CatID,ModuleID) VALUES('135369068653637','206114841443869','10')
INSERT INTO CategoriesPortals (UniqueID,CatID,PortalID) VALUES('172152002651426','206114841443869','0')
INSERT INTO Categories (CatID,ListUnder,CategoryName,Description,Keywords,CatType,Moderator,AccessKeys,WriteKeys,SEODescription,SEOPageTitle,ManageKeys,AccessHide,WriteHide,ExcPortalSecurity,Weight,ShowList,Sharing) VALUES('205244304376212','611527412672347','SMS Tools','','','Software','Moderator','|2|,|3|,|1|,|4|','|2|,|3|,|4|','','','|2|','0','0','0','2000','1','1')
INSERT INTO CategoriesModules (UniqueID,CatID,ModuleID) VALUES('204823636011662','205244304376212','10')
INSERT INTO CategoriesPortals (UniqueID,CatID,PortalID) VALUES('109122966827860','205244304376212','0')
INSERT INTO Categories (CatID,ListUnder,CategoryName,Description,Keywords,CatType,Moderator,AccessKeys,WriteKeys,SEODescription,SEOPageTitle,ManageKeys,AccessHide,WriteHide,ExcPortalSecurity,Weight,ShowList,Sharing) VALUES('209761568064924','288953637081841','Social Networking Software','','','Software','Moderator','|2|,|3|,|1|,|4|','|2|,|3|,|4|','','','|2|','0','0','0','2000','1','1')
INSERT INTO CategoriesModules (UniqueID,CatID,ModuleID) VALUES('351881144343274','209761568064924','10')
INSERT INTO CategoriesPortals (UniqueID,CatID,PortalID) VALUES('166531885454869','209761568064924','0')
INSERT INTO Categories (CatID,ListUnder,CategoryName,Description,Keywords,CatType,Moderator,AccessKeys,WriteKeys,SEODescription,SEOPageTitle,ManageKeys,AccessHide,WriteHide,ExcPortalSecurity,Weight,ShowList,Sharing) VALUES('641259015147937','657693783216338','Software Installation Tools','','','Software','Moderator','|2|,|3|,|1|,|4|','|2|,|3|,|4|','','','|2|','0','0','0','2000','1','1')
INSERT INTO CategoriesModules (UniqueID,CatID,ModuleID) VALUES('198357248111173','641259015147937','10')
INSERT INTO CategoriesPortals (UniqueID,CatID,PortalID) VALUES('194100945934189','641259015147937','0')
INSERT INTO Categories (CatID,ListUnder,CategoryName,Description,Keywords,CatType,Moderator,AccessKeys,WriteKeys,SEODescription,SEOPageTitle,ManageKeys,AccessHide,WriteHide,ExcPortalSecurity,Weight,ShowList,Sharing) VALUES('178310536557766','657693783216338','Source Code Tools','','','Software','Moderator','|2|,|3|,|1|,|4|','|2|,|3|,|4|','','','|2|','0','0','0','2000','1','1')
INSERT INTO CategoriesModules (UniqueID,CatID,ModuleID) VALUES('211442907233140','178310536557766','10')
INSERT INTO CategoriesPortals (UniqueID,CatID,PortalID) VALUES('517114212733954','178310536557766','0')
INSERT INTO Categories (CatID,ListUnder,CategoryName,Description,Keywords,CatType,Moderator,AccessKeys,WriteKeys,SEODescription,SEOPageTitle,ManageKeys,AccessHide,WriteHide,ExcPortalSecurity,Weight,ShowList,Sharing) VALUES('142344414542858','611527412672347','Spam Filters','','','Software','Moderator','|2|,|3|,|1|,|4|','|2|,|3|,|4|','','','|2|','0','0','0','2000','1','1')
INSERT INTO CategoriesModules (UniqueID,CatID,ModuleID) VALUES('213443151533837','142344414542858','10')
INSERT INTO CategoriesPortals (UniqueID,CatID,PortalID) VALUES('350320701658676','142344414542858','0')
INSERT INTO Categories (CatID,ListUnder,CategoryName,Description,Keywords,CatType,Moderator,AccessKeys,WriteKeys,SEODescription,SEOPageTitle,ManageKeys,AccessHide,WriteHide,ExcPortalSecurity,Weight,ShowList,Sharing) VALUES('720877566813572','657693783216338','Specialized Tools','','','Software','Moderator','|2|,|3|,|1|,|4|','|2|,|3|,|4|','','','|2|','0','0','0','2000','1','1')
INSERT INTO CategoriesModules (UniqueID,CatID,ModuleID) VALUES('573214798816633','720877566813572','10')
INSERT INTO CategoriesPortals (UniqueID,CatID,PortalID) VALUES('554917602470096','720877566813572','0')
INSERT INTO Categories (CatID,ListUnder,CategoryName,Description,Keywords,CatType,Moderator,AccessKeys,WriteKeys,SEODescription,SEOPageTitle,ManageKeys,AccessHide,WriteHide,ExcPortalSecurity,Weight,ShowList,Sharing) VALUES('191641507240334','148863072772101','Sports','','','Software','Moderator','|2|,|3|,|1|,|4|','|2|,|3|,|4|','','','|2|','0','0','0','2000','1','1')
INSERT INTO CategoriesModules (UniqueID,CatID,ModuleID) VALUES('148261932924543','191641507240334','10')
INSERT INTO CategoriesPortals (UniqueID,CatID,PortalID) VALUES('562946532292503','191641507240334','0')
INSERT INTO Categories (CatID,ListUnder,CategoryName,Description,Keywords,CatType,Moderator,AccessKeys,WriteKeys,SEODescription,SEOPageTitle,ManageKeys,AccessHide,WriteHide,ExcPortalSecurity,Weight,ShowList,Sharing) VALUES('109012573239109','157802457072636','Sports Software','','','Software','Moderator','|2|,|3|,|1|,|4|','|2|,|3|,|4|','','','|2|','0','0','0','2000','1','1')
INSERT INTO CategoriesModules (UniqueID,CatID,ModuleID) VALUES('754314862948246','109012573239109','10')
INSERT INTO CategoriesPortals (UniqueID,CatID,PortalID) VALUES('530880623026176','109012573239109','0')
INSERT INTO Categories (CatID,ListUnder,CategoryName,Description,Keywords,CatType,Moderator,AccessKeys,WriteKeys,SEODescription,SEOPageTitle,ManageKeys,AccessHide,WriteHide,ExcPortalSecurity,Weight,ShowList,Sharing) VALUES('392089390267059','596013171463375','Spreadsheet Software','','','Software','Moderator','|2|,|3|,|1|,|4|','|2|,|3|,|4|','','','|2|','0','0','0','2000','1','1')
INSERT INTO CategoriesModules (UniqueID,CatID,ModuleID) VALUES('293948337318164','392089390267059','10')
INSERT INTO CategoriesPortals (UniqueID,CatID,PortalID) VALUES('199965573067117','392089390267059','0')
INSERT INTO Categories (CatID,ListUnder,CategoryName,Description,Keywords,CatType,Moderator,AccessKeys,WriteKeys,SEODescription,SEOPageTitle,ManageKeys,AccessHide,WriteHide,ExcPortalSecurity,Weight,ShowList,Sharing) VALUES('184572759242068','405921489444206','Spyware Removers','','','Software','Moderator','|2|,|3|,|1|,|4|','|2|,|3|,|4|','','','|2|','0','0','0','2000','1','1')
INSERT INTO CategoriesModules (UniqueID,CatID,ModuleID) VALUES('164185779850745','184572759242068','10')
INSERT INTO CategoriesPortals (UniqueID,CatID,PortalID) VALUES('130667578123350','184572759242068','0')
INSERT INTO Categories (CatID,ListUnder,CategoryName,Description,Keywords,CatType,Moderator,AccessKeys,WriteKeys,SEODescription,SEOPageTitle,ManageKeys,AccessHide,WriteHide,ExcPortalSecurity,Weight,ShowList,Sharing) VALUES('160276999727325','208112443612175','Storage Drivers','','','Software','Moderator','|2|,|3|,|1|,|4|','|2|,|3|,|4|','','','|2|','0','0','0','2000','1','1')
INSERT INTO CategoriesModules (UniqueID,CatID,ModuleID) VALUES('762279933646683','160276999727325','10')
INSERT INTO CategoriesPortals (UniqueID,CatID,PortalID) VALUES('351496062137218','160276999727325','0')
INSERT INTO Categories (CatID,ListUnder,CategoryName,Description,Keywords,CatType,Moderator,AccessKeys,WriteKeys,SEODescription,SEOPageTitle,ManageKeys,AccessHide,WriteHide,ExcPortalSecurity,Weight,ShowList,Sharing) VALUES('132834076456289','148863072772101','Strategy Games','','','Software','Moderator','|2|,|3|,|1|,|4|','|2|,|3|,|4|','','','|2|','0','0','0','2000','1','1')
INSERT INTO CategoriesModules (UniqueID,CatID,ModuleID) VALUES('208235823716648','132834076456289','10')
INSERT INTO CategoriesPortals (UniqueID,CatID,PortalID) VALUES('874119072968965','132834076456289','0')
INSERT INTO Categories (CatID,ListUnder,CategoryName,Description,Keywords,CatType,Moderator,AccessKeys,WriteKeys,SEODescription,SEOPageTitle,ManageKeys,AccessHide,WriteHide,ExcPortalSecurity,Weight,ShowList,Sharing) VALUES('312637249315753','166601370357119','Streaming Audio Software','','','Software','Moderator','|2|,|3|,|1|,|4|','|2|,|3|,|4|','','','|2|','0','0','0','2000','1','1')
INSERT INTO CategoriesModules (UniqueID,CatID,ModuleID) VALUES('413834594483838','312637249315753','10')
INSERT INTO CategoriesPortals (UniqueID,CatID,PortalID) VALUES('360976959629856','312637249315753','0')
INSERT INTO Categories (CatID,ListUnder,CategoryName,Description,Keywords,CatType,Moderator,AccessKeys,WriteKeys,SEODescription,SEOPageTitle,ManageKeys,AccessHide,WriteHide,ExcPortalSecurity,Weight,ShowList,Sharing) VALUES('197127098676150','203887092110828','Student Tools','','','Software','Moderator','|2|,|3|,|1|,|4|','|2|,|3|,|4|','','','|2|','0','0','0','2000','1','1')
INSERT INTO CategoriesModules (UniqueID,CatID,ModuleID) VALUES('270482314162612','197127098676150','10')
INSERT INTO CategoriesPortals (UniqueID,CatID,PortalID) VALUES('935912080258840','197127098676150','0')
INSERT INTO Categories (CatID,ListUnder,CategoryName,Description,Keywords,CatType,Moderator,AccessKeys,WriteKeys,SEODescription,SEOPageTitle,ManageKeys,AccessHide,WriteHide,ExcPortalSecurity,Weight,ShowList,Sharing) VALUES('673056780494726','897615573684516','System Utilities','','','Software','Moderator','|2|,|3|,|1|,|4|','|2|,|3|,|4|','','','|2|','0','0','0','2000','1','1')
INSERT INTO CategoriesModules (UniqueID,CatID,ModuleID) VALUES('134130226786174','673056780494726','10')
INSERT INTO CategoriesPortals (UniqueID,CatID,PortalID) VALUES('107269019454445','673056780494726','0')
INSERT INTO Categories (CatID,ListUnder,CategoryName,Description,Keywords,CatType,Moderator,AccessKeys,WriteKeys,SEODescription,SEOPageTitle,ManageKeys,AccessHide,WriteHide,ExcPortalSecurity,Weight,ShowList,Sharing) VALUES('113178364381423','596013171463375','Tax Software','','','Software','Moderator','|2|,|3|,|1|,|4|','|2|,|3|,|4|','','','|2|','0','0','0','2000','1','1')
INSERT INTO CategoriesModules (UniqueID,CatID,ModuleID) VALUES('146859320856181','113178364381423','10')
INSERT INTO CategoriesPortals (UniqueID,CatID,PortalID) VALUES('417563395123786','113178364381423','0')
INSERT INTO Categories (CatID,ListUnder,CategoryName,Description,Keywords,CatType,Moderator,AccessKeys,WriteKeys,SEODescription,SEOPageTitle,ManageKeys,AccessHide,WriteHide,ExcPortalSecurity,Weight,ShowList,Sharing) VALUES('451542563456553','203887092110828','Teaching Tools','','','Software','Moderator','|2|,|3|,|1|,|4|','|2|,|3|,|4|','','','|2|','0','0','0','2000','1','1')
INSERT INTO CategoriesModules (UniqueID,CatID,ModuleID) VALUES('323300979126435','451542563456553','10')
INSERT INTO CategoriesPortals (UniqueID,CatID,PortalID) VALUES('180203495580818','451542563456553','0')
INSERT INTO Categories (CatID,ListUnder,CategoryName,Description,Keywords,CatType,Moderator,AccessKeys,WriteKeys,SEODescription,SEOPageTitle,ManageKeys,AccessHide,WriteHide,ExcPortalSecurity,Weight,ShowList,Sharing) VALUES('187350312364530','131275661355184','Text Editing Software','','','Software','Moderator','|2|,|3|,|1|,|4|','|2|,|3|,|4|','','','|2|','0','0','0','2000','1','1')
INSERT INTO CategoriesModules (UniqueID,CatID,ModuleID) VALUES('140489662424876','187350312364530','10')
INSERT INTO CategoriesPortals (UniqueID,CatID,PortalID) VALUES('834346570542101','187350312364530','0')
INSERT INTO Categories (CatID,ListUnder,CategoryName,Description,Keywords,CatType,Moderator,AccessKeys,WriteKeys,SEODescription,SEOPageTitle,ManageKeys,AccessHide,WriteHide,ExcPortalSecurity,Weight,ShowList,Sharing) VALUES('121566530444445','200146147121622','Theme Editors & Tools','','','Software','Moderator','|2|,|3|,|1|,|4|','|2|,|3|,|4|','','','|2|','0','0','0','2000','1','1')
INSERT INTO CategoriesModules (UniqueID,CatID,ModuleID) VALUES('193894616447225','121566530444445','10')
INSERT INTO CategoriesPortals (UniqueID,CatID,PortalID) VALUES('149836339739465','121566530444445','0')
INSERT INTO Categories (CatID,ListUnder,CategoryName,Description,Keywords,CatType,Moderator,AccessKeys,WriteKeys,SEODescription,SEOPageTitle,ManageKeys,AccessHide,WriteHide,ExcPortalSecurity,Weight,ShowList,Sharing) VALUES('187096618539253','200146147121622','Themes','','','Software','Moderator','|2|,|3|,|1|,|4|','|2|,|3|,|4|','','','|2|','0','0','0','2000','1','1')
INSERT INTO CategoriesModules (UniqueID,CatID,ModuleID) VALUES('137871706054376','187096618539253','10')
INSERT INTO CategoriesPortals (UniqueID,CatID,PortalID) VALUES('736829033241486','187096618539253','0')
INSERT INTO Categories (CatID,ListUnder,CategoryName,Description,Keywords,CatType,Moderator,AccessKeys,WriteKeys,SEODescription,SEOPageTitle,ManageKeys,AccessHide,WriteHide,ExcPortalSecurity,Weight,ShowList,Sharing) VALUES('150505448139787','157802457072636','TV & Movies','','','Software','Moderator','|2|,|3|,|1|,|4|','|2|,|3|,|4|','','','|2|','0','0','0','2000','1','1')
INSERT INTO CategoriesModules (UniqueID,CatID,ModuleID) VALUES('148886315454128','150505448139787','10')
INSERT INTO CategoriesPortals (UniqueID,CatID,PortalID) VALUES('113218071270012','150505448139787','0')
INSERT INTO Categories (CatID,ListUnder,CategoryName,Description,Keywords,CatType,Moderator,AccessKeys,WriteKeys,SEODescription,SEOPageTitle,ManageKeys,AccessHide,WriteHide,ExcPortalSecurity,Weight,ShowList,Sharing) VALUES('147402929441162','339345278245369','Tweaks Software','','','Software','Moderator','|2|,|3|,|1|,|4|','|2|,|3|,|4|','','','|2|','0','0','0','2000','1','1')
INSERT INTO CategoriesModules (UniqueID,CatID,ModuleID) VALUES('666549024827684','147402929441162','10')
INSERT INTO CategoriesPortals (UniqueID,CatID,PortalID) VALUES('246707133177372','147402929441162','0')
INSERT INTO Categories (CatID,ListUnder,CategoryName,Description,Keywords,CatType,Moderator,AccessKeys,WriteKeys,SEODescription,SEOPageTitle,ManageKeys,AccessHide,WriteHide,ExcPortalSecurity,Weight,ShowList,Sharing) VALUES('132144808692924','897615573684516','Uninstallers','','','Software','Moderator','|2|,|3|,|1|,|4|','|2|,|3|,|4|','','','|2|','0','0','0','2000','1','1')
INSERT INTO CategoriesModules (UniqueID,CatID,ModuleID) VALUES('108844539034643','132144808692924','10')
INSERT INTO CategoriesPortals (UniqueID,CatID,PortalID) VALUES('967430457270895','132144808692924','0')
INSERT INTO Categories (CatID,ListUnder,CategoryName,Description,Keywords,CatType,Moderator,AccessKeys,WriteKeys,SEODescription,SEOPageTitle,ManageKeys,AccessHide,WriteHide,ExcPortalSecurity,Weight,ShowList,Sharing) VALUES('173380666531104','208112443612175','USB Drivers','','','Software','Moderator','|2|,|3|,|1|,|4|','|2|,|3|,|4|','','','|2|','0','0','0','2000','1','1')
INSERT INTO CategoriesModules (UniqueID,CatID,ModuleID) VALUES('113998809994755','173380666531104','10')
INSERT INTO CategoriesPortals (UniqueID,CatID,PortalID) VALUES('105402426222359','173380666531104','0')
INSERT INTO Categories (CatID,ListUnder,CategoryName,Description,Keywords,CatType,Moderator,AccessKeys,WriteKeys,SEODescription,SEOPageTitle,ManageKeys,AccessHide,WriteHide,ExcPortalSecurity,Weight,ShowList,Sharing) VALUES('897615573684516','0','Utilities & Operating Systems','','','Software','Moderator','|2|,|3|,|1|,|4|','|2|,|3|,|4|','','','|2|','0','0','0','2000','1','1')
INSERT INTO CategoriesModules (UniqueID,CatID,ModuleID) VALUES('868425654297230','897615573684516','10')
INSERT INTO CategoriesPortals (UniqueID,CatID,PortalID) VALUES('130592565226417','897615573684516','0')
INSERT INTO Categories (CatID,ListUnder,CategoryName,Description,Keywords,CatType,Moderator,AccessKeys,WriteKeys,SEODescription,SEOPageTitle,ManageKeys,AccessHide,WriteHide,ExcPortalSecurity,Weight,ShowList,Sharing) VALUES('124993685607787','208514819427262','Video Capture Software','','','Software','Moderator','|2|,|3|,|1|,|4|','|2|,|3|,|4|','','','|2|','0','0','0','2000','1','1')
INSERT INTO CategoriesModules (UniqueID,CatID,ModuleID) VALUES('946971081288283','124993685607787','10')
INSERT INTO CategoriesPortals (UniqueID,CatID,PortalID) VALUES('138130579836388','124993685607787','0')
INSERT INTO Categories (CatID,ListUnder,CategoryName,Description,Keywords,CatType,Moderator,AccessKeys,WriteKeys,SEODescription,SEOPageTitle,ManageKeys,AccessHide,WriteHide,ExcPortalSecurity,Weight,ShowList,Sharing) VALUES('555233766394152','208514819427262','Video Converters','','','Software','Moderator','|2|,|3|,|1|,|4|','|2|,|3|,|4|','','','|2|','0','0','0','2000','1','1')
INSERT INTO CategoriesModules (UniqueID,CatID,ModuleID) VALUES('668307960588354','555233766394152','10')
INSERT INTO CategoriesPortals (UniqueID,CatID,PortalID) VALUES('183794395215486','555233766394152','0')
INSERT INTO Categories (CatID,ListUnder,CategoryName,Description,Keywords,CatType,Moderator,AccessKeys,WriteKeys,SEODescription,SEOPageTitle,ManageKeys,AccessHide,WriteHide,ExcPortalSecurity,Weight,ShowList,Sharing) VALUES('578465401130767','208112443612175','Video Drivers','','','Software','Moderator','|2|,|3|,|1|,|4|','|2|,|3|,|4|','','','|2|','0','0','0','2000','1','1')
INSERT INTO CategoriesModules (UniqueID,CatID,ModuleID) VALUES('115153197576511','578465401130767','10')
INSERT INTO CategoriesPortals (UniqueID,CatID,PortalID) VALUES('803868941310747','578465401130767','0')
INSERT INTO Categories (CatID,ListUnder,CategoryName,Description,Keywords,CatType,Moderator,AccessKeys,WriteKeys,SEODescription,SEOPageTitle,ManageKeys,AccessHide,WriteHide,ExcPortalSecurity,Weight,ShowList,Sharing) VALUES('110775157688811','208514819427262','Video Editing Software','','','Software','Moderator','|2|,|3|,|1|,|4|','|2|,|3|,|4|','','','|2|','0','0','0','2000','1','1')
INSERT INTO CategoriesModules (UniqueID,CatID,ModuleID) VALUES('687971780134577','110775157688811','10')
INSERT INTO CategoriesPortals (UniqueID,CatID,PortalID) VALUES('410491728194710','110775157688811','0')
INSERT INTO Categories (CatID,ListUnder,CategoryName,Description,Keywords,CatType,Moderator,AccessKeys,WriteKeys,SEODescription,SEOPageTitle,ManageKeys,AccessHide,WriteHide,ExcPortalSecurity,Weight,ShowList,Sharing) VALUES('130315075237438','208514819427262','Video Players','','','Software','Moderator','|2|,|3|,|1|,|4|','|2|,|3|,|4|','','','|2|','0','0','0','2000','1','1')
INSERT INTO CategoriesModules (UniqueID,CatID,ModuleID) VALUES('379659453465513','130315075237438','10')
INSERT INTO CategoriesPortals (UniqueID,CatID,PortalID) VALUES('162356384703417','130315075237438','0')
INSERT INTO Categories (CatID,ListUnder,CategoryName,Description,Keywords,CatType,Moderator,AccessKeys,WriteKeys,SEODescription,SEOPageTitle,ManageKeys,AccessHide,WriteHide,ExcPortalSecurity,Weight,ShowList,Sharing) VALUES('560482089335428','208514819427262','Video Publishing & Sharing','','','Software','Moderator','|2|,|3|,|1|,|4|','|2|,|3|,|4|','','','|2|','0','0','0','2000','1','1')
INSERT INTO CategoriesModules (UniqueID,CatID,ModuleID) VALUES('350118834755827','560482089335428','10')
INSERT INTO CategoriesPortals (UniqueID,CatID,PortalID) VALUES('179525964703614','560482089335428','0')
INSERT INTO Categories (CatID,ListUnder,CategoryName,Description,Keywords,CatType,Moderator,AccessKeys,WriteKeys,SEODescription,SEOPageTitle,ManageKeys,AccessHide,WriteHide,ExcPortalSecurity,Weight,ShowList,Sharing) VALUES('208514819427262','0','Video Software','','','Software','Moderator','|2|,|3|,|1|,|4|','|2|,|3|,|4|','','','|2|','0','0','0','2000','1','1')
INSERT INTO CategoriesModules (UniqueID,CatID,ModuleID) VALUES('186739219048638','208514819427262','10')
INSERT INTO CategoriesPortals (UniqueID,CatID,PortalID) VALUES('119647664699767','208514819427262','0')
INSERT INTO Categories (CatID,ListUnder,CategoryName,Description,Keywords,CatType,Moderator,AccessKeys,WriteKeys,SEODescription,SEOPageTitle,ManageKeys,AccessHide,WriteHide,ExcPortalSecurity,Weight,ShowList,Sharing) VALUES('152918904271565','339345278245369','Virtual Desktop Managers','','','Software','Moderator','|2|,|3|,|1|,|4|','|2|,|3|,|4|','','','|2|','0','0','0','2000','1','1')
INSERT INTO CategoriesModules (UniqueID,CatID,ModuleID) VALUES('190982255505162','152918904271565','10')
INSERT INTO CategoriesPortals (UniqueID,CatID,PortalID) VALUES('364978389647096','152918904271565','0')
INSERT INTO Categories (CatID,ListUnder,CategoryName,Description,Keywords,CatType,Moderator,AccessKeys,WriteKeys,SEODescription,SEOPageTitle,ManageKeys,AccessHide,WriteHide,ExcPortalSecurity,Weight,ShowList,Sharing) VALUES('130604586725455','596013171463375','Voice Recognition Software','','','Software','Moderator','|2|,|3|,|1|,|4|','|2|,|3|,|4|','','','|2|','0','0','0','2000','1','1')
INSERT INTO CategoriesModules (UniqueID,CatID,ModuleID) VALUES('569554814926253','130604586725455','10')
INSERT INTO CategoriesPortals (UniqueID,CatID,PortalID) VALUES('294865926287570','130604586725455','0')
INSERT INTO Categories (CatID,ListUnder,CategoryName,Description,Keywords,CatType,Moderator,AccessKeys,WriteKeys,SEODescription,SEOPageTitle,ManageKeys,AccessHide,WriteHide,ExcPortalSecurity,Weight,ShowList,Sharing) VALUES('354895060776575','200146147121622','Wallpaper','','','Software','Moderator','|2|,|3|,|1|,|4|','|2|,|3|,|4|','','','|2|','0','0','0','2000','1','1')
INSERT INTO CategoriesModules (UniqueID,CatID,ModuleID) VALUES('317506049826046','354895060776575','10')
INSERT INTO CategoriesPortals (UniqueID,CatID,PortalID) VALUES('962969759071368','354895060776575','0')
INSERT INTO Categories (CatID,ListUnder,CategoryName,Description,Keywords,CatType,Moderator,AccessKeys,WriteKeys,SEODescription,SEOPageTitle,ManageKeys,AccessHide,WriteHide,ExcPortalSecurity,Weight,ShowList,Sharing) VALUES('823430010837078','200146147121622','Wallpaper Editors & Tools','','','Software','Moderator','|2|,|3|,|1|,|4|','|2|,|3|,|4|','','','|2|','0','0','0','2000','1','1')
INSERT INTO CategoriesModules (UniqueID,CatID,ModuleID) VALUES('606808812563251','823430010837078','10')
INSERT INTO CategoriesPortals (UniqueID,CatID,PortalID) VALUES('700403517997723','823430010837078','0')
INSERT INTO Categories (CatID,ListUnder,CategoryName,Description,Keywords,CatType,Moderator,AccessKeys,WriteKeys,SEODescription,SEOPageTitle,ManageKeys,AccessHide,WriteHide,ExcPortalSecurity,Weight,ShowList,Sharing) VALUES('194802547411326','105224809853575','Weather Software','','','Software','Moderator','|2|,|3|,|1|,|4|','|2|,|3|,|4|','','','|2|','0','0','0','2000','1','1')
INSERT INTO CategoriesModules (UniqueID,CatID,ModuleID) VALUES('147033334013890','194802547411326','10')
INSERT INTO CategoriesPortals (UniqueID,CatID,PortalID) VALUES('885506887465682','194802547411326','0')
INSERT INTO Categories (CatID,ListUnder,CategoryName,Description,Keywords,CatType,Moderator,AccessKeys,WriteKeys,SEODescription,SEOPageTitle,ManageKeys,AccessHide,WriteHide,ExcPortalSecurity,Weight,ShowList,Sharing) VALUES('122002066715428','506496889659147','Web Browsers','','','Software','Moderator','|2|,|3|,|1|,|4|','|2|,|3|,|4|','','','|2|','0','0','0','2000','1','1')
INSERT INTO CategoriesModules (UniqueID,CatID,ModuleID) VALUES('213171872461410','122002066715428','10')
INSERT INTO CategoriesPortals (UniqueID,CatID,PortalID) VALUES('817177598519765','122002066715428','0')
INSERT INTO Categories (CatID,ListUnder,CategoryName,Description,Keywords,CatType,Moderator,AccessKeys,WriteKeys,SEODescription,SEOPageTitle,ManageKeys,AccessHide,WriteHide,ExcPortalSecurity,Weight,ShowList,Sharing) VALUES('107054021495784','657693783216338','Web Development Software','','','Software','Moderator','|2|,|3|,|1|,|4|','|2|,|3|,|4|','','','|2|','0','0','0','2000','1','1')
INSERT INTO CategoriesModules (UniqueID,CatID,ModuleID) VALUES('159722259483462','107054021495784','10')
INSERT INTO CategoriesPortals (UniqueID,CatID,PortalID) VALUES('197104090047835','107054021495784','0')
INSERT INTO Categories (CatID,ListUnder,CategoryName,Description,Keywords,CatType,Moderator,AccessKeys,WriteKeys,SEODescription,SEOPageTitle,ManageKeys,AccessHide,WriteHide,ExcPortalSecurity,Weight,ShowList,Sharing) VALUES('209535367063330','611527412672347','Web Phones & VoIP Software','','','Software','Moderator','|2|,|3|,|1|,|4|','|2|,|3|,|4|','','','|2|','0','0','0','2000','1','1')
INSERT INTO CategoriesModules (UniqueID,CatID,ModuleID) VALUES('189299536918267','209535367063330','10')
INSERT INTO CategoriesPortals (UniqueID,CatID,PortalID) VALUES('200394685804008','209535367063330','0')
INSERT INTO Categories (CatID,ListUnder,CategoryName,Description,Keywords,CatType,Moderator,AccessKeys,WriteKeys,SEODescription,SEOPageTitle,ManageKeys,AccessHide,WriteHide,ExcPortalSecurity,Weight,ShowList,Sharing) VALUES('685920285286993','657693783216338','Web Site Tools','','','Software','Moderator','|2|,|3|,|1|,|4|','|2|,|3|,|4|','','','|2|','0','0','0','2000','1','1')
INSERT INTO CategoriesModules (UniqueID,CatID,ModuleID) VALUES('145485134307562','685920285286993','10')
INSERT INTO CategoriesPortals (UniqueID,CatID,PortalID) VALUES('915700101789447','685920285286993','0')
INSERT INTO Categories (CatID,ListUnder,CategoryName,Description,Keywords,CatType,Moderator,AccessKeys,WriteKeys,SEODescription,SEOPageTitle,ManageKeys,AccessHide,WriteHide,ExcPortalSecurity,Weight,ShowList,Sharing) VALUES('252207428109111','611527412672347','Webcam Software','','','Software','Moderator','|2|,|3|,|1|,|4|','|2|,|3|,|4|','','','|2|','0','0','0','2000','1','1')
INSERT INTO CategoriesModules (UniqueID,CatID,ModuleID) VALUES('177087779154717','252207428109111','10')
INSERT INTO CategoriesPortals (UniqueID,CatID,PortalID) VALUES('539475026122939','252207428109111','0')
INSERT INTO Categories (CatID,ListUnder,CategoryName,Description,Keywords,CatType,Moderator,AccessKeys,WriteKeys,SEODescription,SEOPageTitle,ManageKeys,AccessHide,WriteHide,ExcPortalSecurity,Weight,ShowList,Sharing) VALUES('102451897376157','152560870574488','Wireless Networking Software','','','Software','Moderator','|2|,|3|,|1|,|4|','|2|,|3|,|4|','','','|2|','0','0','0','2000','1','1')
INSERT INTO CategoriesModules (UniqueID,CatID,ModuleID) VALUES('265824494758062','102451897376157','10')
INSERT INTO CategoriesPortals (UniqueID,CatID,PortalID) VALUES('829149624165128','102451897376157','0')
INSERT INTO Categories (CatID,ListUnder,CategoryName,Description,Keywords,CatType,Moderator,AccessKeys,WriteKeys,SEODescription,SEOPageTitle,ManageKeys,AccessHide,WriteHide,ExcPortalSecurity,Weight,ShowList,Sharing) VALUES('177118525221552','596013171463375','Word Processing Software','','','Software','Moderator','|2|,|3|,|1|,|4|','|2|,|3|,|4|','','','|2|','0','0','0','2000','1','1')
INSERT INTO CategoriesModules (UniqueID,CatID,ModuleID) VALUES('208013582727663','177118525221552','10')
INSERT INTO CategoriesPortals (UniqueID,CatID,PortalID) VALUES('182109216400197','177118525221552','0')
INSERT INTO Categories (CatID,ListUnder,CategoryName,Description,Keywords,CatType,Moderator,AccessKeys,WriteKeys,SEODescription,SEOPageTitle,ManageKeys,AccessHide,WriteHide,ExcPortalSecurity,Weight,ShowList,Sharing) VALUES('654630276575365','657693783216338','XML Tools','','','Software','Moderator','|2|,|3|,|1|,|4|','|2|,|3|,|4|','','','|2|','0','0','0','2000','1','1')
INSERT INTO CategoriesModules (UniqueID,CatID,ModuleID) VALUES('897532132675364','654630276575365','10')
INSERT INTO CategoriesPortals (UniqueID,CatID,PortalID) VALUES('994544339554554','654630276575365','0')
[[GO]]