INSERT INTO Categories (CatID,ListUnder,CategoryName,Description,Keywords,CatType,Moderator,AccessKeys,WriteKeys,SEODescription,SEOPageTitle,ManageKeys,AccessHide,WriteHide,ExcPortalSecurity,Weight,ShowList,Sharing) VALUES('982581599425283','0','Accounting','','','','Moderator','|2|,|3|,|1|,|4|','|2|,|3|,|4|','','','|2|','0','0','0','2000','1','1')
INSERT INTO CategoriesModules (UniqueID,CatID,ModuleID) VALUES('675536382658414','982581599425283','37')
INSERT INTO CategoriesPortals (UniqueID,CatID,PortalID) VALUES('745158370028581','982581599425283','0')
INSERT INTO Categories (CatID,ListUnder,CategoryName,Description,Keywords,CatType,Moderator,AccessKeys,WriteKeys,SEODescription,SEOPageTitle,ManageKeys,AccessHide,WriteHide,ExcPortalSecurity,Weight,ShowList,Sharing) VALUES('313441571237485','0','American Sign Language','','','','Moderator','|2|,|3|,|1|,|4|','|2|,|3|,|4|','','','|2|','0','0','0','2000','1','1')
INSERT INTO CategoriesModules (UniqueID,CatID,ModuleID) VALUES('153778002520547','313441571237485','37')
INSERT INTO CategoriesPortals (UniqueID,CatID,PortalID) VALUES('146204444040205','313441571237485','0')
INSERT INTO Categories (CatID,ListUnder,CategoryName,Description,Keywords,CatType,Moderator,AccessKeys,WriteKeys,SEODescription,SEOPageTitle,ManageKeys,AccessHide,WriteHide,ExcPortalSecurity,Weight,ShowList,Sharing) VALUES('259375072201898','0','Anthropology','','','','Moderator','|2|,|3|,|1|,|4|','|2|,|3|,|4|','','','|2|','0','0','0','2000','1','1')
INSERT INTO CategoriesModules (UniqueID,CatID,ModuleID) VALUES('237110692425750','259375072201898','37')
INSERT INTO CategoriesPortals (UniqueID,CatID,PortalID) VALUES('235310503525758','259375072201898','0')
INSERT INTO Categories (CatID,ListUnder,CategoryName,Description,Keywords,CatType,Moderator,AccessKeys,WriteKeys,SEODescription,SEOPageTitle,ManageKeys,AccessHide,WriteHide,ExcPortalSecurity,Weight,ShowList,Sharing) VALUES('169776784184885','0','Applied Electric Utility Technology','','','','Moderator','|2|,|3|,|1|,|4|','|2|,|3|,|4|','','','|2|','0','0','0','2000','1','1')
INSERT INTO CategoriesModules (UniqueID,CatID,ModuleID) VALUES('689207927612751','169776784184885','37')
INSERT INTO CategoriesPortals (UniqueID,CatID,PortalID) VALUES('159230062327745','169776784184885','0')
INSERT INTO Categories (CatID,ListUnder,CategoryName,Description,Keywords,CatType,Moderator,AccessKeys,WriteKeys,SEODescription,SEOPageTitle,ManageKeys,AccessHide,WriteHide,ExcPortalSecurity,Weight,ShowList,Sharing) VALUES('872821861677535','0','Art','','','','Moderator','|2|,|3|,|1|,|4|','|2|,|3|,|4|','','','|2|','0','0','0','2000','1','1')
INSERT INTO CategoriesModules (UniqueID,CatID,ModuleID) VALUES('458722576971875','872821861677535','37')
INSERT INTO CategoriesPortals (UniqueID,CatID,PortalID) VALUES('195075152184915','872821861677535','0')
INSERT INTO Categories (CatID,ListUnder,CategoryName,Description,Keywords,CatType,Moderator,AccessKeys,WriteKeys,SEODescription,SEOPageTitle,ManageKeys,AccessHide,WriteHide,ExcPortalSecurity,Weight,ShowList,Sharing) VALUES('151838938609288','0','Biology','','','','Moderator','|2|,|3|,|1|,|4|','|2|,|3|,|4|','','','|2|','0','0','0','2000','1','1')
INSERT INTO CategoriesModules (UniqueID,CatID,ModuleID) VALUES('693632835001615','151838938609288','37')
INSERT INTO CategoriesPortals (UniqueID,CatID,PortalID) VALUES('151804722268651','151838938609288','0')
INSERT INTO Categories (CatID,ListUnder,CategoryName,Description,Keywords,CatType,Moderator,AccessKeys,WriteKeys,SEODescription,SEOPageTitle,ManageKeys,AccessHide,WriteHide,ExcPortalSecurity,Weight,ShowList,Sharing) VALUES('198198550736616','0','Biotechnology Science','','','','Moderator','|2|,|3|,|1|,|4|','|2|,|3|,|4|','','','|2|','0','0','0','2000','1','1')
INSERT INTO CategoriesModules (UniqueID,CatID,ModuleID) VALUES('734912599447842','198198550736616','37')
INSERT INTO CategoriesPortals (UniqueID,CatID,PortalID) VALUES('170187920550987','198198550736616','0')
INSERT INTO Categories (CatID,ListUnder,CategoryName,Description,Keywords,CatType,Moderator,AccessKeys,WriteKeys,SEODescription,SEOPageTitle,ManageKeys,AccessHide,WriteHide,ExcPortalSecurity,Weight,ShowList,Sharing) VALUES('118463917056628','0','Business Management','','','','Moderator','|2|,|3|,|1|,|4|','|2|,|3|,|4|','','','|2|','0','0','0','2000','1','1')
INSERT INTO CategoriesModules (UniqueID,CatID,ModuleID) VALUES('142165183072386','118463917056628','37')
INSERT INTO CategoriesPortals (UniqueID,CatID,PortalID) VALUES('112546917928175','118463917056628','0')
INSERT INTO Categories (CatID,ListUnder,CategoryName,Description,Keywords,CatType,Moderator,AccessKeys,WriteKeys,SEODescription,SEOPageTitle,ManageKeys,AccessHide,WriteHide,ExcPortalSecurity,Weight,ShowList,Sharing) VALUES('306893458391866','0','Chemistry','','','','Moderator','|2|,|3|,|1|,|4|','|2|,|3|,|4|','','','|2|','0','0','0','2000','1','1')
INSERT INTO CategoriesModules (UniqueID,CatID,ModuleID) VALUES('159426592686304','306893458391866','37')
INSERT INTO CategoriesPortals (UniqueID,CatID,PortalID) VALUES('203781823434237','306893458391866','0')
INSERT INTO Categories (CatID,ListUnder,CategoryName,Description,Keywords,CatType,Moderator,AccessKeys,WriteKeys,SEODescription,SEOPageTitle,ManageKeys,AccessHide,WriteHide,ExcPortalSecurity,Weight,ShowList,Sharing) VALUES('702919499130678','0','Chinese','','','','Moderator','|2|,|3|,|1|,|4|','|2|,|3|,|4|','','','|2|','0','0','0','2000','1','1')
INSERT INTO CategoriesModules (UniqueID,CatID,ModuleID) VALUES('286464546801373','702919499130678','37')
INSERT INTO CategoriesPortals (UniqueID,CatID,PortalID) VALUES('139613380746688','702919499130678','0')
INSERT INTO Categories (CatID,ListUnder,CategoryName,Description,Keywords,CatType,Moderator,AccessKeys,WriteKeys,SEODescription,SEOPageTitle,ManageKeys,AccessHide,WriteHide,ExcPortalSecurity,Weight,ShowList,Sharing) VALUES('179734632495448','0','Cisco Networking Technology','','','','Moderator','|2|,|3|,|1|,|4|','|2|,|3|,|4|','','','|2|','0','0','0','2000','1','1')
INSERT INTO CategoriesModules (UniqueID,CatID,ModuleID) VALUES('830201715064816','179734632495448','37')
INSERT INTO CategoriesPortals (UniqueID,CatID,PortalID) VALUES('141470740394318','179734632495448','0')
INSERT INTO Categories (CatID,ListUnder,CategoryName,Description,Keywords,CatType,Moderator,AccessKeys,WriteKeys,SEODescription,SEOPageTitle,ManageKeys,AccessHide,WriteHide,ExcPortalSecurity,Weight,ShowList,Sharing) VALUES('851108682790485','0','Civil Engineering Technology','','','','Moderator','|2|,|3|,|1|,|4|','|2|,|3|,|4|','','','|2|','0','0','0','2000','1','1')
INSERT INTO CategoriesModules (UniqueID,CatID,ModuleID) VALUES('390241491094646','851108682790485','37')
INSERT INTO CategoriesPortals (UniqueID,CatID,PortalID) VALUES('502947150437282','851108682790485','0')
INSERT INTO Categories (CatID,ListUnder,CategoryName,Description,Keywords,CatType,Moderator,AccessKeys,WriteKeys,SEODescription,SEOPageTitle,ManageKeys,AccessHide,WriteHide,ExcPortalSecurity,Weight,ShowList,Sharing) VALUES('159119855663252','0','Computer Aided Design Technology','','','','Moderator','|2|,|3|,|1|,|4|','|2|,|3|,|4|','','','|2|','0','0','0','2000','1','1')
INSERT INTO CategoriesModules (UniqueID,CatID,ModuleID) VALUES('125072949257652','159119855663252','37')
INSERT INTO CategoriesPortals (UniqueID,CatID,PortalID) VALUES('167388419276832','159119855663252','0')
INSERT INTO Categories (CatID,ListUnder,CategoryName,Description,Keywords,CatType,Moderator,AccessKeys,WriteKeys,SEODescription,SEOPageTitle,ManageKeys,AccessHide,WriteHide,ExcPortalSecurity,Weight,ShowList,Sharing) VALUES('163633150582056','0','Computer Engineering Technology','','','','Moderator','|2|,|3|,|1|,|4|','|2|,|3|,|4|','','','|2|','0','0','0','2000','1','1')
INSERT INTO CategoriesModules (UniqueID,CatID,ModuleID) VALUES('198331506157454','163633150582056','37')
INSERT INTO CategoriesPortals (UniqueID,CatID,PortalID) VALUES('182034492327478','163633150582056','0')
INSERT INTO Categories (CatID,ListUnder,CategoryName,Description,Keywords,CatType,Moderator,AccessKeys,WriteKeys,SEODescription,SEOPageTitle,ManageKeys,AccessHide,WriteHide,ExcPortalSecurity,Weight,ShowList,Sharing) VALUES('178866476983438','0','Computer Integrated Manufacturing','','','','Moderator','|2|,|3|,|1|,|4|','|2|,|3|,|4|','','','|2|','0','0','0','2000','1','1')
INSERT INTO CategoriesModules (UniqueID,CatID,ModuleID) VALUES('179242852343969','178866476983438','37')
INSERT INTO CategoriesPortals (UniqueID,CatID,PortalID) VALUES('126591764525127','178866476983438','0')
INSERT INTO Categories (CatID,ListUnder,CategoryName,Description,Keywords,CatType,Moderator,AccessKeys,WriteKeys,SEODescription,SEOPageTitle,ManageKeys,AccessHide,WriteHide,ExcPortalSecurity,Weight,ShowList,Sharing) VALUES('425601451281786','0','Counseling Services','','','','Moderator','|2|,|3|,|1|,|4|','|2|,|3|,|4|','','','|2|','0','0','0','2000','1','1')
INSERT INTO CategoriesModules (UniqueID,CatID,ModuleID) VALUES('161516047834575','425601451281786','37')
INSERT INTO CategoriesPortals (UniqueID,CatID,PortalID) VALUES('212391256653079','425601451281786','0')
INSERT INTO Categories (CatID,ListUnder,CategoryName,Description,Keywords,CatType,Moderator,AccessKeys,WriteKeys,SEODescription,SEOPageTitle,ManageKeys,AccessHide,WriteHide,ExcPortalSecurity,Weight,ShowList,Sharing) VALUES('931506332073641','0','Criminal Justice','','','','Moderator','|2|,|3|,|1|,|4|','|2|,|3|,|4|','','','|2|','0','0','0','2000','1','1')
INSERT INTO CategoriesModules (UniqueID,CatID,ModuleID) VALUES('895110595525845','931506332073641','37')
INSERT INTO CategoriesPortals (UniqueID,CatID,PortalID) VALUES('766756963593775','931506332073641','0')
INSERT INTO Categories (CatID,ListUnder,CategoryName,Description,Keywords,CatType,Moderator,AccessKeys,WriteKeys,SEODescription,SEOPageTitle,ManageKeys,AccessHide,WriteHide,ExcPortalSecurity,Weight,ShowList,Sharing) VALUES('176044863176544','0','Dance','','','','Moderator','|2|,|3|,|1|,|4|','|2|,|3|,|4|','','','|2|','0','0','0','2000','1','1')
INSERT INTO CategoriesModules (UniqueID,CatID,ModuleID) VALUES('212584161946825','176044863176544','37')
INSERT INTO CategoriesPortals (UniqueID,CatID,PortalID) VALUES('397059511568217','176044863176544','0')
INSERT INTO Categories (CatID,ListUnder,CategoryName,Description,Keywords,CatType,Moderator,AccessKeys,WriteKeys,SEODescription,SEOPageTitle,ManageKeys,AccessHide,WriteHide,ExcPortalSecurity,Weight,ShowList,Sharing) VALUES('575270512842852','0','Dental Hygiene','','','','Moderator','|2|,|3|,|1|,|4|','|2|,|3|,|4|','','','|2|','0','0','0','2000','1','1')
INSERT INTO CategoriesModules (UniqueID,CatID,ModuleID) VALUES('379379130340356','575270512842852','37')
INSERT INTO CategoriesPortals (UniqueID,CatID,PortalID) VALUES('406652145644532','575270512842852','0')
INSERT INTO Categories (CatID,ListUnder,CategoryName,Description,Keywords,CatType,Moderator,AccessKeys,WriteKeys,SEODescription,SEOPageTitle,ManageKeys,AccessHide,WriteHide,ExcPortalSecurity,Weight,ShowList,Sharing) VALUES('154773730271045','0','Early Childhood Education','','','','Moderator','|2|,|3|,|1|,|4|','|2|,|3|,|4|','','','|2|','0','0','0','2000','1','1')
INSERT INTO CategoriesModules (UniqueID,CatID,ModuleID) VALUES('146316712527584','154773730271045','37')
INSERT INTO CategoriesPortals (UniqueID,CatID,PortalID) VALUES('155952804959885','154773730271045','0')
INSERT INTO Categories (CatID,ListUnder,CategoryName,Description,Keywords,CatType,Moderator,AccessKeys,WriteKeys,SEODescription,SEOPageTitle,ManageKeys,AccessHide,WriteHide,ExcPortalSecurity,Weight,ShowList,Sharing) VALUES('134277225494865','0','Economics','','','','Moderator','|2|,|3|,|1|,|4|','|2|,|3|,|4|','','','|2|','0','0','0','2000','1','1')
INSERT INTO CategoriesModules (UniqueID,CatID,ModuleID) VALUES('171790752684444','134277225494865','37')
INSERT INTO CategoriesPortals (UniqueID,CatID,PortalID) VALUES('115037878226622','134277225494865','0')
INSERT INTO Categories (CatID,ListUnder,CategoryName,Description,Keywords,CatType,Moderator,AccessKeys,WriteKeys,SEODescription,SEOPageTitle,ManageKeys,AccessHide,WriteHide,ExcPortalSecurity,Weight,ShowList,Sharing) VALUES('142095058437205','0','Education','','','','Moderator','|2|,|3|,|1|,|4|','|2|,|3|,|4|','','','|2|','0','0','0','2000','1','1')
INSERT INTO CategoriesModules (UniqueID,CatID,ModuleID) VALUES('806236758424724','142095058437205','37')
INSERT INTO CategoriesPortals (UniqueID,CatID,PortalID) VALUES('133256419667665','142095058437205','0')
INSERT INTO Categories (CatID,ListUnder,CategoryName,Description,Keywords,CatType,Moderator,AccessKeys,WriteKeys,SEODescription,SEOPageTitle,ManageKeys,AccessHide,WriteHide,ExcPortalSecurity,Weight,ShowList,Sharing) VALUES('110968443072922','0','Electronic Technology','','','','Moderator','|2|,|3|,|1|,|4|','|2|,|3|,|4|','','','|2|','0','0','0','2000','1','1')
INSERT INTO CategoriesModules (UniqueID,CatID,ModuleID) VALUES('161478187801269','110968443072922','37')
INSERT INTO CategoriesPortals (UniqueID,CatID,PortalID) VALUES('112919382609112','110968443072922','0')
INSERT INTO Categories (CatID,ListUnder,CategoryName,Description,Keywords,CatType,Moderator,AccessKeys,WriteKeys,SEODescription,SEOPageTitle,ManageKeys,AccessHide,WriteHide,ExcPortalSecurity,Weight,ShowList,Sharing) VALUES('620258838542548','0','Emergency Management Planning','','','','Moderator','|2|,|3|,|1|,|4|','|2|,|3|,|4|','','','|2|','0','0','0','2000','1','1')
INSERT INTO CategoriesModules (UniqueID,CatID,ModuleID) VALUES('215692944803710','620258838542548','37')
INSERT INTO CategoriesPortals (UniqueID,CatID,PortalID) VALUES('202758526857761','620258838542548','0')
INSERT INTO Categories (CatID,ListUnder,CategoryName,Description,Keywords,CatType,Moderator,AccessKeys,WriteKeys,SEODescription,SEOPageTitle,ManageKeys,AccessHide,WriteHide,ExcPortalSecurity,Weight,ShowList,Sharing) VALUES('175828313506081','0','Emergency Medical Technology','','','','Moderator','|2|,|3|,|1|,|4|','|2|,|3|,|4|','','','|2|','0','0','0','2000','1','1')
INSERT INTO CategoriesModules (UniqueID,CatID,ModuleID) VALUES('181904553558130','175828313506081','37')
INSERT INTO CategoriesPortals (UniqueID,CatID,PortalID) VALUES('172371696664790','175828313506081','0')
INSERT INTO Categories (CatID,ListUnder,CategoryName,Description,Keywords,CatType,Moderator,AccessKeys,WriteKeys,SEODescription,SEOPageTitle,ManageKeys,AccessHide,WriteHide,ExcPortalSecurity,Weight,ShowList,Sharing) VALUES('827224701829701','0','Engineering','','','','Moderator','|2|,|3|,|1|,|4|','|2|,|3|,|4|','','','|2|','0','0','0','2000','1','1')
INSERT INTO CategoriesModules (UniqueID,CatID,ModuleID) VALUES('109560509157441','827224701829701','37')
INSERT INTO CategoriesPortals (UniqueID,CatID,PortalID) VALUES('788588317136621','827224701829701','0')
INSERT INTO Categories (CatID,ListUnder,CategoryName,Description,Keywords,CatType,Moderator,AccessKeys,WriteKeys,SEODescription,SEOPageTitle,ManageKeys,AccessHide,WriteHide,ExcPortalSecurity,Weight,ShowList,Sharing) VALUES('198340221125433','0','Engineering Science','','','','Moderator','|2|,|3|,|1|,|4|','|2|,|3|,|4|','','','|2|','0','0','0','2000','1','1')
INSERT INTO CategoriesModules (UniqueID,CatID,ModuleID) VALUES('172609267346496','198340221125433','37')
INSERT INTO CategoriesPortals (UniqueID,CatID,PortalID) VALUES('195605448112799','198340221125433','0')
INSERT INTO Categories (CatID,ListUnder,CategoryName,Description,Keywords,CatType,Moderator,AccessKeys,WriteKeys,SEODescription,SEOPageTitle,ManageKeys,AccessHide,WriteHide,ExcPortalSecurity,Weight,ShowList,Sharing) VALUES('199966189873178','0','English','','','','Moderator','|2|,|3|,|1|,|4|','|2|,|3|,|4|','','','|2|','0','0','0','2000','1','1')
INSERT INTO CategoriesModules (UniqueID,CatID,ModuleID) VALUES('703343224117132','199966189873178','37')
INSERT INTO CategoriesPortals (UniqueID,CatID,PortalID) VALUES('736070209268161','199966189873178','0')
INSERT INTO Categories (CatID,ListUnder,CategoryName,Description,Keywords,CatType,Moderator,AccessKeys,WriteKeys,SEODescription,SEOPageTitle,ManageKeys,AccessHide,WriteHide,ExcPortalSecurity,Weight,ShowList,Sharing) VALUES('141081119076576','0','Finance','','','','Moderator','|2|,|3|,|1|,|4|','|2|,|3|,|4|','','','|2|','0','0','0','2000','1','1')
INSERT INTO CategoriesModules (UniqueID,CatID,ModuleID) VALUES('211250346251206','141081119076576','37')
INSERT INTO CategoriesPortals (UniqueID,CatID,PortalID) VALUES('743640385466122','141081119076576','0')
INSERT INTO Categories (CatID,ListUnder,CategoryName,Description,Keywords,CatType,Moderator,AccessKeys,WriteKeys,SEODescription,SEOPageTitle,ManageKeys,AccessHide,WriteHide,ExcPortalSecurity,Weight,ShowList,Sharing) VALUES('112980997455216','0','Fire Science Technology','','','','Moderator','|2|,|3|,|1|,|4|','|2|,|3|,|4|','','','|2|','0','0','0','2000','1','1')
INSERT INTO CategoriesModules (UniqueID,CatID,ModuleID) VALUES('199090643108714','112980997455216','37')
INSERT INTO CategoriesPortals (UniqueID,CatID,PortalID) VALUES('131840218852035','112980997455216','0')
INSERT INTO Categories (CatID,ListUnder,CategoryName,Description,Keywords,CatType,Moderator,AccessKeys,WriteKeys,SEODescription,SEOPageTitle,ManageKeys,AccessHide,WriteHide,ExcPortalSecurity,Weight,ShowList,Sharing) VALUES('385005760668737','0','French','','','','Moderator','|2|,|3|,|1|,|4|','|2|,|3|,|4|','','','|2|','0','0','0','2000','1','1')
INSERT INTO CategoriesModules (UniqueID,CatID,ModuleID) VALUES('192777427548432','385005760668737','37')
INSERT INTO CategoriesPortals (UniqueID,CatID,PortalID) VALUES('290413812775588','385005760668737','0')
INSERT INTO Categories (CatID,ListUnder,CategoryName,Description,Keywords,CatType,Moderator,AccessKeys,WriteKeys,SEODescription,SEOPageTitle,ManageKeys,AccessHide,WriteHide,ExcPortalSecurity,Weight,ShowList,Sharing) VALUES('202186115675168','0','Geography','','','','Moderator','|2|,|3|,|1|,|4|','|2|,|3|,|4|','','','|2|','0','0','0','2000','1','1')
INSERT INTO CategoriesModules (UniqueID,CatID,ModuleID) VALUES('579532976742484','202186115675168','37')
INSERT INTO CategoriesPortals (UniqueID,CatID,PortalID) VALUES('437077490424157','202186115675168','0')
INSERT INTO Categories (CatID,ListUnder,CategoryName,Description,Keywords,CatType,Moderator,AccessKeys,WriteKeys,SEODescription,SEOPageTitle,ManageKeys,AccessHide,WriteHide,ExcPortalSecurity,Weight,ShowList,Sharing) VALUES('886154419771544','0','Geology','','','','Moderator','|2|,|3|,|1|,|4|','|2|,|3|,|4|','','','|2|','0','0','0','2000','1','1')
INSERT INTO CategoriesModules (UniqueID,CatID,ModuleID) VALUES('823224823975677','886154419771544','37')
INSERT INTO CategoriesPortals (UniqueID,CatID,PortalID) VALUES('685456430086827','886154419771544','0')
INSERT INTO Categories (CatID,ListUnder,CategoryName,Description,Keywords,CatType,Moderator,AccessKeys,WriteKeys,SEODescription,SEOPageTitle,ManageKeys,AccessHide,WriteHide,ExcPortalSecurity,Weight,ShowList,Sharing) VALUES('529480373623999','0','German','','','','Moderator','|2|,|3|,|1|,|4|','|2|,|3|,|4|','','','|2|','0','0','0','2000','1','1')
INSERT INTO CategoriesModules (UniqueID,CatID,ModuleID) VALUES('189735435595810','529480373623999','37')
INSERT INTO CategoriesPortals (UniqueID,CatID,PortalID) VALUES('929536424786123','529480373623999','0')
INSERT INTO Categories (CatID,ListUnder,CategoryName,Description,Keywords,CatType,Moderator,AccessKeys,WriteKeys,SEODescription,SEOPageTitle,ManageKeys,AccessHide,WriteHide,ExcPortalSecurity,Weight,ShowList,Sharing) VALUES('684642593644537','0','Graphic Design','','','','Moderator','|2|,|3|,|1|,|4|','|2|,|3|,|4|','','','|2|','0','0','0','2000','1','1')
INSERT INTO CategoriesModules (UniqueID,CatID,ModuleID) VALUES('473416611641100','684642593644537','37')
INSERT INTO CategoriesPortals (UniqueID,CatID,PortalID) VALUES('951872959508752','684642593644537','0')
INSERT INTO Categories (CatID,ListUnder,CategoryName,Description,Keywords,CatType,Moderator,AccessKeys,WriteKeys,SEODescription,SEOPageTitle,ManageKeys,AccessHide,WriteHide,ExcPortalSecurity,Weight,ShowList,Sharing) VALUES('447604054763133','0','Health Information Management Technology','','','','Moderator','|2|,|3|,|1|,|4|','|2|,|3|,|4|','','','|2|','0','0','0','2000','1','1')
INSERT INTO CategoriesModules (UniqueID,CatID,ModuleID) VALUES('210911918700902','447604054763133','37')
INSERT INTO CategoriesPortals (UniqueID,CatID,PortalID) VALUES('203978931956333','447604054763133','0')
INSERT INTO Categories (CatID,ListUnder,CategoryName,Description,Keywords,CatType,Moderator,AccessKeys,WriteKeys,SEODescription,SEOPageTitle,ManageKeys,AccessHide,WriteHide,ExcPortalSecurity,Weight,ShowList,Sharing) VALUES('139586662236657','0','Healthcare Services','','','','Moderator','|2|,|3|,|1|,|4|','|2|,|3|,|4|','','','|2|','0','0','0','2000','1','1')
INSERT INTO CategoriesModules (UniqueID,CatID,ModuleID) VALUES('801175251344486','139586662236657','37')
INSERT INTO CategoriesPortals (UniqueID,CatID,PortalID) VALUES('789859759322336','139586662236657','0')
INSERT INTO Categories (CatID,ListUnder,CategoryName,Description,Keywords,CatType,Moderator,AccessKeys,WriteKeys,SEODescription,SEOPageTitle,ManageKeys,AccessHide,WriteHide,ExcPortalSecurity,Weight,ShowList,Sharing) VALUES('984368386702606','0','Histology','','','','Moderator','|2|,|3|,|1|,|4|','|2|,|3|,|4|','','','|2|','0','0','0','2000','1','1')
INSERT INTO CategoriesModules (UniqueID,CatID,ModuleID) VALUES('166575365233368','984368386702606','37')
INSERT INTO CategoriesPortals (UniqueID,CatID,PortalID) VALUES('472763828953368','984368386702606','0')
INSERT INTO Categories (CatID,ListUnder,CategoryName,Description,Keywords,CatType,Moderator,AccessKeys,WriteKeys,SEODescription,SEOPageTitle,ManageKeys,AccessHide,WriteHide,ExcPortalSecurity,Weight,ShowList,Sharing) VALUES('193016258624764','0','History','','','','Moderator','|2|,|3|,|1|,|4|','|2|,|3|,|4|','','','|2|','0','0','0','2000','1','1')
INSERT INTO CategoriesModules (UniqueID,CatID,ModuleID) VALUES('149586466841549','193016258624764','37')
INSERT INTO CategoriesPortals (UniqueID,CatID,PortalID) VALUES('112640041185146','193016258624764','0')
INSERT INTO Categories (CatID,ListUnder,CategoryName,Description,Keywords,CatType,Moderator,AccessKeys,WriteKeys,SEODescription,SEOPageTitle,ManageKeys,AccessHide,WriteHide,ExcPortalSecurity,Weight,ShowList,Sharing) VALUES('644149286295214','0','Human Services','','','','Moderator','|2|,|3|,|1|,|4|','|2|,|3|,|4|','','','|2|','0','0','0','2000','1','1')
INSERT INTO CategoriesModules (UniqueID,CatID,ModuleID) VALUES('383982237456108','644149286295214','37')
INSERT INTO CategoriesPortals (UniqueID,CatID,PortalID) VALUES('104637335243538','644149286295214','0')
INSERT INTO Categories (CatID,ListUnder,CategoryName,Description,Keywords,CatType,Moderator,AccessKeys,WriteKeys,SEODescription,SEOPageTitle,ManageKeys,AccessHide,WriteHide,ExcPortalSecurity,Weight,ShowList,Sharing) VALUES('176461536115424','0','Humanities','','','','Moderator','|2|,|3|,|1|,|4|','|2|,|3|,|4|','','','|2|','0','0','0','2000','1','1')
INSERT INTO CategoriesModules (UniqueID,CatID,ModuleID) VALUES('122685325063187','176461536115424','37')
INSERT INTO CategoriesPortals (UniqueID,CatID,PortalID) VALUES('138507801163083','176461536115424','0')
INSERT INTO Categories (CatID,ListUnder,CategoryName,Description,Keywords,CatType,Moderator,AccessKeys,WriteKeys,SEODescription,SEOPageTitle,ManageKeys,AccessHide,WriteHide,ExcPortalSecurity,Weight,ShowList,Sharing) VALUES('107531349783576','0','Interdisciplinary Studies','','','','Moderator','|2|,|3|,|1|,|4|','|2|,|3|,|4|','','','|2|','0','0','0','2000','1','1')
INSERT INTO CategoriesModules (UniqueID,CatID,ModuleID) VALUES('467430819383254','107531349783576','37')
INSERT INTO CategoriesPortals (UniqueID,CatID,PortalID) VALUES('814053414857768','107531349783576','0')
INSERT INTO Categories (CatID,ListUnder,CategoryName,Description,Keywords,CatType,Moderator,AccessKeys,WriteKeys,SEODescription,SEOPageTitle,ManageKeys,AccessHide,WriteHide,ExcPortalSecurity,Weight,ShowList,Sharing) VALUES('203617093304479','0','Italian','','','','Moderator','|2|,|3|,|1|,|4|','|2|,|3|,|4|','','','|2|','0','0','0','2000','1','1')
INSERT INTO CategoriesModules (UniqueID,CatID,ModuleID) VALUES('183494865658701','203617093304479','37')
INSERT INTO CategoriesPortals (UniqueID,CatID,PortalID) VALUES('179168966910626','203617093304479','0')
INSERT INTO Categories (CatID,ListUnder,CategoryName,Description,Keywords,CatType,Moderator,AccessKeys,WriteKeys,SEODescription,SEOPageTitle,ManageKeys,AccessHide,WriteHide,ExcPortalSecurity,Weight,ShowList,Sharing) VALUES('198904374254635','0','ITCS Computer Science','','','','Moderator','|2|,|3|,|1|,|4|','|2|,|3|,|4|','','','|2|','0','0','0','2000','1','1')
INSERT INTO CategoriesModules (UniqueID,CatID,ModuleID) VALUES('168135911188511','198904374254635','37')
INSERT INTO CategoriesPortals (UniqueID,CatID,PortalID) VALUES('353494923364435','198904374254635','0')
INSERT INTO Categories (CatID,ListUnder,CategoryName,Description,Keywords,CatType,Moderator,AccessKeys,WriteKeys,SEODescription,SEOPageTitle,ManageKeys,AccessHide,WriteHide,ExcPortalSecurity,Weight,ShowList,Sharing) VALUES('160171855338043','0','ITDB Database','','','','Moderator','|2|,|3|,|1|,|4|','|2|,|3|,|4|','','','|2|','0','0','0','2000','1','1')
INSERT INTO CategoriesModules (UniqueID,CatID,ModuleID) VALUES('101252895259116','160171855338043','37')
INSERT INTO CategoriesPortals (UniqueID,CatID,PortalID) VALUES('124226616004614','160171855338043','0')
INSERT INTO Categories (CatID,ListUnder,CategoryName,Description,Keywords,CatType,Moderator,AccessKeys,WriteKeys,SEODescription,SEOPageTitle,ManageKeys,AccessHide,WriteHide,ExcPortalSecurity,Weight,ShowList,Sharing) VALUES('176616311913090','0','ITIS Information Systems','','','','Moderator','|2|,|3|,|1|,|4|','|2|,|3|,|4|','','','|2|','0','0','0','2000','1','1')
INSERT INTO CategoriesModules (UniqueID,CatID,ModuleID) VALUES('208996340031517','176616311913090','37')
INSERT INTO CategoriesPortals (UniqueID,CatID,PortalID) VALUES('309946916238287','176616311913090','0')
INSERT INTO Categories (CatID,ListUnder,CategoryName,Description,Keywords,CatType,Moderator,AccessKeys,WriteKeys,SEODescription,SEOPageTitle,ManageKeys,AccessHide,WriteHide,ExcPortalSecurity,Weight,ShowList,Sharing) VALUES('400646330832751','0','ITON Operating Systems/Networking','','','','Moderator','|2|,|3|,|1|,|4|','|2|,|3|,|4|','','','|2|','0','0','0','2000','1','1')
INSERT INTO CategoriesModules (UniqueID,CatID,ModuleID) VALUES('579597597162894','400646330832751','37')
INSERT INTO CategoriesPortals (UniqueID,CatID,PortalID) VALUES('182488361384668','400646330832751','0')
INSERT INTO Categories (CatID,ListUnder,CategoryName,Description,Keywords,CatType,Moderator,AccessKeys,WriteKeys,SEODescription,SEOPageTitle,ManageKeys,AccessHide,WriteHide,ExcPortalSecurity,Weight,ShowList,Sharing) VALUES('190990847531685','0','Journalism','','','','Moderator','|2|,|3|,|1|,|4|','|2|,|3|,|4|','','','|2|','0','0','0','2000','1','1')
INSERT INTO CategoriesModules (UniqueID,CatID,ModuleID) VALUES('153107825135715','190990847531685','37')
INSERT INTO CategoriesPortals (UniqueID,CatID,PortalID) VALUES('119350197242576','190990847531685','0')
INSERT INTO Categories (CatID,ListUnder,CategoryName,Description,Keywords,CatType,Moderator,AccessKeys,WriteKeys,SEODescription,SEOPageTitle,ManageKeys,AccessHide,WriteHide,ExcPortalSecurity,Weight,ShowList,Sharing) VALUES('108653901923186','0','Massage Therapy','','','','Moderator','|2|,|3|,|1|,|4|','|2|,|3|,|4|','','','|2|','0','0','0','2000','1','1')
INSERT INTO CategoriesModules (UniqueID,CatID,ModuleID) VALUES('161827769078834','108653901923186','37')
INSERT INTO CategoriesPortals (UniqueID,CatID,PortalID) VALUES('810786355958014','108653901923186','0')
INSERT INTO Categories (CatID,ListUnder,CategoryName,Description,Keywords,CatType,Moderator,AccessKeys,WriteKeys,SEODescription,SEOPageTitle,ManageKeys,AccessHide,WriteHide,ExcPortalSecurity,Weight,ShowList,Sharing) VALUES('672767724236892','0','Mathematics','','','','Moderator','|2|,|3|,|1|,|4|','|2|,|3|,|4|','','','|2|','0','0','0','2000','1','1')
INSERT INTO CategoriesModules (UniqueID,CatID,ModuleID) VALUES('181424325357714','672767724236892','37')
INSERT INTO CategoriesPortals (UniqueID,CatID,PortalID) VALUES('342223944231163','672767724236892','0')
INSERT INTO Categories (CatID,ListUnder,CategoryName,Description,Keywords,CatType,Moderator,AccessKeys,WriteKeys,SEODescription,SEOPageTitle,ManageKeys,AccessHide,WriteHide,ExcPortalSecurity,Weight,ShowList,Sharing) VALUES('171297683541433','0','Mechanical Engineering Technology','','','','Moderator','|2|,|3|,|1|,|4|','|2|,|3|,|4|','','','|2|','0','0','0','2000','1','1')
INSERT INTO CategoriesModules (UniqueID,CatID,ModuleID) VALUES('204581708388658','171297683541433','37')
INSERT INTO CategoriesPortals (UniqueID,CatID,PortalID) VALUES('634198490781911','171297683541433','0')
INSERT INTO Categories (CatID,ListUnder,CategoryName,Description,Keywords,CatType,Moderator,AccessKeys,WriteKeys,SEODescription,SEOPageTitle,ManageKeys,AccessHide,WriteHide,ExcPortalSecurity,Weight,ShowList,Sharing) VALUES('190444311343659','0','Media Technology','','','','Moderator','|2|,|3|,|1|,|4|','|2|,|3|,|4|','','','|2|','0','0','0','2000','1','1')
INSERT INTO CategoriesModules (UniqueID,CatID,ModuleID) VALUES('186900383978155','190444311343659','37')
INSERT INTO CategoriesPortals (UniqueID,CatID,PortalID) VALUES('819847031625180','190444311343659','0')
INSERT INTO Categories (CatID,ListUnder,CategoryName,Description,Keywords,CatType,Moderator,AccessKeys,WriteKeys,SEODescription,SEOPageTitle,ManageKeys,AccessHide,WriteHide,ExcPortalSecurity,Weight,ShowList,Sharing) VALUES('335030058038164','0','Medical Assisting','','','','Moderator','|2|,|3|,|1|,|4|','|2|,|3|,|4|','','','|2|','0','0','0','2000','1','1')
INSERT INTO CategoriesModules (UniqueID,CatID,ModuleID) VALUES('105227307346733','335030058038164','37')
INSERT INTO CategoriesPortals (UniqueID,CatID,PortalID) VALUES('321352833592371','335030058038164','0')
INSERT INTO Categories (CatID,ListUnder,CategoryName,Description,Keywords,CatType,Moderator,AccessKeys,WriteKeys,SEODescription,SEOPageTitle,ManageKeys,AccessHide,WriteHide,ExcPortalSecurity,Weight,ShowList,Sharing) VALUES('166701564156824','0','Medical Laboratory Technology','','','','Moderator','|2|,|3|,|1|,|4|','|2|,|3|,|4|','','','|2|','0','0','0','2000','1','1')
INSERT INTO CategoriesModules (UniqueID,CatID,ModuleID) VALUES('150024817112859','166701564156824','37')
INSERT INTO CategoriesPortals (UniqueID,CatID,PortalID) VALUES('272277816691234','166701564156824','0')
INSERT INTO Categories (CatID,ListUnder,CategoryName,Description,Keywords,CatType,Moderator,AccessKeys,WriteKeys,SEODescription,SEOPageTitle,ManageKeys,AccessHide,WriteHide,ExcPortalSecurity,Weight,ShowList,Sharing) VALUES('419499248766762','0','Music','','','','Moderator','|2|,|3|,|1|,|4|','|2|,|3|,|4|','','','|2|','0','0','0','2000','1','1')
INSERT INTO CategoriesModules (UniqueID,CatID,ModuleID) VALUES('816380221415835','419499248766762','37')
INSERT INTO CategoriesPortals (UniqueID,CatID,PortalID) VALUES('182688757468216','419499248766762','0')
INSERT INTO Categories (CatID,ListUnder,CategoryName,Description,Keywords,CatType,Moderator,AccessKeys,WriteKeys,SEODescription,SEOPageTitle,ManageKeys,AccessHide,WriteHide,ExcPortalSecurity,Weight,ShowList,Sharing) VALUES('555107424722810','0','Nuclear Engineering Technology','','','','Moderator','|2|,|3|,|1|,|4|','|2|,|3|,|4|','','','|2|','0','0','0','2000','1','1')
INSERT INTO CategoriesModules (UniqueID,CatID,ModuleID) VALUES('143844428392909','555107424722810','37')
INSERT INTO CategoriesPortals (UniqueID,CatID,PortalID) VALUES('119121080925882','555107424722810','0')
INSERT INTO Categories (CatID,ListUnder,CategoryName,Description,Keywords,CatType,Moderator,AccessKeys,WriteKeys,SEODescription,SEOPageTitle,ManageKeys,AccessHide,WriteHide,ExcPortalSecurity,Weight,ShowList,Sharing) VALUES('668487385519778','0','Nursing','','','','Moderator','|2|,|3|,|1|,|4|','|2|,|3|,|4|','','','|2|','0','0','0','2000','1','1')
INSERT INTO CategoriesModules (UniqueID,CatID,ModuleID) VALUES('570257110741698','668487385519778','37')
INSERT INTO CategoriesPortals (UniqueID,CatID,PortalID) VALUES('165609260744603','668487385519778','0')
INSERT INTO Categories (CatID,ListUnder,CategoryName,Description,Keywords,CatType,Moderator,AccessKeys,WriteKeys,SEODescription,SEOPageTitle,ManageKeys,AccessHide,WriteHide,ExcPortalSecurity,Weight,ShowList,Sharing) VALUES('684665872652166','0','Paralegal','','','','Moderator','|2|,|3|,|1|,|4|','|2|,|3|,|4|','','','|2|','0','0','0','2000','1','1')
INSERT INTO CategoriesModules (UniqueID,CatID,ModuleID) VALUES('149499303784528','684665872652166','37')
INSERT INTO CategoriesPortals (UniqueID,CatID,PortalID) VALUES('203930439471442','684665872652166','0')
INSERT INTO Categories (CatID,ListUnder,CategoryName,Description,Keywords,CatType,Moderator,AccessKeys,WriteKeys,SEODescription,SEOPageTitle,ManageKeys,AccessHide,WriteHide,ExcPortalSecurity,Weight,ShowList,Sharing) VALUES('106060275101788','0','Parks and Recreation Management','','','','Moderator','|2|,|3|,|1|,|4|','|2|,|3|,|4|','','','|2|','0','0','0','2000','1','1')
INSERT INTO CategoriesModules (UniqueID,CatID,ModuleID) VALUES('174871347141617','106060275101788','37')
INSERT INTO CategoriesPortals (UniqueID,CatID,PortalID) VALUES('206378672002745','106060275101788','0')
INSERT INTO Categories (CatID,ListUnder,CategoryName,Description,Keywords,CatType,Moderator,AccessKeys,WriteKeys,SEODescription,SEOPageTitle,ManageKeys,AccessHide,WriteHide,ExcPortalSecurity,Weight,ShowList,Sharing) VALUES('820933970826688','0','Philosophy','','','','Moderator','|2|,|3|,|1|,|4|','|2|,|3|,|4|','','','|2|','0','0','0','2000','1','1')
INSERT INTO CategoriesModules (UniqueID,CatID,ModuleID) VALUES('145081949044868','820933970826688','37')
INSERT INTO CategoriesPortals (UniqueID,CatID,PortalID) VALUES('172756292013416','820933970826688','0')
INSERT INTO Categories (CatID,ListUnder,CategoryName,Description,Keywords,CatType,Moderator,AccessKeys,WriteKeys,SEODescription,SEOPageTitle,ManageKeys,AccessHide,WriteHide,ExcPortalSecurity,Weight,ShowList,Sharing) VALUES('127217263602000','0','Photography','','','','Moderator','|2|,|3|,|1|,|4|','|2|,|3|,|4|','','','|2|','0','0','0','2000','1','1')
INSERT INTO CategoriesModules (UniqueID,CatID,ModuleID) VALUES('199447121133459','127217263602000','37')
INSERT INTO CategoriesPortals (UniqueID,CatID,PortalID) VALUES('148456696013150','127217263602000','0')
INSERT INTO Categories (CatID,ListUnder,CategoryName,Description,Keywords,CatType,Moderator,AccessKeys,WriteKeys,SEODescription,SEOPageTitle,ManageKeys,AccessHide,WriteHide,ExcPortalSecurity,Weight,ShowList,Sharing) VALUES('178943525517255','0','Physical Education','','','','Moderator','|2|,|3|,|1|,|4|','|2|,|3|,|4|','','','|2|','0','0','0','2000','1','1')
INSERT INTO CategoriesModules (UniqueID,CatID,ModuleID) VALUES('214192089815054','178943525517255','37')
INSERT INTO CategoriesPortals (UniqueID,CatID,PortalID) VALUES('681549598322714','178943525517255','0')
INSERT INTO Categories (CatID,ListUnder,CategoryName,Description,Keywords,CatType,Moderator,AccessKeys,WriteKeys,SEODescription,SEOPageTitle,ManageKeys,AccessHide,WriteHide,ExcPortalSecurity,Weight,ShowList,Sharing) VALUES('157269262342420','0','Physical Science','','','','Moderator','|2|,|3|,|1|,|4|','|2|,|3|,|4|','','','|2|','0','0','0','2000','1','1')
INSERT INTO CategoriesModules (UniqueID,CatID,ModuleID) VALUES('372901958797924','157269262342420','37')
INSERT INTO CategoriesPortals (UniqueID,CatID,PortalID) VALUES('212261869917292','157269262342420','0')
INSERT INTO Categories (CatID,ListUnder,CategoryName,Description,Keywords,CatType,Moderator,AccessKeys,WriteKeys,SEODescription,SEOPageTitle,ManageKeys,AccessHide,WriteHide,ExcPortalSecurity,Weight,ShowList,Sharing) VALUES('175976172523597','0','Physics','','','','Moderator','|2|,|3|,|1|,|4|','|2|,|3|,|4|','','','|2|','0','0','0','2000','1','1')
INSERT INTO CategoriesModules (UniqueID,CatID,ModuleID) VALUES('479524537850689','175976172523597','37')
INSERT INTO CategoriesPortals (UniqueID,CatID,PortalID) VALUES('186153937084139','175976172523597','0')
INSERT INTO Categories (CatID,ListUnder,CategoryName,Description,Keywords,CatType,Moderator,AccessKeys,WriteKeys,SEODescription,SEOPageTitle,ManageKeys,AccessHide,WriteHide,ExcPortalSecurity,Weight,ShowList,Sharing) VALUES('483062551314983','0','Political Science','','','','Moderator','|2|,|3|,|1|,|4|','|2|,|3|,|4|','','','|2|','0','0','0','2000','1','1')
INSERT INTO CategoriesModules (UniqueID,CatID,ModuleID) VALUES('152859288798654','483062551314983','37')
INSERT INTO CategoriesPortals (UniqueID,CatID,PortalID) VALUES('178367078565211','483062551314983','0')
INSERT INTO Categories (CatID,ListUnder,CategoryName,Description,Keywords,CatType,Moderator,AccessKeys,WriteKeys,SEODescription,SEOPageTitle,ManageKeys,AccessHide,WriteHide,ExcPortalSecurity,Weight,ShowList,Sharing) VALUES('102131908595712','0','Psychology','','','','Moderator','|2|,|3|,|1|,|4|','|2|,|3|,|4|','','','|2|','0','0','0','2000','1','1')
INSERT INTO CategoriesModules (UniqueID,CatID,ModuleID) VALUES('792931839023327','102131908595712','37')
INSERT INTO CategoriesPortals (UniqueID,CatID,PortalID) VALUES('392572472173153','102131908595712','0')
INSERT INTO Categories (CatID,ListUnder,CategoryName,Description,Keywords,CatType,Moderator,AccessKeys,WriteKeys,SEODescription,SEOPageTitle,ManageKeys,AccessHide,WriteHide,ExcPortalSecurity,Weight,ShowList,Sharing) VALUES('178870860931976','0','Radiologic Technology','','','','Moderator','|2|,|3|,|1|,|4|','|2|,|3|,|4|','','','|2|','0','0','0','2000','1','1')
INSERT INTO CategoriesModules (UniqueID,CatID,ModuleID) VALUES('459251950352411','178870860931976','37')
INSERT INTO CategoriesPortals (UniqueID,CatID,PortalID) VALUES('169508109729638','178870860931976','0')
INSERT INTO Categories (CatID,ListUnder,CategoryName,Description,Keywords,CatType,Moderator,AccessKeys,WriteKeys,SEODescription,SEOPageTitle,ManageKeys,AccessHide,WriteHide,ExcPortalSecurity,Weight,ShowList,Sharing) VALUES('272878362468788','0','Real Estate','','','','Moderator','|2|,|3|,|1|,|4|','|2|,|3|,|4|','','','|2|','0','0','0','2000','1','1')
INSERT INTO CategoriesModules (UniqueID,CatID,ModuleID) VALUES('710357382413541','272878362468788','37')
INSERT INTO CategoriesPortals (UniqueID,CatID,PortalID) VALUES('736825783013455','272878362468788','0')
INSERT INTO Categories (CatID,ListUnder,CategoryName,Description,Keywords,CatType,Moderator,AccessKeys,WriteKeys,SEODescription,SEOPageTitle,ManageKeys,AccessHide,WriteHide,ExcPortalSecurity,Weight,ShowList,Sharing) VALUES('928513391053354','0','Respiratory Therapy','','','','Moderator','|2|,|3|,|1|,|4|','|2|,|3|,|4|','','','|2|','0','0','0','2000','1','1')
INSERT INTO CategoriesModules (UniqueID,CatID,ModuleID) VALUES('190738591248446','928513391053354','37')
INSERT INTO CategoriesPortals (UniqueID,CatID,PortalID) VALUES('103042455574368','928513391053354','0')
INSERT INTO Categories (CatID,ListUnder,CategoryName,Description,Keywords,CatType,Moderator,AccessKeys,WriteKeys,SEODescription,SEOPageTitle,ManageKeys,AccessHide,WriteHide,ExcPortalSecurity,Weight,ShowList,Sharing) VALUES('193149732772165','0','Slovenian','','','','Moderator','|2|,|3|,|1|,|4|','|2|,|3|,|4|','','','|2|','0','0','0','2000','1','1')
INSERT INTO CategoriesModules (UniqueID,CatID,ModuleID) VALUES('531125873556858','193149732772165','37')
INSERT INTO CategoriesPortals (UniqueID,CatID,PortalID) VALUES('513712225201761','193149732772165','0')
INSERT INTO Categories (CatID,ListUnder,CategoryName,Description,Keywords,CatType,Moderator,AccessKeys,WriteKeys,SEODescription,SEOPageTitle,ManageKeys,AccessHide,WriteHide,ExcPortalSecurity,Weight,ShowList,Sharing) VALUES('131813207531821','0','Sociology','','','','Moderator','|2|,|3|,|1|,|4|','|2|,|3|,|4|','','','|2|','0','0','0','2000','1','1')
INSERT INTO CategoriesModules (UniqueID,CatID,ModuleID) VALUES('673296251684182','131813207531821','37')
INSERT INTO CategoriesPortals (UniqueID,CatID,PortalID) VALUES('605499855064278','131813207531821','0')
INSERT INTO Categories (CatID,ListUnder,CategoryName,Description,Keywords,CatType,Moderator,AccessKeys,WriteKeys,SEODescription,SEOPageTitle,ManageKeys,AccessHide,WriteHide,ExcPortalSecurity,Weight,ShowList,Sharing) VALUES('142119659996417','0','Spanish','','','','Moderator','|2|,|3|,|1|,|4|','|2|,|3|,|4|','','','|2|','0','0','0','2000','1','1')
INSERT INTO CategoriesModules (UniqueID,CatID,ModuleID) VALUES('154117316614995','142119659996417','37')
INSERT INTO CategoriesPortals (UniqueID,CatID,PortalID) VALUES('140411867034553','142119659996417','0')
INSERT INTO Categories (CatID,ListUnder,CategoryName,Description,Keywords,CatType,Moderator,AccessKeys,WriteKeys,SEODescription,SEOPageTitle,ManageKeys,AccessHide,WriteHide,ExcPortalSecurity,Weight,ShowList,Sharing) VALUES('977056102338314','0','Speech','','','','Moderator','|2|,|3|,|1|,|4|','|2|,|3|,|4|','','','|2|','0','0','0','2000','1','1')
INSERT INTO CategoriesModules (UniqueID,CatID,ModuleID) VALUES('716433975494458','977056102338314','37')
INSERT INTO CategoriesPortals (UniqueID,CatID,PortalID) VALUES('146167451869345','977056102338314','0')
INSERT INTO Categories (CatID,ListUnder,CategoryName,Description,Keywords,CatType,Moderator,AccessKeys,WriteKeys,SEODescription,SEOPageTitle,ManageKeys,AccessHide,WriteHide,ExcPortalSecurity,Weight,ShowList,Sharing) VALUES('966146233246477','0','Surgical Technology','','','','Moderator','|2|,|3|,|1|,|4|','|2|,|3|,|4|','','','|2|','0','0','0','2000','1','1')
INSERT INTO CategoriesModules (UniqueID,CatID,ModuleID) VALUES('163323189330581','966146233246477','37')
INSERT INTO CategoriesPortals (UniqueID,CatID,PortalID) VALUES('194511517197018','966146233246477','0')
INSERT INTO Categories (CatID,ListUnder,CategoryName,Description,Keywords,CatType,Moderator,AccessKeys,WriteKeys,SEODescription,SEOPageTitle,ManageKeys,AccessHide,WriteHide,ExcPortalSecurity,Weight,ShowList,Sharing) VALUES('148140629605624','0','Theatre','','','','Moderator','|2|,|3|,|1|,|4|','|2|,|3|,|4|','','','|2|','0','0','0','2000','1','1')
INSERT INTO CategoriesModules (UniqueID,CatID,ModuleID) VALUES('264085432557892','148140629605624','37')
INSERT INTO CategoriesPortals (UniqueID,CatID,PortalID) VALUES('119440319053483','148140629605624','0')
INSERT INTO Categories (CatID,ListUnder,CategoryName,Description,Keywords,CatType,Moderator,AccessKeys,WriteKeys,SEODescription,SEOPageTitle,ManageKeys,AccessHide,WriteHide,ExcPortalSecurity,Weight,ShowList,Sharing) VALUES('127898478492638','0','Travel and Tourism','','','','Moderator','|2|,|3|,|1|,|4|','|2|,|3|,|4|','','','|2|','0','0','0','2000','1','1')
INSERT INTO CategoriesModules (UniqueID,CatID,ModuleID) VALUES('202160664984192','127898478492638','37')
INSERT INTO CategoriesPortals (UniqueID,CatID,PortalID) VALUES('155978723642996','127898478492638','0')
INSERT INTO Categories (CatID,ListUnder,CategoryName,Description,Keywords,CatType,Moderator,AccessKeys,WriteKeys,SEODescription,SEOPageTitle,ManageKeys,AccessHide,WriteHide,ExcPortalSecurity,Weight,ShowList,Sharing) VALUES('827572880951547','0','Urban Studies','','','','Moderator','|2|,|3|,|1|,|4|','|2|,|3|,|4|','','','|2|','0','0','0','2000','1','1')
INSERT INTO CategoriesModules (UniqueID,CatID,ModuleID) VALUES('187446065094422','827572880951547','37')
INSERT INTO CategoriesPortals (UniqueID,CatID,PortalID) VALUES('112447277536865','827572880951547','0')
INSERT INTO Categories (CatID,ListUnder,CategoryName,Description,Keywords,CatType,Moderator,AccessKeys,WriteKeys,SEODescription,SEOPageTitle,ManageKeys,AccessHide,WriteHide,ExcPortalSecurity,Weight,ShowList,Sharing) VALUES('866383620955454','0','Wood Technologies','','','','Moderator','|2|,|3|,|1|,|4|','|2|,|3|,|4|','','','|2|','0','0','0','2000','1','1')
INSERT INTO CategoriesModules (UniqueID,CatID,ModuleID) VALUES('201347325725313','866383620955454','37')
INSERT INTO CategoriesPortals (UniqueID,CatID,PortalID) VALUES('126080282637042','866383620955454','0')
[[GO]]