INSERT INTO Categories (CatID,ListUnder,CategoryName,Description,Keywords,CatType,Moderator,AccessKeys,WriteKeys,SEODescription,SEOPageTitle,ManageKeys,AccessHide,WriteHide,ExcPortalSecurity,Weight,ShowList,Sharing) VALUES('978279651384074','183613075156714','Abuse','','','','Moderator','|2|,|3|,|1|,|4|','|2|,|3|,|4|','','','|2|','0','0','0','2000','1','1')
INSERT INTO CategoriesModules (UniqueID,CatID,ModuleID) VALUES('141697110463563','978279651384074','19')
INSERT INTO CategoriesPortals (UniqueID,CatID,PortalID) VALUES('611877176377137','978279651384074','0')
INSERT INTO Categories (CatID,ListUnder,CategoryName,Description,Keywords,CatType,Moderator,AccessKeys,WriteKeys,SEODescription,SEOPageTitle,ManageKeys,AccessHide,WriteHide,ExcPortalSecurity,Weight,ShowList,Sharing) VALUES('144236470152728','113151894273336','Access Providers','','','','Moderator','|2|,|3|,|1|,|4|','|2|,|3|,|4|','','','|2|','0','0','0','2000','1','1')
INSERT INTO CategoriesModules (UniqueID,CatID,ModuleID) VALUES('154331296503072','144236470152728','19')
INSERT INTO CategoriesPortals (UniqueID,CatID,PortalID) VALUES('762715518190476','144236470152728','0')
INSERT INTO Categories (CatID,ListUnder,CategoryName,Description,Keywords,CatType,Moderator,AccessKeys,WriteKeys,SEODescription,SEOPageTitle,ManageKeys,AccessHide,WriteHide,ExcPortalSecurity,Weight,ShowList,Sharing) VALUES('183249271920556','828577006965644','Accommodations','','','','Moderator','|2|,|3|,|1|,|4|','|2|,|3|,|4|','','','|2|','0','0','0','2000','1','1')
INSERT INTO CategoriesModules (UniqueID,CatID,ModuleID) VALUES('122166367025442','183249271920556','19')
INSERT INTO CategoriesPortals (UniqueID,CatID,PortalID) VALUES('110848870092702','183249271920556','0')
INSERT INTO Categories (CatID,ListUnder,CategoryName,Description,Keywords,CatType,Moderator,AccessKeys,WriteKeys,SEODescription,SEOPageTitle,ManageKeys,AccessHide,WriteHide,ExcPortalSecurity,Weight,ShowList,Sharing) VALUES('189716642335464','172065587414582','Accommodations','','','','Moderator','|2|,|3|,|1|,|4|','|2|,|3|,|4|','','','|2|','0','0','0','2000','1','1')
INSERT INTO CategoriesModules (UniqueID,CatID,ModuleID) VALUES('202574641774761','189716642335464','19')
INSERT INTO CategoriesPortals (UniqueID,CatID,PortalID) VALUES('938422474532749','189716642335464','0')
INSERT INTO Categories (CatID,ListUnder,CategoryName,Description,Keywords,CatType,Moderator,AccessKeys,WriteKeys,SEODescription,SEOPageTitle,ManageKeys,AccessHide,WriteHide,ExcPortalSecurity,Weight,ShowList,Sharing) VALUES('177688063113760','196992743979967','Accounting','','','','Moderator','|2|,|3|,|1|,|4|','|2|,|3|,|4|','','','|2|','0','0','0','2000','1','1')
INSERT INTO CategoriesModules (UniqueID,CatID,ModuleID) VALUES('132153940574660','177688063113760','19')
INSERT INTO CategoriesPortals (UniqueID,CatID,PortalID) VALUES('169843645735613','177688063113760','0')
INSERT INTO Categories (CatID,ListUnder,CategoryName,Description,Keywords,CatType,Moderator,AccessKeys,WriteKeys,SEODescription,SEOPageTitle,ManageKeys,AccessHide,WriteHide,ExcPortalSecurity,Weight,ShowList,Sharing) VALUES('108914635682713','673927313944867','Activism','','','','Moderator','|2|,|3|,|1|,|4|','|2|,|3|,|4|','','','|2|','0','0','0','2000','1','1')
INSERT INTO CategoriesModules (UniqueID,CatID,ModuleID) VALUES('194669666266246','108914635682713','19')
INSERT INTO CategoriesPortals (UniqueID,CatID,PortalID) VALUES('156475585480148','108914635682713','0')
INSERT INTO Categories (CatID,ListUnder,CategoryName,Description,Keywords,CatType,Moderator,AccessKeys,WriteKeys,SEODescription,SEOPageTitle,ManageKeys,AccessHide,WriteHide,ExcPortalSecurity,Weight,ShowList,Sharing) VALUES('116195634152458','208328939962424','Actors','','','','Moderator','|2|,|3|,|1|,|4|','|2|,|3|,|4|','','','|2|','0','0','0','2000','1','1')
INSERT INTO CategoriesModules (UniqueID,CatID,ModuleID) VALUES('142039800803485','116195634152458','19')
INSERT INTO CategoriesPortals (UniqueID,CatID,PortalID) VALUES('536674419335004','116195634152458','0')
INSERT INTO Categories (CatID,ListUnder,CategoryName,Description,Keywords,CatType,Moderator,AccessKeys,WriteKeys,SEODescription,SEOPageTitle,ManageKeys,AccessHide,WriteHide,ExcPortalSecurity,Weight,ShowList,Sharing) VALUES('188692526530242','316246332495564','Adult Education','','','','Moderator','|2|,|3|,|1|,|4|','|2|,|3|,|4|','','','|2|','0','0','0','2000','1','1')
INSERT INTO CategoriesModules (UniqueID,CatID,ModuleID) VALUES('118358045219776','188692526530242','19')
INSERT INTO CategoriesPortals (UniqueID,CatID,PortalID) VALUES('702934870218359','188692526530242','0')
INSERT INTO Categories (CatID,ListUnder,CategoryName,Description,Keywords,CatType,Moderator,AccessKeys,WriteKeys,SEODescription,SEOPageTitle,ManageKeys,AccessHide,WriteHide,ExcPortalSecurity,Weight,ShowList,Sharing) VALUES('567051372351840','137301753284712','Adventure Racing','','','','Moderator','|2|,|3|,|1|,|4|','|2|,|3|,|4|','','','|2|','0','0','0','2000','1','1')
INSERT INTO CategoriesModules (UniqueID,CatID,ModuleID) VALUES('871713945377388','567051372351840','19')
INSERT INTO CategoriesPortals (UniqueID,CatID,PortalID) VALUES('200702108363574','567051372351840','0')
INSERT INTO Categories (CatID,ListUnder,CategoryName,Description,Keywords,CatType,Moderator,AccessKeys,WriteKeys,SEODescription,SEOPageTitle,ManageKeys,AccessHide,WriteHide,ExcPortalSecurity,Weight,ShowList,Sharing) VALUES('729748172663007','202999822552781','Advice','','','','Moderator','|2|,|3|,|1|,|4|','|2|,|3|,|4|','','','|2|','0','0','0','2000','1','1')
INSERT INTO CategoriesModules (UniqueID,CatID,ModuleID) VALUES('196717503948827','729748172663007','19')
INSERT INTO CategoriesPortals (UniqueID,CatID,PortalID) VALUES('108674298483115','729748172663007','0')
INSERT INTO Categories (CatID,ListUnder,CategoryName,Description,Keywords,CatType,Moderator,AccessKeys,WriteKeys,SEODescription,SEOPageTitle,ManageKeys,AccessHide,WriteHide,ExcPortalSecurity,Weight,ShowList,Sharing) VALUES('791514232252689','673927313944867','Advice','','','','Moderator','|2|,|3|,|1|,|4|','|2|,|3|,|4|','','','|2|','0','0','0','2000','1','1')
INSERT INTO CategoriesModules (UniqueID,CatID,ModuleID) VALUES('645008965366082','791514232252689','19')
INSERT INTO CategoriesPortals (UniqueID,CatID,PortalID) VALUES('372331169453220','791514232252689','0')
INSERT INTO Categories (CatID,ListUnder,CategoryName,Description,Keywords,CatType,Moderator,AccessKeys,WriteKeys,SEODescription,SEOPageTitle,ManageKeys,AccessHide,WriteHide,ExcPortalSecurity,Weight,ShowList,Sharing) VALUES('207620130968546','196992743979967','Aerospace and Defense','','','','Moderator','|2|,|3|,|1|,|4|','|2|,|3|,|4|','','','|2|','0','0','0','2000','1','1')
INSERT INTO CategoriesModules (UniqueID,CatID,ModuleID) VALUES('953271587572520','207620130968546','19')
INSERT INTO CategoriesPortals (UniqueID,CatID,PortalID) VALUES('204140587813434','207620130968546','0')
INSERT INTO Categories (CatID,ListUnder,CategoryName,Description,Keywords,CatType,Moderator,AccessKeys,WriteKeys,SEODescription,SEOPageTitle,ManageKeys,AccessHide,WriteHide,ExcPortalSecurity,Weight,ShowList,Sharing) VALUES('197820034374172','187229545352848','Agriculture','','','','Moderator','|2|,|3|,|1|,|4|','|2|,|3|,|4|','','','|2|','0','0','0','2000','1','1')
INSERT INTO CategoriesModules (UniqueID,CatID,ModuleID) VALUES('116937174253186','197820034374172','19')
INSERT INTO CategoriesPortals (UniqueID,CatID,PortalID) VALUES('214439805588818','197820034374172','0')
INSERT INTO Categories (CatID,ListUnder,CategoryName,Description,Keywords,CatType,Moderator,AccessKeys,WriteKeys,SEODescription,SEOPageTitle,ManageKeys,AccessHide,WriteHide,ExcPortalSecurity,Weight,ShowList,Sharing) VALUES('151903891607376','116195634152458','Agriculture','','','','Moderator','|2|,|3|,|1|,|4|','|2|,|3|,|4|','','','|2|','0','0','0','2000','1','1')
INSERT INTO CategoriesModules (UniqueID,CatID,ModuleID) VALUES('519102960321999','151903891607376','19')
INSERT INTO CategoriesPortals (UniqueID,CatID,PortalID) VALUES('103422531019455','151903891607376','0')
INSERT INTO Categories (CatID,ListUnder,CategoryName,Description,Keywords,CatType,Moderator,AccessKeys,WriteKeys,SEODescription,SEOPageTitle,ManageKeys,AccessHide,WriteHide,ExcPortalSecurity,Weight,ShowList,Sharing) VALUES('549136257752284','196992743979967','Agriculture and Forestry','','','','Moderator','|2|,|3|,|1|,|4|','|2|,|3|,|4|','','','|2|','0','0','0','2000','1','1')
INSERT INTO CategoriesModules (UniqueID,CatID,ModuleID) VALUES('141178563617548','549136257752284','19')
INSERT INTO CategoriesPortals (UniqueID,CatID,PortalID) VALUES('597790822758094','549136257752284','0')
INSERT INTO Categories (CatID,ListUnder,CategoryName,Description,Keywords,CatType,Moderator,AccessKeys,WriteKeys,SEODescription,SEOPageTitle,ManageKeys,AccessHide,WriteHide,ExcPortalSecurity,Weight,ShowList,Sharing) VALUES('907331067974467','206453636137885','AI - Artificial Intelligence','','','','Moderator','|2|,|3|,|1|,|4|','|2|,|3|,|4|','','','|2|','0','0','0','2000','1','1')
INSERT INTO CategoriesModules (UniqueID,CatID,ModuleID) VALUES('149752390466536','907331067974467','19')
INSERT INTO CategoriesPortals (UniqueID,CatID,PortalID) VALUES('164326984015366','907331067974467','0')
INSERT INTO Categories (CatID,ListUnder,CategoryName,Description,Keywords,CatType,Moderator,AccessKeys,WriteKeys,SEODescription,SEOPageTitle,ManageKeys,AccessHide,WriteHide,ExcPortalSecurity,Weight,ShowList,Sharing) VALUES('529890198891763','172065587414582','Air Flights','','','','Moderator','|2|,|3|,|1|,|4|','|2|,|3|,|4|','','','|2|','0','0','0','2000','1','1')
INSERT INTO CategoriesModules (UniqueID,CatID,ModuleID) VALUES('101097477955736','529890198891763','19')
INSERT INTO CategoriesPortals (UniqueID,CatID,PortalID) VALUES('507843175343558','529890198891763','0')
INSERT INTO Categories (CatID,ListUnder,CategoryName,Description,Keywords,CatType,Moderator,AccessKeys,WriteKeys,SEODescription,SEOPageTitle,ManageKeys,AccessHide,WriteHide,ExcPortalSecurity,Weight,ShowList,Sharing) VALUES('159281587388698','206453636137885','Algorithms','','','','Moderator','|2|,|3|,|1|,|4|','|2|,|3|,|4|','','','|2|','0','0','0','2000','1','1')
INSERT INTO CategoriesModules (UniqueID,CatID,ModuleID) VALUES('171390506984296','159281587388698','19')
INSERT INTO CategoriesPortals (UniqueID,CatID,PortalID) VALUES('318150741344065','159281587388698','0')
INSERT INTO Categories (CatID,ListUnder,CategoryName,Description,Keywords,CatType,Moderator,AccessKeys,WriteKeys,SEODescription,SEOPageTitle,ManageKeys,AccessHide,WriteHide,ExcPortalSecurity,Weight,ShowList,Sharing) VALUES('198909235636821','199386689783970','Almanacs','','','','Moderator','|2|,|3|,|1|,|4|','|2|,|3|,|4|','','','|2|','0','0','0','2000','1','1')
INSERT INTO CategoriesModules (UniqueID,CatID,ModuleID) VALUES('156605609522393','198909235636821','19')
INSERT INTO CategoriesPortals (UniqueID,CatID,PortalID) VALUES('354050290611763','198909235636821','0')
INSERT INTO Categories (CatID,ListUnder,CategoryName,Description,Keywords,CatType,Moderator,AccessKeys,WriteKeys,SEODescription,SEOPageTitle,ManageKeys,AccessHide,WriteHide,ExcPortalSecurity,Weight,ShowList,Sharing) VALUES('180109216764180','0','Alternative','','','','Moderator','|2|,|3|,|1|,|4|','|2|,|3|,|4|','','','|2|','0','0','0','2000','1','1')
INSERT INTO CategoriesModules (UniqueID,CatID,ModuleID) VALUES('138490660184206','180109216764180','19')
INSERT INTO CategoriesPortals (UniqueID,CatID,PortalID) VALUES('121697507225880','180109216764180','0')
INSERT INTO Categories (CatID,ListUnder,CategoryName,Description,Keywords,CatType,Moderator,AccessKeys,WriteKeys,SEODescription,SEOPageTitle,ManageKeys,AccessHide,WriteHide,ExcPortalSecurity,Weight,ShowList,Sharing) VALUES('112432622985128','291790306797482','Alternative Fuel','','','','Moderator','|2|,|3|,|1|,|4|','|2|,|3|,|4|','','','|2|','0','0','0','2000','1','1')
INSERT INTO CategoriesModules (UniqueID,CatID,ModuleID) VALUES('846223525113782','112432622985128','19')
INSERT INTO CategoriesPortals (UniqueID,CatID,PortalID) VALUES('152488187557839','112432622985128','0')
INSERT INTO Categories (CatID,ListUnder,CategoryName,Description,Keywords,CatType,Moderator,AccessKeys,WriteKeys,SEODescription,SEOPageTitle,ManageKeys,AccessHide,WriteHide,ExcPortalSecurity,Weight,ShowList,Sharing) VALUES('347841284417238','107462925193527','Alternative Lifestyle','','','','Moderator','|2|,|3|,|1|,|4|','|2|,|3|,|4|','','','|2|','0','0','0','2000','1','1')
INSERT INTO CategoriesModules (UniqueID,CatID,ModuleID) VALUES('164507669938062','347841284417238','19')
INSERT INTO CategoriesPortals (UniqueID,CatID,PortalID) VALUES('116697127983435','347841284417238','0')
INSERT INTO Categories (CatID,ListUnder,CategoryName,Description,Keywords,CatType,Moderator,AccessKeys,WriteKeys,SEODescription,SEOPageTitle,ManageKeys,AccessHide,WriteHide,ExcPortalSecurity,Weight,ShowList,Sharing) VALUES('140250193972385','108351767413623','Analysis and Opinion','','','','Moderator','|2|,|3|,|1|,|4|','|2|,|3|,|4|','','','|2|','0','0','0','2000','1','1')
INSERT INTO CategoriesModules (UniqueID,CatID,ModuleID) VALUES('361831472351224','140250193972385','19')
INSERT INTO CategoriesPortals (UniqueID,CatID,PortalID) VALUES('142250195443682','140250193972385','0')
INSERT INTO Categories (CatID,ListUnder,CategoryName,Description,Keywords,CatType,Moderator,AccessKeys,WriteKeys,SEODescription,SEOPageTitle,ManageKeys,AccessHide,WriteHide,ExcPortalSecurity,Weight,ShowList,Sharing) VALUES('434795696794718','0','Animals and Pets','','','','Moderator','|2|,|3|,|1|,|4|','|2|,|3|,|4|','','','|2|','0','0','0','2000','1','1')
INSERT INTO CategoriesModules (UniqueID,CatID,ModuleID) VALUES('888509525474135','434795696794718','19')
INSERT INTO CategoriesPortals (UniqueID,CatID,PortalID) VALUES('171994214794073','434795696794718','0')
INSERT INTO Categories (CatID,ListUnder,CategoryName,Description,Keywords,CatType,Moderator,AccessKeys,WriteKeys,SEODescription,SEOPageTitle,ManageKeys,AccessHide,WriteHide,ExcPortalSecurity,Weight,ShowList,Sharing) VALUES('202422225825693','208328939962424','Animation','','','','Moderator','|2|,|3|,|1|,|4|','|2|,|3|,|4|','','','|2|','0','0','0','2000','1','1')
INSERT INTO CategoriesModules (UniqueID,CatID,ModuleID) VALUES('295502984161617','202422225825693','19')
INSERT INTO CategoriesPortals (UniqueID,CatID,PortalID) VALUES('179771083557928','202422225825693','0')
INSERT INTO Categories (CatID,ListUnder,CategoryName,Description,Keywords,CatType,Moderator,AccessKeys,WriteKeys,SEODescription,SEOPageTitle,ManageKeys,AccessHide,WriteHide,ExcPortalSecurity,Weight,ShowList,Sharing) VALUES('176986628232017','116195634152458','Anomalies and Alternative Science','','','','Moderator','|2|,|3|,|1|,|4|','|2|,|3|,|4|','','','|2|','0','0','0','2000','1','1')
INSERT INTO CategoriesModules (UniqueID,CatID,ModuleID) VALUES('419637923472159','176986628232017','19')
INSERT INTO CategoriesPortals (UniqueID,CatID,PortalID) VALUES('508509343679827','176986628232017','0')
INSERT INTO Categories (CatID,ListUnder,CategoryName,Description,Keywords,CatType,Moderator,AccessKeys,WriteKeys,SEODescription,SEOPageTitle,ManageKeys,AccessHide,WriteHide,ExcPortalSecurity,Weight,ShowList,Sharing) VALUES('208719477521163','187229545352848','Anomalies and Alternative Science','','','','Moderator','|2|,|3|,|1|,|4|','|2|,|3|,|4|','','','|2|','0','0','0','2000','1','1')
INSERT INTO CategoriesModules (UniqueID,CatID,ModuleID) VALUES('204593696243312','208719477521163','19')
INSERT INTO CategoriesPortals (UniqueID,CatID,PortalID) VALUES('711043803685720','208719477521163','0')
INSERT INTO Categories (CatID,ListUnder,CategoryName,Description,Keywords,CatType,Moderator,AccessKeys,WriteKeys,SEODescription,SEOPageTitle,ManageKeys,AccessHide,WriteHide,ExcPortalSecurity,Weight,ShowList,Sharing) VALUES('182309733971321','828577006965644','Antiques','','','','Moderator','|2|,|3|,|1|,|4|','|2|,|3|,|4|','','','|2|','0','0','0','2000','1','1')
INSERT INTO CategoriesModules (UniqueID,CatID,ModuleID) VALUES('262038476863518','182309733971321','19')
INSERT INTO CategoriesPortals (UniqueID,CatID,PortalID) VALUES('176225904853228','182309733971321','0')
INSERT INTO Categories (CatID,ListUnder,CategoryName,Description,Keywords,CatType,Moderator,AccessKeys,WriteKeys,SEODescription,SEOPageTitle,ManageKeys,AccessHide,WriteHide,ExcPortalSecurity,Weight,ShowList,Sharing) VALUES('505222008384356','185002260738668','Antiques and Collectibles','','','','Moderator','|2|,|3|,|1|,|4|','|2|,|3|,|4|','','','|2|','0','0','0','2000','1','1')
INSERT INTO CategoriesModules (UniqueID,CatID,ModuleID) VALUES('168136706971667','505222008384356','19')
INSERT INTO CategoriesPortals (UniqueID,CatID,PortalID) VALUES('206557548969733','505222008384356','0')
INSERT INTO Categories (CatID,ListUnder,CategoryName,Description,Keywords,CatType,Moderator,AccessKeys,WriteKeys,SEODescription,SEOPageTitle,ManageKeys,AccessHide,WriteHide,ExcPortalSecurity,Weight,ShowList,Sharing) VALUES('299987741066466','183613075156714','Apartment Living','','','','Moderator','|2|,|3|,|1|,|4|','|2|,|3|,|4|','','','|2|','0','0','0','2000','1','1')
INSERT INTO CategoriesModules (UniqueID,CatID,ModuleID) VALUES('209915632978119','299987741066466','19')
INSERT INTO CategoriesPortals (UniqueID,CatID,PortalID) VALUES('182980129922512','299987741066466','0')
INSERT INTO Categories (CatID,ListUnder,CategoryName,Description,Keywords,CatType,Moderator,AccessKeys,WriteKeys,SEODescription,SEOPageTitle,ManageKeys,AccessHide,WriteHide,ExcPortalSecurity,Weight,ShowList,Sharing) VALUES('915232977124721','178184256263312','Appraisers & Consultants','','','','Moderator','|2|,|3|,|1|,|4|','|2|,|3|,|4|','','','|2|','0','0','0','2000','1','1')
INSERT INTO CategoriesModules (UniqueID,CatID,ModuleID) VALUES('829800970507148','915232977124721','19')
INSERT INTO CategoriesPortals (UniqueID,CatID,PortalID) VALUES('218979806778366','915232977124721','0')
INSERT INTO Categories (CatID,ListUnder,CategoryName,Description,Keywords,CatType,Moderator,AccessKeys,WriteKeys,SEODescription,SEOPageTitle,ManageKeys,AccessHide,WriteHide,ExcPortalSecurity,Weight,ShowList,Sharing) VALUES('200037832485718','137301753284712','Archery','','','','Moderator','|2|,|3|,|1|,|4|','|2|,|3|,|4|','','','|2|','0','0','0','2000','1','1')
INSERT INTO CategoriesModules (UniqueID,CatID,ModuleID) VALUES('171914819717074','200037832485718','19')
INSERT INTO CategoriesPortals (UniqueID,CatID,PortalID) VALUES('108835037878793','200037832485718','0')
INSERT INTO Categories (CatID,ListUnder,CategoryName,Description,Keywords,CatType,Moderator,AccessKeys,WriteKeys,SEODescription,SEOPageTitle,ManageKeys,AccessHide,WriteHide,ExcPortalSecurity,Weight,ShowList,Sharing) VALUES('194722503051695','208328939962424','Architecture','','','','Moderator','|2|,|3|,|1|,|4|','|2|,|3|,|4|','','','|2|','0','0','0','2000','1','1')
INSERT INTO CategoriesModules (UniqueID,CatID,ModuleID) VALUES('868617256705745','194722503051695','19')
INSERT INTO CategoriesPortals (UniqueID,CatID,PortalID) VALUES('142968851259711','194722503051695','0')
INSERT INTO Categories (CatID,ListUnder,CategoryName,Description,Keywords,CatType,Moderator,AccessKeys,WriteKeys,SEODescription,SEOPageTitle,ManageKeys,AccessHide,WriteHide,ExcPortalSecurity,Weight,ShowList,Sharing) VALUES('197550832728658','199386689783970','Archives','','','','Moderator','|2|,|3|,|1|,|4|','|2|,|3|,|4|','','','|2|','0','0','0','2000','1','1')
INSERT INTO CategoriesModules (UniqueID,CatID,ModuleID) VALUES('322271624724722','197550832728658','19')
INSERT INTO CategoriesPortals (UniqueID,CatID,PortalID) VALUES('167040955250647','197550832728658','0')
INSERT INTO Categories (CatID,ListUnder,CategoryName,Description,Keywords,CatType,Moderator,AccessKeys,WriteKeys,SEODescription,SEOPageTitle,ManageKeys,AccessHide,WriteHide,ExcPortalSecurity,Weight,ShowList,Sharing) VALUES('664135025325565','113209343573435','Argentina','','','','Moderator','|2|,|3|,|1|,|4|','|2|,|3|,|4|','','','|2|','0','0','0','2000','1','1')
INSERT INTO CategoriesModules (UniqueID,CatID,ModuleID) VALUES('103885279894615','664135025325565','19')
INSERT INTO CategoriesPortals (UniqueID,CatID,PortalID) VALUES('177224374634048','664135025325565','0')
INSERT INTO Categories (CatID,ListUnder,CategoryName,Description,Keywords,CatType,Moderator,AccessKeys,WriteKeys,SEODescription,SEOPageTitle,ManageKeys,AccessHide,WriteHide,ExcPortalSecurity,Weight,ShowList,Sharing) VALUES('380584458627780','208328939962424','Art History','','','','Moderator','|2|,|3|,|1|,|4|','|2|,|3|,|4|','','','|2|','0','0','0','2000','1','1')
INSERT INTO CategoriesModules (UniqueID,CatID,ModuleID) VALUES('814693977296162','380584458627780','19')
INSERT INTO CategoriesPortals (UniqueID,CatID,PortalID) VALUES('211045451359268','380584458627780','0')
INSERT INTO Categories (CatID,ListUnder,CategoryName,Description,Keywords,CatType,Moderator,AccessKeys,WriteKeys,SEODescription,SEOPageTitle,ManageKeys,AccessHide,WriteHide,ExcPortalSecurity,Weight,ShowList,Sharing) VALUES('176955714517398','113151894273336','Article Directory','','','','Moderator','|2|,|3|,|1|,|4|','|2|,|3|,|4|','','','|2|','0','0','0','2000','1','1')
INSERT INTO CategoriesModules (UniqueID,CatID,ModuleID) VALUES('152068257681671','176955714517398','19')
INSERT INTO CategoriesPortals (UniqueID,CatID,PortalID) VALUES('393725511957865','176955714517398','0')
INSERT INTO Categories (CatID,ListUnder,CategoryName,Description,Keywords,CatType,Moderator,AccessKeys,WriteKeys,SEODescription,SEOPageTitle,ManageKeys,AccessHide,WriteHide,ExcPortalSecurity,Weight,ShowList,Sharing) VALUES('125115914031587','208328939962424','Artists','','','','Moderator','|2|,|3|,|1|,|4|','|2|,|3|,|4|','','','|2|','0','0','0','2000','1','1')
INSERT INTO CategoriesModules (UniqueID,CatID,ModuleID) VALUES('172439436644115','125115914031587','19')
INSERT INTO CategoriesPortals (UniqueID,CatID,PortalID) VALUES('359298552124656','125115914031587','0')
INSERT INTO Categories (CatID,ListUnder,CategoryName,Description,Keywords,CatType,Moderator,AccessKeys,WriteKeys,SEODescription,SEOPageTitle,ManageKeys,AccessHide,WriteHide,ExcPortalSecurity,Weight,ShowList,Sharing) VALUES('252481429464368','196992743979967','Arts and Entertainment','','','','Moderator','|2|,|3|,|1|,|4|','|2|,|3|,|4|','','','|2|','0','0','0','2000','1','1')
INSERT INTO CategoriesModules (UniqueID,CatID,ModuleID) VALUES('502493069787311','252481429464368','19')
INSERT INTO CategoriesPortals (UniqueID,CatID,PortalID) VALUES('191166959836444','252481429464368','0')
INSERT INTO Categories (CatID,ListUnder,CategoryName,Description,Keywords,CatType,Moderator,AccessKeys,WriteKeys,SEODescription,SEOPageTitle,ManageKeys,AccessHide,WriteHide,ExcPortalSecurity,Weight,ShowList,Sharing) VALUES('208328939962424','0','Arts and Humanities','','','','Moderator','|2|,|3|,|1|,|4|','|2|,|3|,|4|','','','|2|','0','0','0','2000','1','1')
INSERT INTO CategoriesModules (UniqueID,CatID,ModuleID) VALUES('143899642322527','208328939962424','19')
INSERT INTO CategoriesPortals (UniqueID,CatID,PortalID) VALUES('177443106008374','208328939962424','0')
INSERT INTO Categories (CatID,ListUnder,CategoryName,Description,Keywords,CatType,Moderator,AccessKeys,WriteKeys,SEODescription,SEOPageTitle,ManageKeys,AccessHide,WriteHide,ExcPortalSecurity,Weight,ShowList,Sharing) VALUES('492601893870521','199386689783970','Ask an Expert','','','','Moderator','|2|,|3|,|1|,|4|','|2|,|3|,|4|','','','|2|','0','0','0','2000','1','1')
INSERT INTO CategoriesModules (UniqueID,CatID,ModuleID) VALUES('199027827891799','492601893870521','19')
INSERT INTO CategoriesPortals (UniqueID,CatID,PortalID) VALUES('171132559225745','492601893870521','0')
INSERT INTO Categories (CatID,ListUnder,CategoryName,Description,Keywords,CatType,Moderator,AccessKeys,WriteKeys,SEODescription,SEOPageTitle,ManageKeys,AccessHide,WriteHide,ExcPortalSecurity,Weight,ShowList,Sharing) VALUES('498324464493663','196992743979967','Associations','','','','Moderator','|2|,|3|,|1|,|4|','|2|,|3|,|4|','','','|2|','0','0','0','2000','1','1')
INSERT INTO CategoriesModules (UniqueID,CatID,ModuleID) VALUES('948862735813835','498324464493663','19')
INSERT INTO CategoriesPortals (UniqueID,CatID,PortalID) VALUES('908878420489979','498324464493663','0')
INSERT INTO Categories (CatID,ListUnder,CategoryName,Description,Keywords,CatType,Moderator,AccessKeys,WriteKeys,SEODescription,SEOPageTitle,ManageKeys,AccessHide,WriteHide,ExcPortalSecurity,Weight,ShowList,Sharing) VALUES('271407899451303','116195634152458','Astronomy','','','','Moderator','|2|,|3|,|1|,|4|','|2|,|3|,|4|','','','|2|','0','0','0','2000','1','1')
INSERT INTO CategoriesModules (UniqueID,CatID,ModuleID) VALUES('896030597149854','271407899451303','19')
INSERT INTO CategoriesPortals (UniqueID,CatID,PortalID) VALUES('764759462044575','271407899451303','0')
INSERT INTO Categories (CatID,ListUnder,CategoryName,Description,Keywords,CatType,Moderator,AccessKeys,WriteKeys,SEODescription,SEOPageTitle,ManageKeys,AccessHide,WriteHide,ExcPortalSecurity,Weight,ShowList,Sharing) VALUES('206484586761567','187229545352848','Astronomy','','','','Moderator','|2|,|3|,|1|,|4|','|2|,|3|,|4|','','','|2|','0','0','0','2000','1','1')
INSERT INTO CategoriesModules (UniqueID,CatID,ModuleID) VALUES('195798023268176','206484586761567','19')
INSERT INTO CategoriesPortals (UniqueID,CatID,PortalID) VALUES('135697631412521','206484586761567','0')
INSERT INTO Categories (CatID,ListUnder,CategoryName,Description,Keywords,CatType,Moderator,AccessKeys,WriteKeys,SEODescription,SEOPageTitle,ManageKeys,AccessHide,WriteHide,ExcPortalSecurity,Weight,ShowList,Sharing) VALUES('647112635724996','196992743979967','Attorneys','','','','Moderator','|2|,|3|,|1|,|4|','|2|,|3|,|4|','','','|2|','0','0','0','2000','1','1')
INSERT INTO CategoriesModules (UniqueID,CatID,ModuleID) VALUES('195484996534676','647112635724996','19')
INSERT INTO CategoriesPortals (UniqueID,CatID,PortalID) VALUES('153290669456415','647112635724996','0')
INSERT INTO Categories (CatID,ListUnder,CategoryName,Description,Keywords,CatType,Moderator,AccessKeys,WriteKeys,SEODescription,SEOPageTitle,ManageKeys,AccessHide,WriteHide,ExcPortalSecurity,Weight,ShowList,Sharing) VALUES('206614547902781','172065587414582','Attractions','','','','Moderator','|2|,|3|,|1|,|4|','|2|,|3|,|4|','','','|2|','0','0','0','2000','1','1')
INSERT INTO CategoriesModules (UniqueID,CatID,ModuleID) VALUES('172954006443289','206614547902781','19')
INSERT INTO CategoriesPortals (UniqueID,CatID,PortalID) VALUES('990539319378676','206614547902781','0')
INSERT INTO Categories (CatID,ListUnder,CategoryName,Description,Keywords,CatType,Moderator,AccessKeys,WriteKeys,SEODescription,SEOPageTitle,ManageKeys,AccessHide,WriteHide,ExcPortalSecurity,Weight,ShowList,Sharing) VALUES('105990376179120','185002260738668','Auctions','','','','Moderator','|2|,|3|,|1|,|4|','|2|,|3|,|4|','','','|2|','0','0','0','2000','1','1')
INSERT INTO CategoriesModules (UniqueID,CatID,ModuleID) VALUES('148502765870560','105990376179120','19')
INSERT INTO CategoriesPortals (UniqueID,CatID,PortalID) VALUES('127947687895644','105990376179120','0')
INSERT INTO Categories (CatID,ListUnder,CategoryName,Description,Keywords,CatType,Moderator,AccessKeys,WriteKeys,SEODescription,SEOPageTitle,ManageKeys,AccessHide,WriteHide,ExcPortalSecurity,Weight,ShowList,Sharing) VALUES('398103309016922','828577006965644','Audio','','','','Moderator','|2|,|3|,|1|,|4|','|2|,|3|,|4|','','','|2|','0','0','0','2000','1','1')
INSERT INTO CategoriesModules (UniqueID,CatID,ModuleID) VALUES('205011470257164','398103309016922','19')
INSERT INTO CategoriesPortals (UniqueID,CatID,PortalID) VALUES('708662141437190','398103309016922','0')
INSERT INTO Categories (CatID,ListUnder,CategoryName,Description,Keywords,CatType,Moderator,AccessKeys,WriteKeys,SEODescription,SEOPageTitle,ManageKeys,AccessHide,WriteHide,ExcPortalSecurity,Weight,ShowList,Sharing) VALUES('983537374561418','291790306797482','Audio, Video & Alarms','','','','Moderator','|2|,|3|,|1|,|4|','|2|,|3|,|4|','','','|2|','0','0','0','2000','1','1')
INSERT INTO CategoriesModules (UniqueID,CatID,ModuleID) VALUES('138365707636905','983537374561418','19')
INSERT INTO CategoriesPortals (UniqueID,CatID,PortalID) VALUES('718267008301369','983537374561418','0')
INSERT INTO Categories (CatID,ListUnder,CategoryName,Description,Keywords,CatType,Moderator,AccessKeys,WriteKeys,SEODescription,SEOPageTitle,ManageKeys,AccessHide,WriteHide,ExcPortalSecurity,Weight,ShowList,Sharing) VALUES('462200911384598','113209343573435','Australia','','','','Moderator','|2|,|3|,|1|,|4|','|2|,|3|,|4|','','','|2|','0','0','0','2000','1','1')
INSERT INTO CategoriesModules (UniqueID,CatID,ModuleID) VALUES('158869959272867','462200911384598','19')
INSERT INTO CategoriesPortals (UniqueID,CatID,PortalID) VALUES('194954116725412','462200911384598','0')
INSERT INTO Categories (CatID,ListUnder,CategoryName,Description,Keywords,CatType,Moderator,AccessKeys,WriteKeys,SEODescription,SEOPageTitle,ManageKeys,AccessHide,WriteHide,ExcPortalSecurity,Weight,ShowList,Sharing) VALUES('291790306797482','0','Automotive','','','','Moderator','|2|,|3|,|1|,|4|','|2|,|3|,|4|','','','|2|','0','0','0','2000','1','1')
INSERT INTO CategoriesModules (UniqueID,CatID,ModuleID) VALUES('176455264883481','291790306797482','19')
INSERT INTO CategoriesPortals (UniqueID,CatID,PortalID) VALUES('126637137405220','291790306797482','0')
INSERT INTO Categories (CatID,ListUnder,CategoryName,Description,Keywords,CatType,Moderator,AccessKeys,WriteKeys,SEODescription,SEOPageTitle,ManageKeys,AccessHide,WriteHide,ExcPortalSecurity,Weight,ShowList,Sharing) VALUES('904320499425411','196992743979967','Automotive','','','','Moderator','|2|,|3|,|1|,|4|','|2|,|3|,|4|','','','|2|','0','0','0','2000','1','1')
INSERT INTO CategoriesModules (UniqueID,CatID,ModuleID) VALUES('352276487938571','904320499425411','19')
INSERT INTO CategoriesPortals (UniqueID,CatID,PortalID) VALUES('150177918269284','904320499425411','0')
INSERT INTO Categories (CatID,ListUnder,CategoryName,Description,Keywords,CatType,Moderator,AccessKeys,WriteKeys,SEODescription,SEOPageTitle,ManageKeys,AccessHide,WriteHide,ExcPortalSecurity,Weight,ShowList,Sharing) VALUES('109639466990884','185002260738668','Automotive','','','','Moderator','|2|,|3|,|1|,|4|','|2|,|3|,|4|','','','|2|','0','0','0','2000','1','1')
INSERT INTO CategoriesModules (UniqueID,CatID,ModuleID) VALUES('205869580924224','109639466990884','19')
INSERT INTO CategoriesPortals (UniqueID,CatID,PortalID) VALUES('346550448535558','109639466990884','0')
INSERT INTO Categories (CatID,ListUnder,CategoryName,Description,Keywords,CatType,Moderator,AccessKeys,WriteKeys,SEODescription,SEOPageTitle,ManageKeys,AccessHide,WriteHide,ExcPortalSecurity,Weight,ShowList,Sharing) VALUES('568935199336454','291790306797482','Automotive Parts','','','','Moderator','|2|,|3|,|1|,|4|','|2|,|3|,|4|','','','|2|','0','0','0','2000','1','1')
INSERT INTO CategoriesModules (UniqueID,CatID,ModuleID) VALUES('137287577086672','568935199336454','19')
INSERT INTO CategoriesPortals (UniqueID,CatID,PortalID) VALUES('167022081467392','568935199336454','0')
INSERT INTO Categories (CatID,ListUnder,CategoryName,Description,Keywords,CatType,Moderator,AccessKeys,WriteKeys,SEODescription,SEOPageTitle,ManageKeys,AccessHide,WriteHide,ExcPortalSecurity,Weight,ShowList,Sharing) VALUES('158904862883711','291790306797482','Automotive Transport','','','','Moderator','|2|,|3|,|1|,|4|','|2|,|3|,|4|','','','|2|','0','0','0','2000','1','1')
INSERT INTO CategoriesModules (UniqueID,CatID,ModuleID) VALUES('113263327665894','158904862883711','19')
INSERT INTO CategoriesPortals (UniqueID,CatID,PortalID) VALUES('931155304418873','158904862883711','0')
INSERT INTO Categories (CatID,ListUnder,CategoryName,Description,Keywords,CatType,Moderator,AccessKeys,WriteKeys,SEODescription,SEOPageTitle,ManageKeys,AccessHide,WriteHide,ExcPortalSecurity,Weight,ShowList,Sharing) VALUES('143543378396597','828577006965644','Autos','','','','Moderator','|2|,|3|,|1|,|4|','|2|,|3|,|4|','','','|2|','0','0','0','2000','1','1')
INSERT INTO CategoriesModules (UniqueID,CatID,ModuleID) VALUES('200436969008876','143543378396597','19')
INSERT INTO CategoriesPortals (UniqueID,CatID,PortalID) VALUES('916511114232194','143543378396597','0')
INSERT INTO Categories (CatID,ListUnder,CategoryName,Description,Keywords,CatType,Moderator,AccessKeys,WriteKeys,SEODescription,SEOPageTitle,ManageKeys,AccessHide,WriteHide,ExcPortalSecurity,Weight,ShowList,Sharing) VALUES('169239157597358','828577006965644','Aviation','','','','Moderator','|2|,|3|,|1|,|4|','|2|,|3|,|4|','','','|2|','0','0','0','2000','1','1')
INSERT INTO CategoriesModules (UniqueID,CatID,ModuleID) VALUES('104420072666145','169239157597358','19')
INSERT INTO CategoriesPortals (UniqueID,CatID,PortalID) VALUES('957815039215198','169239157597358','0')
INSERT INTO Categories (CatID,ListUnder,CategoryName,Description,Keywords,CatType,Moderator,AccessKeys,WriteKeys,SEODescription,SEOPageTitle,ManageKeys,AccessHide,WriteHide,ExcPortalSecurity,Weight,ShowList,Sharing) VALUES('146861889074195','208328939962424','Awards','','','','Moderator','|2|,|3|,|1|,|4|','|2|,|3|,|4|','','','|2|','0','0','0','2000','1','1')
INSERT INTO CategoriesModules (UniqueID,CatID,ModuleID) VALUES('148863387450346','146861889074195','19')
INSERT INTO CategoriesPortals (UniqueID,CatID,PortalID) VALUES('467033400982787','146861889074195','0')
INSERT INTO Categories (CatID,ListUnder,CategoryName,Description,Keywords,CatType,Moderator,AccessKeys,WriteKeys,SEODescription,SEOPageTitle,ManageKeys,AccessHide,WriteHide,ExcPortalSecurity,Weight,ShowList,Sharing) VALUES('884738744463615','828577006965644','Backpacking','','','','Moderator','|2|,|3|,|1|,|4|','|2|,|3|,|4|','','','|2|','0','0','0','2000','1','1')
INSERT INTO CategoriesModules (UniqueID,CatID,ModuleID) VALUES('798760424763389','884738744463615','19')
INSERT INTO CategoriesPortals (UniqueID,CatID,PortalID) VALUES('940687288824317','884738744463615','0')
INSERT INTO Categories (CatID,ListUnder,CategoryName,Description,Keywords,CatType,Moderator,AccessKeys,WriteKeys,SEODescription,SEOPageTitle,ManageKeys,AccessHide,WriteHide,ExcPortalSecurity,Weight,ShowList,Sharing) VALUES('563981472322849','137301753284712','Badminton','','','','Moderator','|2|,|3|,|1|,|4|','|2|,|3|,|4|','','','|2|','0','0','0','2000','1','1')
INSERT INTO CategoriesModules (UniqueID,CatID,ModuleID) VALUES('203467655449576','563981472322849','19')
INSERT INTO CategoriesPortals (UniqueID,CatID,PortalID) VALUES('651355451430415','563981472322849','0')
INSERT INTO Categories (CatID,ListUnder,CategoryName,Description,Keywords,CatType,Moderator,AccessKeys,WriteKeys,SEODescription,SEOPageTitle,ManageKeys,AccessHide,WriteHide,ExcPortalSecurity,Weight,ShowList,Sharing) VALUES('206235383901953','193306780238815','Banking','','','','Moderator','|2|,|3|,|1|,|4|','|2|,|3|,|4|','','','|2|','0','0','0','2000','1','1')
INSERT INTO CategoriesModules (UniqueID,CatID,ModuleID) VALUES('414945777887272','206235383901953','19')
INSERT INTO CategoriesPortals (UniqueID,CatID,PortalID) VALUES('138463406566760','206235383901953','0')
INSERT INTO Categories (CatID,ListUnder,CategoryName,Description,Keywords,CatType,Moderator,AccessKeys,WriteKeys,SEODescription,SEOPageTitle,ManageKeys,AccessHide,WriteHide,ExcPortalSecurity,Weight,ShowList,Sharing) VALUES('143355924102327','137301753284712','Baseball','','','','Moderator','|2|,|3|,|1|,|4|','|2|,|3|,|4|','','','|2|','0','0','0','2000','1','1')
INSERT INTO CategoriesModules (UniqueID,CatID,ModuleID) VALUES('218464496643560','143355924102327','19')
INSERT INTO CategoriesPortals (UniqueID,CatID,PortalID) VALUES('792408473837567','143355924102327','0')
INSERT INTO Categories (CatID,ListUnder,CategoryName,Description,Keywords,CatType,Moderator,AccessKeys,WriteKeys,SEODescription,SEOPageTitle,ManageKeys,AccessHide,WriteHide,ExcPortalSecurity,Weight,ShowList,Sharing) VALUES('886252787354613','137301753284712','Basketball','','','','Moderator','|2|,|3|,|1|,|4|','|2|,|3|,|4|','','','|2|','0','0','0','2000','1','1')
INSERT INTO CategoriesModules (UniqueID,CatID,ModuleID) VALUES('194328169276802','886252787354613','19')
INSERT INTO CategoriesPortals (UniqueID,CatID,PortalID) VALUES('249780085787644','886252787354613','0')
INSERT INTO Categories (CatID,ListUnder,CategoryName,Description,Keywords,CatType,Moderator,AccessKeys,WriteKeys,SEODescription,SEOPageTitle,ManageKeys,AccessHide,WriteHide,ExcPortalSecurity,Weight,ShowList,Sharing) VALUES('584673126975858','107462925193527','Beauty & Fashion','','','','Moderator','|2|,|3|,|1|,|4|','|2|,|3|,|4|','','','|2|','0','0','0','2000','1','1')
INSERT INTO CategoriesModules (UniqueID,CatID,ModuleID) VALUES('699050978048299','584673126975858','19')
INSERT INTO CategoriesPortals (UniqueID,CatID,PortalID) VALUES('140512785164686','584673126975858','0')
INSERT INTO Categories (CatID,ListUnder,CategoryName,Description,Keywords,CatType,Moderator,AccessKeys,WriteKeys,SEODescription,SEOPageTitle,ManageKeys,AccessHide,WriteHide,ExcPortalSecurity,Weight,ShowList,Sharing) VALUES('138685510737600','418012308427443','Beauty Pageants','','','','Moderator','|2|,|3|,|1|,|4|','|2|,|3|,|4|','','','|2|','0','0','0','2000','1','1')
INSERT INTO CategoriesModules (UniqueID,CatID,ModuleID) VALUES('114383198467388','138685510737600','19')
INSERT INTO CategoriesPortals (UniqueID,CatID,PortalID) VALUES('673306901225388','138685510737600','0')
INSERT INTO Categories (CatID,ListUnder,CategoryName,Description,Keywords,CatType,Moderator,AccessKeys,WriteKeys,SEODescription,SEOPageTitle,ManageKeys,AccessHide,WriteHide,ExcPortalSecurity,Weight,ShowList,Sharing) VALUES('277415326314820','199386689783970','Bibliography','','','','Moderator','|2|,|3|,|1|,|4|','|2|,|3|,|4|','','','|2|','0','0','0','2000','1','1')
INSERT INTO CategoriesModules (UniqueID,CatID,ModuleID) VALUES('117437736704537','277415326314820','19')
INSERT INTO CategoriesPortals (UniqueID,CatID,PortalID) VALUES('111317269082451','277415326314820','0')
INSERT INTO Categories (CatID,ListUnder,CategoryName,Description,Keywords,CatType,Moderator,AccessKeys,WriteKeys,SEODescription,SEOPageTitle,ManageKeys,AccessHide,WriteHide,ExcPortalSecurity,Weight,ShowList,Sharing) VALUES('863408842148192','137301753284712','Billiards','','','','Moderator','|2|,|3|,|1|,|4|','|2|,|3|,|4|','','','|2|','0','0','0','2000','1','1')
INSERT INTO CategoriesModules (UniqueID,CatID,ModuleID) VALUES('196065078369468','863408842148192','19')
INSERT INTO CategoriesPortals (UniqueID,CatID,PortalID) VALUES('148619408821697','863408842148192','0')
INSERT INTO Categories (CatID,ListUnder,CategoryName,Description,Keywords,CatType,Moderator,AccessKeys,WriteKeys,SEODescription,SEOPageTitle,ManageKeys,AccessHide,WriteHide,ExcPortalSecurity,Weight,ShowList,Sharing) VALUES('183929890975876','199386689783970','Biography','','','','Moderator','|2|,|3|,|1|,|4|','|2|,|3|,|4|','','','|2|','0','0','0','2000','1','1')
INSERT INTO CategoriesModules (UniqueID,CatID,ModuleID) VALUES('813970599350703','183929890975876','19')
INSERT INTO CategoriesPortals (UniqueID,CatID,PortalID) VALUES('185445915283807','183929890975876','0')
INSERT INTO Categories (CatID,ListUnder,CategoryName,Description,Keywords,CatType,Moderator,AccessKeys,WriteKeys,SEODescription,SEOPageTitle,ManageKeys,AccessHide,WriteHide,ExcPortalSecurity,Weight,ShowList,Sharing) VALUES('786206075478365','187229545352848','Biology','','','','Moderator','|2|,|3|,|1|,|4|','|2|,|3|,|4|','','','|2|','0','0','0','2000','1','1')
INSERT INTO CategoriesModules (UniqueID,CatID,ModuleID) VALUES('201777391460241','786206075478365','19')
INSERT INTO CategoriesPortals (UniqueID,CatID,PortalID) VALUES('467402998063487','786206075478365','0')
INSERT INTO Categories (CatID,ListUnder,CategoryName,Description,Keywords,CatType,Moderator,AccessKeys,WriteKeys,SEODescription,SEOPageTitle,ManageKeys,AccessHide,WriteHide,ExcPortalSecurity,Weight,ShowList,Sharing) VALUES('150606271391156','196992743979967','Biotechnology','','','','Moderator','|2|,|3|,|1|,|4|','|2|,|3|,|4|','','','|2|','0','0','0','2000','1','1')
INSERT INTO CategoriesModules (UniqueID,CatID,ModuleID) VALUES('545219299245385','150606271391156','19')
INSERT INTO CategoriesPortals (UniqueID,CatID,PortalID) VALUES('122614672833958','150606271391156','0')
INSERT INTO Categories (CatID,ListUnder,CategoryName,Description,Keywords,CatType,Moderator,AccessKeys,WriteKeys,SEODescription,SEOPageTitle,ManageKeys,AccessHide,WriteHide,ExcPortalSecurity,Weight,ShowList,Sharing) VALUES('210531856567129','828577006965644','Birding','','','','Moderator','|2|,|3|,|1|,|4|','|2|,|3|,|4|','','','|2|','0','0','0','2000','1','1')
INSERT INTO CategoriesModules (UniqueID,CatID,ModuleID) VALUES('148784451945911','210531856567129','19')
INSERT INTO CategoriesPortals (UniqueID,CatID,PortalID) VALUES('629498174523613','210531856567129','0')
INSERT INTO Categories (CatID,ListUnder,CategoryName,Description,Keywords,CatType,Moderator,AccessKeys,WriteKeys,SEODescription,SEOPageTitle,ManageKeys,AccessHide,WriteHide,ExcPortalSecurity,Weight,ShowList,Sharing) VALUES('185721001984717','434795696794718','Birds','','','','Moderator','|2|,|3|,|1|,|4|','|2|,|3|,|4|','','','|2|','0','0','0','2000','1','1')
INSERT INTO CategoriesModules (UniqueID,CatID,ModuleID) VALUES('131242983458613','185721001984717','19')
INSERT INTO CategoriesPortals (UniqueID,CatID,PortalID) VALUES('832115355636288','185721001984717','0')
INSERT INTO Categories (CatID,ListUnder,CategoryName,Description,Keywords,CatType,Moderator,AccessKeys,WriteKeys,SEODescription,SEOPageTitle,ManageKeys,AccessHide,WriteHide,ExcPortalSecurity,Weight,ShowList,Sharing) VALUES('167710444994341','113151894273336','Blogs','','','','Moderator','|2|,|3|,|1|,|4|','|2|,|3|,|4|','','','|2|','0','0','0','2000','1','1')
INSERT INTO CategoriesModules (UniqueID,CatID,ModuleID) VALUES('558971349154142','167710444994341','19')
INSERT INTO CategoriesPortals (UniqueID,CatID,PortalID) VALUES('721280435857343','167710444994341','0')
INSERT INTO Categories (CatID,ListUnder,CategoryName,Description,Keywords,CatType,Moderator,AccessKeys,WriteKeys,SEODescription,SEOPageTitle,ManageKeys,AccessHide,WriteHide,ExcPortalSecurity,Weight,ShowList,Sharing) VALUES('717339912312841','193306780238815','Blogs on Money and Finance','','','','Moderator','|2|,|3|,|1|,|4|','|2|,|3|,|4|','','','|2|','0','0','0','2000','1','1')
INSERT INTO CategoriesModules (UniqueID,CatID,ModuleID) VALUES('184049884374172','717339912312841','19')
INSERT INTO CategoriesPortals (UniqueID,CatID,PortalID) VALUES('122293621328805','717339912312841','0')
INSERT INTO Categories (CatID,ListUnder,CategoryName,Description,Keywords,CatType,Moderator,AccessKeys,WriteKeys,SEODescription,SEOPageTitle,ManageKeys,AccessHide,WriteHide,ExcPortalSecurity,Weight,ShowList,Sharing) VALUES('161306909406468','459950931209134','Board Games','','','','Moderator','|2|,|3|,|1|,|4|','|2|,|3|,|4|','','','|2|','0','0','0','2000','1','1')
INSERT INTO CategoriesModules (UniqueID,CatID,ModuleID) VALUES('593224268152885','161306909406468','19')
INSERT INTO CategoriesPortals (UniqueID,CatID,PortalID) VALUES('765906427252595','161306909406468','0')
INSERT INTO Categories (CatID,ListUnder,CategoryName,Description,Keywords,CatType,Moderator,AccessKeys,WriteKeys,SEODescription,SEOPageTitle,ManageKeys,AccessHide,WriteHide,ExcPortalSecurity,Weight,ShowList,Sharing) VALUES('142150121336021','828577006965644','Boating','','','','Moderator','|2|,|3|,|1|,|4|','|2|,|3|,|4|','','','|2|','0','0','0','2000','1','1')
INSERT INTO CategoriesModules (UniqueID,CatID,ModuleID) VALUES('199211351488524','142150121336021','19')
INSERT INTO CategoriesPortals (UniqueID,CatID,PortalID) VALUES('855834134411543','142150121336021','0')
INSERT INTO Categories (CatID,ListUnder,CategoryName,Description,Keywords,CatType,Moderator,AccessKeys,WriteKeys,SEODescription,SEOPageTitle,ManageKeys,AccessHide,WriteHide,ExcPortalSecurity,Weight,ShowList,Sharing) VALUES('212498758037454','208328939962424','Body Art','','','','Moderator','|2|,|3|,|1|,|4|','|2|,|3|,|4|','','','|2|','0','0','0','2000','1','1')
INSERT INTO CategoriesModules (UniqueID,CatID,ModuleID) VALUES('257249555573782','212498758037454','19')
INSERT INTO CategoriesPortals (UniqueID,CatID,PortalID) VALUES('241085351442862','212498758037454','0')
INSERT INTO Categories (CatID,ListUnder,CategoryName,Description,Keywords,CatType,Moderator,AccessKeys,WriteKeys,SEODescription,SEOPageTitle,ManageKeys,AccessHide,WriteHide,ExcPortalSecurity,Weight,ShowList,Sharing) VALUES('102629274214931','193306780238815','Bonds','','','','Moderator','|2|,|3|,|1|,|4|','|2|,|3|,|4|','','','|2|','0','0','0','2000','1','1')
INSERT INTO CategoriesModules (UniqueID,CatID,ModuleID) VALUES('699128551315668','102629274214931','19')
INSERT INTO CategoriesPortals (UniqueID,CatID,PortalID) VALUES('112785125336117','102629274214931','0')
INSERT INTO Categories (CatID,ListUnder,CategoryName,Description,Keywords,CatType,Moderator,AccessKeys,WriteKeys,SEODescription,SEOPageTitle,ManageKeys,AccessHide,WriteHide,ExcPortalSecurity,Weight,ShowList,Sharing) VALUES('180862900975635','0','Books','','','','Moderator','|2|,|3|,|1|,|4|','|2|,|3|,|4|','','','|2|','0','0','0','2000','1','1')
INSERT INTO CategoriesModules (UniqueID,CatID,ModuleID) VALUES('165622512782781','180862900975635','19')
INSERT INTO CategoriesPortals (UniqueID,CatID,PortalID) VALUES('419508606211611','180862900975635','0')
INSERT INTO Categories (CatID,ListUnder,CategoryName,Description,Keywords,CatType,Moderator,AccessKeys,WriteKeys,SEODescription,SEOPageTitle,ManageKeys,AccessHide,WriteHide,ExcPortalSecurity,Weight,ShowList,Sharing) VALUES('359924511709624','855188733556946','Books','','','','Moderator','|2|,|3|,|1|,|4|','|2|,|3|,|4|','','','|2|','0','0','0','2000','1','1')
INSERT INTO CategoriesModules (UniqueID,CatID,ModuleID) VALUES('532673023315346','359924511709624','19')
INSERT INTO CategoriesPortals (UniqueID,CatID,PortalID) VALUES('592676796863632','359924511709624','0')
INSERT INTO Categories (CatID,ListUnder,CategoryName,Description,Keywords,CatType,Moderator,AccessKeys,WriteKeys,SEODescription,SEOPageTitle,ManageKeys,AccessHide,WriteHide,ExcPortalSecurity,Weight,ShowList,Sharing) VALUES('786351242747087','107462925193527','Books','','','','Moderator','|2|,|3|,|1|,|4|','|2|,|3|,|4|','','','|2|','0','0','0','2000','1','1')
INSERT INTO CategoriesModules (UniqueID,CatID,ModuleID) VALUES('862036694387283','786351242747087','19')
INSERT INTO CategoriesPortals (UniqueID,CatID,PortalID) VALUES('532792708849127','786351242747087','0')
INSERT INTO Categories (CatID,ListUnder,CategoryName,Description,Keywords,CatType,Moderator,AccessKeys,WriteKeys,SEODescription,SEOPageTitle,ManageKeys,AccessHide,WriteHide,ExcPortalSecurity,Weight,ShowList,Sharing) VALUES('804922812232623','161512229762770','Books','','','','Moderator','|2|,|3|,|1|,|4|','|2|,|3|,|4|','','','|2|','0','0','0','2000','1','1')
INSERT INTO CategoriesModules (UniqueID,CatID,ModuleID) VALUES('183415947741356','804922812232623','19')
INSERT INTO CategoriesPortals (UniqueID,CatID,PortalID) VALUES('902833394511375','804922812232623','0')
INSERT INTO Categories (CatID,ListUnder,CategoryName,Description,Keywords,CatType,Moderator,AccessKeys,WriteKeys,SEODescription,SEOPageTitle,ManageKeys,AccessHide,WriteHide,ExcPortalSecurity,Weight,ShowList,Sharing) VALUES('201878411983108','185002260738668','Books and eBooks','','','','Moderator','|2|,|3|,|1|,|4|','|2|,|3|,|4|','','','|2|','0','0','0','2000','1','1')
INSERT INTO CategoriesModules (UniqueID,CatID,ModuleID) VALUES('135245268662288','201878411983108','19')
INSERT INTO CategoriesPortals (UniqueID,CatID,PortalID) VALUES('130769012428681','201878411983108','0')
INSERT INTO Categories (CatID,ListUnder,CategoryName,Description,Keywords,CatType,Moderator,AccessKeys,WriteKeys,SEODescription,SEOPageTitle,ManageKeys,AccessHide,WriteHide,ExcPortalSecurity,Weight,ShowList,Sharing) VALUES('176917145875364','185002260738668','Books and eBooks','','','','Moderator','|2|,|3|,|1|,|4|','|2|,|3|,|4|','','','|2|','0','0','0','2000','1','1')
INSERT INTO CategoriesModules (UniqueID,CatID,ModuleID) VALUES('856968585589750','176917145875364','19')
INSERT INTO CategoriesPortals (UniqueID,CatID,PortalID) VALUES('146861110553644','176917145875364','0')
INSERT INTO Categories (CatID,ListUnder,CategoryName,Description,Keywords,CatType,Moderator,AccessKeys,WriteKeys,SEODescription,SEOPageTitle,ManageKeys,AccessHide,WriteHide,ExcPortalSecurity,Weight,ShowList,Sharing) VALUES('146893045052664','137301753284712','Boxing','','','','Moderator','|2|,|3|,|1|,|4|','|2|,|3|,|4|','','','|2|','0','0','0','2000','1','1')
INSERT INTO CategoriesModules (UniqueID,CatID,ModuleID) VALUES('153072050024752','146893045052664','19')
INSERT INTO CategoriesPortals (UniqueID,CatID,PortalID) VALUES('107524200670378','146893045052664','0')
INSERT INTO Categories (CatID,ListUnder,CategoryName,Description,Keywords,CatType,Moderator,AccessKeys,WriteKeys,SEODescription,SEOPageTitle,ManageKeys,AccessHide,WriteHide,ExcPortalSecurity,Weight,ShowList,Sharing) VALUES('811742771248253','137301753284712','Boxing','','','','Moderator','|2|,|3|,|1|,|4|','|2|,|3|,|4|','','','|2|','0','0','0','2000','1','1')
INSERT INTO CategoriesModules (UniqueID,CatID,ModuleID) VALUES('108417318955297','811742771248253','19')
INSERT INTO CategoriesPortals (UniqueID,CatID,PortalID) VALUES('937916385225910','811742771248253','0')
INSERT INTO Categories (CatID,ListUnder,CategoryName,Description,Keywords,CatType,Moderator,AccessKeys,WriteKeys,SEODescription,SEOPageTitle,ManageKeys,AccessHide,WriteHide,ExcPortalSecurity,Weight,ShowList,Sharing) VALUES('102857335271113','113209343573435','Brazil','','','','Moderator','|2|,|3|,|1|,|4|','|2|,|3|,|4|','','','|2|','0','0','0','2000','1','1')
INSERT INTO CategoriesModules (UniqueID,CatID,ModuleID) VALUES('397296182122314','102857335271113','19')
INSERT INTO CategoriesPortals (UniqueID,CatID,PortalID) VALUES('113551303902566','102857335271113','0')
INSERT INTO Categories (CatID,ListUnder,CategoryName,Description,Keywords,CatType,Moderator,AccessKeys,WriteKeys,SEODescription,SEOPageTitle,ManageKeys,AccessHide,WriteHide,ExcPortalSecurity,Weight,ShowList,Sharing) VALUES('208925789481230','108351767413623','Breaking News','','','','Moderator','|2|,|3|,|1|,|4|','|2|,|3|,|4|','','','|2|','0','0','0','2000','1','1')
INSERT INTO CategoriesModules (UniqueID,CatID,ModuleID) VALUES('964530083654786','208925789481230','19')
INSERT INTO CategoriesPortals (UniqueID,CatID,PortalID) VALUES('113462753188615','208925789481230','0')
INSERT INTO Categories (CatID,ListUnder,CategoryName,Description,Keywords,CatType,Moderator,AccessKeys,WriteKeys,SEODescription,SEOPageTitle,ManageKeys,AccessHide,WriteHide,ExcPortalSecurity,Weight,ShowList,Sharing) VALUES('180237385234437','113151894273336','Broadcasting','','','','Moderator','|2|,|3|,|1|,|4|','|2|,|3|,|4|','','','|2|','0','0','0','2000','1','1')
INSERT INTO CategoriesModules (UniqueID,CatID,ModuleID) VALUES('172466014916237','180237385234437','19')
INSERT INTO CategoriesPortals (UniqueID,CatID,PortalID) VALUES('102672927767365','180237385234437','0')
INSERT INTO Categories (CatID,ListUnder,CategoryName,Description,Keywords,CatType,Moderator,AccessKeys,WriteKeys,SEODescription,SEOPageTitle,ManageKeys,AccessHide,WriteHide,ExcPortalSecurity,Weight,ShowList,Sharing) VALUES('134936468212177','178184256263312','Brokerages','','','','Moderator','|2|,|3|,|1|,|4|','|2|,|3|,|4|','','','|2|','0','0','0','2000','1','1')
INSERT INTO CategoriesModules (UniqueID,CatID,ModuleID) VALUES('196068151268375','134936468212177','19')
INSERT INTO CategoriesPortals (UniqueID,CatID,PortalID) VALUES('688420844489233','134936468212177','0')
INSERT INTO Categories (CatID,ListUnder,CategoryName,Description,Keywords,CatType,Moderator,AccessKeys,WriteKeys,SEODescription,SEOPageTitle,ManageKeys,AccessHide,WriteHide,ExcPortalSecurity,Weight,ShowList,Sharing) VALUES('268270129850989','172065587414582','Budget Travel','','','','Moderator','|2|,|3|,|1|,|4|','|2|,|3|,|4|','','','|2|','0','0','0','2000','1','1')
INSERT INTO CategoriesModules (UniqueID,CatID,ModuleID) VALUES('147954972371232','268270129850989','19')
INSERT INTO CategoriesPortals (UniqueID,CatID,PortalID) VALUES('124769201888471','268270129850989','0')
INSERT INTO Categories (CatID,ListUnder,CategoryName,Description,Keywords,CatType,Moderator,AccessKeys,WriteKeys,SEODescription,SEOPageTitle,ManageKeys,AccessHide,WriteHide,ExcPortalSecurity,Weight,ShowList,Sharing) VALUES('196992743979967','0','Business','','','','Moderator','|2|,|3|,|1|,|4|','|2|,|3|,|4|','','','|2|','0','0','0','2000','1','1')
INSERT INTO CategoriesModules (UniqueID,CatID,ModuleID) VALUES('630343302681553','196992743979967','19')
INSERT INTO CategoriesPortals (UniqueID,CatID,PortalID) VALUES('869273073388226','196992743979967','0')
INSERT INTO Categories (CatID,ListUnder,CategoryName,Description,Keywords,CatType,Moderator,AccessKeys,WriteKeys,SEODescription,SEOPageTitle,ManageKeys,AccessHide,WriteHide,ExcPortalSecurity,Weight,ShowList,Sharing) VALUES('179759130466243','196992743979967','Business and Society','','','','Moderator','|2|,|3|,|1|,|4|','|2|,|3|,|4|','','','|2|','0','0','0','2000','1','1')
INSERT INTO CategoriesModules (UniqueID,CatID,ModuleID) VALUES('203730371912318','179759130466243','19')
INSERT INTO CategoriesPortals (UniqueID,CatID,PortalID) VALUES('262721250286603','179759130466243','0')
INSERT INTO Categories (CatID,ListUnder,CategoryName,Description,Keywords,CatType,Moderator,AccessKeys,WriteKeys,SEODescription,SEOPageTitle,ManageKeys,AccessHide,WriteHide,ExcPortalSecurity,Weight,ShowList,Sharing) VALUES('741548422216276','196992743979967','Business Classifieds','','','','Moderator','|2|,|3|,|1|,|4|','|2|,|3|,|4|','','','|2|','0','0','0','2000','1','1')
INSERT INTO CategoriesModules (UniqueID,CatID,ModuleID) VALUES('179339443585151','741548422216276','19')
INSERT INTO CategoriesPortals (UniqueID,CatID,PortalID) VALUES('176784340798276','741548422216276','0')
INSERT INTO Categories (CatID,ListUnder,CategoryName,Description,Keywords,CatType,Moderator,AccessKeys,WriteKeys,SEODescription,SEOPageTitle,ManageKeys,AccessHide,WriteHide,ExcPortalSecurity,Weight,ShowList,Sharing) VALUES('176310541367537','202999822552781','Business Opportunities','','','','Moderator','|2|,|3|,|1|,|4|','|2|,|3|,|4|','','','|2|','0','0','0','2000','1','1')
INSERT INTO CategoriesModules (UniqueID,CatID,ModuleID) VALUES('134508419963256','176310541367537','19')
INSERT INTO CategoriesPortals (UniqueID,CatID,PortalID) VALUES('212022909581123','176310541367537','0')
INSERT INTO Categories (CatID,ListUnder,CategoryName,Description,Keywords,CatType,Moderator,AccessKeys,WriteKeys,SEODescription,SEOPageTitle,ManageKeys,AccessHide,WriteHide,ExcPortalSecurity,Weight,ShowList,Sharing) VALUES('147366518786413','196992743979967','Business Services','','','','Moderator','|2|,|3|,|1|,|4|','|2|,|3|,|4|','','','|2|','0','0','0','2000','1','1')
INSERT INTO CategoriesModules (UniqueID,CatID,ModuleID) VALUES('173603478874247','147366518786413','19')
INSERT INTO CategoriesPortals (UniqueID,CatID,PortalID) VALUES('307859473436618','147366518786413','0')
INSERT INTO Categories (CatID,ListUnder,CategoryName,Description,Keywords,CatType,Moderator,AccessKeys,WriteKeys,SEODescription,SEOPageTitle,ManageKeys,AccessHide,WriteHide,ExcPortalSecurity,Weight,ShowList,Sharing) VALUES('581238391616894','291790306797482','Buy & Sell','','','','Moderator','|2|,|3|,|1|,|4|','|2|,|3|,|4|','','','|2|','0','0','0','2000','1','1')
INSERT INTO CategoriesModules (UniqueID,CatID,ModuleID) VALUES('519718302826583','581238391616894','19')
INSERT INTO CategoriesPortals (UniqueID,CatID,PortalID) VALUES('145412783860814','581238391616894','0')
INSERT INTO Categories (CatID,ListUnder,CategoryName,Description,Keywords,CatType,Moderator,AccessKeys,WriteKeys,SEODescription,SEOPageTitle,ManageKeys,AccessHide,WriteHide,ExcPortalSecurity,Weight,ShowList,Sharing) VALUES('585601705137864','113151894273336','Buy and Sell','','','','Moderator','|2|,|3|,|1|,|4|','|2|,|3|,|4|','','','|2|','0','0','0','2000','1','1')
INSERT INTO CategoriesModules (UniqueID,CatID,ModuleID) VALUES('509123373389284','585601705137864','19')
INSERT INTO CategoriesPortals (UniqueID,CatID,PortalID) VALUES('110021121617437','585601705137864','0')
INSERT INTO Categories (CatID,ListUnder,CategoryName,Description,Keywords,CatType,Moderator,AccessKeys,WriteKeys,SEODescription,SEOPageTitle,ManageKeys,AccessHide,WriteHide,ExcPortalSecurity,Weight,ShowList,Sharing) VALUES('165233914224941','206453636137885','CAD and CAM','','','','Moderator','|2|,|3|,|1|,|4|','|2|,|3|,|4|','','','|2|','0','0','0','2000','1','1')
INSERT INTO CategoriesModules (UniqueID,CatID,ModuleID) VALUES('181317204413174','165233914224941','19')
INSERT INTO CategoriesPortals (UniqueID,CatID,PortalID) VALUES('187606240557895','165233914224941','0')
INSERT INTO Categories (CatID,ListUnder,CategoryName,Description,Keywords,CatType,Moderator,AccessKeys,WriteKeys,SEODescription,SEOPageTitle,ManageKeys,AccessHide,WriteHide,ExcPortalSecurity,Weight,ShowList,Sharing) VALUES('327097820618810','828577006965644','Camps','','','','Moderator','|2|,|3|,|1|,|4|','|2|,|3|,|4|','','','|2|','0','0','0','2000','1','1')
INSERT INTO CategoriesModules (UniqueID,CatID,ModuleID) VALUES('130762238573674','327097820618810','19')
INSERT INTO CategoriesPortals (UniqueID,CatID,PortalID) VALUES('207463092486680','327097820618810','0')
INSERT INTO Categories (CatID,ListUnder,CategoryName,Description,Keywords,CatType,Moderator,AccessKeys,WriteKeys,SEODescription,SEOPageTitle,ManageKeys,AccessHide,WriteHide,ExcPortalSecurity,Weight,ShowList,Sharing) VALUES('589450910588407','113209343573435','Canada','','','','Moderator','|2|,|3|,|1|,|4|','|2|,|3|,|4|','','','|2|','0','0','0','2000','1','1')
INSERT INTO CategoriesModules (UniqueID,CatID,ModuleID) VALUES('112189800802750','589450910588407','19')
INSERT INTO CategoriesPortals (UniqueID,CatID,PortalID) VALUES('146301594963578','589450910588407','0')
INSERT INTO Categories (CatID,ListUnder,CategoryName,Description,Keywords,CatType,Moderator,AccessKeys,WriteKeys,SEODescription,SEOPageTitle,ManageKeys,AccessHide,WriteHide,ExcPortalSecurity,Weight,ShowList,Sharing) VALUES('152555409540481','291790306797482','Car Hire','','','','Moderator','|2|,|3|,|1|,|4|','|2|,|3|,|4|','','','|2|','0','0','0','2000','1','1')
INSERT INTO CategoriesModules (UniqueID,CatID,ModuleID) VALUES('166191850928344','152555409540481','19')
INSERT INTO CategoriesPortals (UniqueID,CatID,PortalID) VALUES('163285250521431','152555409540481','0')
INSERT INTO Categories (CatID,ListUnder,CategoryName,Description,Keywords,CatType,Moderator,AccessKeys,WriteKeys,SEODescription,SEOPageTitle,ManageKeys,AccessHide,WriteHide,ExcPortalSecurity,Weight,ShowList,Sharing) VALUES('175928507883787','291790306797482','Car Loans','','','','Moderator','|2|,|3|,|1|,|4|','|2|,|3|,|4|','','','|2|','0','0','0','2000','1','1')
INSERT INTO CategoriesModules (UniqueID,CatID,ModuleID) VALUES('128122569052299','175928507883787','19')
INSERT INTO CategoriesPortals (UniqueID,CatID,PortalID) VALUES('149142387264253','175928507883787','0')
INSERT INTO Categories (CatID,ListUnder,CategoryName,Description,Keywords,CatType,Moderator,AccessKeys,WriteKeys,SEODescription,SEOPageTitle,ManageKeys,AccessHide,WriteHide,ExcPortalSecurity,Weight,ShowList,Sharing) VALUES('186679963275213','291790306797482','Car Restoration','','','','Moderator','|2|,|3|,|1|,|4|','|2|,|3|,|4|','','','|2|','0','0','0','2000','1','1')
INSERT INTO CategoriesModules (UniqueID,CatID,ModuleID) VALUES('149525305373240','186679963275213','19')
INSERT INTO CategoriesPortals (UniqueID,CatID,PortalID) VALUES('100424309644979','186679963275213','0')
INSERT INTO Categories (CatID,ListUnder,CategoryName,Description,Keywords,CatType,Moderator,AccessKeys,WriteKeys,SEODescription,SEOPageTitle,ManageKeys,AccessHide,WriteHide,ExcPortalSecurity,Weight,ShowList,Sharing) VALUES('205090727001708','459950931209134','Card Games','','','','Moderator','|2|,|3|,|1|,|4|','|2|,|3|,|4|','','','|2|','0','0','0','2000','1','1')
INSERT INTO CategoriesModules (UniqueID,CatID,ModuleID) VALUES('187140253622517','205090727001708','19')
INSERT INTO CategoriesPortals (UniqueID,CatID,PortalID) VALUES('144065757643227','205090727001708','0')
INSERT INTO Categories (CatID,ListUnder,CategoryName,Description,Keywords,CatType,Moderator,AccessKeys,WriteKeys,SEODescription,SEOPageTitle,ManageKeys,AccessHide,WriteHide,ExcPortalSecurity,Weight,ShowList,Sharing) VALUES('202999822552781','0','Careers & Jobs','','','','Moderator','|2|,|3|,|1|,|4|','|2|,|3|,|4|','','','|2|','0','0','0','2000','1','1')
INSERT INTO CategoriesModules (UniqueID,CatID,ModuleID) VALUES('155978138051688','202999822552781','19')
INSERT INTO CategoriesPortals (UniqueID,CatID,PortalID) VALUES('714500620683173','202999822552781','0')
INSERT INTO Categories (CatID,ListUnder,CategoryName,Description,Keywords,CatType,Moderator,AccessKeys,WriteKeys,SEODescription,SEOPageTitle,ManageKeys,AccessHide,WriteHide,ExcPortalSecurity,Weight,ShowList,Sharing) VALUES('213761162496327','434795696794718','Cats','','','','Moderator','|2|,|3|,|1|,|4|','|2|,|3|,|4|','','','|2|','0','0','0','2000','1','1')
INSERT INTO CategoriesModules (UniqueID,CatID,ModuleID) VALUES('201367195112738','213761162496327','19')
INSERT INTO CategoriesPortals (UniqueID,CatID,PortalID) VALUES('156087440465059','213761162496327','0')
INSERT INTO Categories (CatID,ListUnder,CategoryName,Description,Keywords,CatType,Moderator,AccessKeys,WriteKeys,SEODescription,SEOPageTitle,ManageKeys,AccessHide,WriteHide,ExcPortalSecurity,Weight,ShowList,Sharing) VALUES('768648545054470','418012308427443','Celebrities','','','','Moderator','|2|,|3|,|1|,|4|','|2|,|3|,|4|','','','|2|','0','0','0','2000','1','1')
INSERT INTO CategoriesModules (UniqueID,CatID,ModuleID) VALUES('977800383667552','768648545054470','19')
INSERT INTO CategoriesPortals (UniqueID,CatID,PortalID) VALUES('104784095994255','768648545054470','0')
INSERT INTO Categories (CatID,ListUnder,CategoryName,Description,Keywords,CatType,Moderator,AccessKeys,WriteKeys,SEODescription,SEOPageTitle,ManageKeys,AccessHide,WriteHide,ExcPortalSecurity,Weight,ShowList,Sharing) VALUES('179013580711516','208328939962424','Celebrities','','','','Moderator','|2|,|3|,|1|,|4|','|2|,|3|,|4|','','','|2|','0','0','0','2000','1','1')
INSERT INTO CategoriesModules (UniqueID,CatID,ModuleID) VALUES('167827209935963','179013580711516','19')
INSERT INTO CategoriesPortals (UniqueID,CatID,PortalID) VALUES('158426177066547','179013580711516','0')
INSERT INTO Categories (CatID,ListUnder,CategoryName,Description,Keywords,CatType,Moderator,AccessKeys,WriteKeys,SEODescription,SEOPageTitle,ManageKeys,AccessHide,WriteHide,ExcPortalSecurity,Weight,ShowList,Sharing) VALUES('124315398346530','113151894273336','Chat Rooms','','','','Moderator','|2|,|3|,|1|,|4|','|2|,|3|,|4|','','','|2|','0','0','0','2000','1','1')
INSERT INTO CategoriesModules (UniqueID,CatID,ModuleID) VALUES('433610876316733','124315398346530','19')
INSERT INTO CategoriesPortals (UniqueID,CatID,PortalID) VALUES('216119799783578','124315398346530','0')
INSERT INTO Categories (CatID,ListUnder,CategoryName,Description,Keywords,CatType,Moderator,AccessKeys,WriteKeys,SEODescription,SEOPageTitle,ManageKeys,AccessHide,WriteHide,ExcPortalSecurity,Weight,ShowList,Sharing) VALUES('934410733820755','172065587414582','Chats & Forums','','','','Moderator','|2|,|3|,|1|,|4|','|2|,|3|,|4|','','','|2|','0','0','0','2000','1','1')
INSERT INTO CategoriesModules (UniqueID,CatID,ModuleID) VALUES('150817369046127','934410733820755','19')
INSERT INTO CategoriesPortals (UniqueID,CatID,PortalID) VALUES('876255172013672','934410733820755','0')
INSERT INTO Categories (CatID,ListUnder,CategoryName,Description,Keywords,CatType,Moderator,AccessKeys,WriteKeys,SEODescription,SEOPageTitle,ManageKeys,AccessHide,WriteHide,ExcPortalSecurity,Weight,ShowList,Sharing) VALUES('925931118854654','187229545352848','Chats and Forums','','','','Moderator','|2|,|3|,|1|,|4|','|2|,|3|,|4|','','','|2|','0','0','0','2000','1','1')
INSERT INTO CategoriesModules (UniqueID,CatID,ModuleID) VALUES('722688878765443','925931118854654','19')
INSERT INTO CategoriesPortals (UniqueID,CatID,PortalID) VALUES('492284003852671','925931118854654','0')
INSERT INTO Categories (CatID,ListUnder,CategoryName,Description,Keywords,CatType,Moderator,AccessKeys,WriteKeys,SEODescription,SEOPageTitle,ManageKeys,AccessHide,WriteHide,ExcPortalSecurity,Weight,ShowList,Sharing) VALUES('848723312516371','108351767413623','Chats and Forums','','','','Moderator','|2|,|3|,|1|,|4|','|2|,|3|,|4|','','','|2|','0','0','0','2000','1','1')
INSERT INTO CategoriesModules (UniqueID,CatID,ModuleID) VALUES('130348857647591','848723312516371','19')
INSERT INTO CategoriesPortals (UniqueID,CatID,PortalID) VALUES('107936081340186','848723312516371','0')
INSERT INTO Categories (CatID,ListUnder,CategoryName,Description,Keywords,CatType,Moderator,AccessKeys,WriteKeys,SEODescription,SEOPageTitle,ManageKeys,AccessHide,WriteHide,ExcPortalSecurity,Weight,ShowList,Sharing) VALUES('495522533181320','116195634152458','Chats and Forums','','','','Moderator','|2|,|3|,|1|,|4|','|2|,|3|,|4|','','','|2|','0','0','0','2000','1','1')
INSERT INTO CategoriesModules (UniqueID,CatID,ModuleID) VALUES('998921254911861','495522533181320','19')
INSERT INTO CategoriesPortals (UniqueID,CatID,PortalID) VALUES('156920090207513','495522533181320','0')
INSERT INTO Categories (CatID,ListUnder,CategoryName,Description,Keywords,CatType,Moderator,AccessKeys,WriteKeys,SEODescription,SEOPageTitle,ManageKeys,AccessHide,WriteHide,ExcPortalSecurity,Weight,ShowList,Sharing) VALUES('124118689125522','208328939962424','Chats and Forums','','','','Moderator','|2|,|3|,|1|,|4|','|2|,|3|,|4|','','','|2|','0','0','0','2000','1','1')
INSERT INTO CategoriesModules (UniqueID,CatID,ModuleID) VALUES('192695529936011','124118689125522','19')
INSERT INTO CategoriesPortals (UniqueID,CatID,PortalID) VALUES('132656665688054','124118689125522','0')
INSERT INTO Categories (CatID,ListUnder,CategoryName,Description,Keywords,CatType,Moderator,AccessKeys,WriteKeys,SEODescription,SEOPageTitle,ManageKeys,AccessHide,WriteHide,ExcPortalSecurity,Weight,ShowList,Sharing) VALUES('158565765166347','161512229762770','Chats and Forums','','','','Moderator','|2|,|3|,|1|,|4|','|2|,|3|,|4|','','','|2|','0','0','0','2000','1','1')
INSERT INTO CategoriesModules (UniqueID,CatID,ModuleID) VALUES('166402134628687','158565765166347','19')
INSERT INTO CategoriesPortals (UniqueID,CatID,PortalID) VALUES('154712616442579','158565765166347','0')
INSERT INTO Categories (CatID,ListUnder,CategoryName,Description,Keywords,CatType,Moderator,AccessKeys,WriteKeys,SEODescription,SEOPageTitle,ManageKeys,AccessHide,WriteHide,ExcPortalSecurity,Weight,ShowList,Sharing) VALUES('192707807424031','206453636137885','Chats and Forums','','','','Moderator','|2|,|3|,|1|,|4|','|2|,|3|,|4|','','','|2|','0','0','0','2000','1','1')
INSERT INTO CategoriesModules (UniqueID,CatID,ModuleID) VALUES('171742212355837','192707807424031','19')
INSERT INTO CategoriesPortals (UniqueID,CatID,PortalID) VALUES('163074402720176','192707807424031','0')
INSERT INTO Categories (CatID,ListUnder,CategoryName,Description,Keywords,CatType,Moderator,AccessKeys,WriteKeys,SEODescription,SEOPageTitle,ManageKeys,AccessHide,WriteHide,ExcPortalSecurity,Weight,ShowList,Sharing) VALUES('679574705835715','929551590164924','Cheat Codes','','','','Moderator','|2|,|3|,|1|,|4|','|2|,|3|,|4|','','','|2|','0','0','0','2000','1','1')
INSERT INTO CategoriesModules (UniqueID,CatID,ModuleID) VALUES('452731780103674','679574705835715','19')
INSERT INTO CategoriesPortals (UniqueID,CatID,PortalID) VALUES('161181227037499','679574705835715','0')
INSERT INTO Categories (CatID,ListUnder,CategoryName,Description,Keywords,CatType,Moderator,AccessKeys,WriteKeys,SEODescription,SEOPageTitle,ManageKeys,AccessHide,WriteHide,ExcPortalSecurity,Weight,ShowList,Sharing) VALUES('691995356450642','137301753284712','Cheerleading','','','','Moderator','|2|,|3|,|1|,|4|','|2|,|3|,|4|','','','|2|','0','0','0','2000','1','1')
INSERT INTO CategoriesModules (UniqueID,CatID,ModuleID) VALUES('114471741422230','691995356450642','19')
INSERT INTO CategoriesPortals (UniqueID,CatID,PortalID) VALUES('512352012723688','691995356450642','0')
INSERT INTO Categories (CatID,ListUnder,CategoryName,Description,Keywords,CatType,Moderator,AccessKeys,WriteKeys,SEODescription,SEOPageTitle,ManageKeys,AccessHide,WriteHide,ExcPortalSecurity,Weight,ShowList,Sharing) VALUES('193391194586611','196992743979967','Chemicals','','','','Moderator','|2|,|3|,|1|,|4|','|2|,|3|,|4|','','','|2|','0','0','0','2000','1','1')
INSERT INTO CategoriesModules (UniqueID,CatID,ModuleID) VALUES('143233236612634','193391194586611','19')
INSERT INTO CategoriesPortals (UniqueID,CatID,PortalID) VALUES('187872708238846','193391194586611','0')
INSERT INTO Categories (CatID,ListUnder,CategoryName,Description,Keywords,CatType,Moderator,AccessKeys,WriteKeys,SEODescription,SEOPageTitle,ManageKeys,AccessHide,WriteHide,ExcPortalSecurity,Weight,ShowList,Sharing) VALUES('919437479661052','187229545352848','Chemistry','','','','Moderator','|2|,|3|,|1|,|4|','|2|,|3|,|4|','','','|2|','0','0','0','2000','1','1')
INSERT INTO CategoriesModules (UniqueID,CatID,ModuleID) VALUES('832454612797176','919437479661052','19')
INSERT INTO CategoriesPortals (UniqueID,CatID,PortalID) VALUES('140511703216830','919437479661052','0')
INSERT INTO Categories (CatID,ListUnder,CategoryName,Description,Keywords,CatType,Moderator,AccessKeys,WriteKeys,SEODescription,SEOPageTitle,ManageKeys,AccessHide,WriteHide,ExcPortalSecurity,Weight,ShowList,Sharing) VALUES('227872336236326','116195634152458','Chemistry','','','','Moderator','|2|,|3|,|1|,|4|','|2|,|3|,|4|','','','|2|','0','0','0','2000','1','1')
INSERT INTO CategoriesModules (UniqueID,CatID,ModuleID) VALUES('136551674943641','227872336236326','19')
INSERT INTO CategoriesPortals (UniqueID,CatID,PortalID) VALUES('152215085942717','227872336236326','0')
INSERT INTO Categories (CatID,ListUnder,CategoryName,Description,Keywords,CatType,Moderator,AccessKeys,WriteKeys,SEODescription,SEOPageTitle,ManageKeys,AccessHide,WriteHide,ExcPortalSecurity,Weight,ShowList,Sharing) VALUES('126764580182731','113151894273336','Child Safety','','','','Moderator','|2|,|3|,|1|,|4|','|2|,|3|,|4|','','','|2|','0','0','0','2000','1','1')
INSERT INTO CategoriesModules (UniqueID,CatID,ModuleID) VALUES('138686271170884','126764580182731','19')
INSERT INTO CategoriesPortals (UniqueID,CatID,PortalID) VALUES('118028337774585','126764580182731','0')
INSERT INTO Categories (CatID,ListUnder,CategoryName,Description,Keywords,CatType,Moderator,AccessKeys,WriteKeys,SEODescription,SEOPageTitle,ManageKeys,AccessHide,WriteHide,ExcPortalSecurity,Weight,ShowList,Sharing) VALUES('101452785767822','183613075156714','Childcare','','','','Moderator','|2|,|3|,|1|,|4|','|2|,|3|,|4|','','','|2|','0','0','0','2000','1','1')
INSERT INTO CategoriesModules (UniqueID,CatID,ModuleID) VALUES('719230357891436','101452785767822','19')
INSERT INTO CategoriesPortals (UniqueID,CatID,PortalID) VALUES('628288941136125','101452785767822','0')
INSERT INTO Categories (CatID,ListUnder,CategoryName,Description,Keywords,CatType,Moderator,AccessKeys,WriteKeys,SEODescription,SEOPageTitle,ManageKeys,AccessHide,WriteHide,ExcPortalSecurity,Weight,ShowList,Sharing) VALUES('204370328815486','161512229762770','Civic Participation','','','','Moderator','|2|,|3|,|1|,|4|','|2|,|3|,|4|','','','|2|','0','0','0','2000','1','1')
INSERT INTO CategoriesModules (UniqueID,CatID,ModuleID) VALUES('829065381672780','204370328815486','19')
INSERT INTO CategoriesPortals (UniqueID,CatID,PortalID) VALUES('143839412856588','204370328815486','0')
INSERT INTO Categories (CatID,ListUnder,CategoryName,Description,Keywords,CatType,Moderator,AccessKeys,WriteKeys,SEODescription,SEOPageTitle,ManageKeys,AccessHide,WriteHide,ExcPortalSecurity,Weight,ShowList,Sharing) VALUES('575642300056485','291790306797482','Classic Cars','','','','Moderator','|2|,|3|,|1|,|4|','|2|,|3|,|4|','','','|2|','0','0','0','2000','1','1')
INSERT INTO CategoriesModules (UniqueID,CatID,ModuleID) VALUES('491282234281739','575642300056485','19')
INSERT INTO CategoriesPortals (UniqueID,CatID,PortalID) VALUES('319424934525516','575642300056485','0')
INSERT INTO Categories (CatID,ListUnder,CategoryName,Description,Keywords,CatType,Moderator,AccessKeys,WriteKeys,SEODescription,SEOPageTitle,ManageKeys,AccessHide,WriteHide,ExcPortalSecurity,Weight,ShowList,Sharing) VALUES('153479519466378','208328939962424','Classical Studies','','','','Moderator','|2|,|3|,|1|,|4|','|2|,|3|,|4|','','','|2|','0','0','0','2000','1','1')
INSERT INTO CategoriesModules (UniqueID,CatID,ModuleID) VALUES('105539938842682','153479519466378','19')
INSERT INTO CategoriesPortals (UniqueID,CatID,PortalID) VALUES('127469035035361','153479519466378','0')
INSERT INTO Categories (CatID,ListUnder,CategoryName,Description,Keywords,CatType,Moderator,AccessKeys,WriteKeys,SEODescription,SEOPageTitle,ManageKeys,AccessHide,WriteHide,ExcPortalSecurity,Weight,ShowList,Sharing) VALUES('517583524218945','185002260738668','Classifieds','','','','Moderator','|2|,|3|,|1|,|4|','|2|,|3|,|4|','','','|2|','0','0','0','2000','1','1')
INSERT INTO CategoriesModules (UniqueID,CatID,ModuleID) VALUES('838043164794242','517583524218945','19')
INSERT INTO CategoriesPortals (UniqueID,CatID,PortalID) VALUES('129260731255313','517583524218945','0')
INSERT INTO Categories (CatID,ListUnder,CategoryName,Description,Keywords,CatType,Moderator,AccessKeys,WriteKeys,SEODescription,SEOPageTitle,ManageKeys,AccessHide,WriteHide,ExcPortalSecurity,Weight,ShowList,Sharing) VALUES('178354979025144','828577006965644','Climbing','','','','Moderator','|2|,|3|,|1|,|4|','|2|,|3|,|4|','','','|2|','0','0','0','2000','1','1')
INSERT INTO CategoriesModules (UniqueID,CatID,ModuleID) VALUES('313461097799258','178354979025144','19')
INSERT INTO CategoriesPortals (UniqueID,CatID,PortalID) VALUES('194160935737916','178354979025144','0')
INSERT INTO Categories (CatID,ListUnder,CategoryName,Description,Keywords,CatType,Moderator,AccessKeys,WriteKeys,SEODescription,SEOPageTitle,ManageKeys,AccessHide,WriteHide,ExcPortalSecurity,Weight,ShowList,Sharing) VALUES('150763979468085','185002260738668','Clothing','','','','Moderator','|2|,|3|,|1|,|4|','|2|,|3|,|4|','','','|2|','0','0','0','2000','1','1')
INSERT INTO CategoriesModules (UniqueID,CatID,ModuleID) VALUES('104479977361517','150763979468085','19')
INSERT INTO CategoriesPortals (UniqueID,CatID,PortalID) VALUES('154043863861736','150763979468085','0')
INSERT INTO Categories (CatID,ListUnder,CategoryName,Description,Keywords,CatType,Moderator,AccessKeys,WriteKeys,SEODescription,SEOPageTitle,ManageKeys,AccessHide,WriteHide,ExcPortalSecurity,Weight,ShowList,Sharing) VALUES('708068268776867','291790306797482','Clubs','','','','Moderator','|2|,|3|,|1|,|4|','|2|,|3|,|4|','','','|2|','0','0','0','2000','1','1')
INSERT INTO CategoriesModules (UniqueID,CatID,ModuleID) VALUES('147001228233135','708068268776867','19')
INSERT INTO CategoriesPortals (UniqueID,CatID,PortalID) VALUES('207815865211262','708068268776867','0')
INSERT INTO Categories (CatID,ListUnder,CategoryName,Description,Keywords,CatType,Moderator,AccessKeys,WriteKeys,SEODescription,SEOPageTitle,ManageKeys,AccessHide,WriteHide,ExcPortalSecurity,Weight,ShowList,Sharing) VALUES('197152248344835','828577006965644','Collecting','','','','Moderator','|2|,|3|,|1|,|4|','|2|,|3|,|4|','','','|2|','0','0','0','2000','1','1')
INSERT INTO CategoriesModules (UniqueID,CatID,ModuleID) VALUES('144130894904814','197152248344835','19')
INSERT INTO CategoriesPortals (UniqueID,CatID,PortalID) VALUES('914394805526231','197152248344835','0')
INSERT INTO Categories (CatID,ListUnder,CategoryName,Description,Keywords,CatType,Moderator,AccessKeys,WriteKeys,SEODescription,SEOPageTitle,ManageKeys,AccessHide,WriteHide,ExcPortalSecurity,Weight,ShowList,Sharing) VALUES('163058010125930','137301753284712','College and University','','','','Moderator','|2|,|3|,|1|,|4|','|2|,|3|,|4|','','','|2|','0','0','0','2000','1','1')
INSERT INTO CategoriesModules (UniqueID,CatID,ModuleID) VALUES('125131224768259','163058010125930','19')
INSERT INTO CategoriesPortals (UniqueID,CatID,PortalID) VALUES('132617654953837','163058010125930','0')
INSERT INTO Categories (CatID,ListUnder,CategoryName,Description,Keywords,CatType,Moderator,AccessKeys,WriteKeys,SEODescription,SEOPageTitle,ManageKeys,AccessHide,WriteHide,ExcPortalSecurity,Weight,ShowList,Sharing) VALUES('182282384373344','316246332495564','Colleges & Universities','','','','Moderator','|2|,|3|,|1|,|4|','|2|,|3|,|4|','','','|2|','0','0','0','2000','1','1')
INSERT INTO CategoriesModules (UniqueID,CatID,ModuleID) VALUES('293537558784957','182282384373344','19')
INSERT INTO CategoriesPortals (UniqueID,CatID,PortalID) VALUES('745042497795207','182282384373344','0')
INSERT INTO Categories (CatID,ListUnder,CategoryName,Description,Keywords,CatType,Moderator,AccessKeys,WriteKeys,SEODescription,SEOPageTitle,ManageKeys,AccessHide,WriteHide,ExcPortalSecurity,Weight,ShowList,Sharing) VALUES('187937195455649','108351767413623','Colleges and Universities','','','','Moderator','|2|,|3|,|1|,|4|','|2|,|3|,|4|','','','|2|','0','0','0','2000','1','1')
INSERT INTO CategoriesModules (UniqueID,CatID,ModuleID) VALUES('181609363476584','187937195455649','19')
INSERT INTO CategoriesPortals (UniqueID,CatID,PortalID) VALUES('103867909514965','187937195455649','0')
INSERT INTO Categories (CatID,ListUnder,CategoryName,Description,Keywords,CatType,Moderator,AccessKeys,WriteKeys,SEODescription,SEOPageTitle,ManageKeys,AccessHide,WriteHide,ExcPortalSecurity,Weight,ShowList,Sharing) VALUES('732831081251486','208328939962424','Comic Books & Comic Strips','','','','Moderator','|2|,|3|,|1|,|4|','|2|,|3|,|4|','','','|2|','0','0','0','2000','1','1')
INSERT INTO CategoriesModules (UniqueID,CatID,ModuleID) VALUES('683816163523157','732831081251486','19')
INSERT INTO CategoriesPortals (UniqueID,CatID,PortalID) VALUES('565445154817088','732831081251486','0')
INSERT INTO Categories (CatID,ListUnder,CategoryName,Description,Keywords,CatType,Moderator,AccessKeys,WriteKeys,SEODescription,SEOPageTitle,ManageKeys,AccessHide,WriteHide,ExcPortalSecurity,Weight,ShowList,Sharing) VALUES('210116604142368','178184256263312','Commercial','','','','Moderator','|2|,|3|,|1|,|4|','|2|,|3|,|4|','','','|2|','0','0','0','2000','1','1')
INSERT INTO CategoriesModules (UniqueID,CatID,ModuleID) VALUES('170176841471396','210116604142368','19')
INSERT INTO CategoriesPortals (UniqueID,CatID,PortalID) VALUES('207377618253821','210116604142368','0')
INSERT INTO Categories (CatID,ListUnder,CategoryName,Description,Keywords,CatType,Moderator,AccessKeys,WriteKeys,SEODescription,SEOPageTitle,ManageKeys,AccessHide,WriteHide,ExcPortalSecurity,Weight,ShowList,Sharing) VALUES('204518469215851','113151894273336','Commercial Services','','','','Moderator','|2|,|3|,|1|,|4|','|2|,|3|,|4|','','','|2|','0','0','0','2000','1','1')
INSERT INTO CategoriesModules (UniqueID,CatID,ModuleID) VALUES('359538927175414','204518469215851','19')
INSERT INTO CategoriesPortals (UniqueID,CatID,PortalID) VALUES('609939802054685','204518469215851','0')
INSERT INTO Categories (CatID,ListUnder,CategoryName,Description,Keywords,CatType,Moderator,AccessKeys,WriteKeys,SEODescription,SEOPageTitle,ManageKeys,AccessHide,WriteHide,ExcPortalSecurity,Weight,ShowList,Sharing) VALUES('326915512471678','206453636137885','Companies','','','','Moderator','|2|,|3|,|1|,|4|','|2|,|3|,|4|','','','|2|','0','0','0','2000','1','1')
INSERT INTO CategoriesModules (UniqueID,CatID,ModuleID) VALUES('305012470589221','326915512471678','19')
INSERT INTO CategoriesPortals (UniqueID,CatID,PortalID) VALUES('114091882654563','326915512471678','0')
INSERT INTO Categories (CatID,ListUnder,CategoryName,Description,Keywords,CatType,Moderator,AccessKeys,WriteKeys,SEODescription,SEOPageTitle,ManageKeys,AccessHide,WriteHide,ExcPortalSecurity,Weight,ShowList,Sharing) VALUES('128328656672566','199386689783970','Computer','','','','Moderator','|2|,|3|,|1|,|4|','|2|,|3|,|4|','','','|2|','0','0','0','2000','1','1')
INSERT INTO CategoriesModules (UniqueID,CatID,ModuleID) VALUES('277660433306786','128328656672566','19')
INSERT INTO CategoriesPortals (UniqueID,CatID,PortalID) VALUES('167925151968854','128328656672566','0')
INSERT INTO Categories (CatID,ListUnder,CategoryName,Description,Keywords,CatType,Moderator,AccessKeys,WriteKeys,SEODescription,SEOPageTitle,ManageKeys,AccessHide,WriteHide,ExcPortalSecurity,Weight,ShowList,Sharing) VALUES('676275869370542','206453636137885','Computer Science','','','','Moderator','|2|,|3|,|1|,|4|','|2|,|3|,|4|','','','|2|','0','0','0','2000','1','1')
INSERT INTO CategoriesModules (UniqueID,CatID,ModuleID) VALUES('176374327012295','676275869370542','19')
INSERT INTO CategoriesPortals (UniqueID,CatID,PortalID) VALUES('142760322905658','676275869370542','0')
INSERT INTO Categories (CatID,ListUnder,CategoryName,Description,Keywords,CatType,Moderator,AccessKeys,WriteKeys,SEODescription,SEOPageTitle,ManageKeys,AccessHide,WriteHide,ExcPortalSecurity,Weight,ShowList,Sharing) VALUES('206453636137885','0','Computers','','','','Moderator','|2|,|3|,|1|,|4|','|2|,|3|,|4|','','','|2|','0','0','0','2000','1','1')
INSERT INTO CategoriesModules (UniqueID,CatID,ModuleID) VALUES('133560379815581','206453636137885','19')
INSERT INTO CategoriesPortals (UniqueID,CatID,PortalID) VALUES('408343476197216','206453636137885','0')
INSERT INTO Categories (CatID,ListUnder,CategoryName,Description,Keywords,CatType,Moderator,AccessKeys,WriteKeys,SEODescription,SEOPageTitle,ManageKeys,AccessHide,WriteHide,ExcPortalSecurity,Weight,ShowList,Sharing) VALUES('235823084783957','291790306797482','Concept Vehicles','','','','Moderator','|2|,|3|,|1|,|4|','|2|,|3|,|4|','','','|2|','0','0','0','2000','1','1')
INSERT INTO CategoriesModules (UniqueID,CatID,ModuleID) VALUES('931154077698571','235823084783957','19')
INSERT INTO CategoriesPortals (UniqueID,CatID,PortalID) VALUES('123183913197232','235823084783957','0')
INSERT INTO Categories (CatID,ListUnder,CategoryName,Description,Keywords,CatType,Moderator,AccessKeys,WriteKeys,SEODescription,SEOPageTitle,ManageKeys,AccessHide,WriteHide,ExcPortalSecurity,Weight,ShowList,Sharing) VALUES('208361233267305','116195634152458','Conferences','','','','Moderator','|2|,|3|,|1|,|4|','|2|,|3|,|4|','','','|2|','0','0','0','2000','1','1')
INSERT INTO CategoriesModules (UniqueID,CatID,ModuleID) VALUES('149208383048642','208361233267305','19')
INSERT INTO CategoriesPortals (UniqueID,CatID,PortalID) VALUES('880779801719431','208361233267305','0')
INSERT INTO Categories (CatID,ListUnder,CategoryName,Description,Keywords,CatType,Moderator,AccessKeys,WriteKeys,SEODescription,SEOPageTitle,ManageKeys,AccessHide,WriteHide,ExcPortalSecurity,Weight,ShowList,Sharing) VALUES('189341302688182','187229545352848','Conferences','','','','Moderator','|2|,|3|,|1|,|4|','|2|,|3|,|4|','','','|2|','0','0','0','2000','1','1')
INSERT INTO CategoriesModules (UniqueID,CatID,ModuleID) VALUES('127925287656586','189341302688182','19')
INSERT INTO CategoriesPortals (UniqueID,CatID,PortalID) VALUES('111137412496849','189341302688182','0')
INSERT INTO Categories (CatID,ListUnder,CategoryName,Description,Keywords,CatType,Moderator,AccessKeys,WriteKeys,SEODescription,SEOPageTitle,ManageKeys,AccessHide,WriteHide,ExcPortalSecurity,Weight,ShowList,Sharing) VALUES('929551590164924','0','Console Platforms','','','','Moderator','|2|,|3|,|1|,|4|','|2|,|3|,|4|','','','|2|','0','0','0','2000','1','1')
INSERT INTO CategoriesModules (UniqueID,CatID,ModuleID) VALUES('149160343166234','929551590164924','19')
INSERT INTO CategoriesPortals (UniqueID,CatID,PortalID) VALUES('918484752334428','929551590164924','0')
INSERT INTO Categories (CatID,ListUnder,CategoryName,Description,Keywords,CatType,Moderator,AccessKeys,WriteKeys,SEODescription,SEOPageTitle,ManageKeys,AccessHide,WriteHide,ExcPortalSecurity,Weight,ShowList,Sharing) VALUES('182057567235044','196992743979967','Construction','','','','Moderator','|2|,|3|,|1|,|4|','|2|,|3|,|4|','','','|2|','0','0','0','2000','1','1')
INSERT INTO CategoriesModules (UniqueID,CatID,ModuleID) VALUES('214824450962109','182057567235044','19')
INSERT INTO CategoriesPortals (UniqueID,CatID,PortalID) VALUES('881518196442615','182057567235044','0')
INSERT INTO Categories (CatID,ListUnder,CategoryName,Description,Keywords,CatType,Moderator,AccessKeys,WriteKeys,SEODescription,SEOPageTitle,ManageKeys,AccessHide,WriteHide,ExcPortalSecurity,Weight,ShowList,Sharing) VALUES('129621521148455','113151894273336','Consultants','','','','Moderator','|2|,|3|,|1|,|4|','|2|,|3|,|4|','','','|2|','0','0','0','2000','1','1')
INSERT INTO CategoriesModules (UniqueID,CatID,ModuleID) VALUES('417508966000320','129621521148455','19')
INSERT INTO CategoriesPortals (UniqueID,CatID,PortalID) VALUES('138736571347716','129621521148455','0')
INSERT INTO Categories (CatID,ListUnder,CategoryName,Description,Keywords,CatType,Moderator,AccessKeys,WriteKeys,SEODescription,SEOPageTitle,ManageKeys,AccessHide,WriteHide,ExcPortalSecurity,Weight,ShowList,Sharing) VALUES('546895349273251','206453636137885','Consultants','','','','Moderator','|2|,|3|,|1|,|4|','|2|,|3|,|4|','','','|2|','0','0','0','2000','1','1')
INSERT INTO CategoriesModules (UniqueID,CatID,ModuleID) VALUES('127465445265466','546895349273251','19')
INSERT INTO CategoriesPortals (UniqueID,CatID,PortalID) VALUES('815315014341945','546895349273251','0')
INSERT INTO Categories (CatID,ListUnder,CategoryName,Description,Keywords,CatType,Moderator,AccessKeys,WriteKeys,SEODescription,SEOPageTitle,ManageKeys,AccessHide,WriteHide,ExcPortalSecurity,Weight,ShowList,Sharing) VALUES('898932991140427','185002260738668','Consumer Electronics','','','','Moderator','|2|,|3|,|1|,|4|','|2|,|3|,|4|','','','|2|','0','0','0','2000','1','1')
INSERT INTO CategoriesModules (UniqueID,CatID,ModuleID) VALUES('151973226484013','898932991140427','19')
INSERT INTO CategoriesPortals (UniqueID,CatID,PortalID) VALUES('167668418896976','898932991140427','0')
INSERT INTO Categories (CatID,ListUnder,CategoryName,Description,Keywords,CatType,Moderator,AccessKeys,WriteKeys,SEODescription,SEOPageTitle,ManageKeys,AccessHide,WriteHide,ExcPortalSecurity,Weight,ShowList,Sharing) VALUES('475476219861620','196992743979967','Consumer Goods and Services','','','','Moderator','|2|,|3|,|1|,|4|','|2|,|3|,|4|','','','|2|','0','0','0','2000','1','1')
INSERT INTO CategoriesModules (UniqueID,CatID,ModuleID) VALUES('847497373794799','475476219861620','19')
INSERT INTO CategoriesPortals (UniqueID,CatID,PortalID) VALUES('146080134261545','475476219861620','0')
INSERT INTO Categories (CatID,ListUnder,CategoryName,Description,Keywords,CatType,Moderator,AccessKeys,WriteKeys,SEODescription,SEOPageTitle,ManageKeys,AccessHide,WriteHide,ExcPortalSecurity,Weight,ShowList,Sharing) VALUES('998420725475817','183613075156714','Consumer Information','','','','Moderator','|2|,|3|,|1|,|4|','|2|,|3|,|4|','','','|2|','0','0','0','2000','1','1')
INSERT INTO CategoriesModules (UniqueID,CatID,ModuleID) VALUES('213395448414773','998420725475817','19')
INSERT INTO CategoriesPortals (UniqueID,CatID,PortalID) VALUES('156340167678933','998420725475817','0')
INSERT INTO Categories (CatID,ListUnder,CategoryName,Description,Keywords,CatType,Moderator,AccessKeys,WriteKeys,SEODescription,SEOPageTitle,ManageKeys,AccessHide,WriteHide,ExcPortalSecurity,Weight,ShowList,Sharing) VALUES('188311268160853','316246332495564','Continuing Education & Certification','','','','Moderator','|2|,|3|,|1|,|4|','|2|,|3|,|4|','','','|2|','0','0','0','2000','1','1')
INSERT INTO CategoriesModules (UniqueID,CatID,ModuleID) VALUES('546238277110318','188311268160853','19')
INSERT INTO CategoriesPortals (UniqueID,CatID,PortalID) VALUES('199277067338836','188311268160853','0')
INSERT INTO Categories (CatID,ListUnder,CategoryName,Description,Keywords,CatType,Moderator,AccessKeys,WriteKeys,SEODescription,SEOPageTitle,ManageKeys,AccessHide,WriteHide,ExcPortalSecurity,Weight,ShowList,Sharing) VALUES('222541484083798','161512229762770','Conventions and Conferences','','','','Moderator','|2|,|3|,|1|,|4|','|2|,|3|,|4|','','','|2|','0','0','0','2000','1','1')
INSERT INTO CategoriesModules (UniqueID,CatID,ModuleID) VALUES('443883605624812','222541484083798','19')
INSERT INTO CategoriesPortals (UniqueID,CatID,PortalID) VALUES('197635384807346','222541484083798','0')
INSERT INTO Categories (CatID,ListUnder,CategoryName,Description,Keywords,CatType,Moderator,AccessKeys,WriteKeys,SEODescription,SEOPageTitle,ManageKeys,AccessHide,WriteHide,ExcPortalSecurity,Weight,ShowList,Sharing) VALUES('143126351686058','196992743979967','Cooperatives','','','','Moderator','|2|,|3|,|1|,|4|','|2|,|3|,|4|','','','|2|','0','0','0','2000','1','1')
INSERT INTO CategoriesModules (UniqueID,CatID,ModuleID) VALUES('628371883076152','143126351686058','19')
INSERT INTO CategoriesPortals (UniqueID,CatID,PortalID) VALUES('129932614337267','143126351686058','0')
INSERT INTO Categories (CatID,ListUnder,CategoryName,Description,Keywords,CatType,Moderator,AccessKeys,WriteKeys,SEODescription,SEOPageTitle,ManageKeys,AccessHide,WriteHide,ExcPortalSecurity,Weight,ShowList,Sharing) VALUES('129266015356023','185002260738668','Crafts','','','','Moderator','|2|,|3|,|1|,|4|','|2|,|3|,|4|','','','|2|','0','0','0','2000','1','1')
INSERT INTO CategoriesModules (UniqueID,CatID,ModuleID) VALUES('205093250631742','129266015356023','19')
INSERT INTO CategoriesPortals (UniqueID,CatID,PortalID) VALUES('194901824816821','129266015356023','0')
INSERT INTO Categories (CatID,ListUnder,CategoryName,Description,Keywords,CatType,Moderator,AccessKeys,WriteKeys,SEODescription,SEOPageTitle,ManageKeys,AccessHide,WriteHide,ExcPortalSecurity,Weight,ShowList,Sharing) VALUES('851070189634585','208328939962424','Crafts','','','','Moderator','|2|,|3|,|1|,|4|','|2|,|3|,|4|','','','|2|','0','0','0','2000','1','1')
INSERT INTO CategoriesModules (UniqueID,CatID,ModuleID) VALUES('773450105201583','851070189634585','19')
INSERT INTO CategoriesPortals (UniqueID,CatID,PortalID) VALUES('136484996755814','851070189634585','0')
INSERT INTO Categories (CatID,ListUnder,CategoryName,Description,Keywords,CatType,Moderator,AccessKeys,WriteKeys,SEODescription,SEOPageTitle,ManageKeys,AccessHide,WriteHide,ExcPortalSecurity,Weight,ShowList,Sharing) VALUES('140296574348586','193306780238815','Credit & Debt','','','','Moderator','|2|,|3|,|1|,|4|','|2|,|3|,|4|','','','|2|','0','0','0','2000','1','1')
INSERT INTO CategoriesModules (UniqueID,CatID,ModuleID) VALUES('156078996933161','140296574348586','19')
INSERT INTO CategoriesPortals (UniqueID,CatID,PortalID) VALUES('330194581645470','140296574348586','0')
INSERT INTO Categories (CatID,ListUnder,CategoryName,Description,Keywords,CatType,Moderator,AccessKeys,WriteKeys,SEODescription,SEOPageTitle,ManageKeys,AccessHide,WriteHide,ExcPortalSecurity,Weight,ShowList,Sharing) VALUES('165383507112783','137301753284712','Cricket','','','','Moderator','|2|,|3|,|1|,|4|','|2|,|3|,|4|','','','|2|','0','0','0','2000','1','1')
INSERT INTO CategoriesModules (UniqueID,CatID,ModuleID) VALUES('119176790172677','165383507112783','19')
INSERT INTO CategoriesPortals (UniqueID,CatID,PortalID) VALUES('163697815867931','165383507112783','0')
INSERT INTO Categories (CatID,ListUnder,CategoryName,Description,Keywords,CatType,Moderator,AccessKeys,WriteKeys,SEODescription,SEOPageTitle,ManageKeys,AccessHide,WriteHide,ExcPortalSecurity,Weight,ShowList,Sharing) VALUES('114866341052529','673927313944867','Crime','','','','Moderator','|2|,|3|,|1|,|4|','|2|,|3|,|4|','','','|2|','0','0','0','2000','1','1')
INSERT INTO CategoriesModules (UniqueID,CatID,ModuleID) VALUES('324983068536164','114866341052529','19')
INSERT INTO CategoriesPortals (UniqueID,CatID,PortalID) VALUES('156067329842025','114866341052529','0')
INSERT INTO Categories (CatID,ListUnder,CategoryName,Description,Keywords,CatType,Moderator,AccessKeys,WriteKeys,SEODescription,SEOPageTitle,ManageKeys,AccessHide,WriteHide,ExcPortalSecurity,Weight,ShowList,Sharing) VALUES('609470146509223','172065587414582','Cruises','','','','Moderator','|2|,|3|,|1|,|4|','|2|,|3|,|4|','','','|2|','0','0','0','2000','1','1')
INSERT INTO CategoriesModules (UniqueID,CatID,ModuleID) VALUES('206524730731023','609470146509223','19')
INSERT INTO CategoriesPortals (UniqueID,CatID,PortalID) VALUES('313077264147628','609470146509223','0')
INSERT INTO Categories (CatID,ListUnder,CategoryName,Description,Keywords,CatType,Moderator,AccessKeys,WriteKeys,SEODescription,SEOPageTitle,ManageKeys,AccessHide,WriteHide,ExcPortalSecurity,Weight,ShowList,Sharing) VALUES('189196030067410','172065587414582','Culinary','','','','Moderator','|2|,|3|,|1|,|4|','|2|,|3|,|4|','','','|2|','0','0','0','2000','1','1')
INSERT INTO CategoriesModules (UniqueID,CatID,ModuleID) VALUES('146300056854685','189196030067410','19')
INSERT INTO CategoriesPortals (UniqueID,CatID,PortalID) VALUES('156852958575510','189196030067410','0')
INSERT INTO Categories (CatID,ListUnder,CategoryName,Description,Keywords,CatType,Moderator,AccessKeys,WriteKeys,SEODescription,SEOPageTitle,ManageKeys,AccessHide,WriteHide,ExcPortalSecurity,Weight,ShowList,Sharing) VALUES('189558960282767','673927313944867','Cultures','','','','Moderator','|2|,|3|,|1|,|4|','|2|,|3|,|4|','','','|2|','0','0','0','2000','1','1')
INSERT INTO CategoriesModules (UniqueID,CatID,ModuleID) VALUES('507011175862529','189558960282767','19')
INSERT INTO CategoriesPortals (UniqueID,CatID,PortalID) VALUES('211274305465661','189558960282767','0')
INSERT INTO Categories (CatID,ListUnder,CategoryName,Description,Keywords,CatType,Moderator,AccessKeys,WriteKeys,SEODescription,SEOPageTitle,ManageKeys,AccessHide,WriteHide,ExcPortalSecurity,Weight,ShowList,Sharing) VALUES('930769075689858','208328939962424','Cultures and Groups','','','','Moderator','|2|,|3|,|1|,|4|','|2|,|3|,|4|','','','|2|','0','0','0','2000','1','1')
INSERT INTO CategoriesModules (UniqueID,CatID,ModuleID) VALUES('249685565931622','930769075689858','19')
INSERT INTO CategoriesPortals (UniqueID,CatID,PortalID) VALUES('124980406737640','930769075689858','0')
INSERT INTO Categories (CatID,ListUnder,CategoryName,Description,Keywords,CatType,Moderator,AccessKeys,WriteKeys,SEODescription,SEOPageTitle,ManageKeys,AccessHide,WriteHide,ExcPortalSecurity,Weight,ShowList,Sharing) VALUES('210770343885627','193306780238815','Currency','','','','Moderator','|2|,|3|,|1|,|4|','|2|,|3|,|4|','','','|2|','0','0','0','2000','1','1')
INSERT INTO CategoriesModules (UniqueID,CatID,ModuleID) VALUES('864841878438821','210770343885627','19')
INSERT INTO CategoriesPortals (UniqueID,CatID,PortalID) VALUES('155480380533230','210770343885627','0')
[[GO]]
INSERT INTO Categories (CatID,ListUnder,CategoryName,Description,Keywords,CatType,Moderator,AccessKeys,WriteKeys,SEODescription,SEOPageTitle,ManageKeys,AccessHide,WriteHide,ExcPortalSecurity,Weight,ShowList,Sharing) VALUES('498000858864647','108351767413623','Current Events','','','','Moderator','|2|,|3|,|1|,|4|','|2|,|3|,|4|','','','|2|','0','0','0','2000','1','1')
INSERT INTO CategoriesModules (UniqueID,CatID,ModuleID) VALUES('181378795050577','498000858864647','19')
INSERT INTO CategoriesPortals (UniqueID,CatID,PortalID) VALUES('113842397623450','498000858864647','0')
INSERT INTO Categories (CatID,ListUnder,CategoryName,Description,Keywords,CatType,Moderator,AccessKeys,WriteKeys,SEODescription,SEOPageTitle,ManageKeys,AccessHide,WriteHide,ExcPortalSecurity,Weight,ShowList,Sharing) VALUES('150729366142368','107462925193527','Cyber','','','','Moderator','|2|,|3|,|1|,|4|','|2|,|3|,|4|','','','|2|','0','0','0','2000','1','1')
INSERT INTO CategoriesModules (UniqueID,CatID,ModuleID) VALUES('120114081574390','150729366142368','19')
INSERT INTO CategoriesPortals (UniqueID,CatID,PortalID) VALUES('125198449856048','150729366142368','0')
INSERT INTO Categories (CatID,ListUnder,CategoryName,Description,Keywords,CatType,Moderator,AccessKeys,WriteKeys,SEODescription,SEOPageTitle,ManageKeys,AccessHide,WriteHide,ExcPortalSecurity,Weight,ShowList,Sharing) VALUES('344265790988587','113151894273336','Cybercafes','','','','Moderator','|2|,|3|,|1|,|4|','|2|,|3|,|4|','','','|2|','0','0','0','2000','1','1')
INSERT INTO CategoriesModules (UniqueID,CatID,ModuleID) VALUES('658763299389806','344265790988587','19')
INSERT INTO CategoriesPortals (UniqueID,CatID,PortalID) VALUES('198380235816245','344265790988587','0')
INSERT INTO Categories (CatID,ListUnder,CategoryName,Description,Keywords,CatType,Moderator,AccessKeys,WriteKeys,SEODescription,SEOPageTitle,ManageKeys,AccessHide,WriteHide,ExcPortalSecurity,Weight,ShowList,Sharing) VALUES('192387288331980','137301753284712','Cycling','','','','Moderator','|2|,|3|,|1|,|4|','|2|,|3|,|4|','','','|2|','0','0','0','2000','1','1')
INSERT INTO CategoriesModules (UniqueID,CatID,ModuleID) VALUES('153249604408485','192387288331980','19')
INSERT INTO CategoriesPortals (UniqueID,CatID,PortalID) VALUES('734853396388187','192387288331980','0')
INSERT INTO Categories (CatID,ListUnder,CategoryName,Description,Keywords,CatType,Moderator,AccessKeys,WriteKeys,SEODescription,SEOPageTitle,ManageKeys,AccessHide,WriteHide,ExcPortalSecurity,Weight,ShowList,Sharing) VALUES('130430212529914','113209343573435','Czech Republic','','','','Moderator','|2|,|3|,|1|,|4|','|2|,|3|,|4|','','','|2|','0','0','0','2000','1','1')
INSERT INTO CategoriesModules (UniqueID,CatID,ModuleID) VALUES('103207977752311','130430212529914','19')
INSERT INTO CategoriesPortals (UniqueID,CatID,PortalID) VALUES('840360614861326','130430212529914','0')
INSERT INTO Categories (CatID,ListUnder,CategoryName,Description,Keywords,CatType,Moderator,AccessKeys,WriteKeys,SEODescription,SEOPageTitle,ManageKeys,AccessHide,WriteHide,ExcPortalSecurity,Weight,ShowList,Sharing) VALUES('160258898683061','828577006965644','Dancing','','','','Moderator','|2|,|3|,|1|,|4|','|2|,|3|,|4|','','','|2|','0','0','0','2000','1','1')
INSERT INTO CategoriesModules (UniqueID,CatID,ModuleID) VALUES('203057964113819','160258898683061','19')
INSERT INTO CategoriesPortals (UniqueID,CatID,PortalID) VALUES('134162129262671','160258898683061','0')
INSERT INTO Categories (CatID,ListUnder,CategoryName,Description,Keywords,CatType,Moderator,AccessKeys,WriteKeys,SEODescription,SEOPageTitle,ManageKeys,AccessHide,WriteHide,ExcPortalSecurity,Weight,ShowList,Sharing) VALUES('424141389418755','137301753284712','Darts','','','','Moderator','|2|,|3|,|1|,|4|','|2|,|3|,|4|','','','|2|','0','0','0','2000','1','1')
INSERT INTO CategoriesModules (UniqueID,CatID,ModuleID) VALUES('185350609371068','424141389418755','19')
INSERT INTO CategoriesPortals (UniqueID,CatID,PortalID) VALUES('838423408583383','424141389418755','0')
INSERT INTO Categories (CatID,ListUnder,CategoryName,Description,Keywords,CatType,Moderator,AccessKeys,WriteKeys,SEODescription,SEOPageTitle,ManageKeys,AccessHide,WriteHide,ExcPortalSecurity,Weight,ShowList,Sharing) VALUES('181729289353941','206453636137885','Data Communications','','','','Moderator','|2|,|3|,|1|,|4|','|2|,|3|,|4|','','','|2|','0','0','0','2000','1','1')
INSERT INTO CategoriesModules (UniqueID,CatID,ModuleID) VALUES('277296162638639','181729289353941','19')
INSERT INTO CategoriesPortals (UniqueID,CatID,PortalID) VALUES('156783496597441','181729289353941','0')
INSERT INTO Categories (CatID,ListUnder,CategoryName,Description,Keywords,CatType,Moderator,AccessKeys,WriteKeys,SEODescription,SEOPageTitle,ManageKeys,AccessHide,WriteHide,ExcPortalSecurity,Weight,ShowList,Sharing) VALUES('120346128831570','206453636137885','Data Formats','','','','Moderator','|2|,|3|,|1|,|4|','|2|,|3|,|4|','','','|2|','0','0','0','2000','1','1')
INSERT INTO CategoriesModules (UniqueID,CatID,ModuleID) VALUES('118748456838266','120346128831570','19')
INSERT INTO CategoriesPortals (UniqueID,CatID,PortalID) VALUES('111760194425955','120346128831570','0')
INSERT INTO Categories (CatID,ListUnder,CategoryName,Description,Keywords,CatType,Moderator,AccessKeys,WriteKeys,SEODescription,SEOPageTitle,ManageKeys,AccessHide,WriteHide,ExcPortalSecurity,Weight,ShowList,Sharing) VALUES('253026005343635','673927313944867','Dating','','','','Moderator','|2|,|3|,|1|,|4|','|2|,|3|,|4|','','','|2|','0','0','0','2000','1','1')
INSERT INTO CategoriesModules (UniqueID,CatID,ModuleID) VALUES('494805203661561','253026005343635','19')
INSERT INTO CategoriesPortals (UniqueID,CatID,PortalID) VALUES('133030991667067','253026005343635','0')
INSERT INTO Categories (CatID,ListUnder,CategoryName,Description,Keywords,CatType,Moderator,AccessKeys,WriteKeys,SEODescription,SEOPageTitle,ManageKeys,AccessHide,WriteHide,ExcPortalSecurity,Weight,ShowList,Sharing) VALUES('827095980689391','107462925193527','Dating','','','','Moderator','|2|,|3|,|1|,|4|','|2|,|3|,|4|','','','|2|','0','0','0','2000','1','1')
INSERT INTO CategoriesModules (UniqueID,CatID,ModuleID) VALUES('427775109352206','827095980689391','19')
INSERT INTO CategoriesPortals (UniqueID,CatID,PortalID) VALUES('907512220854352','827095980689391','0')
INSERT INTO Categories (CatID,ListUnder,CategoryName,Description,Keywords,CatType,Moderator,AccessKeys,WriteKeys,SEODescription,SEOPageTitle,ManageKeys,AccessHide,WriteHide,ExcPortalSecurity,Weight,ShowList,Sharing) VALUES('887709102531353','183613075156714','Daycare','','','','Moderator','|2|,|3|,|1|,|4|','|2|,|3|,|4|','','','|2|','0','0','0','2000','1','1')
INSERT INTO CategoriesModules (UniqueID,CatID,ModuleID) VALUES('297662585714821','887709102531353','19')
INSERT INTO CategoriesPortals (UniqueID,CatID,PortalID) VALUES('395065468147299','887709102531353','0')
INSERT INTO Categories (CatID,ListUnder,CategoryName,Description,Keywords,CatType,Moderator,AccessKeys,WriteKeys,SEODescription,SEOPageTitle,ManageKeys,AccessHide,WriteHide,ExcPortalSecurity,Weight,ShowList,Sharing) VALUES('204924973054553','183613075156714','Death & Dying','','','','Moderator','|2|,|3|,|1|,|4|','|2|,|3|,|4|','','','|2|','0','0','0','2000','1','1')
INSERT INTO CategoriesModules (UniqueID,CatID,ModuleID) VALUES('814243794236982','204924973054553','19')
INSERT INTO CategoriesPortals (UniqueID,CatID,PortalID) VALUES('434245398920335','204924973054553','0')
INSERT INTO Categories (CatID,ListUnder,CategoryName,Description,Keywords,CatType,Moderator,AccessKeys,WriteKeys,SEODescription,SEOPageTitle,ManageKeys,AccessHide,WriteHide,ExcPortalSecurity,Weight,ShowList,Sharing) VALUES('967762612766388','185002260738668','Death Care','','','','Moderator','|2|,|3|,|1|,|4|','|2|,|3|,|4|','','','|2|','0','0','0','2000','1','1')
INSERT INTO CategoriesModules (UniqueID,CatID,ModuleID) VALUES('166050053000738','967762612766388','19')
INSERT INTO CategoriesPortals (UniqueID,CatID,PortalID) VALUES('204761255550714','967762612766388','0')
INSERT INTO Categories (CatID,ListUnder,CategoryName,Description,Keywords,CatType,Moderator,AccessKeys,WriteKeys,SEODescription,SEOPageTitle,ManageKeys,AccessHide,WriteHide,ExcPortalSecurity,Weight,ShowList,Sharing) VALUES('172358501017338','855188733556946','Decorating','','','','Moderator','|2|,|3|,|1|,|4|','|2|,|3|,|4|','','','|2|','0','0','0','2000','1','1')
INSERT INTO CategoriesModules (UniqueID,CatID,ModuleID) VALUES('687441895448862','172358501017338','19')
INSERT INTO CategoriesPortals (UniqueID,CatID,PortalID) VALUES('105279723114643','172358501017338','0')
INSERT INTO Categories (CatID,ListUnder,CategoryName,Description,Keywords,CatType,Moderator,AccessKeys,WriteKeys,SEODescription,SEOPageTitle,ManageKeys,AccessHide,WriteHide,ExcPortalSecurity,Weight,ShowList,Sharing) VALUES('103548224193563','208328939962424','Design','','','','Moderator','|2|,|3|,|1|,|4|','|2|,|3|,|4|','','','|2|','0','0','0','2000','1','1')
INSERT INTO CategoriesModules (UniqueID,CatID,ModuleID) VALUES('637882629258589','103548224193563','19')
INSERT INTO CategoriesPortals (UniqueID,CatID,PortalID) VALUES('123591084104481','103548224193563','0')
INSERT INTO Categories (CatID,ListUnder,CategoryName,Description,Keywords,CatType,Moderator,AccessKeys,WriteKeys,SEODescription,SEOPageTitle,ManageKeys,AccessHide,WriteHide,ExcPortalSecurity,Weight,ShowList,Sharing) VALUES('501807090826125','855188733556946','Design','','','','Moderator','|2|,|3|,|1|,|4|','|2|,|3|,|4|','','','|2|','0','0','0','2000','1','1')
INSERT INTO CategoriesModules (UniqueID,CatID,ModuleID) VALUES('134527201701344','501807090826125','19')
INSERT INTO CategoriesPortals (UniqueID,CatID,PortalID) VALUES('544855960865191','501807090826125','0')
INSERT INTO Categories (CatID,ListUnder,CategoryName,Description,Keywords,CatType,Moderator,AccessKeys,WriteKeys,SEODescription,SEOPageTitle,ManageKeys,AccessHide,WriteHide,ExcPortalSecurity,Weight,ShowList,Sharing) VALUES('498095776677860','206453636137885','Desktop Publishing','','','','Moderator','|2|,|3|,|1|,|4|','|2|,|3|,|4|','','','|2|','0','0','0','2000','1','1')
INSERT INTO CategoriesModules (UniqueID,CatID,ModuleID) VALUES('206093003519086','498095776677860','19')
INSERT INTO CategoriesPortals (UniqueID,CatID,PortalID) VALUES('784683695729688','498095776677860','0')
INSERT INTO Categories (CatID,ListUnder,CategoryName,Description,Keywords,CatType,Moderator,AccessKeys,WriteKeys,SEODescription,SEOPageTitle,ManageKeys,AccessHide,WriteHide,ExcPortalSecurity,Weight,ShowList,Sharing) VALUES('142661432757158','172065587414582','Destinations','','','','Moderator','|2|,|3|,|1|,|4|','|2|,|3|,|4|','','','|2|','0','0','0','2000','1','1')
INSERT INTO CategoriesModules (UniqueID,CatID,ModuleID) VALUES('130903509821695','142661432757158','19')
INSERT INTO CategoriesPortals (UniqueID,CatID,PortalID) VALUES('146942480678313','142661432757158','0')
INSERT INTO Categories (CatID,ListUnder,CategoryName,Description,Keywords,CatType,Moderator,AccessKeys,WriteKeys,SEODescription,SEOPageTitle,ManageKeys,AccessHide,WriteHide,ExcPortalSecurity,Weight,ShowList,Sharing) VALUES('569777782754382','459950931209134','Developers and Publishers','','','','Moderator','|2|,|3|,|1|,|4|','|2|,|3|,|4|','','','|2|','0','0','0','2000','1','1')
INSERT INTO CategoriesModules (UniqueID,CatID,ModuleID) VALUES('152581783819138','569777782754382','19')
INSERT INTO CategoriesPortals (UniqueID,CatID,PortalID) VALUES('400290956319539','569777782754382','0')
INSERT INTO Categories (CatID,ListUnder,CategoryName,Description,Keywords,CatType,Moderator,AccessKeys,WriteKeys,SEODescription,SEOPageTitle,ManageKeys,AccessHide,WriteHide,ExcPortalSecurity,Weight,ShowList,Sharing) VALUES('103363404808334','459950931209134','Dice','','','','Moderator','|2|,|3|,|1|,|4|','|2|,|3|,|4|','','','|2|','0','0','0','2000','1','1')
INSERT INTO CategoriesModules (UniqueID,CatID,ModuleID) VALUES('256416344973113','103363404808334','19')
INSERT INTO CategoriesPortals (UniqueID,CatID,PortalID) VALUES('144011948674209','103363404808334','0')
INSERT INTO Categories (CatID,ListUnder,CategoryName,Description,Keywords,CatType,Moderator,AccessKeys,WriteKeys,SEODescription,SEOPageTitle,ManageKeys,AccessHide,WriteHide,ExcPortalSecurity,Weight,ShowList,Sharing) VALUES('137452763689222','199386689783970','Dictionaries and Thesauri','','','','Moderator','|2|,|3|,|1|,|4|','|2|,|3|,|4|','','','|2|','0','0','0','2000','1','1')
INSERT INTO CategoriesModules (UniqueID,CatID,ModuleID) VALUES('598263831841086','137452763689222','19')
INSERT INTO CategoriesPortals (UniqueID,CatID,PortalID) VALUES('478926201017842','137452763689222','0')
INSERT INTO Categories (CatID,ListUnder,CategoryName,Description,Keywords,CatType,Moderator,AccessKeys,WriteKeys,SEODescription,SEOPageTitle,ManageKeys,AccessHide,WriteHide,ExcPortalSecurity,Weight,ShowList,Sharing) VALUES('536051598224251','208328939962424','Digital','','','','Moderator','|2|,|3|,|1|,|4|','|2|,|3|,|4|','','','|2|','0','0','0','2000','1','1')
INSERT INTO CategoriesModules (UniqueID,CatID,ModuleID) VALUES('101374041064946','536051598224251','19')
INSERT INTO CategoriesPortals (UniqueID,CatID,PortalID) VALUES('141130854787615','536051598224251','0')
INSERT INTO Categories (CatID,ListUnder,CategoryName,Description,Keywords,CatType,Moderator,AccessKeys,WriteKeys,SEODescription,SEOPageTitle,ManageKeys,AccessHide,WriteHide,ExcPortalSecurity,Weight,ShowList,Sharing) VALUES('638715752104681','206453636137885','Directories','','','','Moderator','|2|,|3|,|1|,|4|','|2|,|3|,|4|','','','|2|','0','0','0','2000','1','1')
INSERT INTO CategoriesModules (UniqueID,CatID,ModuleID) VALUES('667594652699653','638715752104681','19')
INSERT INTO CategoriesPortals (UniqueID,CatID,PortalID) VALUES('247797649340246','638715752104681','0')
INSERT INTO Categories (CatID,ListUnder,CategoryName,Description,Keywords,CatType,Moderator,AccessKeys,WriteKeys,SEODescription,SEOPageTitle,ManageKeys,AccessHide,WriteHide,ExcPortalSecurity,Weight,ShowList,Sharing) VALUES('207868241038434','828577006965644','Directories','','','','Moderator','|2|,|3|,|1|,|4|','|2|,|3|,|4|','','','|2|','0','0','0','2000','1','1')
INSERT INTO CategoriesModules (UniqueID,CatID,ModuleID) VALUES('204796634237226','207868241038434','19')
INSERT INTO CategoriesPortals (UniqueID,CatID,PortalID) VALUES('630011026825916','207868241038434','0')
INSERT INTO Categories (CatID,ListUnder,CategoryName,Description,Keywords,CatType,Moderator,AccessKeys,WriteKeys,SEODescription,SEOPageTitle,ManageKeys,AccessHide,WriteHide,ExcPortalSecurity,Weight,ShowList,Sharing) VALUES('405149129889703','185002260738668','Directories','','','','Moderator','|2|,|3|,|1|,|4|','|2|,|3|,|4|','','','|2|','0','0','0','2000','1','1')
INSERT INTO CategoriesModules (UniqueID,CatID,ModuleID) VALUES('142738269486219','405149129889703','19')
INSERT INTO CategoriesPortals (UniqueID,CatID,PortalID) VALUES('133301104035142','405149129889703','0')
INSERT INTO Categories (CatID,ListUnder,CategoryName,Description,Keywords,CatType,Moderator,AccessKeys,WriteKeys,SEODescription,SEOPageTitle,ManageKeys,AccessHide,WriteHide,ExcPortalSecurity,Weight,ShowList,Sharing) VALUES('828009743206010','116195634152458','Directories','','','','Moderator','|2|,|3|,|1|,|4|','|2|,|3|,|4|','','','|2|','0','0','0','2000','1','1')
INSERT INTO CategoriesModules (UniqueID,CatID,ModuleID) VALUES('767291247641816','828009743206010','19')
INSERT INTO CategoriesPortals (UniqueID,CatID,PortalID) VALUES('136399782844876','828009743206010','0')
INSERT INTO Categories (CatID,ListUnder,CategoryName,Description,Keywords,CatType,Moderator,AccessKeys,WriteKeys,SEODescription,SEOPageTitle,ManageKeys,AccessHide,WriteHide,ExcPortalSecurity,Weight,ShowList,Sharing) VALUES('792037394274302','673927313944867','Directories','','','','Moderator','|2|,|3|,|1|,|4|','|2|,|3|,|4|','','','|2|','0','0','0','2000','1','1')
INSERT INTO CategoriesModules (UniqueID,CatID,ModuleID) VALUES('603116275364333','792037394274302','19')
INSERT INTO CategoriesPortals (UniqueID,CatID,PortalID) VALUES('157395180624341','792037394274302','0')
INSERT INTO Categories (CatID,ListUnder,CategoryName,Description,Keywords,CatType,Moderator,AccessKeys,WriteKeys,SEODescription,SEOPageTitle,ManageKeys,AccessHide,WriteHide,ExcPortalSecurity,Weight,ShowList,Sharing) VALUES('759105549755377','196992743979967','Directories','','','','Moderator','|2|,|3|,|1|,|4|','|2|,|3|,|4|','','','|2|','0','0','0','2000','1','1')
INSERT INTO CategoriesModules (UniqueID,CatID,ModuleID) VALUES('200538407013655','759105549755377','19')
INSERT INTO CategoriesPortals (UniqueID,CatID,PortalID) VALUES('203230090123651','759105549755377','0')
INSERT INTO Categories (CatID,ListUnder,CategoryName,Description,Keywords,CatType,Moderator,AccessKeys,WriteKeys,SEODescription,SEOPageTitle,ManageKeys,AccessHide,WriteHide,ExcPortalSecurity,Weight,ShowList,Sharing) VALUES('719318981885197','187229545352848','Directories','','','','Moderator','|2|,|3|,|1|,|4|','|2|,|3|,|4|','','','|2|','0','0','0','2000','1','1')
INSERT INTO CategoriesModules (UniqueID,CatID,ModuleID) VALUES('208216372828737','719318981885197','19')
INSERT INTO CategoriesPortals (UniqueID,CatID,PortalID) VALUES('881027454093944','719318981885197','0')
INSERT INTO Categories (CatID,ListUnder,CategoryName,Description,Keywords,CatType,Moderator,AccessKeys,WriteKeys,SEODescription,SEOPageTitle,ManageKeys,AccessHide,WriteHide,ExcPortalSecurity,Weight,ShowList,Sharing) VALUES('153559898607622','291790306797482','Directories','','','','Moderator','|2|,|3|,|1|,|4|','|2|,|3|,|4|','','','|2|','0','0','0','2000','1','1')
INSERT INTO CategoriesModules (UniqueID,CatID,ModuleID) VALUES('153317557095764','153559898607622','19')
INSERT INTO CategoriesPortals (UniqueID,CatID,PortalID) VALUES('194730214450247','153559898607622','0')
INSERT INTO Categories (CatID,ListUnder,CategoryName,Description,Keywords,CatType,Moderator,AccessKeys,WriteKeys,SEODescription,SEOPageTitle,ManageKeys,AccessHide,WriteHide,ExcPortalSecurity,Weight,ShowList,Sharing) VALUES('102928171559631','178184256263312','Directories','','','','Moderator','|2|,|3|,|1|,|4|','|2|,|3|,|4|','','','|2|','0','0','0','2000','1','1')
INSERT INTO CategoriesModules (UniqueID,CatID,ModuleID) VALUES('379898923378019','102928171559631','19')
INSERT INTO CategoriesPortals (UniqueID,CatID,PortalID) VALUES('778790156608272','102928171559631','0')
INSERT INTO Categories (CatID,ListUnder,CategoryName,Description,Keywords,CatType,Moderator,AccessKeys,WriteKeys,SEODescription,SEOPageTitle,ManageKeys,AccessHide,WriteHide,ExcPortalSecurity,Weight,ShowList,Sharing) VALUES('119078449231144','208328939962424','Directories','','','','Moderator','|2|,|3|,|1|,|4|','|2|,|3|,|4|','','','|2|','0','0','0','2000','1','1')
INSERT INTO CategoriesModules (UniqueID,CatID,ModuleID) VALUES('152757515110044','119078449231144','19')
INSERT INTO CategoriesPortals (UniqueID,CatID,PortalID) VALUES('141611805601487','119078449231144','0')
INSERT INTO Categories (CatID,ListUnder,CategoryName,Description,Keywords,CatType,Moderator,AccessKeys,WriteKeys,SEODescription,SEOPageTitle,ManageKeys,AccessHide,WriteHide,ExcPortalSecurity,Weight,ShowList,Sharing) VALUES('169458974995005','108351767413623','Directories','','','','Moderator','|2|,|3|,|1|,|4|','|2|,|3|,|4|','','','|2|','0','0','0','2000','1','1')
INSERT INTO CategoriesModules (UniqueID,CatID,ModuleID) VALUES('183382602968768','169458974995005','19')
INSERT INTO CategoriesPortals (UniqueID,CatID,PortalID) VALUES('154731708366620','169458974995005','0')
INSERT INTO Categories (CatID,ListUnder,CategoryName,Description,Keywords,CatType,Moderator,AccessKeys,WriteKeys,SEODescription,SEOPageTitle,ManageKeys,AccessHide,WriteHide,ExcPortalSecurity,Weight,ShowList,Sharing) VALUES('203127977370634','113151894273336','Directories','','','','Moderator','|2|,|3|,|1|,|4|','|2|,|3|,|4|','','','|2|','0','0','0','2000','1','1')
INSERT INTO CategoriesModules (UniqueID,CatID,ModuleID) VALUES('205908884331706','203127977370634','19')
INSERT INTO CategoriesPortals (UniqueID,CatID,PortalID) VALUES('189059542142702','203127977370634','0')
INSERT INTO Categories (CatID,ListUnder,CategoryName,Description,Keywords,CatType,Moderator,AccessKeys,WriteKeys,SEODescription,SEOPageTitle,ManageKeys,AccessHide,WriteHide,ExcPortalSecurity,Weight,ShowList,Sharing) VALUES('195350503041853','161512229762770','Directories','','','','Moderator','|2|,|3|,|1|,|4|','|2|,|3|,|4|','','','|2|','0','0','0','2000','1','1')
INSERT INTO CategoriesModules (UniqueID,CatID,ModuleID) VALUES('213108398213734','195350503041853','19')
INSERT INTO CategoriesPortals (UniqueID,CatID,PortalID) VALUES('955417635943023','195350503041853','0')
INSERT INTO Categories (CatID,ListUnder,CategoryName,Description,Keywords,CatType,Moderator,AccessKeys,WriteKeys,SEODescription,SEOPageTitle,ManageKeys,AccessHide,WriteHide,ExcPortalSecurity,Weight,ShowList,Sharing) VALUES('792402583532068','673927313944867','Disabled','','','','Moderator','|2|,|3|,|1|,|4|','|2|,|3|,|4|','','','|2|','0','0','0','2000','1','1')
INSERT INTO CategoriesModules (UniqueID,CatID,ModuleID) VALUES('271658047251561','792402583532068','19')
INSERT INTO CategoriesPortals (UniqueID,CatID,PortalID) VALUES('968061493409903','792402583532068','0')
INSERT INTO Categories (CatID,ListUnder,CategoryName,Description,Keywords,CatType,Moderator,AccessKeys,WriteKeys,SEODescription,SEOPageTitle,ManageKeys,AccessHide,WriteHide,ExcPortalSecurity,Weight,ShowList,Sharing) VALUES('210346797438863','137301753284712','Disabled','','','','Moderator','|2|,|3|,|1|,|4|','|2|,|3|,|4|','','','|2|','0','0','0','2000','1','1')
INSERT INTO CategoriesModules (UniqueID,CatID,ModuleID) VALUES('912496813515523','210346797438863','19')
INSERT INTO CategoriesPortals (UniqueID,CatID,PortalID) VALUES('181936793848584','210346797438863','0')
INSERT INTO Categories (CatID,ListUnder,CategoryName,Description,Keywords,CatType,Moderator,AccessKeys,WriteKeys,SEODescription,SEOPageTitle,ManageKeys,AccessHide,WriteHide,ExcPortalSecurity,Weight,ShowList,Sharing) VALUES('935983350542142','828577006965644','Disabled Travel','','','','Moderator','|2|,|3|,|1|,|4|','|2|,|3|,|4|','','','|2|','0','0','0','2000','1','1')
INSERT INTO CategoriesModules (UniqueID,CatID,ModuleID) VALUES('160841574039873','935983350542142','19')
INSERT INTO CategoriesPortals (UniqueID,CatID,PortalID) VALUES('170985921829797','935983350542142','0')
INSERT INTO Categories (CatID,ListUnder,CategoryName,Description,Keywords,CatType,Moderator,AccessKeys,WriteKeys,SEODescription,SEOPageTitle,ManageKeys,AccessHide,WriteHide,ExcPortalSecurity,Weight,ShowList,Sharing) VALUES('102454791795186','316246332495564','Distance Learning','','','','Moderator','|2|,|3|,|1|,|4|','|2|,|3|,|4|','','','|2|','0','0','0','2000','1','1')
INSERT INTO CategoriesModules (UniqueID,CatID,ModuleID) VALUES('211985887415184','102454791795186','19')
INSERT INTO CategoriesPortals (UniqueID,CatID,PortalID) VALUES('104615385740579','102454791795186','0')
INSERT INTO Categories (CatID,ListUnder,CategoryName,Description,Keywords,CatType,Moderator,AccessKeys,WriteKeys,SEODescription,SEOPageTitle,ManageKeys,AccessHide,WriteHide,ExcPortalSecurity,Weight,ShowList,Sharing) VALUES('131671630553549','183613075156714','Divorce','','','','Moderator','|2|,|3|,|1|,|4|','|2|,|3|,|4|','','','|2|','0','0','0','2000','1','1')
INSERT INTO CategoriesModules (UniqueID,CatID,ModuleID) VALUES('207771750815904','131671630553549','19')
INSERT INTO CategoriesPortals (UniqueID,CatID,PortalID) VALUES('490182976822491','131671630553549','0')
INSERT INTO Categories (CatID,ListUnder,CategoryName,Description,Keywords,CatType,Moderator,AccessKeys,WriteKeys,SEODescription,SEOPageTitle,ManageKeys,AccessHide,WriteHide,ExcPortalSecurity,Weight,ShowList,Sharing) VALUES('723011106668885','107462925193527','Divorce','','','','Moderator','|2|,|3|,|1|,|4|','|2|,|3|,|4|','','','|2|','0','0','0','2000','1','1')
INSERT INTO CategoriesModules (UniqueID,CatID,ModuleID) VALUES('101525277444674','723011106668885','19')
INSERT INTO CategoriesPortals (UniqueID,CatID,PortalID) VALUES('674554356619879','723011106668885','0')
INSERT INTO Categories (CatID,ListUnder,CategoryName,Description,Keywords,CatType,Moderator,AccessKeys,WriteKeys,SEODescription,SEOPageTitle,ManageKeys,AccessHide,WriteHide,ExcPortalSecurity,Weight,ShowList,Sharing) VALUES('207722903818537','183613075156714','Do It Yourself','','','','Moderator','|2|,|3|,|1|,|4|','|2|,|3|,|4|','','','|2|','0','0','0','2000','1','1')
INSERT INTO CategoriesModules (UniqueID,CatID,ModuleID) VALUES('102382946759520','207722903818537','19')
INSERT INTO CategoriesPortals (UniqueID,CatID,PortalID) VALUES('121386907608505','207722903818537','0')
INSERT INTO Categories (CatID,ListUnder,CategoryName,Description,Keywords,CatType,Moderator,AccessKeys,WriteKeys,SEODescription,SEOPageTitle,ManageKeys,AccessHide,WriteHide,ExcPortalSecurity,Weight,ShowList,Sharing) VALUES('199442158501785','161512229762770','Documents','','','','Moderator','|2|,|3|,|1|,|4|','|2|,|3|,|4|','','','|2|','0','0','0','2000','1','1')
INSERT INTO CategoriesModules (UniqueID,CatID,ModuleID) VALUES('758741395194834','199442158501785','19')
INSERT INTO CategoriesPortals (UniqueID,CatID,PortalID) VALUES('140043634078251','199442158501785','0')
INSERT INTO Categories (CatID,ListUnder,CategoryName,Description,Keywords,CatType,Moderator,AccessKeys,WriteKeys,SEODescription,SEOPageTitle,ManageKeys,AccessHide,WriteHide,ExcPortalSecurity,Weight,ShowList,Sharing) VALUES('670780142851683','434795696794718','Dogs','','','','Moderator','|2|,|3|,|1|,|4|','|2|,|3|,|4|','','','|2|','0','0','0','2000','1','1')
INSERT INTO CategoriesModules (UniqueID,CatID,ModuleID) VALUES('707110095487343','670780142851683','19')
INSERT INTO CategoriesPortals (UniqueID,CatID,PortalID) VALUES('154822530684232','670780142851683','0')
INSERT INTO Categories (CatID,ListUnder,CategoryName,Description,Keywords,CatType,Moderator,AccessKeys,WriteKeys,SEODescription,SEOPageTitle,ManageKeys,AccessHide,WriteHide,ExcPortalSecurity,Weight,ShowList,Sharing) VALUES('530085469113812','113151894273336','Domain Names','','','','Moderator','|2|,|3|,|1|,|4|','|2|,|3|,|4|','','','|2|','0','0','0','2000','1','1')
INSERT INTO CategoriesModules (UniqueID,CatID,ModuleID) VALUES('601196685311937','530085469113812','19')
INSERT INTO CategoriesPortals (UniqueID,CatID,PortalID) VALUES('799208293265818','530085469113812','0')
INSERT INTO Categories (CatID,ListUnder,CategoryName,Description,Keywords,CatType,Moderator,AccessKeys,WriteKeys,SEODescription,SEOPageTitle,ManageKeys,AccessHide,WriteHide,ExcPortalSecurity,Weight,ShowList,Sharing) VALUES('190390971814694','113151894273336','Downloads','','','','Moderator','|2|,|3|,|1|,|4|','|2|,|3|,|4|','','','|2|','0','0','0','2000','1','1')
INSERT INTO CategoriesModules (UniqueID,CatID,ModuleID) VALUES('765938868378593','190390971814694','19')
INSERT INTO CategoriesPortals (UniqueID,CatID,PortalID) VALUES('137929513521565','190390971814694','0')
INSERT INTO Categories (CatID,ListUnder,CategoryName,Description,Keywords,CatType,Moderator,AccessKeys,WriteKeys,SEODescription,SEOPageTitle,ManageKeys,AccessHide,WriteHide,ExcPortalSecurity,Weight,ShowList,Sharing) VALUES('127795678893494','291790306797482','Driving & Safety','','','','Moderator','|2|,|3|,|1|,|4|','|2|,|3|,|4|','','','|2|','0','0','0','2000','1','1')
INSERT INTO CategoriesModules (UniqueID,CatID,ModuleID) VALUES('195534962654188','127795678893494','19')
INSERT INTO CategoriesPortals (UniqueID,CatID,PortalID) VALUES('958474663401201','127795678893494','0')
INSERT INTO Categories (CatID,ListUnder,CategoryName,Description,Keywords,CatType,Moderator,AccessKeys,WriteKeys,SEODescription,SEOPageTitle,ManageKeys,AccessHide,WriteHide,ExcPortalSecurity,Weight,ShowList,Sharing) VALUES('124339969376174','116195634152458','Earth Sciences','','','','Moderator','|2|,|3|,|1|,|4|','|2|,|3|,|4|','','','|2|','0','0','0','2000','1','1')
INSERT INTO CategoriesModules (UniqueID,CatID,ModuleID) VALUES('801374026424411','124339969376174','19')
INSERT INTO CategoriesPortals (UniqueID,CatID,PortalID) VALUES('171135173159921','124339969376174','0')
INSERT INTO Categories (CatID,ListUnder,CategoryName,Description,Keywords,CatType,Moderator,AccessKeys,WriteKeys,SEODescription,SEOPageTitle,ManageKeys,AccessHide,WriteHide,ExcPortalSecurity,Weight,ShowList,Sharing) VALUES('163644819938132','187229545352848','Earth Sciences','','','','Moderator','|2|,|3|,|1|,|4|','|2|,|3|,|4|','','','|2|','0','0','0','2000','1','1')
INSERT INTO CategoriesModules (UniqueID,CatID,ModuleID) VALUES('115263374113103','163644819938132','19')
INSERT INTO CategoriesPortals (UniqueID,CatID,PortalID) VALUES('187364153557337','163644819938132','0')
INSERT INTO Categories (CatID,ListUnder,CategoryName,Description,Keywords,CatType,Moderator,AccessKeys,WriteKeys,SEODescription,SEOPageTitle,ManageKeys,AccessHide,WriteHide,ExcPortalSecurity,Weight,ShowList,Sharing) VALUES('187730248519247','206453636137885','E-Books','','','','Moderator','|2|,|3|,|1|,|4|','|2|,|3|,|4|','','','|2|','0','0','0','2000','1','1')
INSERT INTO CategoriesModules (UniqueID,CatID,ModuleID) VALUES('694913446371761','187730248519247','19')
INSERT INTO CategoriesPortals (UniqueID,CatID,PortalID) VALUES('850765480259842','187730248519247','0')
INSERT INTO Categories (CatID,ListUnder,CategoryName,Description,Keywords,CatType,Moderator,AccessKeys,WriteKeys,SEODescription,SEOPageTitle,ManageKeys,AccessHide,WriteHide,ExcPortalSecurity,Weight,ShowList,Sharing) VALUES('212148448954468','187229545352848','Ecology','','','','Moderator','|2|,|3|,|1|,|4|','|2|,|3|,|4|','','','|2|','0','0','0','2000','1','1')
INSERT INTO CategoriesModules (UniqueID,CatID,ModuleID) VALUES('169687006268636','212148448954468','19')
INSERT INTO CategoriesPortals (UniqueID,CatID,PortalID) VALUES('462773802639666','212148448954468','0')
INSERT INTO Categories (CatID,ListUnder,CategoryName,Description,Keywords,CatType,Moderator,AccessKeys,WriteKeys,SEODescription,SEOPageTitle,ManageKeys,AccessHide,WriteHide,ExcPortalSecurity,Weight,ShowList,Sharing) VALUES('302329829445537','116195634152458','Ecology','','','','Moderator','|2|,|3|,|1|,|4|','|2|,|3|,|4|','','','|2|','0','0','0','2000','1','1')
INSERT INTO CategoriesModules (UniqueID,CatID,ModuleID) VALUES('200818947133306','302329829445537','19')
INSERT INTO CategoriesPortals (UniqueID,CatID,PortalID) VALUES('213472618152576','302329829445537','0')
INSERT INTO Categories (CatID,ListUnder,CategoryName,Description,Keywords,CatType,Moderator,AccessKeys,WriteKeys,SEODescription,SEOPageTitle,ManageKeys,AccessHide,WriteHide,ExcPortalSecurity,Weight,ShowList,Sharing) VALUES('403607477221007','208328939962424','Education','','','','Moderator','|2|,|3|,|1|,|4|','|2|,|3|,|4|','','','|2|','0','0','0','2000','1','1')
INSERT INTO CategoriesModules (UniqueID,CatID,ModuleID) VALUES('175965667318541','403607477221007','19')
INSERT INTO CategoriesPortals (UniqueID,CatID,PortalID) VALUES('236807957462203','403607477221007','0')
INSERT INTO Categories (CatID,ListUnder,CategoryName,Description,Keywords,CatType,Moderator,AccessKeys,WriteKeys,SEODescription,SEOPageTitle,ManageKeys,AccessHide,WriteHide,ExcPortalSecurity,Weight,ShowList,Sharing) VALUES('151694484237450','208328939962424','Education','','','','Moderator','|2|,|3|,|1|,|4|','|2|,|3|,|4|','','','|2|','0','0','0','2000','1','1')
INSERT INTO CategoriesModules (UniqueID,CatID,ModuleID) VALUES('156796662537417','151694484237450','19')
INSERT INTO CategoriesPortals (UniqueID,CatID,PortalID) VALUES('171565402038111','151694484237450','0')
INSERT INTO Categories (CatID,ListUnder,CategoryName,Description,Keywords,CatType,Moderator,AccessKeys,WriteKeys,SEODescription,SEOPageTitle,ManageKeys,AccessHide,WriteHide,ExcPortalSecurity,Weight,ShowList,Sharing) VALUES('152066057934487','206453636137885','Education','','','','Moderator','|2|,|3|,|1|,|4|','|2|,|3|,|4|','','','|2|','0','0','0','2000','1','1')
INSERT INTO CategoriesModules (UniqueID,CatID,ModuleID) VALUES('661833841456486','152066057934487','19')
INSERT INTO CategoriesPortals (UniqueID,CatID,PortalID) VALUES('736910124748243','152066057934487','0')
INSERT INTO Categories (CatID,ListUnder,CategoryName,Description,Keywords,CatType,Moderator,AccessKeys,WriteKeys,SEODescription,SEOPageTitle,ManageKeys,AccessHide,WriteHide,ExcPortalSecurity,Weight,ShowList,Sharing) VALUES('181025801831401','202999822552781','Education & Careers','','','','Moderator','|2|,|3|,|1|,|4|','|2|,|3|,|4|','','','|2|','0','0','0','2000','1','1')
INSERT INTO CategoriesModules (UniqueID,CatID,ModuleID) VALUES('179281180332884','181025801831401','19')
INSERT INTO CategoriesPortals (UniqueID,CatID,PortalID) VALUES('130031794741512','181025801831401','0')
INSERT INTO Categories (CatID,ListUnder,CategoryName,Description,Keywords,CatType,Moderator,AccessKeys,WriteKeys,SEODescription,SEOPageTitle,ManageKeys,AccessHide,WriteHide,ExcPortalSecurity,Weight,ShowList,Sharing) VALUES('316246332495564','0','Education & Research','','','','Moderator','|2|,|3|,|1|,|4|','|2|,|3|,|4|','','','|2|','0','0','0','2000','1','1')
INSERT INTO CategoriesModules (UniqueID,CatID,ModuleID) VALUES('987639899945529','316246332495564','19')
INSERT INTO CategoriesPortals (UniqueID,CatID,PortalID) VALUES('170185919672694','316246332495564','0')
INSERT INTO Categories (CatID,ListUnder,CategoryName,Description,Keywords,CatType,Moderator,AccessKeys,WriteKeys,SEODescription,SEOPageTitle,ManageKeys,AccessHide,WriteHide,ExcPortalSecurity,Weight,ShowList,Sharing) VALUES('311029203821744','196992743979967','Education and Training','','','','Moderator','|2|,|3|,|1|,|4|','|2|,|3|,|4|','','','|2|','0','0','0','2000','1','1')
INSERT INTO CategoriesModules (UniqueID,CatID,ModuleID) VALUES('285591085823173','311029203821744','19')
INSERT INTO CategoriesPortals (UniqueID,CatID,PortalID) VALUES('430150992117161','311029203821744','0')
INSERT INTO Categories (CatID,ListUnder,CategoryName,Description,Keywords,CatType,Moderator,AccessKeys,WriteKeys,SEODescription,SEOPageTitle,ManageKeys,AccessHide,WriteHide,ExcPortalSecurity,Weight,ShowList,Sharing) VALUES('214634293336815','187229545352848','Educational Resources','','','','Moderator','|2|,|3|,|1|,|4|','|2|,|3|,|4|','','','|2|','0','0','0','2000','1','1')
INSERT INTO CategoriesModules (UniqueID,CatID,ModuleID) VALUES('804891086897953','214634293336815','19')
INSERT INTO CategoriesPortals (UniqueID,CatID,PortalID) VALUES('704159892168271','214634293336815','0')
INSERT INTO Categories (CatID,ListUnder,CategoryName,Description,Keywords,CatType,Moderator,AccessKeys,WriteKeys,SEODescription,SEOPageTitle,ManageKeys,AccessHide,WriteHide,ExcPortalSecurity,Weight,ShowList,Sharing) VALUES('880164882583884','116195634152458','Educational Resources','','','','Moderator','|2|,|3|,|1|,|4|','|2|,|3|,|4|','','','|2|','0','0','0','2000','1','1')
INSERT INTO CategoriesModules (UniqueID,CatID,ModuleID) VALUES('226311450745117','880164882583884','19')
INSERT INTO CategoriesPortals (UniqueID,CatID,PortalID) VALUES('152621278782382','880164882583884','0')
INSERT INTO Categories (CatID,ListUnder,CategoryName,Description,Keywords,CatType,Moderator,AccessKeys,WriteKeys,SEODescription,SEOPageTitle,ManageKeys,AccessHide,WriteHide,ExcPortalSecurity,Weight,ShowList,Sharing) VALUES('268951989487307','161512229762770','Elections','','','','Moderator','|2|,|3|,|1|,|4|','|2|,|3|,|4|','','','|2|','0','0','0','2000','1','1')
INSERT INTO CategoriesModules (UniqueID,CatID,ModuleID) VALUES('858386716243716','268951989487307','19')
INSERT INTO CategoriesPortals (UniqueID,CatID,PortalID) VALUES('634636301729840','268951989487307','0')
INSERT INTO Categories (CatID,ListUnder,CategoryName,Description,Keywords,CatType,Moderator,AccessKeys,WriteKeys,SEODescription,SEOPageTitle,ManageKeys,AccessHide,WriteHide,ExcPortalSecurity,Weight,ShowList,Sharing) VALUES('156762174977141','116195634152458','Electronics','','','','Moderator','|2|,|3|,|1|,|4|','|2|,|3|,|4|','','','|2|','0','0','0','2000','1','1')
INSERT INTO CategoriesModules (UniqueID,CatID,ModuleID) VALUES('177466852779113','156762174977141','19')
INSERT INTO CategoriesPortals (UniqueID,CatID,PortalID) VALUES('140337450835863','156762174977141','0')
INSERT INTO Categories (CatID,ListUnder,CategoryName,Description,Keywords,CatType,Moderator,AccessKeys,WriteKeys,SEODescription,SEOPageTitle,ManageKeys,AccessHide,WriteHide,ExcPortalSecurity,Weight,ShowList,Sharing) VALUES('177364612392286','187229545352848','Electronics','','','','Moderator','|2|,|3|,|1|,|4|','|2|,|3|,|4|','','','|2|','0','0','0','2000','1','1')
INSERT INTO CategoriesModules (UniqueID,CatID,ModuleID) VALUES('108071295302607','177364612392286','19')
INSERT INTO CategoriesPortals (UniqueID,CatID,PortalID) VALUES('205021684064670','177364612392286','0')
INSERT INTO Categories (CatID,ListUnder,CategoryName,Description,Keywords,CatType,Moderator,AccessKeys,WriteKeys,SEODescription,SEOPageTitle,ManageKeys,AccessHide,WriteHide,ExcPortalSecurity,Weight,ShowList,Sharing) VALUES('179377615042422','199386689783970','E-mail','','','','Moderator','|2|,|3|,|1|,|4|','|2|,|3|,|4|','','','|2|','0','0','0','2000','1','1')
INSERT INTO CategoriesModules (UniqueID,CatID,ModuleID) VALUES('379749924433645','179377615042422','19')
INSERT INTO CategoriesPortals (UniqueID,CatID,PortalID) VALUES('604301842010679','179377615042422','0')
INSERT INTO Categories (CatID,ListUnder,CategoryName,Description,Keywords,CatType,Moderator,AccessKeys,WriteKeys,SEODescription,SEOPageTitle,ManageKeys,AccessHide,WriteHide,ExcPortalSecurity,Weight,ShowList,Sharing) VALUES('109116142424467','113151894273336','E-mail Services','','','','Moderator','|2|,|3|,|1|,|4|','|2|,|3|,|4|','','','|2|','0','0','0','2000','1','1')
INSERT INTO CategoriesModules (UniqueID,CatID,ModuleID) VALUES('138159889823768','109116142424467','19')
INSERT INTO CategoriesPortals (UniqueID,CatID,PortalID) VALUES('779299131174462','109116142424467','0')
INSERT INTO Categories (CatID,ListUnder,CategoryName,Description,Keywords,CatType,Moderator,AccessKeys,WriteKeys,SEODescription,SEOPageTitle,ManageKeys,AccessHide,WriteHide,ExcPortalSecurity,Weight,ShowList,Sharing) VALUES('133652703352701','161512229762770','Embassies and Consulates','','','','Moderator','|2|,|3|,|1|,|4|','|2|,|3|,|4|','','','|2|','0','0','0','2000','1','1')
INSERT INTO CategoriesModules (UniqueID,CatID,ModuleID) VALUES('773078637567626','133652703352701','19')
INSERT INTO CategoriesPortals (UniqueID,CatID,PortalID) VALUES('183055425846613','133652703352701','0')
INSERT INTO Categories (CatID,ListUnder,CategoryName,Description,Keywords,CatType,Moderator,AccessKeys,WriteKeys,SEODescription,SEOPageTitle,ManageKeys,AccessHide,WriteHide,ExcPortalSecurity,Weight,ShowList,Sharing) VALUES('133724627241764','116195634152458','Employment','','','','Moderator','|2|,|3|,|1|,|4|','|2|,|3|,|4|','','','|2|','0','0','0','2000','1','1')
INSERT INTO CategoriesModules (UniqueID,CatID,ModuleID) VALUES('357160738392506','133724627241764','19')
INSERT INTO CategoriesPortals (UniqueID,CatID,PortalID) VALUES('219432133685469','133724627241764','0')
INSERT INTO Categories (CatID,ListUnder,CategoryName,Description,Keywords,CatType,Moderator,AccessKeys,WriteKeys,SEODescription,SEOPageTitle,ManageKeys,AccessHide,WriteHide,ExcPortalSecurity,Weight,ShowList,Sharing) VALUES('345272158257831','316246332495564','Employment','','','','Moderator','|2|,|3|,|1|,|4|','|2|,|3|,|4|','','','|2|','0','0','0','2000','1','1')
INSERT INTO CategoriesModules (UniqueID,CatID,ModuleID) VALUES('137008139418151','345272158257831','19')
INSERT INTO CategoriesPortals (UniqueID,CatID,PortalID) VALUES('268452111234818','345272158257831','0')
INSERT INTO Categories (CatID,ListUnder,CategoryName,Description,Keywords,CatType,Moderator,AccessKeys,WriteKeys,SEODescription,SEOPageTitle,ManageKeys,AccessHide,WriteHide,ExcPortalSecurity,Weight,ShowList,Sharing) VALUES('629198211615771','196992743979967','Employment','','','','Moderator','|2|,|3|,|1|,|4|','|2|,|3|,|4|','','','|2|','0','0','0','2000','1','1')
INSERT INTO CategoriesModules (UniqueID,CatID,ModuleID) VALUES('117860201332346','629198211615771','19')
INSERT INTO CategoriesPortals (UniqueID,CatID,PortalID) VALUES('771865007624102','629198211615771','0')
INSERT INTO Categories (CatID,ListUnder,CategoryName,Description,Keywords,CatType,Moderator,AccessKeys,WriteKeys,SEODescription,SEOPageTitle,ManageKeys,AccessHide,WriteHide,ExcPortalSecurity,Weight,ShowList,Sharing) VALUES('748085600564842','187229545352848','Employment','','','','Moderator','|2|,|3|,|1|,|4|','|2|,|3|,|4|','','','|2|','0','0','0','2000','1','1')
INSERT INTO CategoriesModules (UniqueID,CatID,ModuleID) VALUES('990167371684170','748085600564842','19')
INSERT INTO CategoriesPortals (UniqueID,CatID,PortalID) VALUES('783766319674880','748085600564842','0')
INSERT INTO Categories (CatID,ListUnder,CategoryName,Description,Keywords,CatType,Moderator,AccessKeys,WriteKeys,SEODescription,SEOPageTitle,ManageKeys,AccessHide,WriteHide,ExcPortalSecurity,Weight,ShowList,Sharing) VALUES('171229849538345','202999822552781','Employment Fields','','','','Moderator','|2|,|3|,|1|,|4|','|2|,|3|,|4|','','','|2|','0','0','0','2000','1','1')
INSERT INTO CategoriesModules (UniqueID,CatID,ModuleID) VALUES('363148916276625','171229849538345','19')
INSERT INTO CategoriesPortals (UniqueID,CatID,PortalID) VALUES('386929600532932','171229849538345','0')
INSERT INTO Categories (CatID,ListUnder,CategoryName,Description,Keywords,CatType,Moderator,AccessKeys,WriteKeys,SEODescription,SEOPageTitle,ManageKeys,AccessHide,WriteHide,ExcPortalSecurity,Weight,ShowList,Sharing) VALUES('736868675574946','206453636137885','Emulators','','','','Moderator','|2|,|3|,|1|,|4|','|2|,|3|,|4|','','','|2|','0','0','0','2000','1','1')
INSERT INTO CategoriesModules (UniqueID,CatID,ModuleID) VALUES('567632324384983','736868675574946','19')
INSERT INTO CategoriesPortals (UniqueID,CatID,PortalID) VALUES('128260971035725','736868675574946','0')
INSERT INTO Categories (CatID,ListUnder,CategoryName,Description,Keywords,CatType,Moderator,AccessKeys,WriteKeys,SEODescription,SEOPageTitle,ManageKeys,AccessHide,WriteHide,ExcPortalSecurity,Weight,ShowList,Sharing) VALUES('114665971737888','199386689783970','Encyclopedias','','','','Moderator','|2|,|3|,|1|,|4|','|2|,|3|,|4|','','','|2|','0','0','0','2000','1','1')
INSERT INTO CategoriesModules (UniqueID,CatID,ModuleID) VALUES('109286464766474','114665971737888','19')
INSERT INTO CategoriesPortals (UniqueID,CatID,PortalID) VALUES('114592280970580','114665971737888','0')
INSERT INTO Categories (CatID,ListUnder,CategoryName,Description,Keywords,CatType,Moderator,AccessKeys,WriteKeys,SEODescription,SEOPageTitle,ManageKeys,AccessHide,WriteHide,ExcPortalSecurity,Weight,ShowList,Sharing) VALUES('164773638323373','196992743979967','Energy and Environment','','','','Moderator','|2|,|3|,|1|,|4|','|2|,|3|,|4|','','','|2|','0','0','0','2000','1','1')
INSERT INTO CategoriesModules (UniqueID,CatID,ModuleID) VALUES('715777694275338','164773638323373','19')
INSERT INTO CategoriesPortals (UniqueID,CatID,PortalID) VALUES('143169131953487','164773638323373','0')
INSERT INTO Categories (CatID,ListUnder,CategoryName,Description,Keywords,CatType,Moderator,AccessKeys,WriteKeys,SEODescription,SEOPageTitle,ManageKeys,AccessHide,WriteHide,ExcPortalSecurity,Weight,ShowList,Sharing) VALUES('847496833824261','187229545352848','Engineering','','','','Moderator','|2|,|3|,|1|,|4|','|2|,|3|,|4|','','','|2|','0','0','0','2000','1','1')
INSERT INTO CategoriesModules (UniqueID,CatID,ModuleID) VALUES('197777742439289','847496833824261','19')
INSERT INTO CategoriesPortals (UniqueID,CatID,PortalID) VALUES('190348830874577','847496833824261','0')
INSERT INTO Categories (CatID,ListUnder,CategoryName,Description,Keywords,CatType,Moderator,AccessKeys,WriteKeys,SEODescription,SEOPageTitle,ManageKeys,AccessHide,WriteHide,ExcPortalSecurity,Weight,ShowList,Sharing) VALUES('288980183946038','116195634152458','Engineering','','','','Moderator','|2|,|3|,|1|,|4|','|2|,|3|,|4|','','','|2|','0','0','0','2000','1','1')
INSERT INTO CategoriesModules (UniqueID,CatID,ModuleID) VALUES('640709909524288','288980183946038','19')
INSERT INTO CategoriesPortals (UniqueID,CatID,PortalID) VALUES('396195907114269','288980183946038','0')
INSERT INTO Categories (CatID,ListUnder,CategoryName,Description,Keywords,CatType,Moderator,AccessKeys,WriteKeys,SEODescription,SEOPageTitle,ManageKeys,AccessHide,WriteHide,ExcPortalSecurity,Weight,ShowList,Sharing) VALUES('180406421537462','855188733556946','Entertaining','','','','Moderator','|2|,|3|,|1|,|4|','|2|,|3|,|4|','','','|2|','0','0','0','2000','1','1')
INSERT INTO CategoriesModules (UniqueID,CatID,ModuleID) VALUES('120510133788414','180406421537462','19')
INSERT INTO CategoriesPortals (UniqueID,CatID,PortalID) VALUES('860576030893244','180406421537462','0')
INSERT INTO Categories (CatID,ListUnder,CategoryName,Description,Keywords,CatType,Moderator,AccessKeys,WriteKeys,SEODescription,SEOPageTitle,ManageKeys,AccessHide,WriteHide,ExcPortalSecurity,Weight,ShowList,Sharing) VALUES('141126511357892','208328939962424','Entertainment','','','','Moderator','|2|,|3|,|1|,|4|','|2|,|3|,|4|','','','|2|','0','0','0','2000','1','1')
INSERT INTO CategoriesModules (UniqueID,CatID,ModuleID) VALUES('642273791753955','141126511357892','19')
INSERT INTO CategoriesPortals (UniqueID,CatID,PortalID) VALUES('124701176725400','141126511357892','0')
INSERT INTO Categories (CatID,ListUnder,CategoryName,Description,Keywords,CatType,Moderator,AccessKeys,WriteKeys,SEODescription,SEOPageTitle,ManageKeys,AccessHide,WriteHide,ExcPortalSecurity,Weight,ShowList,Sharing) VALUES('255422986561611','185002260738668','Entertainment','','','','Moderator','|2|,|3|,|1|,|4|','|2|,|3|,|4|','','','|2|','0','0','0','2000','1','1')
INSERT INTO CategoriesModules (UniqueID,CatID,ModuleID) VALUES('747096360842977','255422986561611','19')
INSERT INTO CategoriesPortals (UniqueID,CatID,PortalID) VALUES('136953134641534','255422986561611','0')
INSERT INTO Categories (CatID,ListUnder,CategoryName,Description,Keywords,CatType,Moderator,AccessKeys,WriteKeys,SEODescription,SEOPageTitle,ManageKeys,AccessHide,WriteHide,ExcPortalSecurity,Weight,ShowList,Sharing) VALUES('418012308427443','0','Entertainment & Media','','','','Moderator','|2|,|3|,|1|,|4|','|2|,|3|,|4|','','','|2|','0','0','0','2000','1','1')
INSERT INTO CategoriesModules (UniqueID,CatID,ModuleID) VALUES('113680498733147','418012308427443','19')
INSERT INTO CategoriesPortals (UniqueID,CatID,PortalID) VALUES('149806465611274','418012308427443','0')
INSERT INTO Categories (CatID,ListUnder,CategoryName,Description,Keywords,CatType,Moderator,AccessKeys,WriteKeys,SEODescription,SEOPageTitle,ManageKeys,AccessHide,WriteHide,ExcPortalSecurity,Weight,ShowList,Sharing) VALUES('870867002376430','116195634152458','Environment','','','','Moderator','|2|,|3|,|1|,|4|','|2|,|3|,|4|','','','|2|','0','0','0','2000','1','1')
INSERT INTO CategoriesModules (UniqueID,CatID,ModuleID) VALUES('202884121228152','870867002376430','19')
INSERT INTO CategoriesPortals (UniqueID,CatID,PortalID) VALUES('124297126277760','870867002376430','0')
INSERT INTO Categories (CatID,ListUnder,CategoryName,Description,Keywords,CatType,Moderator,AccessKeys,WriteKeys,SEODescription,SEOPageTitle,ManageKeys,AccessHide,WriteHide,ExcPortalSecurity,Weight,ShowList,Sharing) VALUES('120326179490489','187229545352848','Environment','','','','Moderator','|2|,|3|,|1|,|4|','|2|,|3|,|4|','','','|2|','0','0','0','2000','1','1')
INSERT INTO CategoriesModules (UniqueID,CatID,ModuleID) VALUES('184489353632721','120326179490489','19')
INSERT INTO CategoriesPortals (UniqueID,CatID,PortalID) VALUES('320195204395292','120326179490489','0')
INSERT INTO Categories (CatID,ListUnder,CategoryName,Description,Keywords,CatType,Moderator,AccessKeys,WriteKeys,SEODescription,SEOPageTitle,ManageKeys,AccessHide,WriteHide,ExcPortalSecurity,Weight,ShowList,Sharing) VALUES('163996039640625','673927313944867','Environment & Nature','','','','Moderator','|2|,|3|,|1|,|4|','|2|,|3|,|4|','','','|2|','0','0','0','2000','1','1')
INSERT INTO CategoriesModules (UniqueID,CatID,ModuleID) VALUES('173811663301366','163996039640625','19')
INSERT INTO CategoriesPortals (UniqueID,CatID,PortalID) VALUES('181552957035312','163996039640625','0')
INSERT INTO Categories (CatID,ListUnder,CategoryName,Description,Keywords,CatType,Moderator,AccessKeys,WriteKeys,SEODescription,SEOPageTitle,ManageKeys,AccessHide,WriteHide,ExcPortalSecurity,Weight,ShowList,Sharing) VALUES('215068395443187','137301753284712','Equestrian','','','','Moderator','|2|,|3|,|1|,|4|','|2|,|3|,|4|','','','|2|','0','0','0','2000','1','1')
INSERT INTO CategoriesModules (UniqueID,CatID,ModuleID) VALUES('182761237166727','215068395443187','19')
INSERT INTO CategoriesPortals (UniqueID,CatID,PortalID) VALUES('134244437911538','215068395443187','0')
INSERT INTO Categories (CatID,ListUnder,CategoryName,Description,Keywords,CatType,Moderator,AccessKeys,WriteKeys,SEODescription,SEOPageTitle,ManageKeys,AccessHide,WriteHide,ExcPortalSecurity,Weight,ShowList,Sharing) VALUES('410228171284091','161512229762770','Ethics','','','','Moderator','|2|,|3|,|1|,|4|','|2|,|3|,|4|','','','|2|','0','0','0','2000','1','1')
INSERT INTO CategoriesModules (UniqueID,CatID,ModuleID) VALUES('883875120187221','410228171284091','19')
INSERT INTO CategoriesPortals (UniqueID,CatID,PortalID) VALUES('644349062538526','410228171284091','0')
INSERT INTO Categories (CatID,ListUnder,CategoryName,Description,Keywords,CatType,Moderator,AccessKeys,WriteKeys,SEODescription,SEOPageTitle,ManageKeys,AccessHide,WriteHide,ExcPortalSecurity,Weight,ShowList,Sharing) VALUES('602713595341131','206453636137885','Ethics','','','','Moderator','|2|,|3|,|1|,|4|','|2|,|3|,|4|','','','|2|','0','0','0','2000','1','1')
INSERT INTO CategoriesModules (UniqueID,CatID,ModuleID) VALUES('163078771057826','602713595341131','19')
INSERT INTO CategoriesPortals (UniqueID,CatID,PortalID) VALUES('656316150217095','602713595341131','0')
INSERT INTO Categories (CatID,ListUnder,CategoryName,Description,Keywords,CatType,Moderator,AccessKeys,WriteKeys,SEODescription,SEOPageTitle,ManageKeys,AccessHide,WriteHide,ExcPortalSecurity,Weight,ShowList,Sharing) VALUES('156742779777655','113151894273336','Ethiopia','','','','Moderator','|2|,|3|,|1|,|4|','|2|,|3|,|4|','','','|2|','0','0','0','2000','1','1')
INSERT INTO CategoriesModules (UniqueID,CatID,ModuleID) VALUES('727342400193847','156742779777655','19')
INSERT INTO CategoriesPortals (UniqueID,CatID,PortalID) VALUES('847832362595983','156742779777655','0')
INSERT INTO Categories (CatID,ListUnder,CategoryName,Description,Keywords,CatType,Moderator,AccessKeys,WriteKeys,SEODescription,SEOPageTitle,ManageKeys,AccessHide,WriteHide,ExcPortalSecurity,Weight,ShowList,Sharing) VALUES('160725696218041','185002260738668','Ethnic and Regional','','','','Moderator','|2|,|3|,|1|,|4|','|2|,|3|,|4|','','','|2|','0','0','0','2000','1','1')
INSERT INTO CategoriesModules (UniqueID,CatID,ModuleID) VALUES('187673758086328','160725696218041','19')
INSERT INTO CategoriesPortals (UniqueID,CatID,PortalID) VALUES('183506446853961','160725696218041','0')
INSERT INTO Categories (CatID,ListUnder,CategoryName,Description,Keywords,CatType,Moderator,AccessKeys,WriteKeys,SEODescription,SEOPageTitle,ManageKeys,AccessHide,WriteHide,ExcPortalSecurity,Weight,ShowList,Sharing) VALUES('189267997748762','673927313944867','Ethnicity','','','','Moderator','|2|,|3|,|1|,|4|','|2|,|3|,|4|','','','|2|','0','0','0','2000','1','1')
INSERT INTO CategoriesModules (UniqueID,CatID,ModuleID) VALUES('179891525354595','189267997748762','19')
INSERT INTO CategoriesPortals (UniqueID,CatID,PortalID) VALUES('194602010572098','189267997748762','0')
INSERT INTO Categories (CatID,ListUnder,CategoryName,Description,Keywords,CatType,Moderator,AccessKeys,WriteKeys,SEODescription,SEOPageTitle,ManageKeys,AccessHide,WriteHide,ExcPortalSecurity,Weight,ShowList,Sharing) VALUES('134969042109481','113151894273336','Etiquette','','','','Moderator','|2|,|3|,|1|,|4|','|2|,|3|,|4|','','','|2|','0','0','0','2000','1','1')
INSERT INTO CategoriesModules (UniqueID,CatID,ModuleID) VALUES('408265472873119','134969042109481','19')
INSERT INTO CategoriesPortals (UniqueID,CatID,PortalID) VALUES('157087207185015','134969042109481','0')
INSERT INTO Categories (CatID,ListUnder,CategoryName,Description,Keywords,CatType,Moderator,AccessKeys,WriteKeys,SEODescription,SEOPageTitle,ManageKeys,AccessHide,WriteHide,ExcPortalSecurity,Weight,ShowList,Sharing) VALUES('765020362234567','196992743979967','Event Speakers','','','','Moderator','|2|,|3|,|1|,|4|','|2|,|3|,|4|','','','|2|','0','0','0','2000','1','1')
INSERT INTO CategoriesModules (UniqueID,CatID,ModuleID) VALUES('219447989723693','765020362234567','19')
INSERT INTO CategoriesPortals (UniqueID,CatID,PortalID) VALUES('135695023488839','765020362234567','0')
INSERT INTO Categories (CatID,ListUnder,CategoryName,Description,Keywords,CatType,Moderator,AccessKeys,WriteKeys,SEODescription,SEOPageTitle,ManageKeys,AccessHide,WriteHide,ExcPortalSecurity,Weight,ShowList,Sharing) VALUES('679405590206261','208328939962424','Events','','','','Moderator','|2|,|3|,|1|,|4|','|2|,|3|,|4|','','','|2|','0','0','0','2000','1','1')
INSERT INTO CategoriesModules (UniqueID,CatID,ModuleID) VALUES('120295321654571','679405590206261','19')
INSERT INTO CategoriesPortals (UniqueID,CatID,PortalID) VALUES('947771081119128','679405590206261','0')
INSERT INTO Categories (CatID,ListUnder,CategoryName,Description,Keywords,CatType,Moderator,AccessKeys,WriteKeys,SEODescription,SEOPageTitle,ManageKeys,AccessHide,WriteHide,ExcPortalSecurity,Weight,ShowList,Sharing) VALUES('597656877425773','137301753284712','Events','','','','Moderator','|2|,|3|,|1|,|4|','|2|,|3|,|4|','','','|2|','0','0','0','2000','1','1')
INSERT INTO CategoriesModules (UniqueID,CatID,ModuleID) VALUES('298141774723562','597656877425773','19')
INSERT INTO CategoriesPortals (UniqueID,CatID,PortalID) VALUES('110734620270274','597656877425773','0')
INSERT INTO Categories (CatID,ListUnder,CategoryName,Description,Keywords,CatType,Moderator,AccessKeys,WriteKeys,SEODescription,SEOPageTitle,ManageKeys,AccessHide,WriteHide,ExcPortalSecurity,Weight,ShowList,Sharing) VALUES('302615396626747','291790306797482','Events and Shows','','','','Moderator','|2|,|3|,|1|,|4|','|2|,|3|,|4|','','','|2|','0','0','0','2000','1','1')
INSERT INTO CategoriesModules (UniqueID,CatID,ModuleID) VALUES('129916707221558','302615396626747','19')
INSERT INTO CategoriesPortals (UniqueID,CatID,PortalID) VALUES('159851440668481','302615396626747','0')
INSERT INTO Categories (CatID,ListUnder,CategoryName,Description,Keywords,CatType,Moderator,AccessKeys,WriteKeys,SEODescription,SEOPageTitle,ManageKeys,AccessHide,WriteHide,ExcPortalSecurity,Weight,ShowList,Sharing) VALUES('187822189937635','108351767413623','Extended Coverage','','','','Moderator','|2|,|3|,|1|,|4|','|2|,|3|,|4|','','','|2|','0','0','0','2000','1','1')
INSERT INTO CategoriesModules (UniqueID,CatID,ModuleID) VALUES('162130499367571','187822189937635','19')
INSERT INTO CategoriesPortals (UniqueID,CatID,PortalID) VALUES('115131859102117','187822189937635','0')
INSERT INTO Categories (CatID,ListUnder,CategoryName,Description,Keywords,CatType,Moderator,AccessKeys,WriteKeys,SEODescription,SEOPageTitle,ManageKeys,AccessHide,WriteHide,ExcPortalSecurity,Weight,ShowList,Sharing) VALUES('162524461488481','137301753284712','Extreme Sports','','','','Moderator','|2|,|3|,|1|,|4|','|2|,|3|,|4|','','','|2|','0','0','0','2000','1','1')
INSERT INTO CategoriesModules (UniqueID,CatID,ModuleID) VALUES('271998057764158','162524461488481','19')
INSERT INTO CategoriesPortals (UniqueID,CatID,PortalID) VALUES('557949186432498','162524461488481','0')
INSERT INTO Categories (CatID,ListUnder,CategoryName,Description,Keywords,CatType,Moderator,AccessKeys,WriteKeys,SEODescription,SEOPageTitle,ManageKeys,AccessHide,WriteHide,ExcPortalSecurity,Weight,ShowList,Sharing) VALUES('996690410983099','185002260738668','Eyewear','','','','Moderator','|2|,|3|,|1|,|4|','|2|,|3|,|4|','','','|2|','0','0','0','2000','1','1')
INSERT INTO CategoriesModules (UniqueID,CatID,ModuleID) VALUES('295683386418756','996690410983099','19')
INSERT INTO CategoriesPortals (UniqueID,CatID,PortalID) VALUES('157821750546583','996690410983099','0')
INSERT INTO Categories (CatID,ListUnder,CategoryName,Description,Keywords,CatType,Moderator,AccessKeys,WriteKeys,SEODescription,SEOPageTitle,ManageKeys,AccessHide,WriteHide,ExcPortalSecurity,Weight,ShowList,Sharing) VALUES('118074427017627','137301753284712','Fantasy','','','','Moderator','|2|,|3|,|1|,|4|','|2|,|3|,|4|','','','|2|','0','0','0','2000','1','1')
INSERT INTO CategoriesModules (UniqueID,CatID,ModuleID) VALUES('327193121169728','118074427017627','19')
INSERT INTO CategoriesPortals (UniqueID,CatID,PortalID) VALUES('296694808548194','118074427017627','0')
INSERT INTO Categories (CatID,ListUnder,CategoryName,Description,Keywords,CatType,Moderator,AccessKeys,WriteKeys,SEODescription,SEOPageTitle,ManageKeys,AccessHide,WriteHide,ExcPortalSecurity,Weight,ShowList,Sharing) VALUES('167227204950685','855188733556946','Farm Machinery','','','','Moderator','|2|,|3|,|1|,|4|','|2|,|3|,|4|','','','|2|','0','0','0','2000','1','1')
INSERT INTO CategoriesModules (UniqueID,CatID,ModuleID) VALUES('128228675641389','167227204950685','19')
INSERT INTO CategoriesPortals (UniqueID,CatID,PortalID) VALUES('895697667813754','167227204950685','0')
INSERT INTO Categories (CatID,ListUnder,CategoryName,Description,Keywords,CatType,Moderator,AccessKeys,WriteKeys,SEODescription,SEOPageTitle,ManageKeys,AccessHide,WriteHide,ExcPortalSecurity,Weight,ShowList,Sharing) VALUES('115618853511685','161512229762770','Federal & State','','','','Moderator','|2|,|3|,|1|,|4|','|2|,|3|,|4|','','','|2|','0','0','0','2000','1','1')
INSERT INTO CategoriesModules (UniqueID,CatID,ModuleID) VALUES('468745293015564','115618853511685','19')
INSERT INTO CategoriesPortals (UniqueID,CatID,PortalID) VALUES('909087601515378','115618853511685','0')
INSERT INTO Categories (CatID,ListUnder,CategoryName,Description,Keywords,CatType,Moderator,AccessKeys,WriteKeys,SEODescription,SEOPageTitle,ManageKeys,AccessHide,WriteHide,ExcPortalSecurity,Weight,ShowList,Sharing) VALUES('608088472715976','137301753284712','Fencing','','','','Moderator','|2|,|3|,|1|,|4|','|2|,|3|,|4|','','','|2|','0','0','0','2000','1','1')
INSERT INTO CategoriesModules (UniqueID,CatID,ModuleID) VALUES('684921839753118','608088472715976','19')
INSERT INTO CategoriesPortals (UniqueID,CatID,PortalID) VALUES('913085011330142','608088472715976','0')
INSERT INTO Categories (CatID,ListUnder,CategoryName,Description,Keywords,CatType,Moderator,AccessKeys,WriteKeys,SEODescription,SEOPageTitle,ManageKeys,AccessHide,WriteHide,ExcPortalSecurity,Weight,ShowList,Sharing) VALUES('115236930527463','196992743979967','Financial Services','','','','Moderator','|2|,|3|,|1|,|4|','|2|,|3|,|4|','','','|2|','0','0','0','2000','1','1')
INSERT INTO CategoriesModules (UniqueID,CatID,ModuleID) VALUES('721144227563641','115236930527463','19')
INSERT INTO CategoriesPortals (UniqueID,CatID,PortalID) VALUES('743075125136005','115236930527463','0')
INSERT INTO Categories (CatID,ListUnder,CategoryName,Description,Keywords,CatType,Moderator,AccessKeys,WriteKeys,SEODescription,SEOPageTitle,ManageKeys,AccessHide,WriteHide,ExcPortalSecurity,Weight,ShowList,Sharing) VALUES('178634300166344','434795696794718','Fish','','','','Moderator','|2|,|3|,|1|,|4|','|2|,|3|,|4|','','','|2|','0','0','0','2000','1','1')
INSERT INTO CategoriesModules (UniqueID,CatID,ModuleID) VALUES('193131112346811','178634300166344','19')
INSERT INTO CategoriesPortals (UniqueID,CatID,PortalID) VALUES('119568621724875','178634300166344','0')
INSERT INTO Categories (CatID,ListUnder,CategoryName,Description,Keywords,CatType,Moderator,AccessKeys,WriteKeys,SEODescription,SEOPageTitle,ManageKeys,AccessHide,WriteHide,ExcPortalSecurity,Weight,ShowList,Sharing) VALUES('349835496558562','828577006965644','Fishing','','','','Moderator','|2|,|3|,|1|,|4|','|2|,|3|,|4|','','','|2|','0','0','0','2000','1','1')
INSERT INTO CategoriesModules (UniqueID,CatID,ModuleID) VALUES('104184378031128','349835496558562','19')
INSERT INTO CategoriesPortals (UniqueID,CatID,PortalID) VALUES('137783888516669','349835496558562','0')
INSERT INTO Categories (CatID,ListUnder,CategoryName,Description,Keywords,CatType,Moderator,AccessKeys,WriteKeys,SEODescription,SEOPageTitle,ManageKeys,AccessHide,WriteHide,ExcPortalSecurity,Weight,ShowList,Sharing) VALUES('206473079637212','185002260738668','Flowers','','','','Moderator','|2|,|3|,|1|,|4|','|2|,|3|,|4|','','','|2|','0','0','0','2000','1','1')
INSERT INTO CategoriesModules (UniqueID,CatID,ModuleID) VALUES('189495367453004','206473079637212','19')
INSERT INTO CategoriesPortals (UniqueID,CatID,PortalID) VALUES('200709537824600','206473079637212','0')
INSERT INTO Categories (CatID,ListUnder,CategoryName,Description,Keywords,CatType,Moderator,AccessKeys,WriteKeys,SEODescription,SEOPageTitle,ManageKeys,AccessHide,WriteHide,ExcPortalSecurity,Weight,ShowList,Sharing) VALUES('292825765220973','828577006965644','Food','','','','Moderator','|2|,|3|,|1|,|4|','|2|,|3|,|4|','','','|2|','0','0','0','2000','1','1')
INSERT INTO CategoriesModules (UniqueID,CatID,ModuleID) VALUES('270543460888744','292825765220973','19')
INSERT INTO CategoriesPortals (UniqueID,CatID,PortalID) VALUES('606617125871685','292825765220973','0')
INSERT INTO Categories (CatID,ListUnder,CategoryName,Description,Keywords,CatType,Moderator,AccessKeys,WriteKeys,SEODescription,SEOPageTitle,ManageKeys,AccessHide,WriteHide,ExcPortalSecurity,Weight,ShowList,Sharing) VALUES('493293925508880','185002260738668','Food','','','','Moderator','|2|,|3|,|1|,|4|','|2|,|3|,|4|','','','|2|','0','0','0','2000','1','1')
INSERT INTO CategoriesModules (UniqueID,CatID,ModuleID) VALUES('655611156561335','493293925508880','19')
INSERT INTO CategoriesPortals (UniqueID,CatID,PortalID) VALUES('971869897540515','493293925508880','0')
INSERT INTO Categories (CatID,ListUnder,CategoryName,Description,Keywords,CatType,Moderator,AccessKeys,WriteKeys,SEODescription,SEOPageTitle,ManageKeys,AccessHide,WriteHide,ExcPortalSecurity,Weight,ShowList,Sharing) VALUES('930733143303153','183613075156714','Food & Drink','','','','Moderator','|2|,|3|,|1|,|4|','|2|,|3|,|4|','','','|2|','0','0','0','2000','1','1')
INSERT INTO CategoriesModules (UniqueID,CatID,ModuleID) VALUES('119412190391882','930733143303153','19')
INSERT INTO CategoriesPortals (UniqueID,CatID,PortalID) VALUES('204340541004122','930733143303153','0')
INSERT INTO Categories (CatID,ListUnder,CategoryName,Description,Keywords,CatType,Moderator,AccessKeys,WriteKeys,SEODescription,SEOPageTitle,ManageKeys,AccessHide,WriteHide,ExcPortalSecurity,Weight,ShowList,Sharing) VALUES('357236345554238','196992743979967','Food and Related Products','','','','Moderator','|2|,|3|,|1|,|4|','|2|,|3|,|4|','','','|2|','0','0','0','2000','1','1')
INSERT INTO CategoriesModules (UniqueID,CatID,ModuleID) VALUES('139918715971834','357236345554238','19')
INSERT INTO CategoriesPortals (UniqueID,CatID,PortalID) VALUES('989035909533588','357236345554238','0')
INSERT INTO Categories (CatID,ListUnder,CategoryName,Description,Keywords,CatType,Moderator,AccessKeys,WriteKeys,SEODescription,SEOPageTitle,ManageKeys,AccessHide,WriteHide,ExcPortalSecurity,Weight,ShowList,Sharing) VALUES('215989818144784','137301753284712','Football','','','','Moderator','|2|,|3|,|1|,|4|','|2|,|3|,|4|','','','|2|','0','0','0','2000','1','1')
INSERT INTO CategoriesModules (UniqueID,CatID,ModuleID) VALUES('773469861682199','215989818144784','19')
INSERT INTO CategoriesPortals (UniqueID,CatID,PortalID) VALUES('212794523575555','215989818144784','0')
INSERT INTO Categories (CatID,ListUnder,CategoryName,Description,Keywords,CatType,Moderator,AccessKeys,WriteKeys,SEODescription,SEOPageTitle,ManageKeys,AccessHide,WriteHide,ExcPortalSecurity,Weight,ShowList,Sharing) VALUES('433407875559102','178184256263312','For Sale By Owner','','','','Moderator','|2|,|3|,|1|,|4|','|2|,|3|,|4|','','','|2|','0','0','0','2000','1','1')
INSERT INTO CategoriesModules (UniqueID,CatID,ModuleID) VALUES('151037652772686','433407875559102','19')
INSERT INTO CategoriesPortals (UniqueID,CatID,PortalID) VALUES('575247214247531','433407875559102','0')
INSERT INTO Categories (CatID,ListUnder,CategoryName,Description,Keywords,CatType,Moderator,AccessKeys,WriteKeys,SEODescription,SEOPageTitle,ManageKeys,AccessHide,WriteHide,ExcPortalSecurity,Weight,ShowList,Sharing) VALUES('183510135153098','116195634152458','Forensics','','','','Moderator','|2|,|3|,|1|,|4|','|2|,|3|,|4|','','','|2|','0','0','0','2000','1','1')
INSERT INTO CategoriesModules (UniqueID,CatID,ModuleID) VALUES('208003700918338','183510135153098','19')
INSERT INTO CategoriesPortals (UniqueID,CatID,PortalID) VALUES('151849092908672','183510135153098','0')
INSERT INTO Categories (CatID,ListUnder,CategoryName,Description,Keywords,CatType,Moderator,AccessKeys,WriteKeys,SEODescription,SEOPageTitle,ManageKeys,AccessHide,WriteHide,ExcPortalSecurity,Weight,ShowList,Sharing) VALUES('110696617952852','187229545352848','Forensics','','','','Moderator','|2|,|3|,|1|,|4|','|2|,|3|,|4|','','','|2|','0','0','0','2000','1','1')
INSERT INTO CategoriesModules (UniqueID,CatID,ModuleID) VALUES('523365918845633','110696617952852','19')
INSERT INTO CategoriesPortals (UniqueID,CatID,PortalID) VALUES('137013546102810','110696617952852','0')
INSERT INTO Categories (CatID,ListUnder,CategoryName,Description,Keywords,CatType,Moderator,AccessKeys,WriteKeys,SEODescription,SEOPageTitle,ManageKeys,AccessHide,WriteHide,ExcPortalSecurity,Weight,ShowList,Sharing) VALUES('110509913734517','193306780238815','Forex Trading','','','','Moderator','|2|,|3|,|1|,|4|','|2|,|3|,|4|','','','|2|','0','0','0','2000','1','1')
INSERT INTO CategoriesModules (UniqueID,CatID,ModuleID) VALUES('151159263960105','110509913734517','19')
INSERT INTO CategoriesPortals (UniqueID,CatID,PortalID) VALUES('124948258563345','110509913734517','0')
INSERT INTO Categories (CatID,ListUnder,CategoryName,Description,Keywords,CatType,Moderator,AccessKeys,WriteKeys,SEODescription,SEOPageTitle,ManageKeys,AccessHide,WriteHide,ExcPortalSecurity,Weight,ShowList,Sharing) VALUES('541226642681119','929551590164924','Forum','','','','Moderator','|2|,|3|,|1|,|4|','|2|,|3|,|4|','','','|2|','0','0','0','2000','1','1')
INSERT INTO CategoriesModules (UniqueID,CatID,ModuleID) VALUES('184223214316812','541226642681119','19')
INSERT INTO CategoriesPortals (UniqueID,CatID,PortalID) VALUES('968769000235727','541226642681119','0')
INSERT INTO Categories (CatID,ListUnder,CategoryName,Description,Keywords,CatType,Moderator,AccessKeys,WriteKeys,SEODescription,SEOPageTitle,ManageKeys,AccessHide,WriteHide,ExcPortalSecurity,Weight,ShowList,Sharing) VALUES('357895870531481','113151894273336','Forums','','','','Moderator','|2|,|3|,|1|,|4|','|2|,|3|,|4|','','','|2|','0','0','0','2000','1','1')
INSERT INTO CategoriesModules (UniqueID,CatID,ModuleID) VALUES('213075846722690','357895870531481','19')
INSERT INTO CategoriesPortals (UniqueID,CatID,PortalID) VALUES('199346863582614','357895870531481','0')
INSERT INTO Categories (CatID,ListUnder,CategoryName,Description,Keywords,CatType,Moderator,AccessKeys,WriteKeys,SEODescription,SEOPageTitle,ManageKeys,AccessHide,WriteHide,ExcPortalSecurity,Weight,ShowList,Sharing) VALUES('127536902234363','291790306797482','Forums & Communities','','','','Moderator','|2|,|3|,|1|,|4|','|2|,|3|,|4|','','','|2|','0','0','0','2000','1','1')
INSERT INTO CategoriesModules (UniqueID,CatID,ModuleID) VALUES('130349106842238','127536902234363','19')
INSERT INTO CategoriesPortals (UniqueID,CatID,PortalID) VALUES('128140428681161','127536902234363','0')
INSERT INTO Categories (CatID,ListUnder,CategoryName,Description,Keywords,CatType,Moderator,AccessKeys,WriteKeys,SEODescription,SEOPageTitle,ManageKeys,AccessHide,WriteHide,ExcPortalSecurity,Weight,ShowList,Sharing) VALUES('105223351036444','418012308427443','Forums and Chat Rooms','','','','Moderator','|2|,|3|,|1|,|4|','|2|,|3|,|4|','','','|2|','0','0','0','2000','1','1')
INSERT INTO CategoriesModules (UniqueID,CatID,ModuleID) VALUES('212497810619119','105223351036444','19')
INSERT INTO CategoriesPortals (UniqueID,CatID,PortalID) VALUES('121350440362749','105223351036444','0')
INSERT INTO Categories (CatID,ListUnder,CategoryName,Description,Keywords,CatType,Moderator,AccessKeys,WriteKeys,SEODescription,SEOPageTitle,ManageKeys,AccessHide,WriteHide,ExcPortalSecurity,Weight,ShowList,Sharing) VALUES('465376009677264','673927313944867','Forums and Chat Rooms','','','','Moderator','|2|,|3|,|1|,|4|','|2|,|3|,|4|','','','|2|','0','0','0','2000','1','1')
INSERT INTO CategoriesModules (UniqueID,CatID,ModuleID) VALUES('482254896912951','465376009677264','19')
INSERT INTO CategoriesPortals (UniqueID,CatID,PortalID) VALUES('453127610088880','465376009677264','0')
INSERT INTO Categories (CatID,ListUnder,CategoryName,Description,Keywords,CatType,Moderator,AccessKeys,WriteKeys,SEODescription,SEOPageTitle,ManageKeys,AccessHide,WriteHide,ExcPortalSecurity,Weight,ShowList,Sharing) VALUES('902673295523205','291790306797482','Four Wheel Drive','','','','Moderator','|2|,|3|,|1|,|4|','|2|,|3|,|4|','','','|2|','0','0','0','2000','1','1')
INSERT INTO CategoriesModules (UniqueID,CatID,ModuleID) VALUES('491166541827112','902673295523205','19')
INSERT INTO CategoriesPortals (UniqueID,CatID,PortalID) VALUES('191949303850290','902673295523205','0')
INSERT INTO Categories (CatID,ListUnder,CategoryName,Description,Keywords,CatType,Moderator,AccessKeys,WriteKeys,SEODescription,SEOPageTitle,ManageKeys,AccessHide,WriteHide,ExcPortalSecurity,Weight,ShowList,Sharing) VALUES('519066954864271','113151894273336','France','','','','Moderator','|2|,|3|,|1|,|4|','|2|,|3|,|4|','','','|2|','0','0','0','2000','1','1')
INSERT INTO CategoriesModules (UniqueID,CatID,ModuleID) VALUES('347495387212792','519066954864271','19')
INSERT INTO CategoriesPortals (UniqueID,CatID,PortalID) VALUES('427622662616077','519066954864271','0')
INSERT INTO Categories (CatID,ListUnder,CategoryName,Description,Keywords,CatType,Moderator,AccessKeys,WriteKeys,SEODescription,SEOPageTitle,ManageKeys,AccessHide,WriteHide,ExcPortalSecurity,Weight,ShowList,Sharing) VALUES('170720762715811','185002260738668','Free Coupons','','','','Moderator','|2|,|3|,|1|,|4|','|2|,|3|,|4|','','','|2|','0','0','0','2000','1','1')
INSERT INTO CategoriesModules (UniqueID,CatID,ModuleID) VALUES('586543612945195','170720762715811','19')
INSERT INTO CategoriesPortals (UniqueID,CatID,PortalID) VALUES('202184894342661','170720762715811','0')
INSERT INTO Categories (CatID,ListUnder,CategoryName,Description,Keywords,CatType,Moderator,AccessKeys,WriteKeys,SEODescription,SEOPageTitle,ManageKeys,AccessHide,WriteHide,ExcPortalSecurity,Weight,ShowList,Sharing) VALUES('128232868916676','107462925193527','Friendship','','','','Moderator','|2|,|3|,|1|,|4|','|2|,|3|,|4|','','','|2|','0','0','0','2000','1','1')
INSERT INTO CategoriesModules (UniqueID,CatID,ModuleID) VALUES('898838690828090','128232868916676','19')
INSERT INTO CategoriesPortals (UniqueID,CatID,PortalID) VALUES('108733082978842','128232868916676','0')
INSERT INTO Categories (CatID,ListUnder,CategoryName,Description,Keywords,CatType,Moderator,AccessKeys,WriteKeys,SEODescription,SEOPageTitle,ManageKeys,AccessHide,WriteHide,ExcPortalSecurity,Weight,ShowList,Sharing) VALUES('116676068362626','193306780238815','Fundraising','','','','Moderator','|2|,|3|,|1|,|4|','|2|,|3|,|4|','','','|2|','0','0','0','2000','1','1')
INSERT INTO CategoriesModules (UniqueID,CatID,ModuleID) VALUES('203219887175830','116676068362626','19')
INSERT INTO CategoriesPortals (UniqueID,CatID,PortalID) VALUES('371969537469827','116676068362626','0')
INSERT INTO Categories (CatID,ListUnder,CategoryName,Description,Keywords,CatType,Moderator,AccessKeys,WriteKeys,SEODescription,SEOPageTitle,ManageKeys,AccessHide,WriteHide,ExcPortalSecurity,Weight,ShowList,Sharing) VALUES('281182219437118','185002260738668','Furniture','','','','Moderator','|2|,|3|,|1|,|4|','|2|,|3|,|4|','','','|2|','0','0','0','2000','1','1')
INSERT INTO CategoriesModules (UniqueID,CatID,ModuleID) VALUES('909563820243141','281182219437118','19')
INSERT INTO CategoriesPortals (UniqueID,CatID,PortalID) VALUES('345637198414367','281182219437118','0')
INSERT INTO Categories (CatID,ListUnder,CategoryName,Description,Keywords,CatType,Moderator,AccessKeys,WriteKeys,SEODescription,SEOPageTitle,ManageKeys,AccessHide,WriteHide,ExcPortalSecurity,Weight,ShowList,Sharing) VALUES('933009038282236','673927313944867','Future','','','','Moderator','|2|,|3|,|1|,|4|','|2|,|3|,|4|','','','|2|','0','0','0','2000','1','1')
INSERT INTO CategoriesModules (UniqueID,CatID,ModuleID) VALUES('174657108712433','933009038282236','19')
INSERT INTO CategoriesPortals (UniqueID,CatID,PortalID) VALUES('123992321173252','933009038282236','0')
INSERT INTO Categories (CatID,ListUnder,CategoryName,Description,Keywords,CatType,Moderator,AccessKeys,WriteKeys,SEODescription,SEOPageTitle,ManageKeys,AccessHide,WriteHide,ExcPortalSecurity,Weight,ShowList,Sharing) VALUES('180980073418903','208328939962424','Galleries','','','','Moderator','|2|,|3|,|1|,|4|','|2|,|3|,|4|','','','|2|','0','0','0','2000','1','1')
INSERT INTO CategoriesModules (UniqueID,CatID,ModuleID) VALUES('132490834835640','180980073418903','19')
INSERT INTO CategoriesPortals (UniqueID,CatID,PortalID) VALUES('196909562137836','180980073418903','0')
INSERT INTO Categories (CatID,ListUnder,CategoryName,Description,Keywords,CatType,Moderator,AccessKeys,WriteKeys,SEODescription,SEOPageTitle,ManageKeys,AccessHide,WriteHide,ExcPortalSecurity,Weight,ShowList,Sharing) VALUES('213082136232662','459950931209134','Game Design','','','','Moderator','|2|,|3|,|1|,|4|','|2|,|3|,|4|','','','|2|','0','0','0','2000','1','1')
INSERT INTO CategoriesModules (UniqueID,CatID,ModuleID) VALUES('652093066184547','213082136232662','19')
INSERT INTO CategoriesPortals (UniqueID,CatID,PortalID) VALUES('392482806356764','213082136232662','0')
INSERT INTO Categories (CatID,ListUnder,CategoryName,Description,Keywords,CatType,Moderator,AccessKeys,WriteKeys,SEODescription,SEOPageTitle,ManageKeys,AccessHide,WriteHide,ExcPortalSecurity,Weight,ShowList,Sharing) VALUES('459950931209134','0','Games','','','','Moderator','|2|,|3|,|1|,|4|','|2|,|3|,|4|','','','|2|','0','0','0','2000','1','1')
INSERT INTO CategoriesModules (UniqueID,CatID,ModuleID) VALUES('305758217724381','459950931209134','19')
INSERT INTO CategoriesPortals (UniqueID,CatID,PortalID) VALUES('131633773172847','459950931209134','0')
INSERT INTO Categories (CatID,ListUnder,CategoryName,Description,Keywords,CatType,Moderator,AccessKeys,WriteKeys,SEODescription,SEOPageTitle,ManageKeys,AccessHide,WriteHide,ExcPortalSecurity,Weight,ShowList,Sharing) VALUES('174033973853582','185002260738668','Games and Toys','','','','Moderator','|2|,|3|,|1|,|4|','|2|,|3|,|4|','','','|2|','0','0','0','2000','1','1')
INSERT INTO CategoriesModules (UniqueID,CatID,ModuleID) VALUES('778888356413312','174033973853582','19')
INSERT INTO CategoriesPortals (UniqueID,CatID,PortalID) VALUES('310868345189456','174033973853582','0')
INSERT INTO Categories (CatID,ListUnder,CategoryName,Description,Keywords,CatType,Moderator,AccessKeys,WriteKeys,SEODescription,SEOPageTitle,ManageKeys,AccessHide,WriteHide,ExcPortalSecurity,Weight,ShowList,Sharing) VALUES('103481472848684','855188733556946','Gardening','','','','Moderator','|2|,|3|,|1|,|4|','|2|,|3|,|4|','','','|2|','0','0','0','2000','1','1')
INSERT INTO CategoriesModules (UniqueID,CatID,ModuleID) VALUES('269623720222845','103481472848684','19')
INSERT INTO CategoriesPortals (UniqueID,CatID,PortalID) VALUES('882117831137566','103481472848684','0')
INSERT INTO Categories (CatID,ListUnder,CategoryName,Description,Keywords,CatType,Moderator,AccessKeys,WriteKeys,SEODescription,SEOPageTitle,ManageKeys,AccessHide,WriteHide,ExcPortalSecurity,Weight,ShowList,Sharing) VALUES('162117451754671','673927313944867','Genealogy','','','','Moderator','|2|,|3|,|1|,|4|','|2|,|3|,|4|','','','|2|','0','0','0','2000','1','1')
INSERT INTO CategoriesModules (UniqueID,CatID,ModuleID) VALUES('147329492524331','162117451754671','19')
INSERT INTO CategoriesPortals (UniqueID,CatID,PortalID) VALUES('178576436557775','162117451754671','0')
INSERT INTO Categories (CatID,ListUnder,CategoryName,Description,Keywords,CatType,Moderator,AccessKeys,WriteKeys,SEODescription,SEOPageTitle,ManageKeys,AccessHide,WriteHide,ExcPortalSecurity,Weight,ShowList,Sharing) VALUES('443339789368353','185002260738668','General Merchandise','','','','Moderator','|2|,|3|,|1|,|4|','|2|,|3|,|4|','','','|2|','0','0','0','2000','1','1')
INSERT INTO CategoriesModules (UniqueID,CatID,ModuleID) VALUES('120426060125854','443339789368353','19')
INSERT INTO CategoriesPortals (UniqueID,CatID,PortalID) VALUES('181596665247583','443339789368353','0')
INSERT INTO Categories (CatID,ListUnder,CategoryName,Description,Keywords,CatType,Moderator,AccessKeys,WriteKeys,SEODescription,SEOPageTitle,ManageKeys,AccessHide,WriteHide,ExcPortalSecurity,Weight,ShowList,Sharing) VALUES('674572937194112','116195634152458','Geology','','','','Moderator','|2|,|3|,|1|,|4|','|2|,|3|,|4|','','','|2|','0','0','0','2000','1','1')
INSERT INTO CategoriesModules (UniqueID,CatID,ModuleID) VALUES('305945184835728','674572937194112','19')
INSERT INTO CategoriesPortals (UniqueID,CatID,PortalID) VALUES('104906483250918','674572937194112','0')
INSERT INTO Categories (CatID,ListUnder,CategoryName,Description,Keywords,CatType,Moderator,AccessKeys,WriteKeys,SEODescription,SEOPageTitle,ManageKeys,AccessHide,WriteHide,ExcPortalSecurity,Weight,ShowList,Sharing) VALUES('146880990707514','187229545352848','Geology','','','','Moderator','|2|,|3|,|1|,|4|','|2|,|3|,|4|','','','|2|','0','0','0','2000','1','1')
INSERT INTO CategoriesModules (UniqueID,CatID,ModuleID) VALUES('274556049647334','146880990707514','19')
INSERT INTO CategoriesPortals (UniqueID,CatID,PortalID) VALUES('947966614016421','146880990707514','0')
INSERT INTO Categories (CatID,ListUnder,CategoryName,Description,Keywords,CatType,Moderator,AccessKeys,WriteKeys,SEODescription,SEOPageTitle,ManageKeys,AccessHide,WriteHide,ExcPortalSecurity,Weight,ShowList,Sharing) VALUES('149469117987748','113209343573435','Germany','','','','Moderator','|2|,|3|,|1|,|4|','|2|,|3|,|4|','','','|2|','0','0','0','2000','1','1')
INSERT INTO CategoriesModules (UniqueID,CatID,ModuleID) VALUES('165609015385485','149469117987748','19')
INSERT INTO CategoriesPortals (UniqueID,CatID,PortalID) VALUES('214364442853969','149469117987748','0')
INSERT INTO Categories (CatID,ListUnder,CategoryName,Description,Keywords,CatType,Moderator,AccessKeys,WriteKeys,SEODescription,SEOPageTitle,ManageKeys,AccessHide,WriteHide,ExcPortalSecurity,Weight,ShowList,Sharing) VALUES('984317193568425','185002260738668','Gifts','','','','Moderator','|2|,|3|,|1|,|4|','|2|,|3|,|4|','','','|2|','0','0','0','2000','1','1')
INSERT INTO CategoriesModules (UniqueID,CatID,ModuleID) VALUES('327499847448494','984317193568425','19')
INSERT INTO CategoriesPortals (UniqueID,CatID,PortalID) VALUES('211229699430614','984317193568425','0')
INSERT INTO Categories (CatID,ListUnder,CategoryName,Description,Keywords,CatType,Moderator,AccessKeys,WriteKeys,SEODescription,SEOPageTitle,ManageKeys,AccessHide,WriteHide,ExcPortalSecurity,Weight,ShowList,Sharing) VALUES('129620665798804','828577006965644','Golf','','','','Moderator','|2|,|3|,|1|,|4|','|2|,|3|,|4|','','','|2|','0','0','0','2000','1','1')
INSERT INTO CategoriesModules (UniqueID,CatID,ModuleID) VALUES('649880768802765','129620665798804','19')
INSERT INTO CategoriesPortals (UniqueID,CatID,PortalID) VALUES('535037413552369','129620665798804','0')
INSERT INTO Categories (CatID,ListUnder,CategoryName,Description,Keywords,CatType,Moderator,AccessKeys,WriteKeys,SEODescription,SEOPageTitle,ManageKeys,AccessHide,WriteHide,ExcPortalSecurity,Weight,ShowList,Sharing) VALUES('106351767873541','137301753284712','Golf','','','','Moderator','|2|,|3|,|1|,|4|','|2|,|3|,|4|','','','|2|','0','0','0','2000','1','1')
INSERT INTO CategoriesModules (UniqueID,CatID,ModuleID) VALUES('651941929146552','106351767873541','19')
INSERT INTO CategoriesPortals (UniqueID,CatID,PortalID) VALUES('117414012711573','106351767873541','0')
INSERT INTO Categories (CatID,ListUnder,CategoryName,Description,Keywords,CatType,Moderator,AccessKeys,WriteKeys,SEODescription,SEOPageTitle,ManageKeys,AccessHide,WriteHide,ExcPortalSecurity,Weight,ShowList,Sharing) VALUES('758815424730264','161512229762770','Government','','','','Moderator','|2|,|3|,|1|,|4|','|2|,|3|,|4|','','','|2|','0','0','0','2000','1','1')
INSERT INTO CategoriesModules (UniqueID,CatID,ModuleID) VALUES('334632221552352','758815424730264','19')
INSERT INTO CategoriesPortals (UniqueID,CatID,PortalID) VALUES('287936808246254','758815424730264','0')
INSERT INTO Categories (CatID,ListUnder,CategoryName,Description,Keywords,CatType,Moderator,AccessKeys,WriteKeys,SEODescription,SEOPageTitle,ManageKeys,AccessHide,WriteHide,ExcPortalSecurity,Weight,ShowList,Sharing) VALUES('421012878255452','673927313944867','Government','','','','Moderator','|2|,|3|,|1|,|4|','|2|,|3|,|4|','','','|2|','0','0','0','2000','1','1')
INSERT INTO CategoriesModules (UniqueID,CatID,ModuleID) VALUES('451222302773329','421012878255452','19')
INSERT INTO CategoriesPortals (UniqueID,CatID,PortalID) VALUES('609594699824728','421012878255452','0')
INSERT INTO Categories (CatID,ListUnder,CategoryName,Description,Keywords,CatType,Moderator,AccessKeys,WriteKeys,SEODescription,SEOPageTitle,ManageKeys,AccessHide,WriteHide,ExcPortalSecurity,Weight,ShowList,Sharing) VALUES('161512229762770','0','Government, Law & Politics','','','','Moderator','|2|,|3|,|1|,|4|','|2|,|3|,|4|','','','|2|','0','0','0','2000','1','1')
INSERT INTO CategoriesModules (UniqueID,CatID,ModuleID) VALUES('111417037431027','161512229762770','19')
INSERT INTO CategoriesPortals (UniqueID,CatID,PortalID) VALUES('553085588406465','161512229762770','0')
INSERT INTO Categories (CatID,ListUnder,CategoryName,Description,Keywords,CatType,Moderator,AccessKeys,WriteKeys,SEODescription,SEOPageTitle,ManageKeys,AccessHide,WriteHide,ExcPortalSecurity,Weight,ShowList,Sharing) VALUES('117408474185423','208328939962424','Graphic Design','','','','Moderator','|2|,|3|,|1|,|4|','|2|,|3|,|4|','','','|2|','0','0','0','2000','1','1')
INSERT INTO CategoriesModules (UniqueID,CatID,ModuleID) VALUES('607181197453656','117408474185423','19')
INSERT INTO CategoriesPortals (UniqueID,CatID,PortalID) VALUES('124276727683049','117408474185423','0')
INSERT INTO Categories (CatID,ListUnder,CategoryName,Description,Keywords,CatType,Moderator,AccessKeys,WriteKeys,SEODescription,SEOPageTitle,ManageKeys,AccessHide,WriteHide,ExcPortalSecurity,Weight,ShowList,Sharing) VALUES('137544865382365','206453636137885','Graphics','','','','Moderator','|2|,|3|,|1|,|4|','|2|,|3|,|4|','','','|2|','0','0','0','2000','1','1')
INSERT INTO CategoriesModules (UniqueID,CatID,ModuleID) VALUES('149586638128202','137544865382365','19')
INSERT INTO CategoriesPortals (UniqueID,CatID,PortalID) VALUES('220864274878400','137544865382365','0')
INSERT INTO Categories (CatID,ListUnder,CategoryName,Description,Keywords,CatType,Moderator,AccessKeys,WriteKeys,SEODescription,SEOPageTitle,ManageKeys,AccessHide,WriteHide,ExcPortalSecurity,Weight,ShowList,Sharing) VALUES('212705807224584','828577006965644','Guides','','','','Moderator','|2|,|3|,|1|,|4|','|2|,|3|,|4|','','','|2|','0','0','0','2000','1','1')
INSERT INTO CategoriesModules (UniqueID,CatID,ModuleID) VALUES('234204185369706','212705807224584','19')
INSERT INTO CategoriesPortals (UniqueID,CatID,PortalID) VALUES('965645404531023','212705807224584','0')
INSERT INTO Categories (CatID,ListUnder,CategoryName,Description,Keywords,CatType,Moderator,AccessKeys,WriteKeys,SEODescription,SEOPageTitle,ManageKeys,AccessHide,WriteHide,ExcPortalSecurity,Weight,ShowList,Sharing) VALUES('130997148281581','137301753284712','Gymnastics','','','','Moderator','|2|,|3|,|1|,|4|','|2|,|3|,|4|','','','|2|','0','0','0','2000','1','1')
INSERT INTO CategoriesModules (UniqueID,CatID,ModuleID) VALUES('152920988978243','130997148281581','19')
INSERT INTO CategoriesPortals (UniqueID,CatID,PortalID) VALUES('850630356921355','130997148281581','0')
INSERT INTO Categories (CatID,ListUnder,CategoryName,Description,Keywords,CatType,Moderator,AccessKeys,WriteKeys,SEODescription,SEOPageTitle,ManageKeys,AccessHide,WriteHide,ExcPortalSecurity,Weight,ShowList,Sharing) VALUES('177355903135842','137301753284712','Handball','','','','Moderator','|2|,|3|,|1|,|4|','|2|,|3|,|4|','','','|2|','0','0','0','2000','1','1')
INSERT INTO CategoriesModules (UniqueID,CatID,ModuleID) VALUES('155484938642396','177355903135842','19')
INSERT INTO CategoriesPortals (UniqueID,CatID,PortalID) VALUES('315788566738733','177355903135842','0')
INSERT INTO Categories (CatID,ListUnder,CategoryName,Description,Keywords,CatType,Moderator,AccessKeys,WriteKeys,SEODescription,SEOPageTitle,ManageKeys,AccessHide,WriteHide,ExcPortalSecurity,Weight,ShowList,Sharing) VALUES('159927401878394','206453636137885','Hardware','','','','Moderator','|2|,|3|,|1|,|4|','|2|,|3|,|4|','','','|2|','0','0','0','2000','1','1')
INSERT INTO CategoriesModules (UniqueID,CatID,ModuleID) VALUES('201090887910081','159927401878394','19')
INSERT INTO CategoriesPortals (UniqueID,CatID,PortalID) VALUES('119277049923107','159927401878394','0')
INSERT INTO Categories (CatID,ListUnder,CategoryName,Description,Keywords,CatType,Moderator,AccessKeys,WriteKeys,SEODescription,SEOPageTitle,ManageKeys,AccessHide,WriteHide,ExcPortalSecurity,Weight,ShowList,Sharing) VALUES('255327268663317','291790306797482','Hearses','','','','Moderator','|2|,|3|,|1|,|4|','|2|,|3|,|4|','','','|2|','0','0','0','2000','1','1')
INSERT INTO CategoriesModules (UniqueID,CatID,ModuleID) VALUES('217985295193847','255327268663317','19')
INSERT INTO CategoriesPortals (UniqueID,CatID,PortalID) VALUES('136011693263616','255327268663317','0')
INSERT INTO Categories (CatID,ListUnder,CategoryName,Description,Keywords,CatType,Moderator,AccessKeys,WriteKeys,SEODescription,SEOPageTitle,ManageKeys,AccessHide,WriteHide,ExcPortalSecurity,Weight,ShowList,Sharing) VALUES('176720054175549','107462925193527','Help & Advice','','','','Moderator','|2|,|3|,|1|,|4|','|2|,|3|,|4|','','','|2|','0','0','0','2000','1','1')
INSERT INTO CategoriesModules (UniqueID,CatID,ModuleID) VALUES('158549989791428','176720054175549','19')
INSERT INTO CategoriesPortals (UniqueID,CatID,PortalID) VALUES('360983299721321','176720054175549','0')
INSERT INTO Categories (CatID,ListUnder,CategoryName,Description,Keywords,CatType,Moderator,AccessKeys,WriteKeys,SEODescription,SEOPageTitle,ManageKeys,AccessHide,WriteHide,ExcPortalSecurity,Weight,ShowList,Sharing) VALUES('157825860077868','206453636137885','History','','','','Moderator','|2|,|3|,|1|,|4|','|2|,|3|,|4|','','','|2|','0','0','0','2000','1','1')
INSERT INTO CategoriesModules (UniqueID,CatID,ModuleID) VALUES('974007903868707','157825860077868','19')
INSERT INTO CategoriesPortals (UniqueID,CatID,PortalID) VALUES('113623345343216','157825860077868','0')
INSERT INTO Categories (CatID,ListUnder,CategoryName,Description,Keywords,CatType,Moderator,AccessKeys,WriteKeys,SEODescription,SEOPageTitle,ManageKeys,AccessHide,WriteHide,ExcPortalSecurity,Weight,ShowList,Sharing) VALUES('192070835340288','673927313944867','History','','','','Moderator','|2|,|3|,|1|,|4|','|2|,|3|,|4|','','','|2|','0','0','0','2000','1','1')
INSERT INTO CategoriesModules (UniqueID,CatID,ModuleID) VALUES('375099291513016','192070835340288','19')
INSERT INTO CategoriesPortals (UniqueID,CatID,PortalID) VALUES('176605153188308','192070835340288','0')
[[GO]]
INSERT INTO Categories (CatID,ListUnder,CategoryName,Description,Keywords,CatType,Moderator,AccessKeys,WriteKeys,SEODescription,SEOPageTitle,ManageKeys,AccessHide,WriteHide,ExcPortalSecurity,Weight,ShowList,Sharing) VALUES('149756041616887','113151894273336','History','','','','Moderator','|2|,|3|,|1|,|4|','|2|,|3|,|4|','','','|2|','0','0','0','2000','1','1')
INSERT INTO CategoriesModules (UniqueID,CatID,ModuleID) VALUES('303267698251642','149756041616887','19')
INSERT INTO CategoriesPortals (UniqueID,CatID,PortalID) VALUES('493323151348111','149756041616887','0')
INSERT INTO Categories (CatID,ListUnder,CategoryName,Description,Keywords,CatType,Moderator,AccessKeys,WriteKeys,SEODescription,SEOPageTitle,ManageKeys,AccessHide,WriteHide,ExcPortalSecurity,Weight,ShowList,Sharing) VALUES('144424510412958','208328939962424','History','','','','Moderator','|2|,|3|,|1|,|4|','|2|,|3|,|4|','','','|2|','0','0','0','2000','1','1')
INSERT INTO CategoriesModules (UniqueID,CatID,ModuleID) VALUES('211891377760467','144424510412958','19')
INSERT INTO CategoriesPortals (UniqueID,CatID,PortalID) VALUES('572402038931351','144424510412958','0')
INSERT INTO Categories (CatID,ListUnder,CategoryName,Description,Keywords,CatType,Moderator,AccessKeys,WriteKeys,SEODescription,SEOPageTitle,ManageKeys,AccessHide,WriteHide,ExcPortalSecurity,Weight,ShowList,Sharing) VALUES('237815388175961','137301753284712','Hockey','','','','Moderator','|2|,|3|,|1|,|4|','|2|,|3|,|4|','','','|2|','0','0','0','2000','1','1')
INSERT INTO CategoriesModules (UniqueID,CatID,ModuleID) VALUES('184517788079746','237815388175961','19')
INSERT INTO CategoriesPortals (UniqueID,CatID,PortalID) VALUES('328750963362779','237815388175961','0')
INSERT INTO Categories (CatID,ListUnder,CategoryName,Description,Keywords,CatType,Moderator,AccessKeys,WriteKeys,SEODescription,SEOPageTitle,ManageKeys,AccessHide,WriteHide,ExcPortalSecurity,Weight,ShowList,Sharing) VALUES('432859412507358','673927313944867','Holidays','','','','Moderator','|2|,|3|,|1|,|4|','|2|,|3|,|4|','','','|2|','0','0','0','2000','1','1')
INSERT INTO CategoriesModules (UniqueID,CatID,ModuleID) VALUES('140651356345103','432859412507358','19')
INSERT INTO CategoriesPortals (UniqueID,CatID,PortalID) VALUES('865468778094768','432859412507358','0')
INSERT INTO Categories (CatID,ListUnder,CategoryName,Description,Keywords,CatType,Moderator,AccessKeys,WriteKeys,SEODescription,SEOPageTitle,ManageKeys,AccessHide,WriteHide,ExcPortalSecurity,Weight,ShowList,Sharing) VALUES('183613075156714','0','Home & Family','','','','Moderator','|2|,|3|,|1|,|4|','|2|,|3|,|4|','','','|2|','0','0','0','2000','1','1')
INSERT INTO CategoriesModules (UniqueID,CatID,ModuleID) VALUES('142848290127532','183613075156714','19')
INSERT INTO CategoriesPortals (UniqueID,CatID,PortalID) VALUES('184586211189590','183613075156714','0')
INSERT INTO Categories (CatID,ListUnder,CategoryName,Description,Keywords,CatType,Moderator,AccessKeys,WriteKeys,SEODescription,SEOPageTitle,ManageKeys,AccessHide,WriteHide,ExcPortalSecurity,Weight,ShowList,Sharing) VALUES('188700819612295','185002260738668','Home and Garden','','','','Moderator','|2|,|3|,|1|,|4|','|2|,|3|,|4|','','','|2|','0','0','0','2000','1','1')
INSERT INTO CategoriesModules (UniqueID,CatID,ModuleID) VALUES('165406734154018','188700819612295','19')
INSERT INTO CategoriesPortals (UniqueID,CatID,PortalID) VALUES('996867218928321','188700819612295','0')
INSERT INTO Categories (CatID,ListUnder,CategoryName,Description,Keywords,CatType,Moderator,AccessKeys,WriteKeys,SEODescription,SEOPageTitle,ManageKeys,AccessHide,WriteHide,ExcPortalSecurity,Weight,ShowList,Sharing) VALUES('117755347162580','855188733556946','Home Improvement','','','','Moderator','|2|,|3|,|1|,|4|','|2|,|3|,|4|','','','|2|','0','0','0','2000','1','1')
INSERT INTO CategoriesModules (UniqueID,CatID,ModuleID) VALUES('730660396149538','117755347162580','19')
INSERT INTO CategoriesPortals (UniqueID,CatID,PortalID) VALUES('212996105252015','117755347162580','0')
INSERT INTO Categories (CatID,ListUnder,CategoryName,Description,Keywords,CatType,Moderator,AccessKeys,WriteKeys,SEODescription,SEOPageTitle,ManageKeys,AccessHide,WriteHide,ExcPortalSecurity,Weight,ShowList,Sharing) VALUES('258210946455866','196992743979967','Home Improvement','','','','Moderator','|2|,|3|,|1|,|4|','|2|,|3|,|4|','','','|2|','0','0','0','2000','1','1')
INSERT INTO CategoriesModules (UniqueID,CatID,ModuleID) VALUES('133983290154586','258210946455866','19')
INSERT INTO CategoriesPortals (UniqueID,CatID,PortalID) VALUES('106643779644776','258210946455866','0')
INSERT INTO Categories (CatID,ListUnder,CategoryName,Description,Keywords,CatType,Moderator,AccessKeys,WriteKeys,SEODescription,SEOPageTitle,ManageKeys,AccessHide,WriteHide,ExcPortalSecurity,Weight,ShowList,Sharing) VALUES('973765226448233','183613075156714','Home Improvement','','','','Moderator','|2|,|3|,|1|,|4|','|2|,|3|,|4|','','','|2|','0','0','0','2000','1','1')
INSERT INTO CategoriesModules (UniqueID,CatID,ModuleID) VALUES('979412231127237','973765226448233','19')
INSERT INTO CategoriesPortals (UniqueID,CatID,PortalID) VALUES('139114080410884','973765226448233','0')
INSERT INTO Categories (CatID,ListUnder,CategoryName,Description,Keywords,CatType,Moderator,AccessKeys,WriteKeys,SEODescription,SEOPageTitle,ManageKeys,AccessHide,WriteHide,ExcPortalSecurity,Weight,ShowList,Sharing) VALUES('124529040418813','178184256263312','Home Inspection','','','','Moderator','|2|,|3|,|1|,|4|','|2|,|3|,|4|','','','|2|','0','0','0','2000','1','1')
INSERT INTO CategoriesModules (UniqueID,CatID,ModuleID) VALUES('150993016579884','124529040418813','19')
INSERT INTO CategoriesPortals (UniqueID,CatID,PortalID) VALUES('149597000056950','124529040418813','0')
INSERT INTO Categories (CatID,ListUnder,CategoryName,Description,Keywords,CatType,Moderator,AccessKeys,WriteKeys,SEODescription,SEOPageTitle,ManageKeys,AccessHide,WriteHide,ExcPortalSecurity,Weight,ShowList,Sharing) VALUES('100788349216658','855188733556946','Home Inspection','','','','Moderator','|2|,|3|,|1|,|4|','|2|,|3|,|4|','','','|2|','0','0','0','2000','1','1')
INSERT INTO CategoriesModules (UniqueID,CatID,ModuleID) VALUES('446099234823155','100788349216658','19')
INSERT INTO CategoriesPortals (UniqueID,CatID,PortalID) VALUES('143595009238180','100788349216658','0')
INSERT INTO Categories (CatID,ListUnder,CategoryName,Description,Keywords,CatType,Moderator,AccessKeys,WriteKeys,SEODescription,SEOPageTitle,ManageKeys,AccessHide,WriteHide,ExcPortalSecurity,Weight,ShowList,Sharing) VALUES('899442512642239','855188733556946','Home Safety','','','','Moderator','|2|,|3|,|1|,|4|','|2|,|3|,|4|','','','|2|','0','0','0','2000','1','1')
INSERT INTO CategoriesModules (UniqueID,CatID,ModuleID) VALUES('143292219051541','899442512642239','19')
INSERT INTO CategoriesPortals (UniqueID,CatID,PortalID) VALUES('204217849267126','899442512642239','0')
INSERT INTO Categories (CatID,ListUnder,CategoryName,Description,Keywords,CatType,Moderator,AccessKeys,WriteKeys,SEODescription,SEOPageTitle,ManageKeys,AccessHide,WriteHide,ExcPortalSecurity,Weight,ShowList,Sharing) VALUES('600337685199796','434795696794718','Horses','','','','Moderator','|2|,|3|,|1|,|4|','|2|,|3|,|4|','','','|2|','0','0','0','2000','1','1')
INSERT INTO CategoriesModules (UniqueID,CatID,ModuleID) VALUES('160814530471211','600337685199796','19')
INSERT INTO CategoriesPortals (UniqueID,CatID,PortalID) VALUES('148804050580838','600337685199796','0')
INSERT INTO Categories (CatID,ListUnder,CategoryName,Description,Keywords,CatType,Moderator,AccessKeys,WriteKeys,SEODescription,SEOPageTitle,ManageKeys,AccessHide,WriteHide,ExcPortalSecurity,Weight,ShowList,Sharing) VALUES('107707295960747','196992743979967','Hospitality','','','','Moderator','|2|,|3|,|1|,|4|','|2|,|3|,|4|','','','|2|','0','0','0','2000','1','1')
INSERT INTO CategoriesModules (UniqueID,CatID,ModuleID) VALUES('103671698938387','107707295960747','19')
INSERT INTO CategoriesPortals (UniqueID,CatID,PortalID) VALUES('495138045275878','107707295960747','0')
INSERT INTO Categories (CatID,ListUnder,CategoryName,Description,Keywords,CatType,Moderator,AccessKeys,WriteKeys,SEODescription,SEOPageTitle,ManageKeys,AccessHide,WriteHide,ExcPortalSecurity,Weight,ShowList,Sharing) VALUES('157225550314731','291790306797482','Hot Rods','','','','Moderator','|2|,|3|,|1|,|4|','|2|,|3|,|4|','','','|2|','0','0','0','2000','1','1')
INSERT INTO CategoriesModules (UniqueID,CatID,ModuleID) VALUES('580114052578844','157225550314731','19')
INSERT INTO CategoriesPortals (UniqueID,CatID,PortalID) VALUES('178466505852258','157225550314731','0')
INSERT INTO Categories (CatID,ListUnder,CategoryName,Description,Keywords,CatType,Moderator,AccessKeys,WriteKeys,SEODescription,SEOPageTitle,ManageKeys,AccessHide,WriteHide,ExcPortalSecurity,Weight,ShowList,Sharing) VALUES('855188733556946','0','House & Garden','','','','Moderator','|2|,|3|,|1|,|4|','|2|,|3|,|4|','','','|2|','0','0','0','2000','1','1')
INSERT INTO CategoriesModules (UniqueID,CatID,ModuleID) VALUES('191736878825077','855188733556946','19')
INSERT INTO CategoriesPortals (UniqueID,CatID,PortalID) VALUES('181200771962532','855188733556946','0')
INSERT INTO Categories (CatID,ListUnder,CategoryName,Description,Keywords,CatType,Moderator,AccessKeys,WriteKeys,SEODescription,SEOPageTitle,ManageKeys,AccessHide,WriteHide,ExcPortalSecurity,Weight,ShowList,Sharing) VALUES('922690898338576','206453636137885','How To''s','','','','Moderator','|2|,|3|,|1|,|4|','|2|,|3|,|4|','','','|2|','0','0','0','2000','1','1')
INSERT INTO CategoriesModules (UniqueID,CatID,ModuleID) VALUES('497743283286382','922690898338576','19')
INSERT INTO CategoriesPortals (UniqueID,CatID,PortalID) VALUES('717892990067614','922690898338576','0')
INSERT INTO Categories (CatID,ListUnder,CategoryName,Description,Keywords,CatType,Moderator,AccessKeys,WriteKeys,SEODescription,SEOPageTitle,ManageKeys,AccessHide,WriteHide,ExcPortalSecurity,Weight,ShowList,Sharing) VALUES('141386782768473','206453636137885','Human Computer Interaction','','','','Moderator','|2|,|3|,|1|,|4|','|2|,|3|,|4|','','','|2|','0','0','0','2000','1','1')
INSERT INTO CategoriesModules (UniqueID,CatID,ModuleID) VALUES('616566423364878','141386782768473','19')
INSERT INTO CategoriesPortals (UniqueID,CatID,PortalID) VALUES('138674961784215','141386782768473','0')
INSERT INTO Categories (CatID,ListUnder,CategoryName,Description,Keywords,CatType,Moderator,AccessKeys,WriteKeys,SEODescription,SEOPageTitle,ManageKeys,AccessHide,WriteHide,ExcPortalSecurity,Weight,ShowList,Sharing) VALUES('484159215423314','196992743979967','Human Resources','','','','Moderator','|2|,|3|,|1|,|4|','|2|,|3|,|4|','','','|2|','0','0','0','2000','1','1')
INSERT INTO CategoriesModules (UniqueID,CatID,ModuleID) VALUES('501322049325853','484159215423314','19')
INSERT INTO CategoriesPortals (UniqueID,CatID,PortalID) VALUES('120695476658627','484159215423314','0')
INSERT INTO Categories (CatID,ListUnder,CategoryName,Description,Keywords,CatType,Moderator,AccessKeys,WriteKeys,SEODescription,SEOPageTitle,ManageKeys,AccessHide,WriteHide,ExcPortalSecurity,Weight,ShowList,Sharing) VALUES('628300008147580','208328939962424','Humanites Blogs','','','','Moderator','|2|,|3|,|1|,|4|','|2|,|3|,|4|','','','|2|','0','0','0','2000','1','1')
INSERT INTO CategoriesModules (UniqueID,CatID,ModuleID) VALUES('110316022267584','628300008147580','19')
INSERT INTO CategoriesPortals (UniqueID,CatID,PortalID) VALUES('135554132784587','628300008147580','0')
INSERT INTO Categories (CatID,ListUnder,CategoryName,Description,Keywords,CatType,Moderator,AccessKeys,WriteKeys,SEODescription,SEOPageTitle,ManageKeys,AccessHide,WriteHide,ExcPortalSecurity,Weight,ShowList,Sharing) VALUES('182059591580254','208328939962424','Humanities','','','','Moderator','|2|,|3|,|1|,|4|','|2|,|3|,|4|','','','|2|','0','0','0','2000','1','1')
INSERT INTO CategoriesModules (UniqueID,CatID,ModuleID) VALUES('170569790866561','182059591580254','19')
INSERT INTO CategoriesPortals (UniqueID,CatID,PortalID) VALUES('572502579351084','182059591580254','0')
INSERT INTO Categories (CatID,ListUnder,CategoryName,Description,Keywords,CatType,Moderator,AccessKeys,WriteKeys,SEODescription,SEOPageTitle,ManageKeys,AccessHide,WriteHide,ExcPortalSecurity,Weight,ShowList,Sharing) VALUES('202155411864102','828577006965644','Humor','','','','Moderator','|2|,|3|,|1|,|4|','|2|,|3|,|4|','','','|2|','0','0','0','2000','1','1')
INSERT INTO CategoriesModules (UniqueID,CatID,ModuleID) VALUES('179544561791741','202155411864102','19')
INSERT INTO CategoriesPortals (UniqueID,CatID,PortalID) VALUES('207354517713604','202155411864102','0')
INSERT INTO Categories (CatID,ListUnder,CategoryName,Description,Keywords,CatType,Moderator,AccessKeys,WriteKeys,SEODescription,SEOPageTitle,ManageKeys,AccessHide,WriteHide,ExcPortalSecurity,Weight,ShowList,Sharing) VALUES('237552800785147','418012308427443','Humor & Fun','','','','Moderator','|2|,|3|,|1|,|4|','|2|,|3|,|4|','','','|2|','0','0','0','2000','1','1')
INSERT INTO CategoriesModules (UniqueID,CatID,ModuleID) VALUES('188830364847825','237552800785147','19')
INSERT INTO CategoriesPortals (UniqueID,CatID,PortalID) VALUES('293810535221749','237552800785147','0')
INSERT INTO Categories (CatID,ListUnder,CategoryName,Description,Keywords,CatType,Moderator,AccessKeys,WriteKeys,SEODescription,SEOPageTitle,ManageKeys,AccessHide,WriteHide,ExcPortalSecurity,Weight,ShowList,Sharing) VALUES('919261177381300','208328939962424','Illustration','','','','Moderator','|2|,|3|,|1|,|4|','|2|,|3|,|4|','','','|2|','0','0','0','2000','1','1')
INSERT INTO CategoriesModules (UniqueID,CatID,ModuleID) VALUES('875407789782136','919261177381300','19')
INSERT INTO CategoriesPortals (UniqueID,CatID,PortalID) VALUES('135527791248846','919261177381300','0')
INSERT INTO Categories (CatID,ListUnder,CategoryName,Description,Keywords,CatType,Moderator,AccessKeys,WriteKeys,SEODescription,SEOPageTitle,ManageKeys,AccessHide,WriteHide,ExcPortalSecurity,Weight,ShowList,Sharing) VALUES('125273109537768','291790306797482','Image Galleries','','','','Moderator','|2|,|3|,|1|,|4|','|2|,|3|,|4|','','','|2|','0','0','0','2000','1','1')
INSERT INTO CategoriesModules (UniqueID,CatID,ModuleID) VALUES('680486685079224','125273109537768','19')
INSERT INTO CategoriesPortals (UniqueID,CatID,PortalID) VALUES('999218436194492','125273109537768','0')
INSERT INTO Categories (CatID,ListUnder,CategoryName,Description,Keywords,CatType,Moderator,AccessKeys,WriteKeys,SEODescription,SEOPageTitle,ManageKeys,AccessHide,WriteHide,ExcPortalSecurity,Weight,ShowList,Sharing) VALUES('125028322612353','202999822552781','In the Workplace','','','','Moderator','|2|,|3|,|1|,|4|','|2|,|3|,|4|','','','|2|','0','0','0','2000','1','1')
INSERT INTO CategoriesModules (UniqueID,CatID,ModuleID) VALUES('762693295072232','125028322612353','19')
INSERT INTO CategoriesPortals (UniqueID,CatID,PortalID) VALUES('277470482731124','125028322612353','0')
INSERT INTO Categories (CatID,ListUnder,CategoryName,Description,Keywords,CatType,Moderator,AccessKeys,WriteKeys,SEODescription,SEOPageTitle,ManageKeys,AccessHide,WriteHide,ExcPortalSecurity,Weight,ShowList,Sharing) VALUES('822246887531983','113209343573435','India','','','','Moderator','|2|,|3|,|1|,|4|','|2|,|3|,|4|','','','|2|','0','0','0','2000','1','1')
INSERT INTO CategoriesModules (UniqueID,CatID,ModuleID) VALUES('170167687782973','822246887531983','19')
INSERT INTO CategoriesPortals (UniqueID,CatID,PortalID) VALUES('173578067014612','822246887531983','0')
INSERT INTO Categories (CatID,ListUnder,CategoryName,Description,Keywords,CatType,Moderator,AccessKeys,WriteKeys,SEODescription,SEOPageTitle,ManageKeys,AccessHide,WriteHide,ExcPortalSecurity,Weight,ShowList,Sharing) VALUES('280986024148111','113209343573435','Indonesia','','','','Moderator','|2|,|3|,|1|,|4|','|2|,|3|,|4|','','','|2|','0','0','0','2000','1','1')
INSERT INTO CategoriesModules (UniqueID,CatID,ModuleID) VALUES('948050364434104','280986024148111','19')
INSERT INTO CategoriesPortals (UniqueID,CatID,PortalID) VALUES('838392298197467','280986024148111','0')
INSERT INTO Categories (CatID,ListUnder,CategoryName,Description,Keywords,CatType,Moderator,AccessKeys,WriteKeys,SEODescription,SEOPageTitle,ManageKeys,AccessHide,WriteHide,ExcPortalSecurity,Weight,ShowList,Sharing) VALUES('115768418472016','196992743979967','Industrial Goods and Services','','','','Moderator','|2|,|3|,|1|,|4|','|2|,|3|,|4|','','','|2|','0','0','0','2000','1','1')
INSERT INTO CategoriesModules (UniqueID,CatID,ModuleID) VALUES('145373670785713','115768418472016','19')
INSERT INTO CategoriesPortals (UniqueID,CatID,PortalID) VALUES('116170575381321','115768418472016','0')
INSERT INTO Categories (CatID,ListUnder,CategoryName,Description,Keywords,CatType,Moderator,AccessKeys,WriteKeys,SEODescription,SEOPageTitle,ManageKeys,AccessHide,WriteHide,ExcPortalSecurity,Weight,ShowList,Sharing) VALUES('193176448629701','196992743979967','Industry','','','','Moderator','|2|,|3|,|1|,|4|','|2|,|3|,|4|','','','|2|','0','0','0','2000','1','1')
INSERT INTO CategoriesModules (UniqueID,CatID,ModuleID) VALUES('681614807350435','193176448629701','19')
INSERT INTO CategoriesPortals (UniqueID,CatID,PortalID) VALUES('552279970447914','193176448629701','0')
INSERT INTO Categories (CatID,ListUnder,CategoryName,Description,Keywords,CatType,Moderator,AccessKeys,WriteKeys,SEODescription,SEOPageTitle,ManageKeys,AccessHide,WriteHide,ExcPortalSecurity,Weight,ShowList,Sharing) VALUES('877233138990875','137301753284712','Informal Sports','','','','Moderator','|2|,|3|,|1|,|4|','|2|,|3|,|4|','','','|2|','0','0','0','2000','1','1')
INSERT INTO CategoriesModules (UniqueID,CatID,ModuleID) VALUES('163701367758713','877233138990875','19')
INSERT INTO CategoriesPortals (UniqueID,CatID,PortalID) VALUES('153029889682472','877233138990875','0')
INSERT INTO Categories (CatID,ListUnder,CategoryName,Description,Keywords,CatType,Moderator,AccessKeys,WriteKeys,SEODescription,SEOPageTitle,ManageKeys,AccessHide,WriteHide,ExcPortalSecurity,Weight,ShowList,Sharing) VALUES('152900571249101','196992743979967','Information Services','','','','Moderator','|2|,|3|,|1|,|4|','|2|,|3|,|4|','','','|2|','0','0','0','2000','1','1')
INSERT INTO CategoriesModules (UniqueID,CatID,ModuleID) VALUES('953454131380304','152900571249101','19')
INSERT INTO CategoriesPortals (UniqueID,CatID,PortalID) VALUES('158364883203188','152900571249101','0')
INSERT INTO Categories (CatID,ListUnder,CategoryName,Description,Keywords,CatType,Moderator,AccessKeys,WriteKeys,SEODescription,SEOPageTitle,ManageKeys,AccessHide,WriteHide,ExcPortalSecurity,Weight,ShowList,Sharing) VALUES('100587497968261','196992743979967','Information Technology','','','','Moderator','|2|,|3|,|1|,|4|','|2|,|3|,|4|','','','|2|','0','0','0','2000','1','1')
INSERT INTO CategoriesModules (UniqueID,CatID,ModuleID) VALUES('330439541387351','100587497968261','19')
INSERT INTO CategoriesPortals (UniqueID,CatID,PortalID) VALUES('120030188936439','100587497968261','0')
INSERT INTO Categories (CatID,ListUnder,CategoryName,Description,Keywords,CatType,Moderator,AccessKeys,WriteKeys,SEODescription,SEOPageTitle,ManageKeys,AccessHide,WriteHide,ExcPortalSecurity,Weight,ShowList,Sharing) VALUES('162546428833316','434795696794718','Insects','','','','Moderator','|2|,|3|,|1|,|4|','|2|,|3|,|4|','','','|2|','0','0','0','2000','1','1')
INSERT INTO CategoriesModules (UniqueID,CatID,ModuleID) VALUES('123344230815715','162546428833316','19')
INSERT INTO CategoriesPortals (UniqueID,CatID,PortalID) VALUES('185219600111546','162546428833316','0')
INSERT INTO Categories (CatID,ListUnder,CategoryName,Description,Keywords,CatType,Moderator,AccessKeys,WriteKeys,SEODescription,SEOPageTitle,ManageKeys,AccessHide,WriteHide,ExcPortalSecurity,Weight,ShowList,Sharing) VALUES('122528298241019','116195634152458','Institutions','','','','Moderator','|2|,|3|,|1|,|4|','|2|,|3|,|4|','','','|2|','0','0','0','2000','1','1')
INSERT INTO CategoriesModules (UniqueID,CatID,ModuleID) VALUES('285571258153384','122528298241019','19')
INSERT INTO CategoriesPortals (UniqueID,CatID,PortalID) VALUES('135748747117785','122528298241019','0')
INSERT INTO Categories (CatID,ListUnder,CategoryName,Description,Keywords,CatType,Moderator,AccessKeys,WriteKeys,SEODescription,SEOPageTitle,ManageKeys,AccessHide,WriteHide,ExcPortalSecurity,Weight,ShowList,Sharing) VALUES('154713103079263','187229545352848','Institutions','','','','Moderator','|2|,|3|,|1|,|4|','|2|,|3|,|4|','','','|2|','0','0','0','2000','1','1')
INSERT INTO CategoriesModules (UniqueID,CatID,ModuleID) VALUES('974174489224353','154713103079263','19')
INSERT INTO CategoriesPortals (UniqueID,CatID,PortalID) VALUES('447376812203434','154713103079263','0')
INSERT INTO Categories (CatID,ListUnder,CategoryName,Description,Keywords,CatType,Moderator,AccessKeys,WriteKeys,SEODescription,SEOPageTitle,ManageKeys,AccessHide,WriteHide,ExcPortalSecurity,Weight,ShowList,Sharing) VALUES('120500632648580','187229545352848','Instruments and Supplies','','','','Moderator','|2|,|3|,|1|,|4|','|2|,|3|,|4|','','','|2|','0','0','0','2000','1','1')
INSERT INTO CategoriesModules (UniqueID,CatID,ModuleID) VALUES('182893221124453','120500632648580','19')
INSERT INTO CategoriesPortals (UniqueID,CatID,PortalID) VALUES('171620007528683','120500632648580','0')
INSERT INTO Categories (CatID,ListUnder,CategoryName,Description,Keywords,CatType,Moderator,AccessKeys,WriteKeys,SEODescription,SEOPageTitle,ManageKeys,AccessHide,WriteHide,ExcPortalSecurity,Weight,ShowList,Sharing) VALUES('108147774693475','116195634152458','Instruments and Supplies','','','','Moderator','|2|,|3|,|1|,|4|','|2|,|3|,|4|','','','|2|','0','0','0','2000','1','1')
INSERT INTO CategoriesModules (UniqueID,CatID,ModuleID) VALUES('379706933253461','108147774693475','19')
INSERT INTO CategoriesPortals (UniqueID,CatID,PortalID) VALUES('376016305656647','108147774693475','0')
INSERT INTO Categories (CatID,ListUnder,CategoryName,Description,Keywords,CatType,Moderator,AccessKeys,WriteKeys,SEODescription,SEOPageTitle,ManageKeys,AccessHide,WriteHide,ExcPortalSecurity,Weight,ShowList,Sharing) VALUES('179369119751563','193306780238815','Insurance','','','','Moderator','|2|,|3|,|1|,|4|','|2|,|3|,|4|','','','|2|','0','0','0','2000','1','1')
INSERT INTO CategoriesModules (UniqueID,CatID,ModuleID) VALUES('193899872241223','179369119751563','19')
INSERT INTO CategoriesPortals (UniqueID,CatID,PortalID) VALUES('512685721674961','179369119751563','0')
INSERT INTO Categories (CatID,ListUnder,CategoryName,Description,Keywords,CatType,Moderator,AccessKeys,WriteKeys,SEODescription,SEOPageTitle,ManageKeys,AccessHide,WriteHide,ExcPortalSecurity,Weight,ShowList,Sharing) VALUES('811315811518339','161512229762770','Intelligence','','','','Moderator','|2|,|3|,|1|,|4|','|2|,|3|,|4|','','','|2|','0','0','0','2000','1','1')
INSERT INTO CategoriesModules (UniqueID,CatID,ModuleID) VALUES('155575244736532','811315811518339','19')
INSERT INTO CategoriesPortals (UniqueID,CatID,PortalID) VALUES('129414946927789','811315811518339','0')
INSERT INTO Categories (CatID,ListUnder,CategoryName,Description,Keywords,CatType,Moderator,AccessKeys,WriteKeys,SEODescription,SEOPageTitle,ManageKeys,AccessHide,WriteHide,ExcPortalSecurity,Weight,ShowList,Sharing) VALUES('744254323516660','196992743979967','International Business and Trade','','','','Moderator','|2|,|3|,|1|,|4|','|2|,|3|,|4|','','','|2|','0','0','0','2000','1','1')
INSERT INTO CategoriesModules (UniqueID,CatID,ModuleID) VALUES('144267622821424','744254323516660','19')
INSERT INTO CategoriesPortals (UniqueID,CatID,PortalID) VALUES('205680047873521','744254323516660','0')
INSERT INTO Categories (CatID,ListUnder,CategoryName,Description,Keywords,CatType,Moderator,AccessKeys,WriteKeys,SEODescription,SEOPageTitle,ManageKeys,AccessHide,WriteHide,ExcPortalSecurity,Weight,ShowList,Sharing) VALUES('201046702223184','161512229762770','International Organizations','','','','Moderator','|2|,|3|,|1|,|4|','|2|,|3|,|4|','','','|2|','0','0','0','2000','1','1')
INSERT INTO CategoriesModules (UniqueID,CatID,ModuleID) VALUES('180264213811238','201046702223184','19')
INSERT INTO CategoriesPortals (UniqueID,CatID,PortalID) VALUES('296840517146834','201046702223184','0')
INSERT INTO Categories (CatID,ListUnder,CategoryName,Description,Keywords,CatType,Moderator,AccessKeys,WriteKeys,SEODescription,SEOPageTitle,ManageKeys,AccessHide,WriteHide,ExcPortalSecurity,Weight,ShowList,Sharing) VALUES('113151894273336','0','Internet','','','','Moderator','|2|,|3|,|1|,|4|','|2|,|3|,|4|','','','|2|','0','0','0','2000','1','1')
INSERT INTO CategoriesModules (UniqueID,CatID,ModuleID) VALUES('138848617587195','113151894273336','19')
INSERT INTO CategoriesPortals (UniqueID,CatID,PortalID) VALUES('963900881663843','113151894273336','0')
INSERT INTO Categories (CatID,ListUnder,CategoryName,Description,Keywords,CatType,Moderator,AccessKeys,WriteKeys,SEODescription,SEOPageTitle,ManageKeys,AccessHide,WriteHide,ExcPortalSecurity,Weight,ShowList,Sharing) VALUES('713223258864425','196992743979967','Internet','','','','Moderator','|2|,|3|,|1|,|4|','|2|,|3|,|4|','','','|2|','0','0','0','2000','1','1')
INSERT INTO CategoriesModules (UniqueID,CatID,ModuleID) VALUES('135781382168489','713223258864425','19')
INSERT INTO CategoriesPortals (UniqueID,CatID,PortalID) VALUES('100579696734347','713223258864425','0')
INSERT INTO Categories (CatID,ListUnder,CategoryName,Description,Keywords,CatType,Moderator,AccessKeys,WriteKeys,SEODescription,SEOPageTitle,ManageKeys,AccessHide,WriteHide,ExcPortalSecurity,Weight,ShowList,Sharing) VALUES('355008341142097','108351767413623','Internet Broadcasts','','','','Moderator','|2|,|3|,|1|,|4|','|2|,|3|,|4|','','','|2|','0','0','0','2000','1','1')
INSERT INTO CategoriesModules (UniqueID,CatID,ModuleID) VALUES('233432901486250','355008341142097','19')
INSERT INTO CategoriesPortals (UniqueID,CatID,PortalID) VALUES('137244765737102','355008341142097','0')
INSERT INTO Categories (CatID,ListUnder,CategoryName,Description,Keywords,CatType,Moderator,AccessKeys,WriteKeys,SEODescription,SEOPageTitle,ManageKeys,AccessHide,WriteHide,ExcPortalSecurity,Weight,ShowList,Sharing) VALUES('124468575904966','113151894273336','Internet Fax','','','','Moderator','|2|,|3|,|1|,|4|','|2|,|3|,|4|','','','|2|','0','0','0','2000','1','1')
INSERT INTO CategoriesModules (UniqueID,CatID,ModuleID) VALUES('100825412240677','124468575904966','19')
INSERT INTO CategoriesPortals (UniqueID,CatID,PortalID) VALUES('126591949387445','124468575904966','0')
INSERT INTO Categories (CatID,ListUnder,CategoryName,Description,Keywords,CatType,Moderator,AccessKeys,WriteKeys,SEODescription,SEOPageTitle,ManageKeys,AccessHide,WriteHide,ExcPortalSecurity,Weight,ShowList,Sharing) VALUES('112364230096746','113151894273336','Internet Marketing','','','','Moderator','|2|,|3|,|1|,|4|','|2|,|3|,|4|','','','|2|','0','0','0','2000','1','1')
INSERT INTO CategoriesModules (UniqueID,CatID,ModuleID) VALUES('163781390675734','112364230096746','19')
INSERT INTO CategoriesPortals (UniqueID,CatID,PortalID) VALUES('138157364749974','112364230096746','0')
INSERT INTO Categories (CatID,ListUnder,CategoryName,Description,Keywords,CatType,Moderator,AccessKeys,WriteKeys,SEODescription,SEOPageTitle,ManageKeys,AccessHide,WriteHide,ExcPortalSecurity,Weight,ShowList,Sharing) VALUES('153010621557732','206453636137885','Intranet','','','','Moderator','|2|,|3|,|1|,|4|','|2|,|3|,|4|','','','|2|','0','0','0','2000','1','1')
INSERT INTO CategoriesModules (UniqueID,CatID,ModuleID) VALUES('107607899621481','153010621557732','19')
INSERT INTO CategoriesPortals (UniqueID,CatID,PortalID) VALUES('716009644854265','153010621557732','0')
INSERT INTO Categories (CatID,ListUnder,CategoryName,Description,Keywords,CatType,Moderator,AccessKeys,WriteKeys,SEODescription,SEOPageTitle,ManageKeys,AccessHide,WriteHide,ExcPortalSecurity,Weight,ShowList,Sharing) VALUES('185406629802345','178184256263312','Investment','','','','Moderator','|2|,|3|,|1|,|4|','|2|,|3|,|4|','','','|2|','0','0','0','2000','1','1')
INSERT INTO CategoriesModules (UniqueID,CatID,ModuleID) VALUES('971246968634531','185406629802345','19')
INSERT INTO CategoriesPortals (UniqueID,CatID,PortalID) VALUES('183850270420137','185406629802345','0')
INSERT INTO Categories (CatID,ListUnder,CategoryName,Description,Keywords,CatType,Moderator,AccessKeys,WriteKeys,SEODescription,SEOPageTitle,ManageKeys,AccessHide,WriteHide,ExcPortalSecurity,Weight,ShowList,Sharing) VALUES('164269994035968','113209343573435','Ireland','','','','Moderator','|2|,|3|,|1|,|4|','|2|,|3|,|4|','','','|2|','0','0','0','2000','1','1')
INSERT INTO CategoriesModules (UniqueID,CatID,ModuleID) VALUES('991029535464435','164269994035968','19')
INSERT INTO CategoriesPortals (UniqueID,CatID,PortalID) VALUES('777165732527615','164269994035968','0')
INSERT INTO Categories (CatID,ListUnder,CategoryName,Description,Keywords,CatType,Moderator,AccessKeys,WriteKeys,SEODescription,SEOPageTitle,ManageKeys,AccessHide,WriteHide,ExcPortalSecurity,Weight,ShowList,Sharing) VALUES('159054050261647','108351767413623','Issues','','','','Moderator','|2|,|3|,|1|,|4|','|2|,|3|,|4|','','','|2|','0','0','0','2000','1','1')
INSERT INTO CategoriesModules (UniqueID,CatID,ModuleID) VALUES('924210933818862','159054050261647','19')
INSERT INTO CategoriesPortals (UniqueID,CatID,PortalID) VALUES('156280785172234','159054050261647','0')
INSERT INTO Categories (CatID,ListUnder,CategoryName,Description,Keywords,CatType,Moderator,AccessKeys,WriteKeys,SEODescription,SEOPageTitle,ManageKeys,AccessHide,WriteHide,ExcPortalSecurity,Weight,ShowList,Sharing) VALUES('411320245178426','673927313944867','Issues','','','','Moderator','|2|,|3|,|1|,|4|','|2|,|3|,|4|','','','|2|','0','0','0','2000','1','1')
INSERT INTO CategoriesModules (UniqueID,CatID,ModuleID) VALUES('198409369373191','411320245178426','19')
INSERT INTO CategoriesPortals (UniqueID,CatID,PortalID) VALUES('123628147517136','411320245178426','0')
INSERT INTO Categories (CatID,ListUnder,CategoryName,Description,Keywords,CatType,Moderator,AccessKeys,WriteKeys,SEODescription,SEOPageTitle,ManageKeys,AccessHide,WriteHide,ExcPortalSecurity,Weight,ShowList,Sharing) VALUES('166488017881564','113209343573435','Italy','','','','Moderator','|2|,|3|,|1|,|4|','|2|,|3|,|4|','','','|2|','0','0','0','2000','1','1')
INSERT INTO CategoriesModules (UniqueID,CatID,ModuleID) VALUES('183045523123022','166488017881564','19')
INSERT INTO CategoriesPortals (UniqueID,CatID,PortalID) VALUES('605714204587087','166488017881564','0')
INSERT INTO Categories (CatID,ListUnder,CategoryName,Description,Keywords,CatType,Moderator,AccessKeys,WriteKeys,SEODescription,SEOPageTitle,ManageKeys,AccessHide,WriteHide,ExcPortalSecurity,Weight,ShowList,Sharing) VALUES('108822833978805','137301753284712','Jai Alai','','','','Moderator','|2|,|3|,|1|,|4|','|2|,|3|,|4|','','','|2|','0','0','0','2000','1','1')
INSERT INTO CategoriesModules (UniqueID,CatID,ModuleID) VALUES('139749794466426','108822833978805','19')
INSERT INTO CategoriesPortals (UniqueID,CatID,PortalID) VALUES('173262925342410','108822833978805','0')
INSERT INTO Categories (CatID,ListUnder,CategoryName,Description,Keywords,CatType,Moderator,AccessKeys,WriteKeys,SEODescription,SEOPageTitle,ManageKeys,AccessHide,WriteHide,ExcPortalSecurity,Weight,ShowList,Sharing) VALUES('451367571618586','113209343573435','Japan','','','','Moderator','|2|,|3|,|1|,|4|','|2|,|3|,|4|','','','|2|','0','0','0','2000','1','1')
INSERT INTO CategoriesModules (UniqueID,CatID,ModuleID) VALUES('171111690806656','451367571618586','19')
INSERT INTO CategoriesPortals (UniqueID,CatID,PortalID) VALUES('175921948184793','451367571618586','0')
INSERT INTO Categories (CatID,ListUnder,CategoryName,Description,Keywords,CatType,Moderator,AccessKeys,WriteKeys,SEODescription,SEOPageTitle,ManageKeys,AccessHide,WriteHide,ExcPortalSecurity,Weight,ShowList,Sharing) VALUES('174866283165565','185002260738668','Jewelry','','','','Moderator','|2|,|3|,|1|,|4|','|2|,|3|,|4|','','','|2|','0','0','0','2000','1','1')
INSERT INTO CategoriesModules (UniqueID,CatID,ModuleID) VALUES('115622277132522','174866283165565','19')
INSERT INTO CategoriesPortals (UniqueID,CatID,PortalID) VALUES('231114015802314','174866283165565','0')
INSERT INTO Categories (CatID,ListUnder,CategoryName,Description,Keywords,CatType,Moderator,AccessKeys,WriteKeys,SEODescription,SEOPageTitle,ManageKeys,AccessHide,WriteHide,ExcPortalSecurity,Weight,ShowList,Sharing) VALUES('592225973660166','316246332495564','K-12','','','','Moderator','|2|,|3|,|1|,|4|','|2|,|3|,|4|','','','|2|','0','0','0','2000','1','1')
INSERT INTO CategoriesModules (UniqueID,CatID,ModuleID) VALUES('531821924702019','592225973660166','19')
INSERT INTO CategoriesPortals (UniqueID,CatID,PortalID) VALUES('142339133441585','592225973660166','0')
INSERT INTO Categories (CatID,ListUnder,CategoryName,Description,Keywords,CatType,Moderator,AccessKeys,WriteKeys,SEODescription,SEOPageTitle,ManageKeys,AccessHide,WriteHide,ExcPortalSecurity,Weight,ShowList,Sharing) VALUES('160979738603768','137301753284712','Kabbadi','','','','Moderator','|2|,|3|,|1|,|4|','|2|,|3|,|4|','','','|2|','0','0','0','2000','1','1')
INSERT INTO CategoriesModules (UniqueID,CatID,ModuleID) VALUES('130515072855316','160979738603768','19')
INSERT INTO CategoriesPortals (UniqueID,CatID,PortalID) VALUES('145294762797946','160979738603768','0')
INSERT INTO Categories (CatID,ListUnder,CategoryName,Description,Keywords,CatType,Moderator,AccessKeys,WriteKeys,SEODescription,SEOPageTitle,ManageKeys,AccessHide,WriteHide,ExcPortalSecurity,Weight,ShowList,Sharing) VALUES('912226867077735','185002260738668','Kid''s Corner','','','','Moderator','|2|,|3|,|1|,|4|','|2|,|3|,|4|','','','|2|','0','0','0','2000','1','1')
INSERT INTO CategoriesModules (UniqueID,CatID,ModuleID) VALUES('111242556919982','912226867077735','19')
INSERT INTO CategoriesPortals (UniqueID,CatID,PortalID) VALUES('420469535016020','912226867077735','0')
INSERT INTO Categories (CatID,ListUnder,CategoryName,Description,Keywords,CatType,Moderator,AccessKeys,WriteKeys,SEODescription,SEOPageTitle,ManageKeys,AccessHide,WriteHide,ExcPortalSecurity,Weight,ShowList,Sharing) VALUES('103295924617983','291790306797482','Kit Cars & Replicas','','','','Moderator','|2|,|3|,|1|,|4|','|2|,|3|,|4|','','','|2|','0','0','0','2000','1','1')
INSERT INTO CategoriesModules (UniqueID,CatID,ModuleID) VALUES('766067510350235','103295924617983','19')
INSERT INTO CategoriesPortals (UniqueID,CatID,PortalID) VALUES('322672991435934','103295924617983','0')
INSERT INTO Categories (CatID,ListUnder,CategoryName,Description,Keywords,CatType,Moderator,AccessKeys,WriteKeys,SEODescription,SEOPageTitle,ManageKeys,AccessHide,WriteHide,ExcPortalSecurity,Weight,ShowList,Sharing) VALUES('208376859389848','828577006965644','Kites','','','','Moderator','|2|,|3|,|1|,|4|','|2|,|3|,|4|','','','|2|','0','0','0','2000','1','1')
INSERT INTO CategoriesModules (UniqueID,CatID,ModuleID) VALUES('151114346659276','208376859389848','19')
INSERT INTO CategoriesPortals (UniqueID,CatID,PortalID) VALUES('570339314669475','208376859389848','0')
INSERT INTO Categories (CatID,ListUnder,CategoryName,Description,Keywords,CatType,Moderator,AccessKeys,WriteKeys,SEODescription,SEOPageTitle,ManageKeys,AccessHide,WriteHide,ExcPortalSecurity,Weight,ShowList,Sharing) VALUES('197207443316463','828577006965644','Knives','','','','Moderator','|2|,|3|,|1|,|4|','|2|,|3|,|4|','','','|2|','0','0','0','2000','1','1')
INSERT INTO CategoriesModules (UniqueID,CatID,ModuleID) VALUES('370250617741142','197207443316463','19')
INSERT INTO CategoriesPortals (UniqueID,CatID,PortalID) VALUES('142013976773829','197207443316463','0')
INSERT INTO Categories (CatID,ListUnder,CategoryName,Description,Keywords,CatType,Moderator,AccessKeys,WriteKeys,SEODescription,SEOPageTitle,ManageKeys,AccessHide,WriteHide,ExcPortalSecurity,Weight,ShowList,Sharing) VALUES('444040154511964','137301753284712','Korfball','','','','Moderator','|2|,|3|,|1|,|4|','|2|,|3|,|4|','','','|2|','0','0','0','2000','1','1')
INSERT INTO CategoriesModules (UniqueID,CatID,ModuleID) VALUES('269853326814215','444040154511964','19')
INSERT INTO CategoriesPortals (UniqueID,CatID,PortalID) VALUES('169356197437115','444040154511964','0')
INSERT INTO Categories (CatID,ListUnder,CategoryName,Description,Keywords,CatType,Moderator,AccessKeys,WriteKeys,SEODescription,SEOPageTitle,ManageKeys,AccessHide,WriteHide,ExcPortalSecurity,Weight,ShowList,Sharing) VALUES('632231997476842','107462925193527','L&R Chats','','','','Moderator','|2|,|3|,|1|,|4|','|2|,|3|,|4|','','','|2|','0','0','0','2000','1','1')
INSERT INTO CategoriesModules (UniqueID,CatID,ModuleID) VALUES('488547552273526','632231997476842','19')
INSERT INTO CategoriesPortals (UniqueID,CatID,PortalID) VALUES('159412531865280','632231997476842','0')
INSERT INTO Categories (CatID,ListUnder,CategoryName,Description,Keywords,CatType,Moderator,AccessKeys,WriteKeys,SEODescription,SEOPageTitle,ManageKeys,AccessHide,WriteHide,ExcPortalSecurity,Weight,ShowList,Sharing) VALUES('183850756455075','137301753284712','Lacrosse','','','','Moderator','|2|,|3|,|1|,|4|','|2|,|3|,|4|','','','|2|','0','0','0','2000','1','1')
INSERT INTO CategoriesModules (UniqueID,CatID,ModuleID) VALUES('982970525721365','183850756455075','19')
INSERT INTO CategoriesPortals (UniqueID,CatID,PortalID) VALUES('626338795182582','183850756455075','0')
INSERT INTO Categories (CatID,ListUnder,CategoryName,Description,Keywords,CatType,Moderator,AccessKeys,WriteKeys,SEODescription,SEOPageTitle,ManageKeys,AccessHide,WriteHide,ExcPortalSecurity,Weight,ShowList,Sharing) VALUES('151946351957100','855188733556946','Landscaping','','','','Moderator','|2|,|3|,|1|,|4|','|2|,|3|,|4|','','','|2|','0','0','0','2000','1','1')
INSERT INTO CategoriesModules (UniqueID,CatID,ModuleID) VALUES('305970990095065','151946351957100','19')
INSERT INTO CategoriesPortals (UniqueID,CatID,PortalID) VALUES('489936243535221','151946351957100','0')
INSERT INTO Categories (CatID,ListUnder,CategoryName,Description,Keywords,CatType,Moderator,AccessKeys,WriteKeys,SEODescription,SEOPageTitle,ManageKeys,AccessHide,WriteHide,ExcPortalSecurity,Weight,ShowList,Sharing) VALUES('894141991659576','316246332495564','Language Schools','','','','Moderator','|2|,|3|,|1|,|4|','|2|,|3|,|4|','','','|2|','0','0','0','2000','1','1')
INSERT INTO CategoriesModules (UniqueID,CatID,ModuleID) VALUES('659061590583253','894141991659576','19')
INSERT INTO CategoriesPortals (UniqueID,CatID,PortalID) VALUES('351410111743841','894141991659576','0')
INSERT INTO Categories (CatID,ListUnder,CategoryName,Description,Keywords,CatType,Moderator,AccessKeys,WriteKeys,SEODescription,SEOPageTitle,ManageKeys,AccessHide,WriteHide,ExcPortalSecurity,Weight,ShowList,Sharing) VALUES('166172409183082','137301753284712','Laser Games','','','','Moderator','|2|,|3|,|1|,|4|','|2|,|3|,|4|','','','|2|','0','0','0','2000','1','1')
INSERT INTO CategoriesModules (UniqueID,CatID,ModuleID) VALUES('329479378676408','166172409183082','19')
INSERT INTO CategoriesPortals (UniqueID,CatID,PortalID) VALUES('106685926954415','166172409183082','0')
INSERT INTO Categories (CatID,ListUnder,CategoryName,Description,Keywords,CatType,Moderator,AccessKeys,WriteKeys,SEODescription,SEOPageTitle,ManageKeys,AccessHide,WriteHide,ExcPortalSecurity,Weight,ShowList,Sharing) VALUES('179564265624766','161512229762770','Lawyers','','','','Moderator','|2|,|3|,|1|,|4|','|2|,|3|,|4|','','','|2|','0','0','0','2000','1','1')
INSERT INTO CategoriesModules (UniqueID,CatID,ModuleID) VALUES('612606696171328','179564265624766','19')
INSERT INTO CategoriesPortals (UniqueID,CatID,PortalID) VALUES('920197609733602','179564265624766','0')
INSERT INTO Categories (CatID,ListUnder,CategoryName,Description,Keywords,CatType,Moderator,AccessKeys,WriteKeys,SEODescription,SEOPageTitle,ManageKeys,AccessHide,WriteHide,ExcPortalSecurity,Weight,ShowList,Sharing) VALUES('105263459523341','196992743979967','Lawyers','','','','Moderator','|2|,|3|,|1|,|4|','|2|,|3|,|4|','','','|2|','0','0','0','2000','1','1')
INSERT INTO CategoriesModules (UniqueID,CatID,ModuleID) VALUES('197478259053589','105263459523341','19')
INSERT INTO CategoriesPortals (UniqueID,CatID,PortalID) VALUES('906112969524325','105263459523341','0')
INSERT INTO Categories (CatID,ListUnder,CategoryName,Description,Keywords,CatType,Moderator,AccessKeys,WriteKeys,SEODescription,SEOPageTitle,ManageKeys,AccessHide,WriteHide,ExcPortalSecurity,Weight,ShowList,Sharing) VALUES('557087502278812','316246332495564','Learning Disorders','','','','Moderator','|2|,|3|,|1|,|4|','|2|,|3|,|4|','','','|2|','0','0','0','2000','1','1')
INSERT INTO CategoriesModules (UniqueID,CatID,ModuleID) VALUES('134244254825116','557087502278812','19')
INSERT INTO CategoriesPortals (UniqueID,CatID,PortalID) VALUES('165774752228446','557087502278812','0')
INSERT INTO Categories (CatID,ListUnder,CategoryName,Description,Keywords,CatType,Moderator,AccessKeys,WriteKeys,SEODescription,SEOPageTitle,ManageKeys,AccessHide,WriteHide,ExcPortalSecurity,Weight,ShowList,Sharing) VALUES('816682529486736','199386689783970','Libraries','','','','Moderator','|2|,|3|,|1|,|4|','|2|,|3|,|4|','','','|2|','0','0','0','2000','1','1')
INSERT INTO CategoriesModules (UniqueID,CatID,ModuleID) VALUES('180184146229374','816682529486736','19')
INSERT INTO CategoriesPortals (UniqueID,CatID,PortalID) VALUES('190618979702719','816682529486736','0')
INSERT INTO Categories (CatID,ListUnder,CategoryName,Description,Keywords,CatType,Moderator,AccessKeys,WriteKeys,SEODescription,SEOPageTitle,ManageKeys,AccessHide,WriteHide,ExcPortalSecurity,Weight,ShowList,Sharing) VALUES('107462925193527','0','Lifestyle & Relationships','','','','Moderator','|2|,|3|,|1|,|4|','|2|,|3|,|4|','','','|2|','0','0','0','2000','1','1')
INSERT INTO CategoriesModules (UniqueID,CatID,ModuleID) VALUES('784966671666428','107462925193527','19')
INSERT INTO CategoriesPortals (UniqueID,CatID,PortalID) VALUES('141842336064551','107462925193527','0')
INSERT INTO Categories (CatID,ListUnder,CategoryName,Description,Keywords,CatType,Moderator,AccessKeys,WriteKeys,SEODescription,SEOPageTitle,ManageKeys,AccessHide,WriteHide,ExcPortalSecurity,Weight,ShowList,Sharing) VALUES('437662771871257','673927313944867','Lifestyle Choices','','','','Moderator','|2|,|3|,|1|,|4|','|2|,|3|,|4|','','','|2|','0','0','0','2000','1','1')
INSERT INTO CategoriesModules (UniqueID,CatID,ModuleID) VALUES('135480462248163','437662771871257','19')
INSERT INTO CategoriesPortals (UniqueID,CatID,PortalID) VALUES('158297831711231','437662771871257','0')
INSERT INTO Categories (CatID,ListUnder,CategoryName,Description,Keywords,CatType,Moderator,AccessKeys,WriteKeys,SEODescription,SEOPageTitle,ManageKeys,AccessHide,WriteHide,ExcPortalSecurity,Weight,ShowList,Sharing) VALUES('199279670977750','113151894273336','Link Building','','','','Moderator','|2|,|3|,|1|,|4|','|2|,|3|,|4|','','','|2|','0','0','0','2000','1','1')
INSERT INTO CategoriesModules (UniqueID,CatID,ModuleID) VALUES('276013963710461','199279670977750','19')
INSERT INTO CategoriesPortals (UniqueID,CatID,PortalID) VALUES('123278878137597','199279670977750','0')
INSERT INTO Categories (CatID,ListUnder,CategoryName,Description,Keywords,CatType,Moderator,AccessKeys,WriteKeys,SEODescription,SEOPageTitle,ManageKeys,AccessHide,WriteHide,ExcPortalSecurity,Weight,ShowList,Sharing) VALUES('197259453975435','113151894273336','Link Popularity','','','','Moderator','|2|,|3|,|1|,|4|','|2|,|3|,|4|','','','|2|','0','0','0','2000','1','1')
INSERT INTO CategoriesModules (UniqueID,CatID,ModuleID) VALUES('149460507008747','197259453975435','19')
INSERT INTO CategoriesPortals (UniqueID,CatID,PortalID) VALUES('788770356252748','197259453975435','0')
INSERT INTO Categories (CatID,ListUnder,CategoryName,Description,Keywords,CatType,Moderator,AccessKeys,WriteKeys,SEODescription,SEOPageTitle,ManageKeys,AccessHide,WriteHide,ExcPortalSecurity,Weight,ShowList,Sharing) VALUES('187101283662173','208328939962424','Literature','','','','Moderator','|2|,|3|,|1|,|4|','|2|,|3|,|4|','','','|2|','0','0','0','2000','1','1')
INSERT INTO CategoriesModules (UniqueID,CatID,ModuleID) VALUES('350647620816932','187101283662173','19')
INSERT INTO CategoriesPortals (UniqueID,CatID,PortalID) VALUES('144509607258172','187101283662173','0')
INSERT INTO Categories (CatID,ListUnder,CategoryName,Description,Keywords,CatType,Moderator,AccessKeys,WriteKeys,SEODescription,SEOPageTitle,ManageKeys,AccessHide,WriteHide,ExcPortalSecurity,Weight,ShowList,Sharing) VALUES('884625547517837','828577006965644','Living History','','','','Moderator','|2|,|3|,|1|,|4|','|2|,|3|,|4|','','','|2|','0','0','0','2000','1','1')
INSERT INTO CategoriesModules (UniqueID,CatID,ModuleID) VALUES('112168088918372','884625547517837','19')
INSERT INTO CategoriesPortals (UniqueID,CatID,PortalID) VALUES('447670926250327','884625547517837','0')
INSERT INTO Categories (CatID,ListUnder,CategoryName,Description,Keywords,CatType,Moderator,AccessKeys,WriteKeys,SEODescription,SEOPageTitle,ManageKeys,AccessHide,WriteHide,ExcPortalSecurity,Weight,ShowList,Sharing) VALUES('272363958330368','193306780238815','Loans','','','','Moderator','|2|,|3|,|1|,|4|','|2|,|3|,|4|','','','|2|','0','0','0','2000','1','1')
INSERT INTO CategoriesModules (UniqueID,CatID,ModuleID) VALUES('168624212023709','272363958330368','19')
INSERT INTO CategoriesPortals (UniqueID,CatID,PortalID) VALUES('996943072963672','272363958330368','0')
INSERT INTO Categories (CatID,ListUnder,CategoryName,Description,Keywords,CatType,Moderator,AccessKeys,WriteKeys,SEODescription,SEOPageTitle,ManageKeys,AccessHide,WriteHide,ExcPortalSecurity,Weight,ShowList,Sharing) VALUES('162635231673267','107462925193527','Love & Romance','','','','Moderator','|2|,|3|,|1|,|4|','|2|,|3|,|4|','','','|2|','0','0','0','2000','1','1')
INSERT INTO CategoriesModules (UniqueID,CatID,ModuleID) VALUES('160677954999922','162635231673267','19')
INSERT INTO CategoriesPortals (UniqueID,CatID,PortalID) VALUES('969338458712701','162635231673267','0')
INSERT INTO Categories (CatID,ListUnder,CategoryName,Description,Keywords,CatType,Moderator,AccessKeys,WriteKeys,SEODescription,SEOPageTitle,ManageKeys,AccessHide,WriteHide,ExcPortalSecurity,Weight,ShowList,Sharing) VALUES('181116035444354','291790306797482','Lowriders','','','','Moderator','|2|,|3|,|1|,|4|','|2|,|3|,|4|','','','|2|','0','0','0','2000','1','1')
INSERT INTO CategoriesModules (UniqueID,CatID,ModuleID) VALUES('698656889573781','181116035444354','19')
INSERT INTO CategoriesPortals (UniqueID,CatID,PortalID) VALUES('937821327710708','181116035444354','0')
INSERT INTO Categories (CatID,ListUnder,CategoryName,Description,Keywords,CatType,Moderator,AccessKeys,WriteKeys,SEODescription,SEOPageTitle,ManageKeys,AccessHide,WriteHide,ExcPortalSecurity,Weight,ShowList,Sharing) VALUES('951104431337083','137301753284712','Lumberjack','','','','Moderator','|2|,|3|,|1|,|4|','|2|,|3|,|4|','','','|2|','0','0','0','2000','1','1')
INSERT INTO CategoriesModules (UniqueID,CatID,ModuleID) VALUES('209500838735569','951104431337083','19')
INSERT INTO CategoriesPortals (UniqueID,CatID,PortalID) VALUES('920960362476177','951104431337083','0')
INSERT INTO Categories (CatID,ListUnder,CategoryName,Description,Keywords,CatType,Moderator,AccessKeys,WriteKeys,SEODescription,SEOPageTitle,ManageKeys,AccessHide,WriteHide,ExcPortalSecurity,Weight,ShowList,Sharing) VALUES('195676820073105','855188733556946','Magazines & E-zines','','','','Moderator','|2|,|3|,|1|,|4|','|2|,|3|,|4|','','','|2|','0','0','0','2000','1','1')
INSERT INTO CategoriesModules (UniqueID,CatID,ModuleID) VALUES('610159342602433','195676820073105','19')
INSERT INTO CategoriesPortals (UniqueID,CatID,PortalID) VALUES('614504751950970','195676820073105','0')
INSERT INTO Categories (CatID,ListUnder,CategoryName,Description,Keywords,CatType,Moderator,AccessKeys,WriteKeys,SEODescription,SEOPageTitle,ManageKeys,AccessHide,WriteHide,ExcPortalSecurity,Weight,ShowList,Sharing) VALUES('141877596371764','172065587414582','Magazines & E-zines','','','','Moderator','|2|,|3|,|1|,|4|','|2|,|3|,|4|','','','|2|','0','0','0','2000','1','1')
INSERT INTO CategoriesModules (UniqueID,CatID,ModuleID) VALUES('743645962667512','141877596371764','19')
INSERT INTO CategoriesPortals (UniqueID,CatID,PortalID) VALUES('824368682913388','141877596371764','0')
INSERT INTO Categories (CatID,ListUnder,CategoryName,Description,Keywords,CatType,Moderator,AccessKeys,WriteKeys,SEODescription,SEOPageTitle,ManageKeys,AccessHide,WriteHide,ExcPortalSecurity,Weight,ShowList,Sharing) VALUES('127475349820318','291790306797482','Magazines & E-zines','','','','Moderator','|2|,|3|,|1|,|4|','|2|,|3|,|4|','','','|2|','0','0','0','2000','1','1')
INSERT INTO CategoriesModules (UniqueID,CatID,ModuleID) VALUES('199036280721312','127475349820318','19')
INSERT INTO CategoriesPortals (UniqueID,CatID,PortalID) VALUES('147791101514989','127475349820318','0')
INSERT INTO Categories (CatID,ListUnder,CategoryName,Description,Keywords,CatType,Moderator,AccessKeys,WriteKeys,SEODescription,SEOPageTitle,ManageKeys,AccessHide,WriteHide,ExcPortalSecurity,Weight,ShowList,Sharing) VALUES('489330600422625','108351767413623','Magazines and E-zines','','','','Moderator','|2|,|3|,|1|,|4|','|2|,|3|,|4|','','','|2|','0','0','0','2000','1','1')
INSERT INTO CategoriesModules (UniqueID,CatID,ModuleID) VALUES('130666358446271','489330600422625','19')
INSERT INTO CategoriesPortals (UniqueID,CatID,PortalID) VALUES('837135215470817','489330600422625','0')
INSERT INTO Categories (CatID,ListUnder,CategoryName,Description,Keywords,CatType,Moderator,AccessKeys,WriteKeys,SEODescription,SEOPageTitle,ManageKeys,AccessHide,WriteHide,ExcPortalSecurity,Weight,ShowList,Sharing) VALUES('459859538335384','208328939962424','Magazines and E-zines','','','','Moderator','|2|,|3|,|1|,|4|','|2|,|3|,|4|','','','|2|','0','0','0','2000','1','1')
INSERT INTO CategoriesModules (UniqueID,CatID,ModuleID) VALUES('118663389057287','459859538335384','19')
INSERT INTO CategoriesPortals (UniqueID,CatID,PortalID) VALUES('819727877779680','459859538335384','0')
INSERT INTO Categories (CatID,ListUnder,CategoryName,Description,Keywords,CatType,Moderator,AccessKeys,WriteKeys,SEODescription,SEOPageTitle,ManageKeys,AccessHide,WriteHide,ExcPortalSecurity,Weight,ShowList,Sharing) VALUES('115192572366064','206453636137885','Mailing Lists','','','','Moderator','|2|,|3|,|1|,|4|','|2|,|3|,|4|','','','|2|','0','0','0','2000','1','1')
INSERT INTO CategoriesModules (UniqueID,CatID,ModuleID) VALUES('540255317464452','115192572366064','19')
INSERT INTO CategoriesPortals (UniqueID,CatID,PortalID) VALUES('658011102137725','115192572366064','0')
INSERT INTO Categories (CatID,ListUnder,CategoryName,Description,Keywords,CatType,Moderator,AccessKeys,WriteKeys,SEODescription,SEOPageTitle,ManageKeys,AccessHide,WriteHide,ExcPortalSecurity,Weight,ShowList,Sharing) VALUES('136471782718832','291790306797482','Maintenance & Repair','','','','Moderator','|2|,|3|,|1|,|4|','|2|,|3|,|4|','','','|2|','0','0','0','2000','1','1')
INSERT INTO CategoriesModules (UniqueID,CatID,ModuleID) VALUES('186034399831633','136471782718832','19')
INSERT INTO CategoriesPortals (UniqueID,CatID,PortalID) VALUES('635464304741774','136471782718832','0')
INSERT INTO Categories (CatID,ListUnder,CategoryName,Description,Keywords,CatType,Moderator,AccessKeys,WriteKeys,SEODescription,SEOPageTitle,ManageKeys,AccessHide,WriteHide,ExcPortalSecurity,Weight,ShowList,Sharing) VALUES('214159720914682','291790306797482','Makes & Models','','','','Moderator','|2|,|3|,|1|,|4|','|2|,|3|,|4|','','','|2|','0','0','0','2000','1','1')
INSERT INTO CategoriesModules (UniqueID,CatID,ModuleID) VALUES('167591730631439','214159720914682','19')
INSERT INTO CategoriesPortals (UniqueID,CatID,PortalID) VALUES('862082039510863','214159720914682','0')
INSERT INTO Categories (CatID,ListUnder,CategoryName,Description,Keywords,CatType,Moderator,AccessKeys,WriteKeys,SEODescription,SEOPageTitle,ManageKeys,AccessHide,WriteHide,ExcPortalSecurity,Weight,ShowList,Sharing) VALUES('123502782934343','113209343573435','Malaysia','','','','Moderator','|2|,|3|,|1|,|4|','|2|,|3|,|4|','','','|2|','0','0','0','2000','1','1')
INSERT INTO CategoriesModules (UniqueID,CatID,ModuleID) VALUES('140806964038623','123502782934343','19')
INSERT INTO CategoriesPortals (UniqueID,CatID,PortalID) VALUES('164700565799227','123502782934343','0')
INSERT INTO Categories (CatID,ListUnder,CategoryName,Description,Keywords,CatType,Moderator,AccessKeys,WriteKeys,SEODescription,SEOPageTitle,ManageKeys,AccessHide,WriteHide,ExcPortalSecurity,Weight,ShowList,Sharing) VALUES('210603521800756','196992743979967','Management','','','','Moderator','|2|,|3|,|1|,|4|','|2|,|3|,|4|','','','|2|','0','0','0','2000','1','1')
INSERT INTO CategoriesModules (UniqueID,CatID,ModuleID) VALUES('123684016893772','210603521800756','19')
INSERT INTO CategoriesPortals (UniqueID,CatID,PortalID) VALUES('532304255073899','210603521800756','0')
INSERT INTO Categories (CatID,ListUnder,CategoryName,Description,Keywords,CatType,Moderator,AccessKeys,WriteKeys,SEODescription,SEOPageTitle,ManageKeys,AccessHide,WriteHide,ExcPortalSecurity,Weight,ShowList,Sharing) VALUES('119057186451138','199386689783970','Maps','','','','Moderator','|2|,|3|,|1|,|4|','|2|,|3|,|4|','','','|2|','0','0','0','2000','1','1')
INSERT INTO CategoriesModules (UniqueID,CatID,ModuleID) VALUES('920417225426364','119057186451138','19')
INSERT INTO CategoriesPortals (UniqueID,CatID,PortalID) VALUES('820827465493314','119057186451138','0')
INSERT INTO Categories (CatID,ListUnder,CategoryName,Description,Keywords,CatType,Moderator,AccessKeys,WriteKeys,SEODescription,SEOPageTitle,ManageKeys,AccessHide,WriteHide,ExcPortalSecurity,Weight,ShowList,Sharing) VALUES('157329361704592','196992743979967','Marketing & Advertising','','','','Moderator','|2|,|3|,|1|,|4|','|2|,|3|,|4|','','','|2|','0','0','0','2000','1','1')
INSERT INTO CategoriesModules (UniqueID,CatID,ModuleID) VALUES('937637687127346','157329361704592','19')
INSERT INTO CategoriesPortals (UniqueID,CatID,PortalID) VALUES('166254801145188','157329361704592','0')
INSERT INTO Categories (CatID,ListUnder,CategoryName,Description,Keywords,CatType,Moderator,AccessKeys,WriteKeys,SEODescription,SEOPageTitle,ManageKeys,AccessHide,WriteHide,ExcPortalSecurity,Weight,ShowList,Sharing) VALUES('168737524390623','107462925193527','Marriage','','','','Moderator','|2|,|3|,|1|,|4|','|2|,|3|,|4|','','','|2|','0','0','0','2000','1','1')
INSERT INTO CategoriesModules (UniqueID,CatID,ModuleID) VALUES('441379830497276','168737524390623','19')
INSERT INTO CategoriesPortals (UniqueID,CatID,PortalID) VALUES('188197393055820','168737524390623','0')
INSERT INTO Categories (CatID,ListUnder,CategoryName,Description,Keywords,CatType,Moderator,AccessKeys,WriteKeys,SEODescription,SEOPageTitle,ManageKeys,AccessHide,WriteHide,ExcPortalSecurity,Weight,ShowList,Sharing) VALUES('824125471073696','183613075156714','Marriage','','','','Moderator','|2|,|3|,|1|,|4|','|2|,|3|,|4|','','','|2|','0','0','0','2000','1','1')
INSERT INTO CategoriesModules (UniqueID,CatID,ModuleID) VALUES('869955788494669','824125471073696','19')
INSERT INTO CategoriesPortals (UniqueID,CatID,PortalID) VALUES('110971274056712','824125471073696','0')
INSERT INTO Categories (CatID,ListUnder,CategoryName,Description,Keywords,CatType,Moderator,AccessKeys,WriteKeys,SEODescription,SEOPageTitle,ManageKeys,AccessHide,WriteHide,ExcPortalSecurity,Weight,ShowList,Sharing) VALUES('950352944214974','137301753284712','Martial Arts','','','','Moderator','|2|,|3|,|1|,|4|','|2|,|3|,|4|','','','|2|','0','0','0','2000','1','1')
INSERT INTO CategoriesModules (UniqueID,CatID,ModuleID) VALUES('432820612825587','950352944214974','19')
INSERT INTO CategoriesPortals (UniqueID,CatID,PortalID) VALUES('158418447887100','950352944214974','0')
INSERT INTO Categories (CatID,ListUnder,CategoryName,Description,Keywords,CatType,Moderator,AccessKeys,WriteKeys,SEODescription,SEOPageTitle,ManageKeys,AccessHide,WriteHide,ExcPortalSecurity,Weight,ShowList,Sharing) VALUES('903301610856220','196992743979967','Materials','','','','Moderator','|2|,|3|,|1|,|4|','|2|,|3|,|4|','','','|2|','0','0','0','2000','1','1')
INSERT INTO CategoriesModules (UniqueID,CatID,ModuleID) VALUES('652729545715889','903301610856220','19')
INSERT INTO CategoriesPortals (UniqueID,CatID,PortalID) VALUES('789192339664106','903301610856220','0')
INSERT INTO Categories (CatID,ListUnder,CategoryName,Description,Keywords,CatType,Moderator,AccessKeys,WriteKeys,SEODescription,SEOPageTitle,ManageKeys,AccessHide,WriteHide,ExcPortalSecurity,Weight,ShowList,Sharing) VALUES('483317238617016','187229545352848','Math','','','','Moderator','|2|,|3|,|1|,|4|','|2|,|3|,|4|','','','|2|','0','0','0','2000','1','1')
INSERT INTO CategoriesModules (UniqueID,CatID,ModuleID) VALUES('105512530327657','483317238617016','19')
INSERT INTO CategoriesPortals (UniqueID,CatID,PortalID) VALUES('108246495414571','483317238617016','0')
INSERT INTO Categories (CatID,ListUnder,CategoryName,Description,Keywords,CatType,Moderator,AccessKeys,WriteKeys,SEODescription,SEOPageTitle,ManageKeys,AccessHide,WriteHide,ExcPortalSecurity,Weight,ShowList,Sharing) VALUES('194604140134285','116195634152458','Math','','','','Moderator','|2|,|3|,|1|,|4|','|2|,|3|,|4|','','','|2|','0','0','0','2000','1','1')
INSERT INTO CategoriesModules (UniqueID,CatID,ModuleID) VALUES('140058906317397','194604140134285','19')
INSERT INTO CategoriesPortals (UniqueID,CatID,PortalID) VALUES('971538884685364','194604140134285','0')
INSERT INTO Categories (CatID,ListUnder,CategoryName,Description,Keywords,CatType,Moderator,AccessKeys,WriteKeys,SEODescription,SEOPageTitle,ManageKeys,AccessHide,WriteHide,ExcPortalSecurity,Weight,ShowList,Sharing) VALUES('210133970577962','108351767413623','Media','','','','Moderator','|2|,|3|,|1|,|4|','|2|,|3|,|4|','','','|2|','0','0','0','2000','1','1')
INSERT INTO CategoriesModules (UniqueID,CatID,ModuleID) VALUES('306067201256387','210133970577962','19')
INSERT INTO CategoriesPortals (UniqueID,CatID,PortalID) VALUES('159870711995361','210133970577962','0')
INSERT INTO Categories (CatID,ListUnder,CategoryName,Description,Keywords,CatType,Moderator,AccessKeys,WriteKeys,SEODescription,SEOPageTitle,ManageKeys,AccessHide,WriteHide,ExcPortalSecurity,Weight,ShowList,Sharing) VALUES('218133972252617','208328939962424','Message Boards','','','','Moderator','|2|,|3|,|1|,|4|','|2|,|3|,|4|','','','|2|','0','0','0','2000','1','1')
INSERT INTO CategoriesModules (UniqueID,CatID,ModuleID) VALUES('801181884219282','218133972252617','19')
INSERT INTO CategoriesPortals (UniqueID,CatID,PortalID) VALUES('158798802315426','218133972252617','0')
INSERT INTO Categories (CatID,ListUnder,CategoryName,Description,Keywords,CatType,Moderator,AccessKeys,WriteKeys,SEODescription,SEOPageTitle,ManageKeys,AccessHide,WriteHide,ExcPortalSecurity,Weight,ShowList,Sharing) VALUES('855647608057665','187229545352848','Meteorology','','','','Moderator','|2|,|3|,|1|,|4|','|2|,|3|,|4|','','','|2|','0','0','0','2000','1','1')
INSERT INTO CategoriesModules (UniqueID,CatID,ModuleID) VALUES('177575333941902','855647608057665','19')
INSERT INTO CategoriesPortals (UniqueID,CatID,PortalID) VALUES('908893391647847','855647608057665','0')
INSERT INTO Categories (CatID,ListUnder,CategoryName,Description,Keywords,CatType,Moderator,AccessKeys,WriteKeys,SEODescription,SEOPageTitle,ManageKeys,AccessHide,WriteHide,ExcPortalSecurity,Weight,ShowList,Sharing) VALUES('157454787584763','116195634152458','Meteorology','','','','Moderator','|2|,|3|,|1|,|4|','|2|,|3|,|4|','','','|2|','0','0','0','2000','1','1')
INSERT INTO CategoriesModules (UniqueID,CatID,ModuleID) VALUES('134525653044912','157454787584763','19')
INSERT INTO CategoriesPortals (UniqueID,CatID,PortalID) VALUES('143383758252363','157454787584763','0')
INSERT INTO Categories (CatID,ListUnder,CategoryName,Description,Keywords,CatType,Moderator,AccessKeys,WriteKeys,SEODescription,SEOPageTitle,ManageKeys,AccessHide,WriteHide,ExcPortalSecurity,Weight,ShowList,Sharing) VALUES('150703248653284','187229545352848','Methods and Techniques','','','','Moderator','|2|,|3|,|1|,|4|','|2|,|3|,|4|','','','|2|','0','0','0','2000','1','1')
INSERT INTO CategoriesModules (UniqueID,CatID,ModuleID) VALUES('407705635642284','150703248653284','19')
INSERT INTO CategoriesPortals (UniqueID,CatID,PortalID) VALUES('661353737284229','150703248653284','0')
INSERT INTO Categories (CatID,ListUnder,CategoryName,Description,Keywords,CatType,Moderator,AccessKeys,WriteKeys,SEODescription,SEOPageTitle,ManageKeys,AccessHide,WriteHide,ExcPortalSecurity,Weight,ShowList,Sharing) VALUES('670627487568252','116195634152458','Methods and Techniques','','','','Moderator','|2|,|3|,|1|,|4|','|2|,|3|,|4|','','','|2|','0','0','0','2000','1','1')
INSERT INTO CategoriesModules (UniqueID,CatID,ModuleID) VALUES('131960303111649','670627487568252','19')
INSERT INTO CategoriesPortals (UniqueID,CatID,PortalID) VALUES('462522780077578','670627487568252','0')
INSERT INTO Categories (CatID,ListUnder,CategoryName,Description,Keywords,CatType,Moderator,AccessKeys,WriteKeys,SEODescription,SEOPageTitle,ManageKeys,AccessHide,WriteHide,ExcPortalSecurity,Weight,ShowList,Sharing) VALUES('874692833757937','113209343573435','Mexico','','','','Moderator','|2|,|3|,|1|,|4|','|2|,|3|,|4|','','','|2|','0','0','0','2000','1','1')
INSERT INTO CategoriesModules (UniqueID,CatID,ModuleID) VALUES('200976357586436','874692833757937','19')
INSERT INTO CategoriesPortals (UniqueID,CatID,PortalID) VALUES('115095622734145','874692833757937','0')
INSERT INTO Categories (CatID,ListUnder,CategoryName,Description,Keywords,CatType,Moderator,AccessKeys,WriteKeys,SEODescription,SEOPageTitle,ManageKeys,AccessHide,WriteHide,ExcPortalSecurity,Weight,ShowList,Sharing) VALUES('176423518385936','291790306797482','Microcar & Minicar','','','','Moderator','|2|,|3|,|1|,|4|','|2|,|3|,|4|','','','|2|','0','0','0','2000','1','1')
INSERT INTO CategoriesModules (UniqueID,CatID,ModuleID) VALUES('568411591421156','176423518385936','19')
INSERT INTO CategoriesPortals (UniqueID,CatID,PortalID) VALUES('336776510183288','176423518385936','0')
INSERT INTO Categories (CatID,ListUnder,CategoryName,Description,Keywords,CatType,Moderator,AccessKeys,WriteKeys,SEODescription,SEOPageTitle,ManageKeys,AccessHide,WriteHide,ExcPortalSecurity,Weight,ShowList,Sharing) VALUES('199233969821647','161512229762770','Military','','','','Moderator','|2|,|3|,|1|,|4|','|2|,|3|,|4|','','','|2|','0','0','0','2000','1','1')
INSERT INTO CategoriesModules (UniqueID,CatID,ModuleID) VALUES('330455705525873','199233969821647','19')
INSERT INTO CategoriesPortals (UniqueID,CatID,PortalID) VALUES('200084723089495','199233969821647','0')
INSERT INTO Categories (CatID,ListUnder,CategoryName,Description,Keywords,CatType,Moderator,AccessKeys,WriteKeys,SEODescription,SEOPageTitle,ManageKeys,AccessHide,WriteHide,ExcPortalSecurity,Weight,ShowList,Sharing) VALUES('201912626748195','673927313944867','Military','','','','Moderator','|2|,|3|,|1|,|4|','|2|,|3|,|4|','','','|2|','0','0','0','2000','1','1')
INSERT INTO CategoriesModules (UniqueID,CatID,ModuleID) VALUES('188038295794835','201912626748195','19')
INSERT INTO CategoriesPortals (UniqueID,CatID,PortalID) VALUES('148419630578647','201912626748195','0')
INSERT INTO Categories (CatID,ListUnder,CategoryName,Description,Keywords,CatType,Moderator,AccessKeys,WriteKeys,SEODescription,SEOPageTitle,ManageKeys,AccessHide,WriteHide,ExcPortalSecurity,Weight,ShowList,Sharing) VALUES('463213369445670','316246332495564','Military School','','','','Moderator','|2|,|3|,|1|,|4|','|2|,|3|,|4|','','','|2|','0','0','0','2000','1','1')
INSERT INTO CategoriesModules (UniqueID,CatID,ModuleID) VALUES('261970992586485','463213369445670','19')
INSERT INTO CategoriesPortals (UniqueID,CatID,PortalID) VALUES('187766559115985','463213369445670','0')
INSERT INTO Categories (CatID,ListUnder,CategoryName,Description,Keywords,CatType,Moderator,AccessKeys,WriteKeys,SEODescription,SEOPageTitle,ManageKeys,AccessHide,WriteHide,ExcPortalSecurity,Weight,ShowList,Sharing) VALUES('113420254541114','291790306797482','Military Vehicles','','','','Moderator','|2|,|3|,|1|,|4|','|2|,|3|,|4|','','','|2|','0','0','0','2000','1','1')
INSERT INTO CategoriesModules (UniqueID,CatID,ModuleID) VALUES('185371370525817','113420254541114','19')
INSERT INTO CategoriesPortals (UniqueID,CatID,PortalID) VALUES('517947488948848','113420254541114','0')
INSERT INTO Categories (CatID,ListUnder,CategoryName,Description,Keywords,CatType,Moderator,AccessKeys,WriteKeys,SEODescription,SEOPageTitle,ManageKeys,AccessHide,WriteHide,ExcPortalSecurity,Weight,ShowList,Sharing) VALUES('187507225431445','199386689783970','Miniatures','','','','Moderator','|2|,|3|,|1|,|4|','|2|,|3|,|4|','','','|2|','0','0','0','2000','1','1')
INSERT INTO CategoriesModules (UniqueID,CatID,ModuleID) VALUES('202754234752821','187507225431445','19')
INSERT INTO CategoriesPortals (UniqueID,CatID,PortalID) VALUES('129105851163041','187507225431445','0')
INSERT INTO Categories (CatID,ListUnder,CategoryName,Description,Keywords,CatType,Moderator,AccessKeys,WriteKeys,SEODescription,SEOPageTitle,ManageKeys,AccessHide,WriteHide,ExcPortalSecurity,Weight,ShowList,Sharing) VALUES('167646377647733','196992743979967','Mining and Drilling','','','','Moderator','|2|,|3|,|1|,|4|','|2|,|3|,|4|','','','|2|','0','0','0','2000','1','1')
INSERT INTO CategoriesModules (UniqueID,CatID,ModuleID) VALUES('260445641356214','167646377647733','19')
INSERT INTO CategoriesPortals (UniqueID,CatID,PortalID) VALUES('698664985113986','167646377647733','0')
INSERT INTO Categories (CatID,ListUnder,CategoryName,Description,Keywords,CatType,Moderator,AccessKeys,WriteKeys,SEODescription,SEOPageTitle,ManageKeys,AccessHide,WriteHide,ExcPortalSecurity,Weight,ShowList,Sharing) VALUES('303703063238172','199386689783970','Mobile & Palmtop','','','','Moderator','|2|,|3|,|1|,|4|','|2|,|3|,|4|','','','|2|','0','0','0','2000','1','1')
INSERT INTO CategoriesModules (UniqueID,CatID,ModuleID) VALUES('652166747253454','303703063238172','19')
INSERT INTO CategoriesPortals (UniqueID,CatID,PortalID) VALUES('994413392961947','303703063238172','0')
INSERT INTO Categories (CatID,ListUnder,CategoryName,Description,Keywords,CatType,Moderator,AccessKeys,WriteKeys,SEODescription,SEOPageTitle,ManageKeys,AccessHide,WriteHide,ExcPortalSecurity,Weight,ShowList,Sharing) VALUES('282479183057153','206453636137885','Mobile Computing','','','','Moderator','|2|,|3|,|1|,|4|','|2|,|3|,|4|','','','|2|','0','0','0','2000','1','1')
INSERT INTO CategoriesModules (UniqueID,CatID,ModuleID) VALUES('764509031737211','282479183057153','19')
INSERT INTO CategoriesPortals (UniqueID,CatID,PortalID) VALUES('199056026892344','282479183057153','0')
INSERT INTO Categories (CatID,ListUnder,CategoryName,Description,Keywords,CatType,Moderator,AccessKeys,WriteKeys,SEODescription,SEOPageTitle,ManageKeys,AccessHide,WriteHide,ExcPortalSecurity,Weight,ShowList,Sharing) VALUES('464382616846537','828577006965644','Models','','','','Moderator','|2|,|3|,|1|,|4|','|2|,|3|,|4|','','','|2|','0','0','0','2000','1','1')
INSERT INTO CategoriesModules (UniqueID,CatID,ModuleID) VALUES('947662743496352','464382616846537','19')
INSERT INTO CategoriesPortals (UniqueID,CatID,PortalID) VALUES('912937173086266','464382616846537','0')
INSERT INTO Categories (CatID,ListUnder,CategoryName,Description,Keywords,CatType,Moderator,AccessKeys,WriteKeys,SEODescription,SEOPageTitle,ManageKeys,AccessHide,WriteHide,ExcPortalSecurity,Weight,ShowList,Sharing) VALUES('170446232458838','113209343573435','Monaco','','','','Moderator','|2|,|3|,|1|,|4|','|2|,|3|,|4|','','','|2|','0','0','0','2000','1','1')
INSERT INTO CategoriesModules (UniqueID,CatID,ModuleID) VALUES('107236496320966','170446232458838','19')
INSERT INTO CategoriesPortals (UniqueID,CatID,PortalID) VALUES('802821089936252','170446232458838','0')
INSERT INTO Categories (CatID,ListUnder,CategoryName,Description,Keywords,CatType,Moderator,AccessKeys,WriteKeys,SEODescription,SEOPageTitle,ManageKeys,AccessHide,WriteHide,ExcPortalSecurity,Weight,ShowList,Sharing) VALUES('193306780238815','0','Money & Finance','','','','Moderator','|2|,|3|,|1|,|4|','|2|,|3|,|4|','','','|2|','0','0','0','2000','1','1')
INSERT INTO CategoriesModules (UniqueID,CatID,ModuleID) VALUES('101498761841371','193306780238815','19')
INSERT INTO CategoriesPortals (UniqueID,CatID,PortalID) VALUES('100973778824095','193306780238815','0')
INSERT INTO Categories (CatID,ListUnder,CategoryName,Description,Keywords,CatType,Moderator,AccessKeys,WriteKeys,SEODescription,SEOPageTitle,ManageKeys,AccessHide,WriteHide,ExcPortalSecurity,Weight,ShowList,Sharing) VALUES('291276596552143','291790306797482','Motor Insurance','','','','Moderator','|2|,|3|,|1|,|4|','|2|,|3|,|4|','','','|2|','0','0','0','2000','1','1')
INSERT INTO CategoriesModules (UniqueID,CatID,ModuleID) VALUES('118188339744341','291276596552143','19')
INSERT INTO CategoriesPortals (UniqueID,CatID,PortalID) VALUES('198614377498575','291276596552143','0')
INSERT INTO Categories (CatID,ListUnder,CategoryName,Description,Keywords,CatType,Moderator,AccessKeys,WriteKeys,SEODescription,SEOPageTitle,ManageKeys,AccessHide,WriteHide,ExcPortalSecurity,Weight,ShowList,Sharing) VALUES('106610879599144','828577006965644','Motorcycles','','','','Moderator','|2|,|3|,|1|,|4|','|2|,|3|,|4|','','','|2|','0','0','0','2000','1','1')
INSERT INTO CategoriesModules (UniqueID,CatID,ModuleID) VALUES('401867875590683','106610879599144','19')
INSERT INTO CategoriesPortals (UniqueID,CatID,PortalID) VALUES('209352518356653','106610879599144','0')
INSERT INTO Categories (CatID,ListUnder,CategoryName,Description,Keywords,CatType,Moderator,AccessKeys,WriteKeys,SEODescription,SEOPageTitle,ManageKeys,AccessHide,WriteHide,ExcPortalSecurity,Weight,ShowList,Sharing) VALUES('534651197157984','291790306797482','Motorcycles & ATVs','','','','Moderator','|2|,|3|,|1|,|4|','|2|,|3|,|4|','','','|2|','0','0','0','2000','1','1')
INSERT INTO CategoriesModules (UniqueID,CatID,ModuleID) VALUES('737300721596416','534651197157984','19')
INSERT INTO CategoriesPortals (UniqueID,CatID,PortalID) VALUES('795817330662115','534651197157984','0')
INSERT INTO Categories (CatID,ListUnder,CategoryName,Description,Keywords,CatType,Moderator,AccessKeys,WriteKeys,SEODescription,SEOPageTitle,ManageKeys,AccessHide,WriteHide,ExcPortalSecurity,Weight,ShowList,Sharing) VALUES('649046574669618','137301753284712','Motorsports','','','','Moderator','|2|,|3|,|1|,|4|','|2|,|3|,|4|','','','|2|','0','0','0','2000','1','1')
INSERT INTO CategoriesModules (UniqueID,CatID,ModuleID) VALUES('139984532092489','649046574669618','19')
INSERT INTO CategoriesPortals (UniqueID,CatID,PortalID) VALUES('764375756081506','649046574669618','0')
INSERT INTO Categories (CatID,ListUnder,CategoryName,Description,Keywords,CatType,Moderator,AccessKeys,WriteKeys,SEODescription,SEOPageTitle,ManageKeys,AccessHide,WriteHide,ExcPortalSecurity,Weight,ShowList,Sharing) VALUES('438735329746918','208328939962424','Movies','','','','Moderator','|2|,|3|,|1|,|4|','|2|,|3|,|4|','','','|2|','0','0','0','2000','1','1')
INSERT INTO CategoriesModules (UniqueID,CatID,ModuleID) VALUES('210635091869137','438735329746918','19')
INSERT INTO CategoriesPortals (UniqueID,CatID,PortalID) VALUES('115083910230142','438735329746918','0')
INSERT INTO Categories (CatID,ListUnder,CategoryName,Description,Keywords,CatType,Moderator,AccessKeys,WriteKeys,SEODescription,SEOPageTitle,ManageKeys,AccessHide,WriteHide,ExcPortalSecurity,Weight,ShowList,Sharing) VALUES('174327392324468','316246332495564','Movies','','','','Moderator','|2|,|3|,|1|,|4|','|2|,|3|,|4|','','','|2|','0','0','0','2000','1','1')
INSERT INTO CategoriesModules (UniqueID,CatID,ModuleID) VALUES('154014886527018','174327392324468','19')
INSERT INTO CategoriesPortals (UniqueID,CatID,PortalID) VALUES('703918483658412','174327392324468','0')
INSERT INTO Categories (CatID,ListUnder,CategoryName,Description,Keywords,CatType,Moderator,AccessKeys,WriteKeys,SEODescription,SEOPageTitle,ManageKeys,AccessHide,WriteHide,ExcPortalSecurity,Weight,ShowList,Sharing) VALUES('535685342371611','855188733556946','Moving & Relocating','','','','Moderator','|2|,|3|,|1|,|4|','|2|,|3|,|4|','','','|2|','0','0','0','2000','1','1')
INSERT INTO CategoriesModules (UniqueID,CatID,ModuleID) VALUES('163065850906753','535685342371611','19')
INSERT INTO CategoriesPortals (UniqueID,CatID,PortalID) VALUES('155470408741441','535685342371611','0')
INSERT INTO Categories (CatID,ListUnder,CategoryName,Description,Keywords,CatType,Moderator,AccessKeys,WriteKeys,SEODescription,SEOPageTitle,ManageKeys,AccessHide,WriteHide,ExcPortalSecurity,Weight,ShowList,Sharing) VALUES('123065639551564','183613075156714','Moving and Relocating','','','','Moderator','|2|,|3|,|1|,|4|','|2|,|3|,|4|','','','|2|','0','0','0','2000','1','1')
INSERT INTO CategoriesModules (UniqueID,CatID,ModuleID) VALUES('352062758418644','123065639551564','19')
INSERT INTO CategoriesPortals (UniqueID,CatID,PortalID) VALUES('598463214387735','123065639551564','0')
INSERT INTO Categories (CatID,ListUnder,CategoryName,Description,Keywords,CatType,Moderator,AccessKeys,WriteKeys,SEODescription,SEOPageTitle,ManageKeys,AccessHide,WriteHide,ExcPortalSecurity,Weight,ShowList,Sharing) VALUES('821155807118578','206453636137885','Multimedia','','','','Moderator','|2|,|3|,|1|,|4|','|2|,|3|,|4|','','','|2|','0','0','0','2000','1','1')
INSERT INTO CategoriesModules (UniqueID,CatID,ModuleID) VALUES('310509710873017','821155807118578','19')
INSERT INTO CategoriesPortals (UniqueID,CatID,PortalID) VALUES('906865837839427','821155807118578','0')
INSERT INTO Categories (CatID,ListUnder,CategoryName,Description,Keywords,CatType,Moderator,AccessKeys,WriteKeys,SEODescription,SEOPageTitle,ManageKeys,AccessHide,WriteHide,ExcPortalSecurity,Weight,ShowList,Sharing) VALUES('111425892487897','137301753284712','Multi-Sports','','','','Moderator','|2|,|3|,|1|,|4|','|2|,|3|,|4|','','','|2|','0','0','0','2000','1','1')
INSERT INTO CategoriesModules (UniqueID,CatID,ModuleID) VALUES('118153950155155','111425892487897','19')
INSERT INTO CategoriesPortals (UniqueID,CatID,PortalID) VALUES('359072179561887','111425892487897','0')
INSERT INTO Categories (CatID,ListUnder,CategoryName,Description,Keywords,CatType,Moderator,AccessKeys,WriteKeys,SEODescription,SEOPageTitle,ManageKeys,AccessHide,WriteHide,ExcPortalSecurity,Weight,ShowList,Sharing) VALUES('432746016213725','291790306797482','Muscle Cars','','','','Moderator','|2|,|3|,|1|,|4|','|2|,|3|,|4|','','','|2|','0','0','0','2000','1','1')
INSERT INTO CategoriesModules (UniqueID,CatID,ModuleID) VALUES('124434931022661','432746016213725','19')
INSERT INTO CategoriesPortals (UniqueID,CatID,PortalID) VALUES('123773626823691','432746016213725','0')
INSERT INTO Categories (CatID,ListUnder,CategoryName,Description,Keywords,CatType,Moderator,AccessKeys,WriteKeys,SEODescription,SEOPageTitle,ManageKeys,AccessHide,WriteHide,ExcPortalSecurity,Weight,ShowList,Sharing) VALUES('249027917615724','108351767413623','Museums and Archives','','','','Moderator','|2|,|3|,|1|,|4|','|2|,|3|,|4|','','','|2|','0','0','0','2000','1','1')
INSERT INTO CategoriesModules (UniqueID,CatID,ModuleID) VALUES('315445926678114','249027917615724','19')
INSERT INTO CategoriesPortals (UniqueID,CatID,PortalID) VALUES('185107693503532','249027917615724','0')
INSERT INTO Categories (CatID,ListUnder,CategoryName,Description,Keywords,CatType,Moderator,AccessKeys,WriteKeys,SEODescription,SEOPageTitle,ManageKeys,AccessHide,WriteHide,ExcPortalSecurity,Weight,ShowList,Sharing) VALUES('471418011204943','418012308427443','Music','','','','Moderator','|2|,|3|,|1|,|4|','|2|,|3|,|4|','','','|2|','0','0','0','2000','1','1')
INSERT INTO CategoriesModules (UniqueID,CatID,ModuleID) VALUES('180306609995676','471418011204943','19')
INSERT INTO CategoriesPortals (UniqueID,CatID,PortalID) VALUES('919393790598253','471418011204943','0')
INSERT INTO Categories (CatID,ListUnder,CategoryName,Description,Keywords,CatType,Moderator,AccessKeys,WriteKeys,SEODescription,SEOPageTitle,ManageKeys,AccessHide,WriteHide,ExcPortalSecurity,Weight,ShowList,Sharing) VALUES('964139066643988','185002260738668','Music','','','','Moderator','|2|,|3|,|1|,|4|','|2|,|3|,|4|','','','|2|','0','0','0','2000','1','1')
INSERT INTO CategoriesModules (UniqueID,CatID,ModuleID) VALUES('109785272061542','964139066643988','19')
INSERT INTO CategoriesPortals (UniqueID,CatID,PortalID) VALUES('100477311574546','964139066643988','0')
INSERT INTO Categories (CatID,ListUnder,CategoryName,Description,Keywords,CatType,Moderator,AccessKeys,WriteKeys,SEODescription,SEOPageTitle,ManageKeys,AccessHide,WriteHide,ExcPortalSecurity,Weight,ShowList,Sharing) VALUES('170485226639182','208328939962424','Music','','','','Moderator','|2|,|3|,|1|,|4|','|2|,|3|,|4|','','','|2|','0','0','0','2000','1','1')
INSERT INTO CategoriesModules (UniqueID,CatID,ModuleID) VALUES('173122012067166','170485226639182','19')
INSERT INTO CategoriesPortals (UniqueID,CatID,PortalID) VALUES('739906662288964','170485226639182','0')
INSERT INTO Categories (CatID,ListUnder,CategoryName,Description,Keywords,CatType,Moderator,AccessKeys,WriteKeys,SEODescription,SEOPageTitle,ManageKeys,AccessHide,WriteHide,ExcPortalSecurity,Weight,ShowList,Sharing) VALUES('491175688667625','673927313944867','Mythology & Folklore','','','','Moderator','|2|,|3|,|1|,|4|','|2|,|3|,|4|','','','|2|','0','0','0','2000','1','1')
INSERT INTO CategoriesModules (UniqueID,CatID,ModuleID) VALUES('796998395687316','491175688667625','19')
INSERT INTO CategoriesPortals (UniqueID,CatID,PortalID) VALUES('353851286083843','491175688667625','0')
INSERT INTO Categories (CatID,ListUnder,CategoryName,Description,Keywords,CatType,Moderator,AccessKeys,WriteKeys,SEODescription,SEOPageTitle,ManageKeys,AccessHide,WriteHide,ExcPortalSecurity,Weight,ShowList,Sharing) VALUES('156350355447216','161512229762770','National Symbols and Songs','','','','Moderator','|2|,|3|,|1|,|4|','|2|,|3|,|4|','','','|2|','0','0','0','2000','1','1')
INSERT INTO CategoriesModules (UniqueID,CatID,ModuleID) VALUES('507976012395529','156350355447216','19')
INSERT INTO CategoriesPortals (UniqueID,CatID,PortalID) VALUES('730281528066642','156350355447216','0')
INSERT INTO Categories (CatID,ListUnder,CategoryName,Description,Keywords,CatType,Moderator,AccessKeys,WriteKeys,SEODescription,SEOPageTitle,ManageKeys,AccessHide,WriteHide,ExcPortalSecurity,Weight,ShowList,Sharing) VALUES('112360115028493','137301753284712','Netball','','','','Moderator','|2|,|3|,|1|,|4|','|2|,|3|,|4|','','','|2|','0','0','0','2000','1','1')
INSERT INTO CategoriesModules (UniqueID,CatID,ModuleID) VALUES('134024759285187','112360115028493','19')
INSERT INTO CategoriesPortals (UniqueID,CatID,PortalID) VALUES('124328502125387','112360115028493','0')
INSERT INTO Categories (CatID,ListUnder,CategoryName,Description,Keywords,CatType,Moderator,AccessKeys,WriteKeys,SEODescription,SEOPageTitle,ManageKeys,AccessHide,WriteHide,ExcPortalSecurity,Weight,ShowList,Sharing) VALUES('525209638102218','113209343573435','Netherlands','','','','Moderator','|2|,|3|,|1|,|4|','|2|,|3|,|4|','','','|2|','0','0','0','2000','1','1')
INSERT INTO CategoriesModules (UniqueID,CatID,ModuleID) VALUES('206578442265147','525209638102218','19')
INSERT INTO CategoriesPortals (UniqueID,CatID,PortalID) VALUES('343305171858191','525209638102218','0')
INSERT INTO Categories (CatID,ListUnder,CategoryName,Description,Keywords,CatType,Moderator,AccessKeys,WriteKeys,SEODescription,SEOPageTitle,ManageKeys,AccessHide,WriteHide,ExcPortalSecurity,Weight,ShowList,Sharing) VALUES('674959133656356','113209343573435','New Zealand','','','','Moderator','|2|,|3|,|1|,|4|','|2|,|3|,|4|','','','|2|','0','0','0','2000','1','1')
INSERT INTO CategoriesModules (UniqueID,CatID,ModuleID) VALUES('778091165136577','674959133656356','19')
INSERT INTO CategoriesPortals (UniqueID,CatID,PortalID) VALUES('153753420803229','674959133656356','0')
INSERT INTO Categories (CatID,ListUnder,CategoryName,Description,Keywords,CatType,Moderator,AccessKeys,WriteKeys,SEODescription,SEOPageTitle,ManageKeys,AccessHide,WriteHide,ExcPortalSecurity,Weight,ShowList,Sharing) VALUES('108351767413623','0','News & Media','','','','Moderator','|2|,|3|,|1|,|4|','|2|,|3|,|4|','','','|2|','0','0','0','2000','1','1')
INSERT INTO CategoriesModules (UniqueID,CatID,ModuleID) VALUES('100123026470116','108351767413623','19')
INSERT INTO CategoriesPortals (UniqueID,CatID,PortalID) VALUES('117503290157253','108351767413623','0')
INSERT INTO Categories (CatID,ListUnder,CategoryName,Description,Keywords,CatType,Moderator,AccessKeys,WriteKeys,SEODescription,SEOPageTitle,ManageKeys,AccessHide,WriteHide,ExcPortalSecurity,Weight,ShowList,Sharing) VALUES('115608482585828','116195634152458','News and Media','','','','Moderator','|2|,|3|,|1|,|4|','|2|,|3|,|4|','','','|2|','0','0','0','2000','1','1')
INSERT INTO CategoriesModules (UniqueID,CatID,ModuleID) VALUES('426300528273380','115608482585828','19')
INSERT INTO CategoriesPortals (UniqueID,CatID,PortalID) VALUES('697257180333177','115608482585828','0')
INSERT INTO Categories (CatID,ListUnder,CategoryName,Description,Keywords,CatType,Moderator,AccessKeys,WriteKeys,SEODescription,SEOPageTitle,ManageKeys,AccessHide,WriteHide,ExcPortalSecurity,Weight,ShowList,Sharing) VALUES('546282148262335','208328939962424','News and Media','','','','Moderator','|2|,|3|,|1|,|4|','|2|,|3|,|4|','','','|2|','0','0','0','2000','1','1')
INSERT INTO CategoriesModules (UniqueID,CatID,ModuleID) VALUES('126638813797939','546282148262335','19')
INSERT INTO CategoriesPortals (UniqueID,CatID,PortalID) VALUES('152421689136085','546282148262335','0')
INSERT INTO Categories (CatID,ListUnder,CategoryName,Description,Keywords,CatType,Moderator,AccessKeys,WriteKeys,SEODescription,SEOPageTitle,ManageKeys,AccessHide,WriteHide,ExcPortalSecurity,Weight,ShowList,Sharing) VALUES('551499220462612','206453636137885','News and Media','','','','Moderator','|2|,|3|,|1|,|4|','|2|,|3|,|4|','','','|2|','0','0','0','2000','1','1')
INSERT INTO CategoriesModules (UniqueID,CatID,ModuleID) VALUES('183845377464946','551499220462612','19')
INSERT INTO CategoriesPortals (UniqueID,CatID,PortalID) VALUES('132922561980020','551499220462612','0')
INSERT INTO Categories (CatID,ListUnder,CategoryName,Description,Keywords,CatType,Moderator,AccessKeys,WriteKeys,SEODescription,SEOPageTitle,ManageKeys,AccessHide,WriteHide,ExcPortalSecurity,Weight,ShowList,Sharing) VALUES('602974360251478','187229545352848','News and Media','','','','Moderator','|2|,|3|,|1|,|4|','|2|,|3|,|4|','','','|2|','0','0','0','2000','1','1')
INSERT INTO CategoriesModules (UniqueID,CatID,ModuleID) VALUES('210008927278132','602974360251478','19')
INSERT INTO CategoriesPortals (UniqueID,CatID,PortalID) VALUES('395354717646776','602974360251478','0')
INSERT INTO Categories (CatID,ListUnder,CategoryName,Description,Keywords,CatType,Moderator,AccessKeys,WriteKeys,SEODescription,SEOPageTitle,ManageKeys,AccessHide,WriteHide,ExcPortalSecurity,Weight,ShowList,Sharing) VALUES('475316364302842','108351767413623','Newsletters','','','','Moderator','|2|,|3|,|1|,|4|','|2|,|3|,|4|','','','|2|','0','0','0','2000','1','1')
INSERT INTO CategoriesModules (UniqueID,CatID,ModuleID) VALUES('547565179867924','475316364302842','19')
INSERT INTO CategoriesPortals (UniqueID,CatID,PortalID) VALUES('863563861532387','475316364302842','0')
INSERT INTO Categories (CatID,ListUnder,CategoryName,Description,Keywords,CatType,Moderator,AccessKeys,WriteKeys,SEODescription,SEOPageTitle,ManageKeys,AccessHide,WriteHide,ExcPortalSecurity,Weight,ShowList,Sharing) VALUES('883923450003362','108351767413623','Newspapers','','','','Moderator','|2|,|3|,|1|,|4|','|2|,|3|,|4|','','','|2|','0','0','0','2000','1','1')
INSERT INTO CategoriesModules (UniqueID,CatID,ModuleID) VALUES('456173019680624','883923450003362','19')
INSERT INTO CategoriesPortals (UniqueID,CatID,PortalID) VALUES('194023362234122','883923450003362','0')
INSERT INTO Categories (CatID,ListUnder,CategoryName,Description,Keywords,CatType,Moderator,AccessKeys,WriteKeys,SEODescription,SEOPageTitle,ManageKeys,AccessHide,WriteHide,ExcPortalSecurity,Weight,ShowList,Sharing) VALUES('199039099271786','929551590164924','Nintendo','','','','Moderator','|2|,|3|,|1|,|4|','|2|,|3|,|4|','','','|2|','0','0','0','2000','1','1')
INSERT INTO CategoriesModules (UniqueID,CatID,ModuleID) VALUES('389089718499379','199039099271786','19')
INSERT INTO CategoriesPortals (UniqueID,CatID,PortalID) VALUES('145259193824132','199039099271786','0')
[[GO]]
INSERT INTO Categories (CatID,ListUnder,CategoryName,Description,Keywords,CatType,Moderator,AccessKeys,WriteKeys,SEODescription,SEOPageTitle,ManageKeys,AccessHide,WriteHide,ExcPortalSecurity,Weight,ShowList,Sharing) VALUES('138967846696157','828577006965644','Nudism','','','','Moderator','|2|,|3|,|1|,|4|','|2|,|3|,|4|','','','|2|','0','0','0','2000','1','1')
INSERT INTO CategoriesModules (UniqueID,CatID,ModuleID) VALUES('223681487625948','138967846696157','19')
INSERT INTO CategoriesPortals (UniqueID,CatID,PortalID) VALUES('676988623918412','138967846696157','0')
INSERT INTO Categories (CatID,ListUnder,CategoryName,Description,Keywords,CatType,Moderator,AccessKeys,WriteKeys,SEODescription,SEOPageTitle,ManageKeys,AccessHide,WriteHide,ExcPortalSecurity,Weight,ShowList,Sharing) VALUES('205376918494529','185002260738668','Office Supplies','','','','Moderator','|2|,|3|,|1|,|4|','|2|,|3|,|4|','','','|2|','0','0','0','2000','1','1')
INSERT INTO CategoriesModules (UniqueID,CatID,ModuleID) VALUES('141236179275740','205376918494529','19')
INSERT INTO CategoriesPortals (UniqueID,CatID,PortalID) VALUES('142159098037846','205376918494529','0')
INSERT INTO Categories (CatID,ListUnder,CategoryName,Description,Keywords,CatType,Moderator,AccessKeys,WriteKeys,SEODescription,SEOPageTitle,ManageKeys,AccessHide,WriteHide,ExcPortalSecurity,Weight,ShowList,Sharing) VALUES('184741586472052','137301753284712','Officiating','','','','Moderator','|2|,|3|,|1|,|4|','|2|,|3|,|4|','','','|2|','0','0','0','2000','1','1')
INSERT INTO CategoriesModules (UniqueID,CatID,ModuleID) VALUES('100812474771277','184741586472052','19')
INSERT INTO CategoriesPortals (UniqueID,CatID,PortalID) VALUES('199165144674641','184741586472052','0')
INSERT INTO Categories (CatID,ListUnder,CategoryName,Description,Keywords,CatType,Moderator,AccessKeys,WriteKeys,SEODescription,SEOPageTitle,ManageKeys,AccessHide,WriteHide,ExcPortalSecurity,Weight,ShowList,Sharing) VALUES('199167505385116','199386689783970','Online','','','','Moderator','|2|,|3|,|1|,|4|','|2|,|3|,|4|','','','|2|','0','0','0','2000','1','1')
INSERT INTO CategoriesModules (UniqueID,CatID,ModuleID) VALUES('431413193298227','199167505385116','19')
INSERT INTO CategoriesPortals (UniqueID,CatID,PortalID) VALUES('170076561425553','199167505385116','0')
INSERT INTO Categories (CatID,ListUnder,CategoryName,Description,Keywords,CatType,Moderator,AccessKeys,WriteKeys,SEODescription,SEOPageTitle,ManageKeys,AccessHide,WriteHide,ExcPortalSecurity,Weight,ShowList,Sharing) VALUES('172387447941011','673927313944867','Online Dating','','','','Moderator','|2|,|3|,|1|,|4|','|2|,|3|,|4|','','','|2|','0','0','0','2000','1','1')
INSERT INTO CategoriesModules (UniqueID,CatID,ModuleID) VALUES('200018210145138','172387447941011','19')
INSERT INTO CategoriesPortals (UniqueID,CatID,PortalID) VALUES('871332334644181','172387447941011','0')
INSERT INTO Categories (CatID,ListUnder,CategoryName,Description,Keywords,CatType,Moderator,AccessKeys,WriteKeys,SEODescription,SEOPageTitle,ManageKeys,AccessHide,WriteHide,ExcPortalSecurity,Weight,ShowList,Sharing) VALUES('180539304645460','459950931209134','Online Games','','','','Moderator','|2|,|3|,|1|,|4|','|2|,|3|,|4|','','','|2|','0','0','0','2000','1','1')
INSERT INTO CategoriesModules (UniqueID,CatID,ModuleID) VALUES('796754670901387','180539304645460','19')
INSERT INTO CategoriesPortals (UniqueID,CatID,PortalID) VALUES('126818108538181','180539304645460','0')
INSERT INTO Categories (CatID,ListUnder,CategoryName,Description,Keywords,CatType,Moderator,AccessKeys,WriteKeys,SEODescription,SEOPageTitle,ManageKeys,AccessHide,WriteHide,ExcPortalSecurity,Weight,ShowList,Sharing) VALUES('127048837626033','418012308427443','Online Games','','','','Moderator','|2|,|3|,|1|,|4|','|2|,|3|,|4|','','','|2|','0','0','0','2000','1','1')
INSERT INTO CategoriesModules (UniqueID,CatID,ModuleID) VALUES('129386355972272','127048837626033','19')
INSERT INTO CategoriesPortals (UniqueID,CatID,PortalID) VALUES('124278890923535','127048837626033','0')
INSERT INTO Categories (CatID,ListUnder,CategoryName,Description,Keywords,CatType,Moderator,AccessKeys,WriteKeys,SEODescription,SEOPageTitle,ManageKeys,AccessHide,WriteHide,ExcPortalSecurity,Weight,ShowList,Sharing) VALUES('144472793769982','418012308427443','Online Greeting Cards','','','','Moderator','|2|,|3|,|1|,|4|','|2|,|3|,|4|','','','|2|','0','0','0','2000','1','1')
INSERT INTO CategoriesModules (UniqueID,CatID,ModuleID) VALUES('117104974192351','144472793769982','19')
INSERT INTO CategoriesPortals (UniqueID,CatID,PortalID) VALUES('159643253882794','144472793769982','0')
INSERT INTO Categories (CatID,ListUnder,CategoryName,Description,Keywords,CatType,Moderator,AccessKeys,WriteKeys,SEODescription,SEOPageTitle,ManageKeys,AccessHide,WriteHide,ExcPortalSecurity,Weight,ShowList,Sharing) VALUES('162212876087033','113151894273336','Online Storage','','','','Moderator','|2|,|3|,|1|,|4|','|2|,|3|,|4|','','','|2|','0','0','0','2000','1','1')
INSERT INTO CategoriesModules (UniqueID,CatID,ModuleID) VALUES('583851946253714','162212876087033','19')
INSERT INTO CategoriesPortals (UniqueID,CatID,PortalID) VALUES('672508443637301','162212876087033','0')
INSERT INTO Categories (CatID,ListUnder,CategoryName,Description,Keywords,CatType,Moderator,AccessKeys,WriteKeys,SEODescription,SEOPageTitle,ManageKeys,AccessHide,WriteHide,ExcPortalSecurity,Weight,ShowList,Sharing) VALUES('152096857284386','208328939962424','Online Writing','','','','Moderator','|2|,|3|,|1|,|4|','|2|,|3|,|4|','','','|2|','0','0','0','2000','1','1')
INSERT INTO CategoriesModules (UniqueID,CatID,ModuleID) VALUES('881365060323492','152096857284386','19')
INSERT INTO CategoriesPortals (UniqueID,CatID,PortalID) VALUES('182367468677971','152096857284386','0')
INSERT INTO Categories (CatID,ListUnder,CategoryName,Description,Keywords,CatType,Moderator,AccessKeys,WriteKeys,SEODescription,SEOPageTitle,ManageKeys,AccessHide,WriteHide,ExcPortalSecurity,Weight,ShowList,Sharing) VALUES('164712557465719','199386689783970','Open Access Resources','','','','Moderator','|2|,|3|,|1|,|4|','|2|,|3|,|4|','','','|2|','0','0','0','2000','1','1')
INSERT INTO CategoriesModules (UniqueID,CatID,ModuleID) VALUES('329432008867202','164712557465719','19')
INSERT INTO CategoriesPortals (UniqueID,CatID,PortalID) VALUES('437638392422377','164712557465719','0')
INSERT INTO Categories (CatID,ListUnder,CategoryName,Description,Keywords,CatType,Moderator,AccessKeys,WriteKeys,SEODescription,SEOPageTitle,ManageKeys,AccessHide,WriteHide,ExcPortalSecurity,Weight,ShowList,Sharing) VALUES('902746115791110','206453636137885','Open Source','','','','Moderator','|2|,|3|,|1|,|4|','|2|,|3|,|4|','','','|2|','0','0','0','2000','1','1')
INSERT INTO CategoriesModules (UniqueID,CatID,ModuleID) VALUES('838236014163913','902746115791110','19')
INSERT INTO CategoriesPortals (UniqueID,CatID,PortalID) VALUES('206557867575556','902746115791110','0')
INSERT INTO Categories (CatID,ListUnder,CategoryName,Description,Keywords,CatType,Moderator,AccessKeys,WriteKeys,SEODescription,SEOPageTitle,ManageKeys,AccessHide,WriteHide,ExcPortalSecurity,Weight,ShowList,Sharing) VALUES('798252253787877','196992743979967','Opportunities','','','','Moderator','|2|,|3|,|1|,|4|','|2|,|3|,|4|','','','|2|','0','0','0','2000','1','1')
INSERT INTO CategoriesModules (UniqueID,CatID,ModuleID) VALUES('142090226802597','798252253787877','19')
INSERT INTO CategoriesPortals (UniqueID,CatID,PortalID) VALUES('102669767045433','798252253787877','0')
INSERT INTO Categories (CatID,ListUnder,CategoryName,Description,Keywords,CatType,Moderator,AccessKeys,WriteKeys,SEODescription,SEOPageTitle,ManageKeys,AccessHide,WriteHide,ExcPortalSecurity,Weight,ShowList,Sharing) VALUES('167189025702387','137301753284712','Organizations','','','','Moderator','|2|,|3|,|1|,|4|','|2|,|3|,|4|','','','|2|','0','0','0','2000','1','1')
INSERT INTO CategoriesModules (UniqueID,CatID,ModuleID) VALUES('166640939302226','167189025702387','19')
INSERT INTO CategoriesPortals (UniqueID,CatID,PortalID) VALUES('541523729479471','167189025702387','0')
INSERT INTO Categories (CatID,ListUnder,CategoryName,Description,Keywords,CatType,Moderator,AccessKeys,WriteKeys,SEODescription,SEOPageTitle,ManageKeys,AccessHide,WriteHide,ExcPortalSecurity,Weight,ShowList,Sharing) VALUES('200659730335634','206453636137885','Organizations','','','','Moderator','|2|,|3|,|1|,|4|','|2|,|3|,|4|','','','|2|','0','0','0','2000','1','1')
INSERT INTO CategoriesModules (UniqueID,CatID,ModuleID) VALUES('129641055786385','200659730335634','19')
INSERT INTO CategoriesPortals (UniqueID,CatID,PortalID) VALUES('133004035322911','200659730335634','0')
INSERT INTO Categories (CatID,ListUnder,CategoryName,Description,Keywords,CatType,Moderator,AccessKeys,WriteKeys,SEODescription,SEOPageTitle,ManageKeys,AccessHide,WriteHide,ExcPortalSecurity,Weight,ShowList,Sharing) VALUES('187293124827940','673927313944867','Organizations','','','','Moderator','|2|,|3|,|1|,|4|','|2|,|3|,|4|','','','|2|','0','0','0','2000','1','1')
INSERT INTO CategoriesModules (UniqueID,CatID,ModuleID) VALUES('188474306007656','187293124827940','19')
INSERT INTO CategoriesPortals (UniqueID,CatID,PortalID) VALUES('158413071109242','187293124827940','0')
INSERT INTO Categories (CatID,ListUnder,CategoryName,Description,Keywords,CatType,Moderator,AccessKeys,WriteKeys,SEODescription,SEOPageTitle,ManageKeys,AccessHide,WriteHide,ExcPortalSecurity,Weight,ShowList,Sharing) VALUES('140438318584628','208328939962424','Organizations','','','','Moderator','|2|,|3|,|1|,|4|','|2|,|3|,|4|','','','|2|','0','0','0','2000','1','1')
INSERT INTO CategoriesModules (UniqueID,CatID,ModuleID) VALUES('111403889032281','140438318584628','19')
INSERT INTO CategoriesPortals (UniqueID,CatID,PortalID) VALUES('332057806116943','140438318584628','0')
INSERT INTO Categories (CatID,ListUnder,CategoryName,Description,Keywords,CatType,Moderator,AccessKeys,WriteKeys,SEODescription,SEOPageTitle,ManageKeys,AccessHide,WriteHide,ExcPortalSecurity,Weight,ShowList,Sharing) VALUES('140489517022552','855188733556946','Organizing','','','','Moderator','|2|,|3|,|1|,|4|','|2|,|3|,|4|','','','|2|','0','0','0','2000','1','1')
INSERT INTO CategoriesModules (UniqueID,CatID,ModuleID) VALUES('148069309426925','140489517022552','19')
INSERT INTO CategoriesPortals (UniqueID,CatID,PortalID) VALUES('213872194678968','140489517022552','0')
INSERT INTO Categories (CatID,ListUnder,CategoryName,Description,Keywords,CatType,Moderator,AccessKeys,WriteKeys,SEODescription,SEOPageTitle,ManageKeys,AccessHide,WriteHide,ExcPortalSecurity,Weight,ShowList,Sharing) VALUES('236821659437746','137301753284712','Orienteering','','','','Moderator','|2|,|3|,|1|,|4|','|2|,|3|,|4|','','','|2|','0','0','0','2000','1','1')
INSERT INTO CategoriesModules (UniqueID,CatID,ModuleID) VALUES('121102523182487','236821659437746','19')
INSERT INTO CategoriesPortals (UniqueID,CatID,PortalID) VALUES('734467124163707','236821659437746','0')
INSERT INTO Categories (CatID,ListUnder,CategoryName,Description,Keywords,CatType,Moderator,AccessKeys,WriteKeys,SEODescription,SEOPageTitle,ManageKeys,AccessHide,WriteHide,ExcPortalSecurity,Weight,ShowList,Sharing) VALUES('127287552750125','828577006965644','Outdoors','','','','Moderator','|2|,|3|,|1|,|4|','|2|,|3|,|4|','','','|2|','0','0','0','2000','1','1')
INSERT INTO CategoriesModules (UniqueID,CatID,ModuleID) VALUES('796663317528612','127287552750125','19')
INSERT INTO CategoriesPortals (UniqueID,CatID,PortalID) VALUES('337790496144853','127287552750125','0')
INSERT INTO Categories (CatID,ListUnder,CategoryName,Description,Keywords,CatType,Moderator,AccessKeys,WriteKeys,SEODescription,SEOPageTitle,ManageKeys,AccessHide,WriteHide,ExcPortalSecurity,Weight,ShowList,Sharing) VALUES('110402637772349','137301753284712','Paddleball','','','','Moderator','|2|,|3|,|1|,|4|','|2|,|3|,|4|','','','|2|','0','0','0','2000','1','1')
INSERT INTO CategoriesModules (UniqueID,CatID,ModuleID) VALUES('151818731178825','110402637772349','19')
INSERT INTO CategoriesPortals (UniqueID,CatID,PortalID) VALUES('353391983255655','110402637772349','0')
INSERT INTO Categories (CatID,ListUnder,CategoryName,Description,Keywords,CatType,Moderator,AccessKeys,WriteKeys,SEODescription,SEOPageTitle,ManageKeys,AccessHide,WriteHide,ExcPortalSecurity,Weight,ShowList,Sharing) VALUES('179321960372233','137301753284712','Paintball','','','','Moderator','|2|,|3|,|1|,|4|','|2|,|3|,|4|','','','|2|','0','0','0','2000','1','1')
INSERT INTO CategoriesModules (UniqueID,CatID,ModuleID) VALUES('417354423561820','179321960372233','19')
INSERT INTO CategoriesPortals (UniqueID,CatID,PortalID) VALUES('519395912931221','179321960372233','0')
INSERT INTO Categories (CatID,ListUnder,CategoryName,Description,Keywords,CatType,Moderator,AccessKeys,WriteKeys,SEODescription,SEOPageTitle,ManageKeys,AccessHide,WriteHide,ExcPortalSecurity,Weight,ShowList,Sharing) VALUES('165613668014357','206453636137885','Parallel Computing','','','','Moderator','|2|,|3|,|1|,|4|','|2|,|3|,|4|','','','|2|','0','0','0','2000','1','1')
INSERT INTO CategoriesModules (UniqueID,CatID,ModuleID) VALUES('141983057712488','165613668014357','19')
INSERT INTO CategoriesPortals (UniqueID,CatID,PortalID) VALUES('204152933666853','165613668014357','0')
INSERT INTO Categories (CatID,ListUnder,CategoryName,Description,Keywords,CatType,Moderator,AccessKeys,WriteKeys,SEODescription,SEOPageTitle,ManageKeys,AccessHide,WriteHide,ExcPortalSecurity,Weight,ShowList,Sharing) VALUES('529279723571811','673927313944867','Paranormal','','','','Moderator','|2|,|3|,|1|,|4|','|2|,|3|,|4|','','','|2|','0','0','0','2000','1','1')
INSERT INTO CategoriesModules (UniqueID,CatID,ModuleID) VALUES('177920492627202','529279723571811','19')
INSERT INTO CategoriesPortals (UniqueID,CatID,PortalID) VALUES('234310661239338','529279723571811','0')
INSERT INTO Categories (CatID,ListUnder,CategoryName,Description,Keywords,CatType,Moderator,AccessKeys,WriteKeys,SEODescription,SEOPageTitle,ManageKeys,AccessHide,WriteHide,ExcPortalSecurity,Weight,ShowList,Sharing) VALUES('452693405361924','183613075156714','Parenting','','','','Moderator','|2|,|3|,|1|,|4|','|2|,|3|,|4|','','','|2|','0','0','0','2000','1','1')
INSERT INTO CategoriesModules (UniqueID,CatID,ModuleID) VALUES('258025981488265','452693405361924','19')
INSERT INTO CategoriesPortals (UniqueID,CatID,PortalID) VALUES('732520535206136','452693405361924','0')
INSERT INTO Categories (CatID,ListUnder,CategoryName,Description,Keywords,CatType,Moderator,AccessKeys,WriteKeys,SEODescription,SEOPageTitle,ManageKeys,AccessHide,WriteHide,ExcPortalSecurity,Weight,ShowList,Sharing) VALUES('385914898457455','828577006965644','Parties','','','','Moderator','|2|,|3|,|1|,|4|','|2|,|3|,|4|','','','|2|','0','0','0','2000','1','1')
INSERT INTO CategoriesModules (UniqueID,CatID,ModuleID) VALUES('206785634025165','385914898457455','19')
INSERT INTO CategoriesPortals (UniqueID,CatID,PortalID) VALUES('414207956248177','385914898457455','0')
INSERT INTO Categories (CatID,ListUnder,CategoryName,Description,Keywords,CatType,Moderator,AccessKeys,WriteKeys,SEODescription,SEOPageTitle,ManageKeys,AccessHide,WriteHide,ExcPortalSecurity,Weight,ShowList,Sharing) VALUES('115901161806065','172065587414582','Passport Services','','','','Moderator','|2|,|3|,|1|,|4|','|2|,|3|,|4|','','','|2|','0','0','0','2000','1','1')
INSERT INTO CategoriesModules (UniqueID,CatID,ModuleID) VALUES('277831428275515','115901161806065','19')
INSERT INTO CategoriesPortals (UniqueID,CatID,PortalID) VALUES('166497742514182','115901161806065','0')
INSERT INTO Categories (CatID,ListUnder,CategoryName,Description,Keywords,CatType,Moderator,AccessKeys,WriteKeys,SEODescription,SEOPageTitle,ManageKeys,AccessHide,WriteHide,ExcPortalSecurity,Weight,ShowList,Sharing) VALUES('153844190815354','673927313944867','People','','','','Moderator','|2|,|3|,|1|,|4|','|2|,|3|,|4|','','','|2|','0','0','0','2000','1','1')
INSERT INTO CategoriesModules (UniqueID,CatID,ModuleID) VALUES('191626433278116','153844190815354','19')
INSERT INTO CategoriesPortals (UniqueID,CatID,PortalID) VALUES('457813565064866','153844190815354','0')
INSERT INTO Categories (CatID,ListUnder,CategoryName,Description,Keywords,CatType,Moderator,AccessKeys,WriteKeys,SEODescription,SEOPageTitle,ManageKeys,AccessHide,WriteHide,ExcPortalSecurity,Weight,ShowList,Sharing) VALUES('174645232575834','137301753284712','People','','','','Moderator','|2|,|3|,|1|,|4|','|2|,|3|,|4|','','','|2|','0','0','0','2000','1','1')
INSERT INTO CategoriesModules (UniqueID,CatID,ModuleID) VALUES('181922350515100','174645232575834','19')
INSERT INTO CategoriesPortals (UniqueID,CatID,PortalID) VALUES('734624804985625','174645232575834','0')
INSERT INTO Categories (CatID,ListUnder,CategoryName,Description,Keywords,CatType,Moderator,AccessKeys,WriteKeys,SEODescription,SEOPageTitle,ManageKeys,AccessHide,WriteHide,ExcPortalSecurity,Weight,ShowList,Sharing) VALUES('444909147871478','208328939962424','People','','','','Moderator','|2|,|3|,|1|,|4|','|2|,|3|,|4|','','','|2|','0','0','0','2000','1','1')
INSERT INTO CategoriesModules (UniqueID,CatID,ModuleID) VALUES('169339794891813','444909147871478','19')
INSERT INTO CategoriesPortals (UniqueID,CatID,PortalID) VALUES('141335785782161','444909147871478','0')
INSERT INTO Categories (CatID,ListUnder,CategoryName,Description,Keywords,CatType,Moderator,AccessKeys,WriteKeys,SEODescription,SEOPageTitle,ManageKeys,AccessHide,WriteHide,ExcPortalSecurity,Weight,ShowList,Sharing) VALUES('981689599124149','206453636137885','Performance and Capacity','','','','Moderator','|2|,|3|,|1|,|4|','|2|,|3|,|4|','','','|2|','0','0','0','2000','1','1')
INSERT INTO CategoriesModules (UniqueID,CatID,ModuleID) VALUES('126436222035293','981689599124149','19')
INSERT INTO CategoriesPortals (UniqueID,CatID,PortalID) VALUES('577065922883980','981689599124149','0')
INSERT INTO Categories (CatID,ListUnder,CategoryName,Description,Keywords,CatType,Moderator,AccessKeys,WriteKeys,SEODescription,SEOPageTitle,ManageKeys,AccessHide,WriteHide,ExcPortalSecurity,Weight,ShowList,Sharing) VALUES('253725601211419','208328939962424','Performing','','','','Moderator','|2|,|3|,|1|,|4|','|2|,|3|,|4|','','','|2|','0','0','0','2000','1','1')
INSERT INTO CategoriesModules (UniqueID,CatID,ModuleID) VALUES('549835842952067','253725601211419','19')
INSERT INTO CategoriesPortals (UniqueID,CatID,PortalID) VALUES('208300910060142','253725601211419','0')
INSERT INTO Categories (CatID,ListUnder,CategoryName,Description,Keywords,CatType,Moderator,AccessKeys,WriteKeys,SEODescription,SEOPageTitle,ManageKeys,AccessHide,WriteHide,ExcPortalSecurity,Weight,ShowList,Sharing) VALUES('159014191522896','208328939962424','Performing Arts','','','','Moderator','|2|,|3|,|1|,|4|','|2|,|3|,|4|','','','|2|','0','0','0','2000','1','1')
INSERT INTO CategoriesModules (UniqueID,CatID,ModuleID) VALUES('158831375774273','159014191522896','19')
INSERT INTO CategoriesPortals (UniqueID,CatID,PortalID) VALUES('456162936265043','159014191522896','0')
INSERT INTO Categories (CatID,ListUnder,CategoryName,Description,Keywords,CatType,Moderator,AccessKeys,WriteKeys,SEODescription,SEOPageTitle,ManageKeys,AccessHide,WriteHide,ExcPortalSecurity,Weight,ShowList,Sharing) VALUES('587137072877456','208328939962424','Periods and Movements','','','','Moderator','|2|,|3|,|1|,|4|','|2|,|3|,|4|','','','|2|','0','0','0','2000','1','1')
INSERT INTO CategoriesModules (UniqueID,CatID,ModuleID) VALUES('214203985094276','587137072877456','19')
INSERT INTO CategoriesPortals (UniqueID,CatID,PortalID) VALUES('791080658572451','587137072877456','0')
INSERT INTO Categories (CatID,ListUnder,CategoryName,Description,Keywords,CatType,Moderator,AccessKeys,WriteKeys,SEODescription,SEOPageTitle,ManageKeys,AccessHide,WriteHide,ExcPortalSecurity,Weight,ShowList,Sharing) VALUES('796655654877678','172065587414582','Personal Pages','','','','Moderator','|2|,|3|,|1|,|4|','|2|,|3|,|4|','','','|2|','0','0','0','2000','1','1')
INSERT INTO CategoriesModules (UniqueID,CatID,ModuleID) VALUES('409339941885165','796655654877678','19')
INSERT INTO CategoriesPortals (UniqueID,CatID,PortalID) VALUES('544560349072304','796655654877678','0')
INSERT INTO Categories (CatID,ListUnder,CategoryName,Description,Keywords,CatType,Moderator,AccessKeys,WriteKeys,SEODescription,SEOPageTitle,ManageKeys,AccessHide,WriteHide,ExcPortalSecurity,Weight,ShowList,Sharing) VALUES('203929575087126','673927313944867','Personal Pages','','','','Moderator','|2|,|3|,|1|,|4|','|2|,|3|,|4|','','','|2|','0','0','0','2000','1','1')
INSERT INTO CategoriesModules (UniqueID,CatID,ModuleID) VALUES('220795096037706','203929575087126','19')
INSERT INTO CategoriesPortals (UniqueID,CatID,PortalID) VALUES('695682072816302','203929575087126','0')
INSERT INTO Categories (CatID,ListUnder,CategoryName,Description,Keywords,CatType,Moderator,AccessKeys,WriteKeys,SEODescription,SEOPageTitle,ManageKeys,AccessHide,WriteHide,ExcPortalSecurity,Weight,ShowList,Sharing) VALUES('703250108727472','185002260738668','Personal Shopper','','','','Moderator','|2|,|3|,|1|,|4|','|2|,|3|,|4|','','','|2|','0','0','0','2000','1','1')
INSERT INTO CategoriesModules (UniqueID,CatID,ModuleID) VALUES('416642670437987','703250108727472','19')
INSERT INTO CategoriesPortals (UniqueID,CatID,PortalID) VALUES('431385255515466','703250108727472','0')
INSERT INTO Categories (CatID,ListUnder,CategoryName,Description,Keywords,CatType,Moderator,AccessKeys,WriteKeys,SEODescription,SEOPageTitle,ManageKeys,AccessHide,WriteHide,ExcPortalSecurity,Weight,ShowList,Sharing) VALUES('133562006026676','108351767413623','Personalized News','','','','Moderator','|2|,|3|,|1|,|4|','|2|,|3|,|4|','','','|2|','0','0','0','2000','1','1')
INSERT INTO CategoriesModules (UniqueID,CatID,ModuleID) VALUES('667458443826811','133562006026676','19')
INSERT INTO CategoriesPortals (UniqueID,CatID,PortalID) VALUES('205657138909151','133562006026676','0')
INSERT INTO Categories (CatID,ListUnder,CategoryName,Description,Keywords,CatType,Moderator,AccessKeys,WriteKeys,SEODescription,SEOPageTitle,ManageKeys,AccessHide,WriteHide,ExcPortalSecurity,Weight,ShowList,Sharing) VALUES('387954777932769','137301753284712','Pespallo','','','','Moderator','|2|,|3|,|1|,|4|','|2|,|3|,|4|','','','|2|','0','0','0','2000','1','1')
INSERT INTO CategoriesModules (UniqueID,CatID,ModuleID) VALUES('143920255983871','387954777932769','19')
INSERT INTO CategoriesPortals (UniqueID,CatID,PortalID) VALUES('128593332849322','387954777932769','0')
INSERT INTO Categories (CatID,ListUnder,CategoryName,Description,Keywords,CatType,Moderator,AccessKeys,WriteKeys,SEODescription,SEOPageTitle,ManageKeys,AccessHide,WriteHide,ExcPortalSecurity,Weight,ShowList,Sharing) VALUES('178028909612743','855188733556946','Pest Control','','','','Moderator','|2|,|3|,|1|,|4|','|2|,|3|,|4|','','','|2|','0','0','0','2000','1','1')
INSERT INTO CategoriesModules (UniqueID,CatID,ModuleID) VALUES('115200107169819','178028909612743','19')
INSERT INTO CategoriesPortals (UniqueID,CatID,PortalID) VALUES('172691435965331','178028909612743','0')
INSERT INTO Categories (CatID,ListUnder,CategoryName,Description,Keywords,CatType,Moderator,AccessKeys,WriteKeys,SEODescription,SEOPageTitle,ManageKeys,AccessHide,WriteHide,ExcPortalSecurity,Weight,ShowList,Sharing) VALUES('187897858856484','434795696794718','Pet Care','','','','Moderator','|2|,|3|,|1|,|4|','|2|,|3|,|4|','','','|2|','0','0','0','2000','1','1')
INSERT INTO CategoriesModules (UniqueID,CatID,ModuleID) VALUES('453093058122624','187897858856484','19')
INSERT INTO CategoriesPortals (UniqueID,CatID,PortalID) VALUES('214498268613855','187897858856484','0')
INSERT INTO Categories (CatID,ListUnder,CategoryName,Description,Keywords,CatType,Moderator,AccessKeys,WriteKeys,SEODescription,SEOPageTitle,ManageKeys,AccessHide,WriteHide,ExcPortalSecurity,Weight,ShowList,Sharing) VALUES('232437999227832','172065587414582','Pet Travel','','','','Moderator','|2|,|3|,|1|,|4|','|2|,|3|,|4|','','','|2|','0','0','0','2000','1','1')
INSERT INTO CategoriesModules (UniqueID,CatID,ModuleID) VALUES('107454191858527','232437999227832','19')
INSERT INTO CategoriesPortals (UniqueID,CatID,PortalID) VALUES('152455926603283','232437999227832','0')
INSERT INTO Categories (CatID,ListUnder,CategoryName,Description,Keywords,CatType,Moderator,AccessKeys,WriteKeys,SEODescription,SEOPageTitle,ManageKeys,AccessHide,WriteHide,ExcPortalSecurity,Weight,ShowList,Sharing) VALUES('189692516843221','137301753284712','Petanque','','','','Moderator','|2|,|3|,|1|,|4|','|2|,|3|,|4|','','','|2|','0','0','0','2000','1','1')
INSERT INTO CategoriesModules (UniqueID,CatID,ModuleID) VALUES('121188895048553','189692516843221','19')
INSERT INTO CategoriesPortals (UniqueID,CatID,PortalID) VALUES('169976959247405','189692516843221','0')
INSERT INTO Categories (CatID,ListUnder,CategoryName,Description,Keywords,CatType,Moderator,AccessKeys,WriteKeys,SEODescription,SEOPageTitle,ManageKeys,AccessHide,WriteHide,ExcPortalSecurity,Weight,ShowList,Sharing) VALUES('184052307511895','183613075156714','Pets','','','','Moderator','|2|,|3|,|1|,|4|','|2|,|3|,|4|','','','|2|','0','0','0','2000','1','1')
INSERT INTO CategoriesModules (UniqueID,CatID,ModuleID) VALUES('207088042824846','184052307511895','19')
INSERT INTO CategoriesPortals (UniqueID,CatID,PortalID) VALUES('151984173934842','184052307511895','0')
INSERT INTO Categories (CatID,ListUnder,CategoryName,Description,Keywords,CatType,Moderator,AccessKeys,WriteKeys,SEODescription,SEOPageTitle,ManageKeys,AccessHide,WriteHide,ExcPortalSecurity,Weight,ShowList,Sharing) VALUES('337368417928088','185002260738668','Pets','','','','Moderator','|2|,|3|,|1|,|4|','|2|,|3|,|4|','','','|2|','0','0','0','2000','1','1')
INSERT INTO CategoriesModules (UniqueID,CatID,ModuleID) VALUES('149566947639442','337368417928088','19')
INSERT INTO CategoriesPortals (UniqueID,CatID,PortalID) VALUES('154796187614386','337368417928088','0')
INSERT INTO Categories (CatID,ListUnder,CategoryName,Description,Keywords,CatType,Moderator,AccessKeys,WriteKeys,SEODescription,SEOPageTitle,ManageKeys,AccessHide,WriteHide,ExcPortalSecurity,Weight,ShowList,Sharing) VALUES('767187155138568','828577006965644','Pets','','','','Moderator','|2|,|3|,|1|,|4|','|2|,|3|,|4|','','','|2|','0','0','0','2000','1','1')
INSERT INTO CategoriesModules (UniqueID,CatID,ModuleID) VALUES('140076715967562','767187155138568','19')
INSERT INTO CategoriesPortals (UniqueID,CatID,PortalID) VALUES('871680628649735','767187155138568','0')
INSERT INTO Categories (CatID,ListUnder,CategoryName,Description,Keywords,CatType,Moderator,AccessKeys,WriteKeys,SEODescription,SEOPageTitle,ManageKeys,AccessHide,WriteHide,ExcPortalSecurity,Weight,ShowList,Sharing) VALUES('407634997539783','673927313944867','Philanthropy','','','','Moderator','|2|,|3|,|1|,|4|','|2|,|3|,|4|','','','|2|','0','0','0','2000','1','1')
INSERT INTO CategoriesModules (UniqueID,CatID,ModuleID) VALUES('284330747926722','407634997539783','19')
INSERT INTO CategoriesPortals (UniqueID,CatID,PortalID) VALUES('205521885318252','407634997539783','0')
INSERT INTO Categories (CatID,ListUnder,CategoryName,Description,Keywords,CatType,Moderator,AccessKeys,WriteKeys,SEODescription,SEOPageTitle,ManageKeys,AccessHide,WriteHide,ExcPortalSecurity,Weight,ShowList,Sharing) VALUES('742525399827640','113209343573435','Philippines','','','','Moderator','|2|,|3|,|1|,|4|','|2|,|3|,|4|','','','|2|','0','0','0','2000','1','1')
INSERT INTO CategoriesModules (UniqueID,CatID,ModuleID) VALUES('647640365112622','742525399827640','19')
INSERT INTO CategoriesPortals (UniqueID,CatID,PortalID) VALUES('167935579382858','742525399827640','0')
INSERT INTO Categories (CatID,ListUnder,CategoryName,Description,Keywords,CatType,Moderator,AccessKeys,WriteKeys,SEODescription,SEOPageTitle,ManageKeys,AccessHide,WriteHide,ExcPortalSecurity,Weight,ShowList,Sharing) VALUES('695432959174361','673927313944867','Philosophy','','','','Moderator','|2|,|3|,|1|,|4|','|2|,|3|,|4|','','','|2|','0','0','0','2000','1','1')
INSERT INTO CategoriesModules (UniqueID,CatID,ModuleID) VALUES('173160789035253','695432959174361','19')
INSERT INTO CategoriesPortals (UniqueID,CatID,PortalID) VALUES('121404843028554','695432959174361','0')
INSERT INTO Categories (CatID,ListUnder,CategoryName,Description,Keywords,CatType,Moderator,AccessKeys,WriteKeys,SEODescription,SEOPageTitle,ManageKeys,AccessHide,WriteHide,ExcPortalSecurity,Weight,ShowList,Sharing) VALUES('980610362153844','828577006965644','Photography','','','','Moderator','|2|,|3|,|1|,|4|','|2|,|3|,|4|','','','|2|','0','0','0','2000','1','1')
INSERT INTO CategoriesModules (UniqueID,CatID,ModuleID) VALUES('114790972591320','980610362153844','19')
INSERT INTO CategoriesPortals (UniqueID,CatID,PortalID) VALUES('178916029434988','980610362153844','0')
INSERT INTO Categories (CatID,ListUnder,CategoryName,Description,Keywords,CatType,Moderator,AccessKeys,WriteKeys,SEODescription,SEOPageTitle,ManageKeys,AccessHide,WriteHide,ExcPortalSecurity,Weight,ShowList,Sharing) VALUES('379376257665918','208328939962424','Photography','','','','Moderator','|2|,|3|,|1|,|4|','|2|,|3|,|4|','','','|2|','0','0','0','2000','1','1')
INSERT INTO CategoriesModules (UniqueID,CatID,ModuleID) VALUES('955773353481298','379376257665918','19')
INSERT INTO CategoriesPortals (UniqueID,CatID,PortalID) VALUES('471674080383149','379376257665918','0')
INSERT INTO Categories (CatID,ListUnder,CategoryName,Description,Keywords,CatType,Moderator,AccessKeys,WriteKeys,SEODescription,SEOPageTitle,ManageKeys,AccessHide,WriteHide,ExcPortalSecurity,Weight,ShowList,Sharing) VALUES('143500628536756','185002260738668','Photography','','','','Moderator','|2|,|3|,|1|,|4|','|2|,|3|,|4|','','','|2|','0','0','0','2000','1','1')
INSERT INTO CategoriesModules (UniqueID,CatID,ModuleID) VALUES('828358495216743','143500628536756','19')
INSERT INTO CategoriesPortals (UniqueID,CatID,PortalID) VALUES('155073115185923','143500628536756','0')
INSERT INTO Categories (CatID,ListUnder,CategoryName,Description,Keywords,CatType,Moderator,AccessKeys,WriteKeys,SEODescription,SEOPageTitle,ManageKeys,AccessHide,WriteHide,ExcPortalSecurity,Weight,ShowList,Sharing) VALUES('555635605154657','116195634152458','Physics','','','','Moderator','|2|,|3|,|1|,|4|','|2|,|3|,|4|','','','|2|','0','0','0','2000','1','1')
INSERT INTO CategoriesModules (UniqueID,CatID,ModuleID) VALUES('117939578213136','555635605154657','19')
INSERT INTO CategoriesPortals (UniqueID,CatID,PortalID) VALUES('118105809878439','555635605154657','0')
INSERT INTO Categories (CatID,ListUnder,CategoryName,Description,Keywords,CatType,Moderator,AccessKeys,WriteKeys,SEODescription,SEOPageTitle,ManageKeys,AccessHide,WriteHide,ExcPortalSecurity,Weight,ShowList,Sharing) VALUES('932367637432322','187229545352848','Physics','','','','Moderator','|2|,|3|,|1|,|4|','|2|,|3|,|4|','','','|2|','0','0','0','2000','1','1')
INSERT INTO CategoriesModules (UniqueID,CatID,ModuleID) VALUES('923261287868693','932367637432322','19')
INSERT INTO CategoriesPortals (UniqueID,CatID,PortalID) VALUES('142131613892062','932367637432322','0')
INSERT INTO Categories (CatID,ListUnder,CategoryName,Description,Keywords,CatType,Moderator,AccessKeys,WriteKeys,SEODescription,SEOPageTitle,ManageKeys,AccessHide,WriteHide,ExcPortalSecurity,Weight,ShowList,Sharing) VALUES('138573786081487','828577006965644','Picture Ratings','','','','Moderator','|2|,|3|,|1|,|4|','|2|,|3|,|4|','','','|2|','0','0','0','2000','1','1')
INSERT INTO CategoriesModules (UniqueID,CatID,ModuleID) VALUES('271410044301614','138573786081487','19')
INSERT INTO CategoriesPortals (UniqueID,CatID,PortalID) VALUES('154411574047416','138573786081487','0')
INSERT INTO Categories (CatID,ListUnder,CategoryName,Description,Keywords,CatType,Moderator,AccessKeys,WriteKeys,SEODescription,SEOPageTitle,ManageKeys,AccessHide,WriteHide,ExcPortalSecurity,Weight,ShowList,Sharing) VALUES('912583276736947','202999822552781','Planning','','','','Moderator','|2|,|3|,|1|,|4|','|2|,|3|,|4|','','','|2|','0','0','0','2000','1','1')
INSERT INTO CategoriesModules (UniqueID,CatID,ModuleID) VALUES('480326079860652','912583276736947','19')
INSERT INTO CategoriesPortals (UniqueID,CatID,PortalID) VALUES('185642276782605','912583276736947','0')
INSERT INTO Categories (CatID,ListUnder,CategoryName,Description,Keywords,CatType,Moderator,AccessKeys,WriteKeys,SEODescription,SEOPageTitle,ManageKeys,AccessHide,WriteHide,ExcPortalSecurity,Weight,ShowList,Sharing) VALUES('107473796877578','193306780238815','Planning & Accounting','','','','Moderator','|2|,|3|,|1|,|4|','|2|,|3|,|4|','','','|2|','0','0','0','2000','1','1')
INSERT INTO CategoriesModules (UniqueID,CatID,ModuleID) VALUES('129262195143130','107473796877578','19')
INSERT INTO CategoriesPortals (UniqueID,CatID,PortalID) VALUES('912643497614102','107473796877578','0')
INSERT INTO Categories (CatID,ListUnder,CategoryName,Description,Keywords,CatType,Moderator,AccessKeys,WriteKeys,SEODescription,SEOPageTitle,ManageKeys,AccessHide,WriteHide,ExcPortalSecurity,Weight,ShowList,Sharing) VALUES('707380729110662','113151894273336','PodCasts','','','','Moderator','|2|,|3|,|1|,|4|','|2|,|3|,|4|','','','|2|','0','0','0','2000','1','1')
INSERT INTO CategoriesModules (UniqueID,CatID,ModuleID) VALUES('872068009330464','707380729110662','19')
INSERT INTO CategoriesPortals (UniqueID,CatID,PortalID) VALUES('350515457711079','707380729110662','0')
INSERT INTO Categories (CatID,ListUnder,CategoryName,Description,Keywords,CatType,Moderator,AccessKeys,WriteKeys,SEODescription,SEOPageTitle,ManageKeys,AccessHide,WriteHide,ExcPortalSecurity,Weight,ShowList,Sharing) VALUES('674479341715646','113209343573435','Poland','','','','Moderator','|2|,|3|,|1|,|4|','|2|,|3|,|4|','','','|2|','0','0','0','2000','1','1')
INSERT INTO CategoriesModules (UniqueID,CatID,ModuleID) VALUES('180585708125087','674479341715646','19')
INSERT INTO CategoriesPortals (UniqueID,CatID,PortalID) VALUES('898565077404618','674479341715646','0')
INSERT INTO Categories (CatID,ListUnder,CategoryName,Description,Keywords,CatType,Moderator,AccessKeys,WriteKeys,SEODescription,SEOPageTitle,ManageKeys,AccessHide,WriteHide,ExcPortalSecurity,Weight,ShowList,Sharing) VALUES('560944744687357','113151894273336','Policy','','','','Moderator','|2|,|3|,|1|,|4|','|2|,|3|,|4|','','','|2|','0','0','0','2000','1','1')
INSERT INTO CategoriesModules (UniqueID,CatID,ModuleID) VALUES('676511050869242','560944744687357','19')
INSERT INTO CategoriesPortals (UniqueID,CatID,PortalID) VALUES('542661233458527','560944744687357','0')
INSERT INTO Categories (CatID,ListUnder,CategoryName,Description,Keywords,CatType,Moderator,AccessKeys,WriteKeys,SEODescription,SEOPageTitle,ManageKeys,AccessHide,WriteHide,ExcPortalSecurity,Weight,ShowList,Sharing) VALUES('802245655281340','673927313944867','Politics','','','','Moderator','|2|,|3|,|1|,|4|','|2|,|3|,|4|','','','|2|','0','0','0','2000','1','1')
INSERT INTO CategoriesModules (UniqueID,CatID,ModuleID) VALUES('139248356148309','802245655281340','19')
INSERT INTO CategoriesPortals (UniqueID,CatID,PortalID) VALUES('184275434423453','802245655281340','0')
INSERT INTO Categories (CatID,ListUnder,CategoryName,Description,Keywords,CatType,Moderator,AccessKeys,WriteKeys,SEODescription,SEOPageTitle,ManageKeys,AccessHide,WriteHide,ExcPortalSecurity,Weight,ShowList,Sharing) VALUES('121509733847744','108351767413623','Politics','','','','Moderator','|2|,|3|,|1|,|4|','|2|,|3|,|4|','','','|2|','0','0','0','2000','1','1')
INSERT INTO CategoriesModules (UniqueID,CatID,ModuleID) VALUES('189348679336862','121509733847744','19')
INSERT INTO CategoriesPortals (UniqueID,CatID,PortalID) VALUES('173860900012827','121509733847744','0')
INSERT INTO Categories (CatID,ListUnder,CategoryName,Description,Keywords,CatType,Moderator,AccessKeys,WriteKeys,SEODescription,SEOPageTitle,ManageKeys,AccessHide,WriteHide,ExcPortalSecurity,Weight,ShowList,Sharing) VALUES('147235808787877','161512229762770','Politics','','','','Moderator','|2|,|3|,|1|,|4|','|2|,|3|,|4|','','','|2|','0','0','0','2000','1','1')
INSERT INTO CategoriesModules (UniqueID,CatID,ModuleID) VALUES('919753423878136','147235808787877','19')
INSERT INTO CategoriesPortals (UniqueID,CatID,PortalID) VALUES('348769668574468','147235808787877','0')
INSERT INTO Categories (CatID,ListUnder,CategoryName,Description,Keywords,CatType,Moderator,AccessKeys,WriteKeys,SEODescription,SEOPageTitle,ManageKeys,AccessHide,WriteHide,ExcPortalSecurity,Weight,ShowList,Sharing) VALUES('136675003175736','113209343573435','Portugal','','','','Moderator','|2|,|3|,|1|,|4|','|2|,|3|,|4|','','','|2|','0','0','0','2000','1','1')
INSERT INTO CategoriesModules (UniqueID,CatID,ModuleID) VALUES('365568389565068','136675003175736','19')
INSERT INTO CategoriesPortals (UniqueID,CatID,PortalID) VALUES('122748805424763','136675003175736','0')
INSERT INTO Categories (CatID,ListUnder,CategoryName,Description,Keywords,CatType,Moderator,AccessKeys,WriteKeys,SEODescription,SEOPageTitle,ManageKeys,AccessHide,WriteHide,ExcPortalSecurity,Weight,ShowList,Sharing) VALUES('158903851952734','193306780238815','Precious Metals','','','','Moderator','|2|,|3|,|1|,|4|','|2|,|3|,|4|','','','|2|','0','0','0','2000','1','1')
INSERT INTO CategoriesModules (UniqueID,CatID,ModuleID) VALUES('102357683353684','158903851952734','19')
INSERT INTO CategoriesPortals (UniqueID,CatID,PortalID) VALUES('211267011183027','158903851952734','0')
INSERT INTO Categories (CatID,ListUnder,CategoryName,Description,Keywords,CatType,Moderator,AccessKeys,WriteKeys,SEODescription,SEOPageTitle,ManageKeys,AccessHide,WriteHide,ExcPortalSecurity,Weight,ShowList,Sharing) VALUES('378061741874889','316246332495564','Pre-School','','','','Moderator','|2|,|3|,|1|,|4|','|2|,|3|,|4|','','','|2|','0','0','0','2000','1','1')
INSERT INTO CategoriesModules (UniqueID,CatID,ModuleID) VALUES('144082068745814','378061741874889','19')
INSERT INTO CategoriesPortals (UniqueID,CatID,PortalID) VALUES('162753963352255','378061741874889','0')
INSERT INTO Categories (CatID,ListUnder,CategoryName,Description,Keywords,CatType,Moderator,AccessKeys,WriteKeys,SEODescription,SEOPageTitle,ManageKeys,AccessHide,WriteHide,ExcPortalSecurity,Weight,ShowList,Sharing) VALUES('131872536766677','206453636137885','Programming','','','','Moderator','|2|,|3|,|1|,|4|','|2|,|3|,|4|','','','|2|','0','0','0','2000','1','1')
INSERT INTO CategoriesModules (UniqueID,CatID,ModuleID) VALUES('672549488563539','131872536766677','19')
INSERT INTO CategoriesPortals (UniqueID,CatID,PortalID) VALUES('188648964741741','131872536766677','0')
INSERT INTO Categories (CatID,ListUnder,CategoryName,Description,Keywords,CatType,Moderator,AccessKeys,WriteKeys,SEODescription,SEOPageTitle,ManageKeys,AccessHide,WriteHide,ExcPortalSecurity,Weight,ShowList,Sharing) VALUES('104726895275976','113151894273336','Proxying and Filtering','','','','Moderator','|2|,|3|,|1|,|4|','|2|,|3|,|4|','','','|2|','0','0','0','2000','1','1')
INSERT INTO CategoriesModules (UniqueID,CatID,ModuleID) VALUES('508236121888940','104726895275976','19')
INSERT INTO CategoriesPortals (UniqueID,CatID,PortalID) VALUES('140423418324648','104726895275976','0')
INSERT INTO Categories (CatID,ListUnder,CategoryName,Description,Keywords,CatType,Moderator,AccessKeys,WriteKeys,SEODescription,SEOPageTitle,ManageKeys,AccessHide,WriteHide,ExcPortalSecurity,Weight,ShowList,Sharing) VALUES('109585492053359','929551590164924','PS2 Cheats','','','','Moderator','|2|,|3|,|1|,|4|','|2|,|3|,|4|','','','|2|','0','0','0','2000','1','1')
INSERT INTO CategoriesModules (UniqueID,CatID,ModuleID) VALUES('129487975084727','109585492053359','19')
INSERT INTO CategoriesPortals (UniqueID,CatID,PortalID) VALUES('140065291563241','109585492053359','0')
INSERT INTO Categories (CatID,ListUnder,CategoryName,Description,Keywords,CatType,Moderator,AccessKeys,WriteKeys,SEODescription,SEOPageTitle,ManageKeys,AccessHide,WriteHide,ExcPortalSecurity,Weight,ShowList,Sharing) VALUES('183980778316217','929551590164924','PS2 Cheats','','','','Moderator','|2|,|3|,|1|,|4|','|2|,|3|,|4|','','','|2|','0','0','0','2000','1','1')
INSERT INTO CategoriesModules (UniqueID,CatID,ModuleID) VALUES('207633244455763','183980778316217','19')
INSERT INTO CategoriesPortals (UniqueID,CatID,PortalID) VALUES('140972332715231','183980778316217','0')
INSERT INTO Categories (CatID,ListUnder,CategoryName,Description,Keywords,CatType,Moderator,AccessKeys,WriteKeys,SEODescription,SEOPageTitle,ManageKeys,AccessHide,WriteHide,ExcPortalSecurity,Weight,ShowList,Sharing) VALUES('144230251962662','929551590164924','PS2 Games','','','','Moderator','|2|,|3|,|1|,|4|','|2|,|3|,|4|','','','|2|','0','0','0','2000','1','1')
INSERT INTO CategoriesModules (UniqueID,CatID,ModuleID) VALUES('437098095724207','144230251962662','19')
INSERT INTO CategoriesPortals (UniqueID,CatID,PortalID) VALUES('618327812662174','144230251962662','0')
INSERT INTO Categories (CatID,ListUnder,CategoryName,Description,Keywords,CatType,Moderator,AccessKeys,WriteKeys,SEODescription,SEOPageTitle,ManageKeys,AccessHide,WriteHide,ExcPortalSecurity,Weight,ShowList,Sharing) VALUES('183006168944772','929551590164924','PS3 Cheat Codes','','','','Moderator','|2|,|3|,|1|,|4|','|2|,|3|,|4|','','','|2|','0','0','0','2000','1','1')
INSERT INTO CategoriesModules (UniqueID,CatID,ModuleID) VALUES('189895108718644','183006168944772','19')
INSERT INTO CategoriesPortals (UniqueID,CatID,PortalID) VALUES('392512805384255','183006168944772','0')
INSERT INTO Categories (CatID,ListUnder,CategoryName,Description,Keywords,CatType,Moderator,AccessKeys,WriteKeys,SEODescription,SEOPageTitle,ManageKeys,AccessHide,WriteHide,ExcPortalSecurity,Weight,ShowList,Sharing) VALUES('638426998547777','929551590164924','PS3 Forum','','','','Moderator','|2|,|3|,|1|,|4|','|2|,|3|,|4|','','','|2|','0','0','0','2000','1','1')
INSERT INTO CategoriesModules (UniqueID,CatID,ModuleID) VALUES('141161195730895','638426998547777','19')
INSERT INTO CategoriesPortals (UniqueID,CatID,PortalID) VALUES('160671908524117','638426998547777','0')
INSERT INTO Categories (CatID,ListUnder,CategoryName,Description,Keywords,CatType,Moderator,AccessKeys,WriteKeys,SEODescription,SEOPageTitle,ManageKeys,AccessHide,WriteHide,ExcPortalSecurity,Weight,ShowList,Sharing) VALUES('458934028188035','929551590164924','PS3 Games','','','','Moderator','|2|,|3|,|1|,|4|','|2|,|3|,|4|','','','|2|','0','0','0','2000','1','1')
INSERT INTO CategoriesModules (UniqueID,CatID,ModuleID) VALUES('166915190077601','458934028188035','19')
INSERT INTO CategoriesPortals (UniqueID,CatID,PortalID) VALUES('209097904988973','458934028188035','0')
INSERT INTO Categories (CatID,ListUnder,CategoryName,Description,Keywords,CatType,Moderator,AccessKeys,WriteKeys,SEODescription,SEOPageTitle,ManageKeys,AccessHide,WriteHide,ExcPortalSecurity,Weight,ShowList,Sharing) VALUES('258689407204838','108351767413623','Publications','','','','Moderator','|2|,|3|,|1|,|4|','|2|,|3|,|4|','','','|2|','0','0','0','2000','1','1')
INSERT INTO CategoriesModules (UniqueID,CatID,ModuleID) VALUES('829044204182068','258689407204838','19')
INSERT INTO CategoriesPortals (UniqueID,CatID,PortalID) VALUES('143964220358411','258689407204838','0')
INSERT INTO Categories (CatID,ListUnder,CategoryName,Description,Keywords,CatType,Moderator,AccessKeys,WriteKeys,SEODescription,SEOPageTitle,ManageKeys,AccessHide,WriteHide,ExcPortalSecurity,Weight,ShowList,Sharing) VALUES('187474277267800','116195634152458','Publications','','','','Moderator','|2|,|3|,|1|,|4|','|2|,|3|,|4|','','','|2|','0','0','0','2000','1','1')
INSERT INTO CategoriesModules (UniqueID,CatID,ModuleID) VALUES('960928235738736','187474277267800','19')
INSERT INTO CategoriesPortals (UniqueID,CatID,PortalID) VALUES('441751172644457','187474277267800','0')
INSERT INTO Categories (CatID,ListUnder,CategoryName,Description,Keywords,CatType,Moderator,AccessKeys,WriteKeys,SEODescription,SEOPageTitle,ManageKeys,AccessHide,WriteHide,ExcPortalSecurity,Weight,ShowList,Sharing) VALUES('190731997984708','113151894273336','Publications','','','','Moderator','|2|,|3|,|1|,|4|','|2|,|3|,|4|','','','|2|','0','0','0','2000','1','1')
INSERT INTO CategoriesModules (UniqueID,CatID,ModuleID) VALUES('881149955858593','190731997984708','19')
INSERT INTO CategoriesPortals (UniqueID,CatID,PortalID) VALUES('520683343508287','190731997984708','0')
INSERT INTO Categories (CatID,ListUnder,CategoryName,Description,Keywords,CatType,Moderator,AccessKeys,WriteKeys,SEODescription,SEOPageTitle,ManageKeys,AccessHide,WriteHide,ExcPortalSecurity,Weight,ShowList,Sharing) VALUES('105739743914233','187229545352848','Publications','','','','Moderator','|2|,|3|,|1|,|4|','|2|,|3|,|4|','','','|2|','0','0','0','2000','1','1')
INSERT INTO CategoriesModules (UniqueID,CatID,ModuleID) VALUES('198325559831332','105739743914233','19')
INSERT INTO CategoriesPortals (UniqueID,CatID,PortalID) VALUES('207756803336424','105739743914233','0')
INSERT INTO Categories (CatID,ListUnder,CategoryName,Description,Keywords,CatType,Moderator,AccessKeys,WriteKeys,SEODescription,SEOPageTitle,ManageKeys,AccessHide,WriteHide,ExcPortalSecurity,Weight,ShowList,Sharing) VALUES('203026193192197','196992743979967','Publishing and Printing','','','','Moderator','|2|,|3|,|1|,|4|','|2|,|3|,|4|','','','|2|','0','0','0','2000','1','1')
INSERT INTO CategoriesModules (UniqueID,CatID,ModuleID) VALUES('777462448078266','203026193192197','19')
INSERT INTO CategoriesPortals (UniqueID,CatID,PortalID) VALUES('472200980653159','203026193192197','0')
INSERT INTO Categories (CatID,ListUnder,CategoryName,Description,Keywords,CatType,Moderator,AccessKeys,WriteKeys,SEODescription,SEOPageTitle,ManageKeys,AccessHide,WriteHide,ExcPortalSecurity,Weight,ShowList,Sharing) VALUES('181694266480688','199386689783970','Puzzles','','','','Moderator','|2|,|3|,|1|,|4|','|2|,|3|,|4|','','','|2|','0','0','0','2000','1','1')
INSERT INTO CategoriesModules (UniqueID,CatID,ModuleID) VALUES('140841335617151','181694266480688','19')
INSERT INTO CategoriesPortals (UniqueID,CatID,PortalID) VALUES('114157127046431','181694266480688','0')
INSERT INTO Categories (CatID,ListUnder,CategoryName,Description,Keywords,CatType,Moderator,AccessKeys,WriteKeys,SEODescription,SEOPageTitle,ManageKeys,AccessHide,WriteHide,ExcPortalSecurity,Weight,ShowList,Sharing) VALUES('678497352761966','459950931209134','Puzzles','','','','Moderator','|2|,|3|,|1|,|4|','|2|,|3|,|4|','','','|2|','0','0','0','2000','1','1')
INSERT INTO CategoriesModules (UniqueID,CatID,ModuleID) VALUES('138420701771463','678497352761966','19')
INSERT INTO CategoriesPortals (UniqueID,CatID,PortalID) VALUES('213828102617242','678497352761966','0')
INSERT INTO Categories (CatID,ListUnder,CategoryName,Description,Keywords,CatType,Moderator,AccessKeys,WriteKeys,SEODescription,SEOPageTitle,ManageKeys,AccessHide,WriteHide,ExcPortalSecurity,Weight,ShowList,Sharing) VALUES('990590213768847','137301753284712','Racquetball','','','','Moderator','|2|,|3|,|1|,|4|','|2|,|3|,|4|','','','|2|','0','0','0','2000','1','1')
INSERT INTO CategoriesModules (UniqueID,CatID,ModuleID) VALUES('360191512534636','990590213768847','19')
INSERT INTO CategoriesPortals (UniqueID,CatID,PortalID) VALUES('636539002319520','990590213768847','0')
INSERT INTO Categories (CatID,ListUnder,CategoryName,Description,Keywords,CatType,Moderator,AccessKeys,WriteKeys,SEODescription,SEOPageTitle,ManageKeys,AccessHide,WriteHide,ExcPortalSecurity,Weight,ShowList,Sharing) VALUES('930727548821572','828577006965644','Radio','','','','Moderator','|2|,|3|,|1|,|4|','|2|,|3|,|4|','','','|2|','0','0','0','2000','1','1')
INSERT INTO CategoriesModules (UniqueID,CatID,ModuleID) VALUES('651852501419351','930727548821572','19')
INSERT INTO CategoriesPortals (UniqueID,CatID,PortalID) VALUES('560846186782117','930727548821572','0')
INSERT INTO Categories (CatID,ListUnder,CategoryName,Description,Keywords,CatType,Moderator,AccessKeys,WriteKeys,SEODescription,SEOPageTitle,ManageKeys,AccessHide,WriteHide,ExcPortalSecurity,Weight,ShowList,Sharing) VALUES('188322782390658','208328939962424','Radio','','','','Moderator','|2|,|3|,|1|,|4|','|2|,|3|,|4|','','','|2|','0','0','0','2000','1','1')
INSERT INTO CategoriesModules (UniqueID,CatID,ModuleID) VALUES('103619084054783','188322782390658','19')
INSERT INTO CategoriesPortals (UniqueID,CatID,PortalID) VALUES('187878653753312','188322782390658','0')
INSERT INTO Categories (CatID,ListUnder,CategoryName,Description,Keywords,CatType,Moderator,AccessKeys,WriteKeys,SEODescription,SEOPageTitle,ManageKeys,AccessHide,WriteHide,ExcPortalSecurity,Weight,ShowList,Sharing) VALUES('195234696825164','828577006965644','Radio','','','','Moderator','|2|,|3|,|1|,|4|','|2|,|3|,|4|','','','|2|','0','0','0','2000','1','1')
INSERT INTO CategoriesModules (UniqueID,CatID,ModuleID) VALUES('117628247576168','195234696825164','19')
INSERT INTO CategoriesPortals (UniqueID,CatID,PortalID) VALUES('115284893366368','195234696825164','0')
INSERT INTO Categories (CatID,ListUnder,CategoryName,Description,Keywords,CatType,Moderator,AccessKeys,WriteKeys,SEODescription,SEOPageTitle,ManageKeys,AccessHide,WriteHide,ExcPortalSecurity,Weight,ShowList,Sharing) VALUES('102301874565636','418012308427443','Radio','','','','Moderator','|2|,|3|,|1|,|4|','|2|,|3|,|4|','','','|2|','0','0','0','2000','1','1')
INSERT INTO CategoriesModules (UniqueID,CatID,ModuleID) VALUES('384342103545195','102301874565636','19')
INSERT INTO CategoriesPortals (UniqueID,CatID,PortalID) VALUES('138026039837852','102301874565636','0')
INSERT INTO Categories (CatID,ListUnder,CategoryName,Description,Keywords,CatType,Moderator,AccessKeys,WriteKeys,SEODescription,SEOPageTitle,ManageKeys,AccessHide,WriteHide,ExcPortalSecurity,Weight,ShowList,Sharing) VALUES('130461621427244','196992743979967','Real Estate','','','','Moderator','|2|,|3|,|1|,|4|','|2|,|3|,|4|','','','|2|','0','0','0','2000','1','1')
INSERT INTO CategoriesModules (UniqueID,CatID,ModuleID) VALUES('450259075834931','130461621427244','19')
INSERT INTO CategoriesPortals (UniqueID,CatID,PortalID) VALUES('119038268282464','130461621427244','0')
INSERT INTO Categories (CatID,ListUnder,CategoryName,Description,Keywords,CatType,Moderator,AccessKeys,WriteKeys,SEODescription,SEOPageTitle,ManageKeys,AccessHide,WriteHide,ExcPortalSecurity,Weight,ShowList,Sharing) VALUES('178184256263312','0','Real Estate','','','','Moderator','|2|,|3|,|1|,|4|','|2|,|3|,|4|','','','|2|','0','0','0','2000','1','1')
INSERT INTO CategoriesModules (UniqueID,CatID,ModuleID) VALUES('276803942283861','178184256263312','19')
INSERT INTO CategoriesPortals (UniqueID,CatID,PortalID) VALUES('134769328565161','178184256263312','0')
INSERT INTO Categories (CatID,ListUnder,CategoryName,Description,Keywords,CatType,Moderator,AccessKeys,WriteKeys,SEODescription,SEOPageTitle,ManageKeys,AccessHide,WriteHide,ExcPortalSecurity,Weight,ShowList,Sharing) VALUES('171822755767486','178184256263312','Realtors','','','','Moderator','|2|,|3|,|1|,|4|','|2|,|3|,|4|','','','|2|','0','0','0','2000','1','1')
INSERT INTO CategoriesModules (UniqueID,CatID,ModuleID) VALUES('168479801264962','171822755767486','19')
INSERT INTO CategoriesPortals (UniqueID,CatID,PortalID) VALUES('188555162625373','171822755767486','0')
INSERT INTO Categories (CatID,ListUnder,CategoryName,Description,Keywords,CatType,Moderator,AccessKeys,WriteKeys,SEODescription,SEOPageTitle,ManageKeys,AccessHide,WriteHide,ExcPortalSecurity,Weight,ShowList,Sharing) VALUES('828577006965644','0','Recreation','','','','Moderator','|2|,|3|,|1|,|4|','|2|,|3|,|4|','','','|2|','0','0','0','2000','1','1')
INSERT INTO CategoriesModules (UniqueID,CatID,ModuleID) VALUES('472470988591613','828577006965644','19')
INSERT INTO CategoriesPortals (UniqueID,CatID,PortalID) VALUES('366173554862931','828577006965644','0')
INSERT INTO Categories (CatID,ListUnder,CategoryName,Description,Keywords,CatType,Moderator,AccessKeys,WriteKeys,SEODescription,SEOPageTitle,ManageKeys,AccessHide,WriteHide,ExcPortalSecurity,Weight,ShowList,Sharing) VALUES('100615907863314','291790306797482','Recreational Vehicles','','','','Moderator','|2|,|3|,|1|,|4|','|2|,|3|,|4|','','','|2|','0','0','0','2000','1','1')
INSERT INTO CategoriesModules (UniqueID,CatID,ModuleID) VALUES('305003980951441','100615907863314','19')
INSERT INTO CategoriesPortals (UniqueID,CatID,PortalID) VALUES('125893598331899','100615907863314','0')
INSERT INTO Categories (CatID,ListUnder,CategoryName,Description,Keywords,CatType,Moderator,AccessKeys,WriteKeys,SEODescription,SEOPageTitle,ManageKeys,AccessHide,WriteHide,ExcPortalSecurity,Weight,ShowList,Sharing) VALUES('142675881676442','202999822552781','Recruitment','','','','Moderator','|2|,|3|,|1|,|4|','|2|,|3|,|4|','','','|2|','0','0','0','2000','1','1')
INSERT INTO CategoriesModules (UniqueID,CatID,ModuleID) VALUES('949049268436162','142675881676442','19')
INSERT INTO CategoriesPortals (UniqueID,CatID,PortalID) VALUES('546659347581342','142675881676442','0')
INSERT INTO Categories (CatID,ListUnder,CategoryName,Description,Keywords,CatType,Moderator,AccessKeys,WriteKeys,SEODescription,SEOPageTitle,ManageKeys,AccessHide,WriteHide,ExcPortalSecurity,Weight,ShowList,Sharing) VALUES('199386689783970','0','Reference','','','','Moderator','|2|,|3|,|1|,|4|','|2|,|3|,|4|','','','|2|','0','0','0','2000','1','1')
INSERT INTO CategoriesModules (UniqueID,CatID,ModuleID) VALUES('282874458135375','199386689783970','19')
INSERT INTO CategoriesPortals (UniqueID,CatID,PortalID) VALUES('166039783706417','199386689783970','0')
INSERT INTO Categories (CatID,ListUnder,CategoryName,Description,Keywords,CatType,Moderator,AccessKeys,WriteKeys,SEODescription,SEOPageTitle,ManageKeys,AccessHide,WriteHide,ExcPortalSecurity,Weight,ShowList,Sharing) VALUES('183476806952448','116195634152458','Reference','','','','Moderator','|2|,|3|,|1|,|4|','|2|,|3|,|4|','','','|2|','0','0','0','2000','1','1')
INSERT INTO CategoriesModules (UniqueID,CatID,ModuleID) VALUES('532683595453448','183476806952448','19')
INSERT INTO CategoriesPortals (UniqueID,CatID,PortalID) VALUES('277671360164772','183476806952448','0')
INSERT INTO Categories (CatID,ListUnder,CategoryName,Description,Keywords,CatType,Moderator,AccessKeys,WriteKeys,SEODescription,SEOPageTitle,ManageKeys,AccessHide,WriteHide,ExcPortalSecurity,Weight,ShowList,Sharing) VALUES('359450025245584','187229545352848','Reference','','','','Moderator','|2|,|3|,|1|,|4|','|2|,|3|,|4|','','','|2|','0','0','0','2000','1','1')
INSERT INTO CategoriesModules (UniqueID,CatID,ModuleID) VALUES('141112361677237','359450025245584','19')
INSERT INTO CategoriesPortals (UniqueID,CatID,PortalID) VALUES('176296434360847','359450025245584','0')
INSERT INTO Categories (CatID,ListUnder,CategoryName,Description,Keywords,CatType,Moderator,AccessKeys,WriteKeys,SEODescription,SEOPageTitle,ManageKeys,AccessHide,WriteHide,ExcPortalSecurity,Weight,ShowList,Sharing) VALUES('789325426075415','108351767413623','Regional','','','','Moderator','|2|,|3|,|1|,|4|','|2|,|3|,|4|','','','|2|','0','0','0','2000','1','1')
INSERT INTO CategoriesModules (UniqueID,CatID,ModuleID) VALUES('165590349412525','789325426075415','19')
INSERT INTO CategoriesPortals (UniqueID,CatID,PortalID) VALUES('133444055864682','789325426075415','0')
INSERT INTO Categories (CatID,ListUnder,CategoryName,Description,Keywords,CatType,Moderator,AccessKeys,WriteKeys,SEODescription,SEOPageTitle,ManageKeys,AccessHide,WriteHide,ExcPortalSecurity,Weight,ShowList,Sharing) VALUES('141607329861664','208328939962424','Regional','','','','Moderator','|2|,|3|,|1|,|4|','|2|,|3|,|4|','','','|2|','0','0','0','2000','1','1')
INSERT INTO CategoriesModules (UniqueID,CatID,ModuleID) VALUES('373196793636685','141607329861664','19')
INSERT INTO CategoriesPortals (UniqueID,CatID,PortalID) VALUES('189021944044355','141607329861664','0')
INSERT INTO Categories (CatID,ListUnder,CategoryName,Description,Keywords,CatType,Moderator,AccessKeys,WriteKeys,SEODescription,SEOPageTitle,ManageKeys,AccessHide,WriteHide,ExcPortalSecurity,Weight,ShowList,Sharing) VALUES('113209343573435','0','Regional','','','','Moderator','|2|,|3|,|1|,|4|','|2|,|3|,|4|','','','|2|','0','0','0','2000','1','1')
INSERT INTO CategoriesModules (UniqueID,CatID,ModuleID) VALUES('721069209520688','113209343573435','19')
INSERT INTO CategoriesPortals (UniqueID,CatID,PortalID) VALUES('458642556408768','113209343573435','0')
INSERT INTO Categories (CatID,ListUnder,CategoryName,Description,Keywords,CatType,Moderator,AccessKeys,WriteKeys,SEODescription,SEOPageTitle,ManageKeys,AccessHide,WriteHide,ExcPortalSecurity,Weight,ShowList,Sharing) VALUES('142635459677266','107462925193527','Relationships','','','','Moderator','|2|,|3|,|1|,|4|','|2|,|3|,|4|','','','|2|','0','0','0','2000','1','1')
INSERT INTO CategoriesModules (UniqueID,CatID,ModuleID) VALUES('178487180555391','142635459677266','19')
INSERT INTO CategoriesPortals (UniqueID,CatID,PortalID) VALUES('118222445131693','142635459677266','0')
INSERT INTO Categories (CatID,ListUnder,CategoryName,Description,Keywords,CatType,Moderator,AccessKeys,WriteKeys,SEODescription,SEOPageTitle,ManageKeys,AccessHide,WriteHide,ExcPortalSecurity,Weight,ShowList,Sharing) VALUES('913714978885663','673927313944867','Relationships','','','','Moderator','|2|,|3|,|1|,|4|','|2|,|3|,|4|','','','|2|','0','0','0','2000','1','1')
INSERT INTO CategoriesModules (UniqueID,CatID,ModuleID) VALUES('101833108277222','913714978885663','19')
INSERT INTO CategoriesPortals (UniqueID,CatID,PortalID) VALUES('941566019340250','913714978885663','0')
INSERT INTO Categories (CatID,ListUnder,CategoryName,Description,Keywords,CatType,Moderator,AccessKeys,WriteKeys,SEODescription,SEOPageTitle,ManageKeys,AccessHide,WriteHide,ExcPortalSecurity,Weight,ShowList,Sharing) VALUES('128964205603868','673927313944867','Religion and Spirituality','','','','Moderator','|2|,|3|,|1|,|4|','|2|,|3|,|4|','','','|2|','0','0','0','2000','1','1')
INSERT INTO CategoriesModules (UniqueID,CatID,ModuleID) VALUES('110742609979281','128964205603868','19')
INSERT INTO CategoriesPortals (UniqueID,CatID,PortalID) VALUES('165456805173644','128964205603868','0')
INSERT INTO Categories (CatID,ListUnder,CategoryName,Description,Keywords,CatType,Moderator,AccessKeys,WriteKeys,SEODescription,SEOPageTitle,ManageKeys,AccessHide,WriteHide,ExcPortalSecurity,Weight,ShowList,Sharing) VALUES('102929655341211','178184256263312','Relocation Services','','','','Moderator','|2|,|3|,|1|,|4|','|2|,|3|,|4|','','','|2|','0','0','0','2000','1','1')
INSERT INTO CategoriesModules (UniqueID,CatID,ModuleID) VALUES('342947199192855','102929655341211','19')
INSERT INTO CategoriesPortals (UniqueID,CatID,PortalID) VALUES('539424631157365','102929655341211','0')
INSERT INTO Categories (CatID,ListUnder,CategoryName,Description,Keywords,CatType,Moderator,AccessKeys,WriteKeys,SEODescription,SEOPageTitle,ManageKeys,AccessHide,WriteHide,ExcPortalSecurity,Weight,ShowList,Sharing) VALUES('191314974448082','178184256263312','Rent','','','','Moderator','|2|,|3|,|1|,|4|','|2|,|3|,|4|','','','|2|','0','0','0','2000','1','1')
INSERT INTO CategoriesModules (UniqueID,CatID,ModuleID) VALUES('151518968061511','191314974448082','19')
INSERT INTO CategoriesPortals (UniqueID,CatID,PortalID) VALUES('739816193866711','191314974448082','0')
INSERT INTO Categories (CatID,ListUnder,CategoryName,Description,Keywords,CatType,Moderator,AccessKeys,WriteKeys,SEODescription,SEOPageTitle,ManageKeys,AccessHide,WriteHide,ExcPortalSecurity,Weight,ShowList,Sharing) VALUES('129917314842253','178184256263312','REO''s','','','','Moderator','|2|,|3|,|1|,|4|','|2|,|3|,|4|','','','|2|','0','0','0','2000','1','1')
INSERT INTO CategoriesModules (UniqueID,CatID,ModuleID) VALUES('607665420939413','129917314842253','19')
INSERT INTO CategoriesPortals (UniqueID,CatID,PortalID) VALUES('657392893235343','129917314842253','0')
INSERT INTO Categories (CatID,ListUnder,CategoryName,Description,Keywords,CatType,Moderator,AccessKeys,WriteKeys,SEODescription,SEOPageTitle,ManageKeys,AccessHide,WriteHide,ExcPortalSecurity,Weight,ShowList,Sharing) VALUES('391319797196882','316246332495564','Research','','','','Moderator','|2|,|3|,|1|,|4|','|2|,|3|,|4|','','','|2|','0','0','0','2000','1','1')
INSERT INTO CategoriesModules (UniqueID,CatID,ModuleID) VALUES('114675690080114','391319797196882','19')
INSERT INTO CategoriesPortals (UniqueID,CatID,PortalID) VALUES('718730012347661','391319797196882','0')
INSERT INTO Categories (CatID,ListUnder,CategoryName,Description,Keywords,CatType,Moderator,AccessKeys,WriteKeys,SEODescription,SEOPageTitle,ManageKeys,AccessHide,WriteHide,ExcPortalSecurity,Weight,ShowList,Sharing) VALUES('102348366547444','161512229762770','Research Labs','','','','Moderator','|2|,|3|,|1|,|4|','|2|,|3|,|4|','','','|2|','0','0','0','2000','1','1')
INSERT INTO CategoriesModules (UniqueID,CatID,ModuleID) VALUES('132766754752746','102348366547444','19')
INSERT INTO CategoriesPortals (UniqueID,CatID,PortalID) VALUES('170313049496567','102348366547444','0')
INSERT INTO Categories (CatID,ListUnder,CategoryName,Description,Keywords,CatType,Moderator,AccessKeys,WriteKeys,SEODescription,SEOPageTitle,ManageKeys,AccessHide,WriteHide,ExcPortalSecurity,Weight,ShowList,Sharing) VALUES('140493584621052','137301753284712','Resources','','','','Moderator','|2|,|3|,|1|,|4|','|2|,|3|,|4|','','','|2|','0','0','0','2000','1','1')
INSERT INTO CategoriesModules (UniqueID,CatID,ModuleID) VALUES('185362319356793','140493584621052','19')
INSERT INTO CategoriesPortals (UniqueID,CatID,PortalID) VALUES('176287148970719','140493584621052','0')
INSERT INTO Categories (CatID,ListUnder,CategoryName,Description,Keywords,CatType,Moderator,AccessKeys,WriteKeys,SEODescription,SEOPageTitle,ManageKeys,AccessHide,WriteHide,ExcPortalSecurity,Weight,ShowList,Sharing) VALUES('153201233187540','178184256263312','Resources','','','','Moderator','|2|,|3|,|1|,|4|','|2|,|3|,|4|','','','|2|','0','0','0','2000','1','1')
INSERT INTO CategoriesModules (UniqueID,CatID,ModuleID) VALUES('208446382843223','153201233187540','19')
INSERT INTO CategoriesPortals (UniqueID,CatID,PortalID) VALUES('452691668382773','153201233187540','0')
INSERT INTO Categories (CatID,ListUnder,CategoryName,Description,Keywords,CatType,Moderator,AccessKeys,WriteKeys,SEODescription,SEOPageTitle,ManageKeys,AccessHide,WriteHide,ExcPortalSecurity,Weight,ShowList,Sharing) VALUES('155404744652757','113151894273336','Resources','','','','Moderator','|2|,|3|,|1|,|4|','|2|,|3|,|4|','','','|2|','0','0','0','2000','1','1')
INSERT INTO CategoriesModules (UniqueID,CatID,ModuleID) VALUES('185423264041398','155404744652757','19')
INSERT INTO CategoriesPortals (UniqueID,CatID,PortalID) VALUES('168404224107138','155404744652757','0')
INSERT INTO Categories (CatID,ListUnder,CategoryName,Description,Keywords,CatType,Moderator,AccessKeys,WriteKeys,SEODescription,SEOPageTitle,ManageKeys,AccessHide,WriteHide,ExcPortalSecurity,Weight,ShowList,Sharing) VALUES('190657207196961','208328939962424','Resources','','','','Moderator','|2|,|3|,|1|,|4|','|2|,|3|,|4|','','','|2|','0','0','0','2000','1','1')
INSERT INTO CategoriesModules (UniqueID,CatID,ModuleID) VALUES('213299666029428','190657207196961','19')
INSERT INTO CategoriesPortals (UniqueID,CatID,PortalID) VALUES('126059344871462','190657207196961','0')
INSERT INTO Categories (CatID,ListUnder,CategoryName,Description,Keywords,CatType,Moderator,AccessKeys,WriteKeys,SEODescription,SEOPageTitle,ManageKeys,AccessHide,WriteHide,ExcPortalSecurity,Weight,ShowList,Sharing) VALUES('916159650592761','196992743979967','Resources','','','','Moderator','|2|,|3|,|1|,|4|','|2|,|3|,|4|','','','|2|','0','0','0','2000','1','1')
INSERT INTO CategoriesModules (UniqueID,CatID,ModuleID) VALUES('183221424071587','916159650592761','19')
INSERT INTO CategoriesPortals (UniqueID,CatID,PortalID) VALUES('196517366804479','916159650592761','0')
INSERT INTO Categories (CatID,ListUnder,CategoryName,Description,Keywords,CatType,Moderator,AccessKeys,WriteKeys,SEODescription,SEOPageTitle,ManageKeys,AccessHide,WriteHide,ExcPortalSecurity,Weight,ShowList,Sharing) VALUES('862321010526800','172065587414582','Restaurants','','','','Moderator','|2|,|3|,|1|,|4|','|2|,|3|,|4|','','','|2|','0','0','0','2000','1','1')
INSERT INTO CategoriesModules (UniqueID,CatID,ModuleID) VALUES('207312989442757','862321010526800','19')
INSERT INTO CategoriesPortals (UniqueID,CatID,PortalID) VALUES('760423520591730','862321010526800','0')
INSERT INTO Categories (CatID,ListUnder,CategoryName,Description,Keywords,CatType,Moderator,AccessKeys,WriteKeys,SEODescription,SEOPageTitle,ManageKeys,AccessHide,WriteHide,ExcPortalSecurity,Weight,ShowList,Sharing) VALUES('201049591243651','202999822552781','Resumes Online','','','','Moderator','|2|,|3|,|1|,|4|','|2|,|3|,|4|','','','|2|','0','0','0','2000','1','1')
INSERT INTO CategoriesModules (UniqueID,CatID,ModuleID) VALUES('310034319626372','201049591243651','19')
INSERT INTO CategoriesPortals (UniqueID,CatID,PortalID) VALUES('211052726340993','201049591243651','0')
INSERT INTO Categories (CatID,ListUnder,CategoryName,Description,Keywords,CatType,Moderator,AccessKeys,WriteKeys,SEODescription,SEOPageTitle,ManageKeys,AccessHide,WriteHide,ExcPortalSecurity,Weight,ShowList,Sharing) VALUES('150305426901968','196992743979967','Retail Trade','','','','Moderator','|2|,|3|,|1|,|4|','|2|,|3|,|4|','','','|2|','0','0','0','2000','1','1')
INSERT INTO CategoriesModules (UniqueID,CatID,ModuleID) VALUES('168025514615516','150305426901968','19')
INSERT INTO CategoriesPortals (UniqueID,CatID,PortalID) VALUES('857239265837779','150305426901968','0')
INSERT INTO Categories (CatID,ListUnder,CategoryName,Description,Keywords,CatType,Moderator,AccessKeys,WriteKeys,SEODescription,SEOPageTitle,ManageKeys,AccessHide,WriteHide,ExcPortalSecurity,Weight,ShowList,Sharing) VALUES('901322938314887','828577006965644','Roads and Highways','','','','Moderator','|2|,|3|,|1|,|4|','|2|,|3|,|4|','','','|2|','0','0','0','2000','1','1')
INSERT INTO CategoriesModules (UniqueID,CatID,ModuleID) VALUES('165959388341626','901322938314887','19')
INSERT INTO CategoriesPortals (UniqueID,CatID,PortalID) VALUES('129853304523375','901322938314887','0')
INSERT INTO Categories (CatID,ListUnder,CategoryName,Description,Keywords,CatType,Moderator,AccessKeys,WriteKeys,SEODescription,SEOPageTitle,ManageKeys,AccessHide,WriteHide,ExcPortalSecurity,Weight,ShowList,Sharing) VALUES('373104474976757','206453636137885','Robotics','','','','Moderator','|2|,|3|,|1|,|4|','|2|,|3|,|4|','','','|2|','0','0','0','2000','1','1')
INSERT INTO CategoriesModules (UniqueID,CatID,ModuleID) VALUES('140400456322447','373104474976757','19')
INSERT INTO CategoriesPortals (UniqueID,CatID,PortalID) VALUES('133184826163381','373104474976757','0')
INSERT INTO Categories (CatID,ListUnder,CategoryName,Description,Keywords,CatType,Moderator,AccessKeys,WriteKeys,SEODescription,SEOPageTitle,ManageKeys,AccessHide,WriteHide,ExcPortalSecurity,Weight,ShowList,Sharing) VALUES('455587177384225','137301753284712','Rodeo','','','','Moderator','|2|,|3|,|1|,|4|','|2|,|3|,|4|','','','|2|','0','0','0','2000','1','1')
INSERT INTO CategoriesModules (UniqueID,CatID,ModuleID) VALUES('219215733310316','455587177384225','19')
INSERT INTO CategoriesPortals (UniqueID,CatID,PortalID) VALUES('125798438232069','455587177384225','0')
INSERT INTO Categories (CatID,ListUnder,CategoryName,Description,Keywords,CatType,Moderator,AccessKeys,WriteKeys,SEODescription,SEOPageTitle,ManageKeys,AccessHide,WriteHide,ExcPortalSecurity,Weight,ShowList,Sharing) VALUES('127793401544268','459950931209134','Roleplaying','','','','Moderator','|2|,|3|,|1|,|4|','|2|,|3|,|4|','','','|2|','0','0','0','2000','1','1')
INSERT INTO CategoriesModules (UniqueID,CatID,ModuleID) VALUES('156872007253847','127793401544268','19')
INSERT INTO CategoriesPortals (UniqueID,CatID,PortalID) VALUES('131552467588658','127793401544268','0')
INSERT INTO Categories (CatID,ListUnder,CategoryName,Description,Keywords,CatType,Moderator,AccessKeys,WriteKeys,SEODescription,SEOPageTitle,ManageKeys,AccessHide,WriteHide,ExcPortalSecurity,Weight,ShowList,Sharing) VALUES('165135514434647','199386689783970','Roleplaying Games','','','','Moderator','|2|,|3|,|1|,|4|','|2|,|3|,|4|','','','|2|','0','0','0','2000','1','1')
INSERT INTO CategoriesModules (UniqueID,CatID,ModuleID) VALUES('161755060018288','165135514434647','19')
INSERT INTO CategoriesPortals (UniqueID,CatID,PortalID) VALUES('101301607722314','165135514434647','0')
INSERT INTO Categories (CatID,ListUnder,CategoryName,Description,Keywords,CatType,Moderator,AccessKeys,WriteKeys,SEODescription,SEOPageTitle,ManageKeys,AccessHide,WriteHide,ExcPortalSecurity,Weight,ShowList,Sharing) VALUES('190383623544686','113209343573435','Romania','','','','Moderator','|2|,|3|,|1|,|4|','|2|,|3|,|4|','','','|2|','0','0','0','2000','1','1')
INSERT INTO CategoriesModules (UniqueID,CatID,ModuleID) VALUES('188664840390216','190383623544686','19')
INSERT INTO CategoriesPortals (UniqueID,CatID,PortalID) VALUES('628262491510358','190383623544686','0')
INSERT INTO Categories (CatID,ListUnder,CategoryName,Description,Keywords,CatType,Moderator,AccessKeys,WriteKeys,SEODescription,SEOPageTitle,ManageKeys,AccessHide,WriteHide,ExcPortalSecurity,Weight,ShowList,Sharing) VALUES('107207028068676','137301753284712','Rounders','','','','Moderator','|2|,|3|,|1|,|4|','|2|,|3|,|4|','','','|2|','0','0','0','2000','1','1')
INSERT INTO CategoriesModules (UniqueID,CatID,ModuleID) VALUES('161587703104115','107207028068676','19')
INSERT INTO CategoriesPortals (UniqueID,CatID,PortalID) VALUES('483929337583933','107207028068676','0')
INSERT INTO Categories (CatID,ListUnder,CategoryName,Description,Keywords,CatType,Moderator,AccessKeys,WriteKeys,SEODescription,SEOPageTitle,ManageKeys,AccessHide,WriteHide,ExcPortalSecurity,Weight,ShowList,Sharing) VALUES('108620794776568','113151894273336','Routers and Routing','','','','Moderator','|2|,|3|,|1|,|4|','|2|,|3|,|4|','','','|2|','0','0','0','2000','1','1')
INSERT INTO CategoriesModules (UniqueID,CatID,ModuleID) VALUES('119900655052368','108620794776568','19')
INSERT INTO CategoriesPortals (UniqueID,CatID,PortalID) VALUES('119189379337447','108620794776568','0')
INSERT INTO Categories (CatID,ListUnder,CategoryName,Description,Keywords,CatType,Moderator,AccessKeys,WriteKeys,SEODescription,SEOPageTitle,ManageKeys,AccessHide,WriteHide,ExcPortalSecurity,Weight,ShowList,Sharing) VALUES('113314719184845','137301753284712','Rowing','','','','Moderator','|2|,|3|,|1|,|4|','|2|,|3|,|4|','','','|2|','0','0','0','2000','1','1')
INSERT INTO CategoriesModules (UniqueID,CatID,ModuleID) VALUES('452360617666513','113314719184845','19')
INSERT INTO CategoriesPortals (UniqueID,CatID,PortalID) VALUES('490064963664271','113314719184845','0')
INSERT INTO Categories (CatID,ListUnder,CategoryName,Description,Keywords,CatType,Moderator,AccessKeys,WriteKeys,SEODescription,SEOPageTitle,ManageKeys,AccessHide,WriteHide,ExcPortalSecurity,Weight,ShowList,Sharing) VALUES('161439165864555','137301753284712','Rugby','','','','Moderator','|2|,|3|,|1|,|4|','|2|,|3|,|4|','','','|2|','0','0','0','2000','1','1')
INSERT INTO CategoriesModules (UniqueID,CatID,ModuleID) VALUES('212731823492554','161439165864555','19')
INSERT INTO CategoriesPortals (UniqueID,CatID,PortalID) VALUES('115463673112335','161439165864555','0')
INSERT INTO Categories (CatID,ListUnder,CategoryName,Description,Keywords,CatType,Moderator,AccessKeys,WriteKeys,SEODescription,SEOPageTitle,ManageKeys,AccessHide,WriteHide,ExcPortalSecurity,Weight,ShowList,Sharing) VALUES('610823556819919','137301753284712','Running','','','','Moderator','|2|,|3|,|1|,|4|','|2|,|3|,|4|','','','|2|','0','0','0','2000','1','1')
INSERT INTO CategoriesModules (UniqueID,CatID,ModuleID) VALUES('365790966613505','610823556819919','19')
INSERT INTO CategoriesPortals (UniqueID,CatID,PortalID) VALUES('960469936475637','610823556819919','0')
INSERT INTO Categories (CatID,ListUnder,CategoryName,Description,Keywords,CatType,Moderator,AccessKeys,WriteKeys,SEODescription,SEOPageTitle,ManageKeys,AccessHide,WriteHide,ExcPortalSecurity,Weight,ShowList,Sharing) VALUES('329865659173171','183613075156714','Rural Living','','','','Moderator','|2|,|3|,|1|,|4|','|2|,|3|,|4|','','','|2|','0','0','0','2000','1','1')
INSERT INTO CategoriesModules (UniqueID,CatID,ModuleID) VALUES('238627059464848','329865659173171','19')
INSERT INTO CategoriesPortals (UniqueID,CatID,PortalID) VALUES('884412587338341','329865659173171','0')
INSERT INTO Categories (CatID,ListUnder,CategoryName,Description,Keywords,CatType,Moderator,AccessKeys,WriteKeys,SEODescription,SEOPageTitle,ManageKeys,AccessHide,WriteHide,ExcPortalSecurity,Weight,ShowList,Sharing) VALUES('168313785330068','113209343573435','Russia','','','','Moderator','|2|,|3|,|1|,|4|','|2|,|3|,|4|','','','|2|','0','0','0','2000','1','1')
INSERT INTO CategoriesModules (UniqueID,CatID,ModuleID) VALUES('101754442843447','168313785330068','19')
INSERT INTO CategoriesPortals (UniqueID,CatID,PortalID) VALUES('139312035497821','168313785330068','0')
INSERT INTO Categories (CatID,ListUnder,CategoryName,Description,Keywords,CatType,Moderator,AccessKeys,WriteKeys,SEODescription,SEOPageTitle,ManageKeys,AccessHide,WriteHide,ExcPortalSecurity,Weight,ShowList,Sharing) VALUES('365352538128746','108351767413623','Satire','','','','Moderator','|2|,|3|,|1|,|4|','|2|,|3|,|4|','','','|2|','0','0','0','2000','1','1')
INSERT INTO CategoriesModules (UniqueID,CatID,ModuleID) VALUES('152932330018280','365352538128746','19')
INSERT INTO CategoriesPortals (UniqueID,CatID,PortalID) VALUES('410825721797852','365352538128746','0')
INSERT INTO Categories (CatID,ListUnder,CategoryName,Description,Keywords,CatType,Moderator,AccessKeys,WriteKeys,SEODescription,SEOPageTitle,ManageKeys,AccessHide,WriteHide,ExcPortalSecurity,Weight,ShowList,Sharing) VALUES('909693657639575','316246332495564','School Wear','','','','Moderator','|2|,|3|,|1|,|4|','|2|,|3|,|4|','','','|2|','0','0','0','2000','1','1')
INSERT INTO CategoriesModules (UniqueID,CatID,ModuleID) VALUES('477451244546162','909693657639575','19')
INSERT INTO CategoriesPortals (UniqueID,CatID,PortalID) VALUES('738793881126768','909693657639575','0')
INSERT INTO Categories (CatID,ListUnder,CategoryName,Description,Keywords,CatType,Moderator,AccessKeys,WriteKeys,SEODescription,SEOPageTitle,ManageKeys,AccessHide,WriteHide,ExcPortalSecurity,Weight,ShowList,Sharing) VALUES('764552545401144','187229545352848','Science in Society','','','','Moderator','|2|,|3|,|1|,|4|','|2|,|3|,|4|','','','|2|','0','0','0','2000','1','1')
INSERT INTO CategoriesModules (UniqueID,CatID,ModuleID) VALUES('686434642927602','764552545401144','19')
INSERT INTO CategoriesPortals (UniqueID,CatID,PortalID) VALUES('197698668216585','764552545401144','0')
INSERT INTO Categories (CatID,ListUnder,CategoryName,Description,Keywords,CatType,Moderator,AccessKeys,WriteKeys,SEODescription,SEOPageTitle,ManageKeys,AccessHide,WriteHide,ExcPortalSecurity,Weight,ShowList,Sharing) VALUES('558813387515584','116195634152458','Science in Society','','','','Moderator','|2|,|3|,|1|,|4|','|2|,|3|,|4|','','','|2|','0','0','0','2000','1','1')
INSERT INTO CategoriesModules (UniqueID,CatID,ModuleID) VALUES('111405786741168','558813387515584','19')
INSERT INTO CategoriesPortals (UniqueID,CatID,PortalID) VALUES('101340561062258','558813387515584','0')
INSERT INTO Categories (CatID,ListUnder,CategoryName,Description,Keywords,CatType,Moderator,AccessKeys,WriteKeys,SEODescription,SEOPageTitle,ManageKeys,AccessHide,WriteHide,ExcPortalSecurity,Weight,ShowList,Sharing) VALUES('746898474889796','107462925193527','Sciences','','','','Moderator','|2|,|3|,|1|,|4|','|2|,|3|,|4|','','','|2|','0','0','0','2000','1','1')
INSERT INTO CategoriesModules (UniqueID,CatID,ModuleID) VALUES('833285174764533','746898474889796','19')
INSERT INTO CategoriesPortals (UniqueID,CatID,PortalID) VALUES('299702906058520','746898474889796','0')
INSERT INTO Categories (CatID,ListUnder,CategoryName,Description,Keywords,CatType,Moderator,AccessKeys,WriteKeys,SEODescription,SEOPageTitle,ManageKeys,AccessHide,WriteHide,ExcPortalSecurity,Weight,ShowList,Sharing) VALUES('187229545352848','0','Sciences','','','','Moderator','|2|,|3|,|1|,|4|','|2|,|3|,|4|','','','|2|','0','0','0','2000','1','1')
INSERT INTO CategoriesModules (UniqueID,CatID,ModuleID) VALUES('158151304172130','187229545352848','19')
INSERT INTO CategoriesPortals (UniqueID,CatID,PortalID) VALUES('608350466685714','187229545352848','0')
INSERT INTO Categories (CatID,ListUnder,CategoryName,Description,Keywords,CatType,Moderator,AccessKeys,WriteKeys,SEODescription,SEOPageTitle,ManageKeys,AccessHide,WriteHide,ExcPortalSecurity,Weight,ShowList,Sharing) VALUES('180628357852524','828577006965644','Scouting','','','','Moderator','|2|,|3|,|1|,|4|','|2|,|3|,|4|','','','|2|','0','0','0','2000','1','1')
INSERT INTO CategoriesModules (UniqueID,CatID,ModuleID) VALUES('657547775373346','180628357852524','19')
INSERT INTO CategoriesPortals (UniqueID,CatID,PortalID) VALUES('340441664631793','180628357852524','0')
INSERT INTO Categories (CatID,ListUnder,CategoryName,Description,Keywords,CatType,Moderator,AccessKeys,WriteKeys,SEODescription,SEOPageTitle,ManageKeys,AccessHide,WriteHide,ExcPortalSecurity,Weight,ShowList,Sharing) VALUES('120898441469964','137301753284712','Scuba Diving','','','','Moderator','|2|,|3|,|1|,|4|','|2|,|3|,|4|','','','|2|','0','0','0','2000','1','1')
INSERT INTO CategoriesModules (UniqueID,CatID,ModuleID) VALUES('668603921387765','120898441469964','19')
INSERT INTO CategoriesPortals (UniqueID,CatID,PortalID) VALUES('115870419263354','120898441469964','0')
INSERT INTO Categories (CatID,ListUnder,CategoryName,Description,Keywords,CatType,Moderator,AccessKeys,WriteKeys,SEODescription,SEOPageTitle,ManageKeys,AccessHide,WriteHide,ExcPortalSecurity,Weight,ShowList,Sharing) VALUES('193641109813657','116195634152458','Search Engines','','','','Moderator','|2|,|3|,|1|,|4|','|2|,|3|,|4|','','','|2|','0','0','0','2000','1','1')
INSERT INTO CategoriesModules (UniqueID,CatID,ModuleID) VALUES('919214609346258','193641109813657','19')
INSERT INTO CategoriesPortals (UniqueID,CatID,PortalID) VALUES('113017571635063','193641109813657','0')
INSERT INTO Categories (CatID,ListUnder,CategoryName,Description,Keywords,CatType,Moderator,AccessKeys,WriteKeys,SEODescription,SEOPageTitle,ManageKeys,AccessHide,WriteHide,ExcPortalSecurity,Weight,ShowList,Sharing) VALUES('838295436175242','187229545352848','Search Engines','','','','Moderator','|2|,|3|,|1|,|4|','|2|,|3|,|4|','','','|2|','0','0','0','2000','1','1')
INSERT INTO CategoriesModules (UniqueID,CatID,ModuleID) VALUES('161600281435453','838295436175242','19')
INSERT INTO CategoriesPortals (UniqueID,CatID,PortalID) VALUES('104114400850383','838295436175242','0')
INSERT INTO Categories (CatID,ListUnder,CategoryName,Description,Keywords,CatType,Moderator,AccessKeys,WriteKeys,SEODescription,SEOPageTitle,ManageKeys,AccessHide,WriteHide,ExcPortalSecurity,Weight,ShowList,Sharing) VALUES('450700806150885','113151894273336','Search Engines','','','','Moderator','|2|,|3|,|1|,|4|','|2|,|3|,|4|','','','|2|','0','0','0','2000','1','1')
INSERT INTO CategoriesModules (UniqueID,CatID,ModuleID) VALUES('145340953964348','450700806150885','19')
INSERT INTO CategoriesPortals (UniqueID,CatID,PortalID) VALUES('214718532112057','450700806150885','0')
INSERT INTO Categories (CatID,ListUnder,CategoryName,Description,Keywords,CatType,Moderator,AccessKeys,WriteKeys,SEODescription,SEOPageTitle,ManageKeys,AccessHide,WriteHide,ExcPortalSecurity,Weight,ShowList,Sharing) VALUES('140995492962154','185002260738668','Seasonal','','','','Moderator','|2|,|3|,|1|,|4|','|2|,|3|,|4|','','','|2|','0','0','0','2000','1','1')
INSERT INTO CategoriesModules (UniqueID,CatID,ModuleID) VALUES('209739923465245','140995492962154','19')
INSERT INTO CategoriesPortals (UniqueID,CatID,PortalID) VALUES('205848137487160','140995492962154','0')
INSERT INTO Categories (CatID,ListUnder,CategoryName,Description,Keywords,CatType,Moderator,AccessKeys,WriteKeys,SEODescription,SEOPageTitle,ManageKeys,AccessHide,WriteHide,ExcPortalSecurity,Weight,ShowList,Sharing) VALUES('901463609377946','202999822552781','Seasonal and Student Employment','','','','Moderator','|2|,|3|,|1|,|4|','|2|,|3|,|4|','','','|2|','0','0','0','2000','1','1')
INSERT INTO CategoriesModules (UniqueID,CatID,ModuleID) VALUES('133727249396244','901463609377946','19')
INSERT INTO CategoriesPortals (UniqueID,CatID,PortalID) VALUES('121813253036577','901463609377946','0')
INSERT INTO Categories (CatID,ListUnder,CategoryName,Description,Keywords,CatType,Moderator,AccessKeys,WriteKeys,SEODescription,SEOPageTitle,ManageKeys,AccessHide,WriteHide,ExcPortalSecurity,Weight,ShowList,Sharing) VALUES('761736008685996','206453636137885','Security','','','','Moderator','|2|,|3|,|1|,|4|','|2|,|3|,|4|','','','|2|','0','0','0','2000','1','1')
INSERT INTO CategoriesModules (UniqueID,CatID,ModuleID) VALUES('105959688333458','761736008685996','19')
INSERT INTO CategoriesPortals (UniqueID,CatID,PortalID) VALUES('176777320659819','761736008685996','0')
INSERT INTO Categories (CatID,ListUnder,CategoryName,Description,Keywords,CatType,Moderator,AccessKeys,WriteKeys,SEODescription,SEOPageTitle,ManageKeys,AccessHide,WriteHide,ExcPortalSecurity,Weight,ShowList,Sharing) VALUES('210608010497161','673927313944867','Self Motivation','','','','Moderator','|2|,|3|,|1|,|4|','|2|,|3|,|4|','','','|2|','0','0','0','2000','1','1')
INSERT INTO CategoriesModules (UniqueID,CatID,ModuleID) VALUES('188735207847367','210608010497161','19')
INSERT INTO CategoriesPortals (UniqueID,CatID,PortalID) VALUES('157662426368325','210608010497161','0')
INSERT INTO Categories (CatID,ListUnder,CategoryName,Description,Keywords,CatType,Moderator,AccessKeys,WriteKeys,SEODescription,SEOPageTitle,ManageKeys,AccessHide,WriteHide,ExcPortalSecurity,Weight,ShowList,Sharing) VALUES('127074994956734','183613075156714','Seniors','','','','Moderator','|2|,|3|,|1|,|4|','|2|,|3|,|4|','','','|2|','0','0','0','2000','1','1')
INSERT INTO CategoriesModules (UniqueID,CatID,ModuleID) VALUES('169731414753516','127074994956734','19')
INSERT INTO CategoriesPortals (UniqueID,CatID,PortalID) VALUES('900293873805195','127074994956734','0')
INSERT INTO Categories (CatID,ListUnder,CategoryName,Description,Keywords,CatType,Moderator,AccessKeys,WriteKeys,SEODescription,SEOPageTitle,ManageKeys,AccessHide,WriteHide,ExcPortalSecurity,Weight,ShowList,Sharing) VALUES('147426433032725','137301753284712','Sepak Takraw','','','','Moderator','|2|,|3|,|1|,|4|','|2|,|3|,|4|','','','|2|','0','0','0','2000','1','1')
INSERT INTO CategoriesModules (UniqueID,CatID,ModuleID) VALUES('154110237196225','147426433032725','19')
INSERT INTO CategoriesPortals (UniqueID,CatID,PortalID) VALUES('206639059598302','147426433032725','0')
INSERT INTO Categories (CatID,ListUnder,CategoryName,Description,Keywords,CatType,Moderator,AccessKeys,WriteKeys,SEODescription,SEOPageTitle,ManageKeys,AccessHide,WriteHide,ExcPortalSecurity,Weight,ShowList,Sharing) VALUES('122699047087787','113209343573435','Serbia','','','','Moderator','|2|,|3|,|1|,|4|','|2|,|3|,|4|','','','|2|','0','0','0','2000','1','1')
INSERT INTO CategoriesModules (UniqueID,CatID,ModuleID) VALUES('452820020186459','122699047087787','19')
INSERT INTO CategoriesPortals (UniqueID,CatID,PortalID) VALUES('151898512235767','122699047087787','0')
INSERT INTO Categories (CatID,ListUnder,CategoryName,Description,Keywords,CatType,Moderator,AccessKeys,WriteKeys,SEODescription,SEOPageTitle,ManageKeys,AccessHide,WriteHide,ExcPortalSecurity,Weight,ShowList,Sharing) VALUES('291106693122208','196992743979967','Services','','','','Moderator','|2|,|3|,|1|,|4|','|2|,|3|,|4|','','','|2|','0','0','0','2000','1','1')
INSERT INTO CategoriesModules (UniqueID,CatID,ModuleID) VALUES('130298861842378','291106693122208','19')
INSERT INTO CategoriesPortals (UniqueID,CatID,PortalID) VALUES('170518692031454','291106693122208','0')
INSERT INTO Categories (CatID,ListUnder,CategoryName,Description,Keywords,CatType,Moderator,AccessKeys,WriteKeys,SEODescription,SEOPageTitle,ManageKeys,AccessHide,WriteHide,ExcPortalSecurity,Weight,ShowList,Sharing) VALUES('202991018051264','107462925193527','Sexuality','','','','Moderator','|2|,|3|,|1|,|4|','|2|,|3|,|4|','','','|2|','0','0','0','2000','1','1')
INSERT INTO CategoriesModules (UniqueID,CatID,ModuleID) VALUES('189931888814878','202991018051264','19')
INSERT INTO CategoriesPortals (UniqueID,CatID,PortalID) VALUES('130620447445678','202991018051264','0')
INSERT INTO Categories (CatID,ListUnder,CategoryName,Description,Keywords,CatType,Moderator,AccessKeys,WriteKeys,SEODescription,SEOPageTitle,ManageKeys,AccessHide,WriteHide,ExcPortalSecurity,Weight,ShowList,Sharing) VALUES('165250157632716','137301753284712','Shooting','','','','Moderator','|2|,|3|,|1|,|4|','|2|,|3|,|4|','','','|2|','0','0','0','2000','1','1')
INSERT INTO CategoriesModules (UniqueID,CatID,ModuleID) VALUES('214204815575141','165250157632716','19')
INSERT INTO CategoriesPortals (UniqueID,CatID,PortalID) VALUES('872017667837699','165250157632716','0')
INSERT INTO Categories (CatID,ListUnder,CategoryName,Description,Keywords,CatType,Moderator,AccessKeys,WriteKeys,SEODescription,SEOPageTitle,ManageKeys,AccessHide,WriteHide,ExcPortalSecurity,Weight,ShowList,Sharing) VALUES('180542746572088','291790306797482','Shopping','','','','Moderator','|2|,|3|,|1|,|4|','|2|,|3|,|4|','','','|2|','0','0','0','2000','1','1')
INSERT INTO CategoriesModules (UniqueID,CatID,ModuleID) VALUES('433107564443711','180542746572088','19')
INSERT INTO CategoriesPortals (UniqueID,CatID,PortalID) VALUES('288773558116567','180542746572088','0')
INSERT INTO Categories (CatID,ListUnder,CategoryName,Description,Keywords,CatType,Moderator,AccessKeys,WriteKeys,SEODescription,SEOPageTitle,ManageKeys,AccessHide,WriteHide,ExcPortalSecurity,Weight,ShowList,Sharing) VALUES('185002260738668','0','Shopping','','','','Moderator','|2|,|3|,|1|,|4|','|2|,|3|,|4|','','','|2|','0','0','0','2000','1','1')
INSERT INTO CategoriesModules (UniqueID,CatID,ModuleID) VALUES('487555026801240','185002260738668','19')
INSERT INTO CategoriesPortals (UniqueID,CatID,PortalID) VALUES('848222473206776','185002260738668','0')
INSERT INTO Categories (CatID,ListUnder,CategoryName,Description,Keywords,CatType,Moderator,AccessKeys,WriteKeys,SEODescription,SEOPageTitle,ManageKeys,AccessHide,WriteHide,ExcPortalSecurity,Weight,ShowList,Sharing) VALUES('108283999223578','193306780238815','Shopping','','','','Moderator','|2|,|3|,|1|,|4|','|2|,|3|,|4|','','','|2|','0','0','0','2000','1','1')
INSERT INTO CategoriesModules (UniqueID,CatID,ModuleID) VALUES('121647321921653','108283999223578','19')
INSERT INTO CategoriesPortals (UniqueID,CatID,PortalID) VALUES('158110264818352','108283999223578','0')
INSERT INTO Categories (CatID,ListUnder,CategoryName,Description,Keywords,CatType,Moderator,AccessKeys,WriteKeys,SEODescription,SEOPageTitle,ManageKeys,AccessHide,WriteHide,ExcPortalSecurity,Weight,ShowList,Sharing) VALUES('148717486285252','199386689783970','Shopping','','','','Moderator','|2|,|3|,|1|,|4|','|2|,|3|,|4|','','','|2|','0','0','0','2000','1','1')
INSERT INTO CategoriesModules (UniqueID,CatID,ModuleID) VALUES('130430878136197','148717486285252','19')
INSERT INTO CategoriesPortals (UniqueID,CatID,PortalID) VALUES('112495791732395','148717486285252','0')
INSERT INTO Categories (CatID,ListUnder,CategoryName,Description,Keywords,CatType,Moderator,AccessKeys,WriteKeys,SEODescription,SEOPageTitle,ManageKeys,AccessHide,WriteHide,ExcPortalSecurity,Weight,ShowList,Sharing) VALUES('368588712691796','418012308427443','Shopping','','','','Moderator','|2|,|3|,|1|,|4|','|2|,|3|,|4|','','','|2|','0','0','0','2000','1','1')
INSERT INTO CategoriesModules (UniqueID,CatID,ModuleID) VALUES('363906208431205','368588712691796','19')
INSERT INTO CategoriesPortals (UniqueID,CatID,PortalID) VALUES('604947521636732','368588712691796','0')
INSERT INTO Categories (CatID,ListUnder,CategoryName,Description,Keywords,CatType,Moderator,AccessKeys,WriteKeys,SEODescription,SEOPageTitle,ManageKeys,AccessHide,WriteHide,ExcPortalSecurity,Weight,ShowList,Sharing) VALUES('770329115791321','855188733556946','Shopping','','','','Moderator','|2|,|3|,|1|,|4|','|2|,|3|,|4|','','','|2|','0','0','0','2000','1','1')
INSERT INTO CategoriesModules (UniqueID,CatID,ModuleID) VALUES('163708925964658','770329115791321','19')
INSERT INTO CategoriesPortals (UniqueID,CatID,PortalID) VALUES('176044874699384','770329115791321','0')
INSERT INTO Categories (CatID,ListUnder,CategoryName,Description,Keywords,CatType,Moderator,AccessKeys,WriteKeys,SEODescription,SEOPageTitle,ManageKeys,AccessHide,WriteHide,ExcPortalSecurity,Weight,ShowList,Sharing) VALUES('887717323558572','206453636137885','Shopping','','','','Moderator','|2|,|3|,|1|,|4|','|2|,|3|,|4|','','','|2|','0','0','0','2000','1','1')
INSERT INTO CategoriesModules (UniqueID,CatID,ModuleID) VALUES('547315677383341','887717323558572','19')
INSERT INTO CategoriesPortals (UniqueID,CatID,PortalID) VALUES('184878451764330','887717323558572','0')
INSERT INTO Categories (CatID,ListUnder,CategoryName,Description,Keywords,CatType,Moderator,AccessKeys,WriteKeys,SEODescription,SEOPageTitle,ManageKeys,AccessHide,WriteHide,ExcPortalSecurity,Weight,ShowList,Sharing) VALUES('431155935789522','316246332495564','Shopping Reference & Education','','','','Moderator','|2|,|3|,|1|,|4|','|2|,|3|,|4|','','','|2|','0','0','0','2000','1','1')
INSERT INTO CategoriesModules (UniqueID,CatID,ModuleID) VALUES('196949344486740','431155935789522','19')
INSERT INTO CategoriesPortals (UniqueID,CatID,PortalID) VALUES('195231638308478','431155935789522','0')
INSERT INTO Categories (CatID,ListUnder,CategoryName,Description,Keywords,CatType,Moderator,AccessKeys,WriteKeys,SEODescription,SEOPageTitle,ManageKeys,AccessHide,WriteHide,ExcPortalSecurity,Weight,ShowList,Sharing) VALUES('311171221778335','291790306797482','Signs','','','','Moderator','|2|,|3|,|1|,|4|','|2|,|3|,|4|','','','|2|','0','0','0','2000','1','1')
INSERT INTO CategoriesModules (UniqueID,CatID,ModuleID) VALUES('198958211283100','311171221778335','19')
INSERT INTO CategoriesPortals (UniqueID,CatID,PortalID) VALUES('172864316776777','311171221778335','0')
INSERT INTO Categories (CatID,ListUnder,CategoryName,Description,Keywords,CatType,Moderator,AccessKeys,WriteKeys,SEODescription,SEOPageTitle,ManageKeys,AccessHide,WriteHide,ExcPortalSecurity,Weight,ShowList,Sharing) VALUES('824399866634656','459950931209134','Simulators','','','','Moderator','|2|,|3|,|1|,|4|','|2|,|3|,|4|','','','|2|','0','0','0','2000','1','1')
INSERT INTO CategoriesModules (UniqueID,CatID,ModuleID) VALUES('164005662587086','824399866634656','19')
INSERT INTO CategoriesPortals (UniqueID,CatID,PortalID) VALUES('786636122220320','824399866634656','0')
INSERT INTO Categories (CatID,ListUnder,CategoryName,Description,Keywords,CatType,Moderator,AccessKeys,WriteKeys,SEODescription,SEOPageTitle,ManageKeys,AccessHide,WriteHide,ExcPortalSecurity,Weight,ShowList,Sharing) VALUES('932125815806191','113209343573435','Singapore','','','','Moderator','|2|,|3|,|1|,|4|','|2|,|3|,|4|','','','|2|','0','0','0','2000','1','1')
INSERT INTO CategoriesModules (UniqueID,CatID,ModuleID) VALUES('199602707613167','932125815806191','19')
INSERT INTO CategoriesPortals (UniqueID,CatID,PortalID) VALUES('161223407009713','932125815806191','0')
INSERT INTO Categories (CatID,ListUnder,CategoryName,Description,Keywords,CatType,Moderator,AccessKeys,WriteKeys,SEODescription,SEOPageTitle,ManageKeys,AccessHide,WriteHide,ExcPortalSecurity,Weight,ShowList,Sharing) VALUES('344181622848293','107462925193527','Singles','','','','Moderator','|2|,|3|,|1|,|4|','|2|,|3|,|4|','','','|2|','0','0','0','2000','1','1')
INSERT INTO CategoriesModules (UniqueID,CatID,ModuleID) VALUES('799875057778061','344181622848293','19')
INSERT INTO CategoriesPortals (UniqueID,CatID,PortalID) VALUES('145821208577245','344181622848293','0')
INSERT INTO Categories (CatID,ListUnder,CategoryName,Description,Keywords,CatType,Moderator,AccessKeys,WriteKeys,SEODescription,SEOPageTitle,ManageKeys,AccessHide,WriteHide,ExcPortalSecurity,Weight,ShowList,Sharing) VALUES('182737962136913','137301753284712','Skateboarding','','','','Moderator','|2|,|3|,|1|,|4|','|2|,|3|,|4|','','','|2|','0','0','0','2000','1','1')
INSERT INTO CategoriesModules (UniqueID,CatID,ModuleID) VALUES('429970050168481','182737962136913','19')
INSERT INTO CategoriesPortals (UniqueID,CatID,PortalID) VALUES('213014784483837','182737962136913','0')
INSERT INTO Categories (CatID,ListUnder,CategoryName,Description,Keywords,CatType,Moderator,AccessKeys,WriteKeys,SEODescription,SEOPageTitle,ManageKeys,AccessHide,WriteHide,ExcPortalSecurity,Weight,ShowList,Sharing) VALUES('196670587836425','137301753284712','Skating','','','','Moderator','|2|,|3|,|1|,|4|','|2|,|3|,|4|','','','|2|','0','0','0','2000','1','1')
INSERT INTO CategoriesModules (UniqueID,CatID,ModuleID) VALUES('996805338343643','196670587836425','19')
INSERT INTO CategoriesPortals (UniqueID,CatID,PortalID) VALUES('104775771659344','196670587836425','0')
INSERT INTO Categories (CatID,ListUnder,CategoryName,Description,Keywords,CatType,Moderator,AccessKeys,WriteKeys,SEODescription,SEOPageTitle,ManageKeys,AccessHide,WriteHide,ExcPortalSecurity,Weight,ShowList,Sharing) VALUES('182361277433222','196992743979967','Small Business','','','','Moderator','|2|,|3|,|1|,|4|','|2|,|3|,|4|','','','|2|','0','0','0','2000','1','1')
INSERT INTO CategoriesModules (UniqueID,CatID,ModuleID) VALUES('133326897534156','182361277433222','19')
INSERT INTO CategoriesPortals (UniqueID,CatID,PortalID) VALUES('125039595293508','182361277433222','0')
INSERT INTO Categories (CatID,ListUnder,CategoryName,Description,Keywords,CatType,Moderator,AccessKeys,WriteKeys,SEODescription,SEOPageTitle,ManageKeys,AccessHide,WriteHide,ExcPortalSecurity,Weight,ShowList,Sharing) VALUES('638989692212851','137301753284712','Soccer','','','','Moderator','|2|,|3|,|1|,|4|','|2|,|3|,|4|','','','|2|','0','0','0','2000','1','1')
INSERT INTO CategoriesModules (UniqueID,CatID,ModuleID) VALUES('164398374946904','638989692212851','19')
INSERT INTO CategoriesPortals (UniqueID,CatID,PortalID) VALUES('477000606194960','638989692212851','0')
INSERT INTO Categories (CatID,ListUnder,CategoryName,Description,Keywords,CatType,Moderator,AccessKeys,WriteKeys,SEODescription,SEOPageTitle,ManageKeys,AccessHide,WriteHide,ExcPortalSecurity,Weight,ShowList,Sharing) VALUES('927003061621654','113151894273336','Social Networks','','','','Moderator','|2|,|3|,|1|,|4|','|2|,|3|,|4|','','','|2|','0','0','0','2000','1','1')
INSERT INTO CategoriesModules (UniqueID,CatID,ModuleID) VALUES('989319800676600','927003061621654','19')
INSERT INTO CategoriesPortals (UniqueID,CatID,PortalID) VALUES('188193683676517','927003061621654','0')
INSERT INTO Categories (CatID,ListUnder,CategoryName,Description,Keywords,CatType,Moderator,AccessKeys,WriteKeys,SEODescription,SEOPageTitle,ManageKeys,AccessHide,WriteHide,ExcPortalSecurity,Weight,ShowList,Sharing) VALUES('159623207211718','116195634152458','Social Sciences','','','','Moderator','|2|,|3|,|1|,|4|','|2|,|3|,|4|','','','|2|','0','0','0','2000','1','1')
INSERT INTO CategoriesModules (UniqueID,CatID,ModuleID) VALUES('496865934298211','159623207211718','19')
INSERT INTO CategoriesPortals (UniqueID,CatID,PortalID) VALUES('117356304915685','159623207211718','0')
INSERT INTO Categories (CatID,ListUnder,CategoryName,Description,Keywords,CatType,Moderator,AccessKeys,WriteKeys,SEODescription,SEOPageTitle,ManageKeys,AccessHide,WriteHide,ExcPortalSecurity,Weight,ShowList,Sharing) VALUES('157777957377854','187229545352848','Social Sciences','','','','Moderator','|2|,|3|,|1|,|4|','|2|,|3|,|4|','','','|2|','0','0','0','2000','1','1')
INSERT INTO CategoriesModules (UniqueID,CatID,ModuleID) VALUES('326713696163385','157777957377854','19')
INSERT INTO CategoriesPortals (UniqueID,CatID,PortalID) VALUES('116488707305423','157777957377854','0')
INSERT INTO Categories (CatID,ListUnder,CategoryName,Description,Keywords,CatType,Moderator,AccessKeys,WriteKeys,SEODescription,SEOPageTitle,ManageKeys,AccessHide,WriteHide,ExcPortalSecurity,Weight,ShowList,Sharing) VALUES('673927313944867','0','Society','','','','Moderator','|2|,|3|,|1|,|4|','|2|,|3|,|4|','','','|2|','0','0','0','2000','1','1')
INSERT INTO CategoriesModules (UniqueID,CatID,ModuleID) VALUES('803530797651631','673927313944867','19')
INSERT INTO CategoriesPortals (UniqueID,CatID,PortalID) VALUES('644614201675534','673927313944867','0')
INSERT INTO Categories (CatID,ListUnder,CategoryName,Description,Keywords,CatType,Moderator,AccessKeys,WriteKeys,SEODescription,SEOPageTitle,ManageKeys,AccessHide,WriteHide,ExcPortalSecurity,Weight,ShowList,Sharing) VALUES('137713724524725','137301753284712','Softball','','','','Moderator','|2|,|3|,|1|,|4|','|2|,|3|,|4|','','','|2|','0','0','0','2000','1','1')
INSERT INTO CategoriesModules (UniqueID,CatID,ModuleID) VALUES('797438673281856','137713724524725','19')
INSERT INTO CategoriesPortals (UniqueID,CatID,PortalID) VALUES('203792186316237','137713724524725','0')
[[GO]]
INSERT INTO Categories (CatID,ListUnder,CategoryName,Description,Keywords,CatType,Moderator,AccessKeys,WriteKeys,SEODescription,SEOPageTitle,ManageKeys,AccessHide,WriteHide,ExcPortalSecurity,Weight,ShowList,Sharing) VALUES('101523746036245','113151894273336','Software','','','','Moderator','|2|,|3|,|1|,|4|','|2|,|3|,|4|','','','|2|','0','0','0','2000','1','1')
INSERT INTO CategoriesModules (UniqueID,CatID,ModuleID) VALUES('213926375722211','101523746036245','19')
INSERT INTO CategoriesPortals (UniqueID,CatID,PortalID) VALUES('980644647531713','101523746036245','0')
INSERT INTO Categories (CatID,ListUnder,CategoryName,Description,Keywords,CatType,Moderator,AccessKeys,WriteKeys,SEODescription,SEOPageTitle,ManageKeys,AccessHide,WriteHide,ExcPortalSecurity,Weight,ShowList,Sharing) VALUES('113325964865622','187229545352848','Software','','','','Moderator','|2|,|3|,|1|,|4|','|2|,|3|,|4|','','','|2|','0','0','0','2000','1','1')
INSERT INTO CategoriesModules (UniqueID,CatID,ModuleID) VALUES('124535579145867','113325964865622','19')
INSERT INTO CategoriesPortals (UniqueID,CatID,PortalID) VALUES('126926630329993','113325964865622','0')
INSERT INTO Categories (CatID,ListUnder,CategoryName,Description,Keywords,CatType,Moderator,AccessKeys,WriteKeys,SEODescription,SEOPageTitle,ManageKeys,AccessHide,WriteHide,ExcPortalSecurity,Weight,ShowList,Sharing) VALUES('182952021986452','172065587414582','Software','','','','Moderator','|2|,|3|,|1|,|4|','|2|,|3|,|4|','','','|2|','0','0','0','2000','1','1')
INSERT INTO CategoriesModules (UniqueID,CatID,ModuleID) VALUES('432658951331448','182952021986452','19')
INSERT INTO CategoriesPortals (UniqueID,CatID,PortalID) VALUES('156843257570728','182952021986452','0')
INSERT INTO Categories (CatID,ListUnder,CategoryName,Description,Keywords,CatType,Moderator,AccessKeys,WriteKeys,SEODescription,SEOPageTitle,ManageKeys,AccessHide,WriteHide,ExcPortalSecurity,Weight,ShowList,Sharing) VALUES('185351353237078','178184256263312','Software','','','','Moderator','|2|,|3|,|1|,|4|','|2|,|3|,|4|','','','|2|','0','0','0','2000','1','1')
INSERT INTO CategoriesModules (UniqueID,CatID,ModuleID) VALUES('527117685734126','185351353237078','19')
INSERT INTO CategoriesPortals (UniqueID,CatID,PortalID) VALUES('143909170531249','185351353237078','0')
INSERT INTO Categories (CatID,ListUnder,CategoryName,Description,Keywords,CatType,Moderator,AccessKeys,WriteKeys,SEODescription,SEOPageTitle,ManageKeys,AccessHide,WriteHide,ExcPortalSecurity,Weight,ShowList,Sharing) VALUES('192345900507111','316246332495564','Software','','','','Moderator','|2|,|3|,|1|,|4|','|2|,|3|,|4|','','','|2|','0','0','0','2000','1','1')
INSERT INTO CategoriesModules (UniqueID,CatID,ModuleID) VALUES('154715965377164','192345900507111','19')
INSERT INTO CategoriesPortals (UniqueID,CatID,PortalID) VALUES('321157468913742','192345900507111','0')
INSERT INTO Categories (CatID,ListUnder,CategoryName,Description,Keywords,CatType,Moderator,AccessKeys,WriteKeys,SEODescription,SEOPageTitle,ManageKeys,AccessHide,WriteHide,ExcPortalSecurity,Weight,ShowList,Sharing) VALUES('788721486108374','116195634152458','Software','','','','Moderator','|2|,|3|,|1|,|4|','|2|,|3|,|4|','','','|2|','0','0','0','2000','1','1')
INSERT INTO CategoriesModules (UniqueID,CatID,ModuleID) VALUES('859326529675977','788721486108374','19')
INSERT INTO CategoriesPortals (UniqueID,CatID,PortalID) VALUES('197891609583443','788721486108374','0')
INSERT INTO Categories (CatID,ListUnder,CategoryName,Description,Keywords,CatType,Moderator,AccessKeys,WriteKeys,SEODescription,SEOPageTitle,ManageKeys,AccessHide,WriteHide,ExcPortalSecurity,Weight,ShowList,Sharing) VALUES('748572591212748','206453636137885','Software','','','','Moderator','|2|,|3|,|1|,|4|','|2|,|3|,|4|','','','|2|','0','0','0','2000','1','1')
INSERT INTO CategoriesModules (UniqueID,CatID,ModuleID) VALUES('693252745018906','748572591212748','19')
INSERT INTO CategoriesPortals (UniqueID,CatID,PortalID) VALUES('130641483531443','748572591212748','0')
INSERT INTO Categories (CatID,ListUnder,CategoryName,Description,Keywords,CatType,Moderator,AccessKeys,WriteKeys,SEODescription,SEOPageTitle,ManageKeys,AccessHide,WriteHide,ExcPortalSecurity,Weight,ShowList,Sharing) VALUES('140959155989966','113209343573435','South Africa','','','','Moderator','|2|,|3|,|1|,|4|','|2|,|3|,|4|','','','|2|','0','0','0','2000','1','1')
INSERT INTO CategoriesModules (UniqueID,CatID,ModuleID) VALUES('176924396175217','140959155989966','19')
INSERT INTO CategoriesPortals (UniqueID,CatID,PortalID) VALUES('110657901288334','140959155989966','0')
INSERT INTO Categories (CatID,ListUnder,CategoryName,Description,Keywords,CatType,Moderator,AccessKeys,WriteKeys,SEODescription,SEOPageTitle,ManageKeys,AccessHide,WriteHide,ExcPortalSecurity,Weight,ShowList,Sharing) VALUES('149078554017635','116195634152458','Space','','','','Moderator','|2|,|3|,|1|,|4|','|2|,|3|,|4|','','','|2|','0','0','0','2000','1','1')
INSERT INTO CategoriesModules (UniqueID,CatID,ModuleID) VALUES('626288742424344','149078554017635','19')
INSERT INTO CategoriesPortals (UniqueID,CatID,PortalID) VALUES('165297440891424','149078554017635','0')
INSERT INTO Categories (CatID,ListUnder,CategoryName,Description,Keywords,CatType,Moderator,AccessKeys,WriteKeys,SEODescription,SEOPageTitle,ManageKeys,AccessHide,WriteHide,ExcPortalSecurity,Weight,ShowList,Sharing) VALUES('166461842218865','187229545352848','Space','','','','Moderator','|2|,|3|,|1|,|4|','|2|,|3|,|4|','','','|2|','0','0','0','2000','1','1')
INSERT INTO CategoriesModules (UniqueID,CatID,ModuleID) VALUES('722981251513974','166461842218865','19')
INSERT INTO CategoriesPortals (UniqueID,CatID,PortalID) VALUES('146989117256714','166461842218865','0')
INSERT INTO Categories (CatID,ListUnder,CategoryName,Description,Keywords,CatType,Moderator,AccessKeys,WriteKeys,SEODescription,SEOPageTitle,ManageKeys,AccessHide,WriteHide,ExcPortalSecurity,Weight,ShowList,Sharing) VALUES('225955411751177','113209343573435','Spain','','','','Moderator','|2|,|3|,|1|,|4|','|2|,|3|,|4|','','','|2|','0','0','0','2000','1','1')
INSERT INTO CategoriesModules (UniqueID,CatID,ModuleID) VALUES('840257708255941','225955411751177','19')
INSERT INTO CategoriesPortals (UniqueID,CatID,PortalID) VALUES('520291052037503','225955411751177','0')
INSERT INTO Categories (CatID,ListUnder,CategoryName,Description,Keywords,CatType,Moderator,AccessKeys,WriteKeys,SEODescription,SEOPageTitle,ManageKeys,AccessHide,WriteHide,ExcPortalSecurity,Weight,ShowList,Sharing) VALUES('118576159310932','113151894273336','Spam & Abuse','','','','Moderator','|2|,|3|,|1|,|4|','|2|,|3|,|4|','','','|2|','0','0','0','2000','1','1')
INSERT INTO CategoriesModules (UniqueID,CatID,ModuleID) VALUES('172865730137254','118576159310932','19')
INSERT INTO CategoriesPortals (UniqueID,CatID,PortalID) VALUES('112902720862209','118576159310932','0')
INSERT INTO Categories (CatID,ListUnder,CategoryName,Description,Keywords,CatType,Moderator,AccessKeys,WriteKeys,SEODescription,SEOPageTitle,ManageKeys,AccessHide,WriteHide,ExcPortalSecurity,Weight,ShowList,Sharing) VALUES('409422624613366','206453636137885','Speech Technology','','','','Moderator','|2|,|3|,|1|,|4|','|2|,|3|,|4|','','','|2|','0','0','0','2000','1','1')
INSERT INTO CategoriesModules (UniqueID,CatID,ModuleID) VALUES('190706888978821','409422624613366','19')
INSERT INTO CategoriesPortals (UniqueID,CatID,PortalID) VALUES('994018347885169','409422624613366','0')
INSERT INTO Categories (CatID,ListUnder,CategoryName,Description,Keywords,CatType,Moderator,AccessKeys,WriteKeys,SEODescription,SEOPageTitle,ManageKeys,AccessHide,WriteHide,ExcPortalSecurity,Weight,ShowList,Sharing) VALUES('846203534332165','291790306797482','Sport Utility Vehicles','','','','Moderator','|2|,|3|,|1|,|4|','|2|,|3|,|4|','','','|2|','0','0','0','2000','1','1')
INSERT INTO CategoriesModules (UniqueID,CatID,ModuleID) VALUES('701860340748689','846203534332165','19')
INSERT INTO CategoriesPortals (UniqueID,CatID,PortalID) VALUES('286361407752170','846203534332165','0')
INSERT INTO Categories (CatID,ListUnder,CategoryName,Description,Keywords,CatType,Moderator,AccessKeys,WriteKeys,SEODescription,SEOPageTitle,ManageKeys,AccessHide,WriteHide,ExcPortalSecurity,Weight,ShowList,Sharing) VALUES('137301753284712','0','Sports','','','','Moderator','|2|,|3|,|1|,|4|','|2|,|3|,|4|','','','|2|','0','0','0','2000','1','1')
INSERT INTO CategoriesModules (UniqueID,CatID,ModuleID) VALUES('936165029061205','137301753284712','19')
INSERT INTO CategoriesPortals (UniqueID,CatID,PortalID) VALUES('209607129233038','137301753284712','0')
INSERT INTO Categories (CatID,ListUnder,CategoryName,Description,Keywords,CatType,Moderator,AccessKeys,WriteKeys,SEODescription,SEOPageTitle,ManageKeys,AccessHide,WriteHide,ExcPortalSecurity,Weight,ShowList,Sharing) VALUES('768341828625561','185002260738668','Sports & Recreation','','','','Moderator','|2|,|3|,|1|,|4|','|2|,|3|,|4|','','','|2|','0','0','0','2000','1','1')
INSERT INTO CategoriesModules (UniqueID,CatID,ModuleID) VALUES('479776042161547','768341828625561','19')
INSERT INTO CategoriesPortals (UniqueID,CatID,PortalID) VALUES('125075316592776','768341828625561','0')
INSERT INTO Categories (CatID,ListUnder,CategoryName,Description,Keywords,CatType,Moderator,AccessKeys,WriteKeys,SEODescription,SEOPageTitle,ManageKeys,AccessHide,WriteHide,ExcPortalSecurity,Weight,ShowList,Sharing) VALUES('179450046584205','206453636137885','Spyware','','','','Moderator','|2|,|3|,|1|,|4|','|2|,|3|,|4|','','','|2|','0','0','0','2000','1','1')
INSERT INTO CategoriesModules (UniqueID,CatID,ModuleID) VALUES('112845094711796','179450046584205','19')
INSERT INTO CategoriesPortals (UniqueID,CatID,PortalID) VALUES('126664327668447','179450046584205','0')
INSERT INTO Categories (CatID,ListUnder,CategoryName,Description,Keywords,CatType,Moderator,AccessKeys,WriteKeys,SEODescription,SEOPageTitle,ManageKeys,AccessHide,WriteHide,ExcPortalSecurity,Weight,ShowList,Sharing) VALUES('289187008276338','137301753284712','Squash','','','','Moderator','|2|,|3|,|1|,|4|','|2|,|3|,|4|','','','|2|','0','0','0','2000','1','1')
INSERT INTO CategoriesModules (UniqueID,CatID,ModuleID) VALUES('860256349586926','289187008276338','19')
INSERT INTO CategoriesPortals (UniqueID,CatID,PortalID) VALUES('117855635839488','289187008276338','0')
INSERT INTO Categories (CatID,ListUnder,CategoryName,Description,Keywords,CatType,Moderator,AccessKeys,WriteKeys,SEODescription,SEOPageTitle,ManageKeys,AccessHide,WriteHide,ExcPortalSecurity,Weight,ShowList,Sharing) VALUES('671312432598549','291790306797482','Station Wagons','','','','Moderator','|2|,|3|,|1|,|4|','|2|,|3|,|4|','','','|2|','0','0','0','2000','1','1')
INSERT INTO CategoriesModules (UniqueID,CatID,ModuleID) VALUES('271115805488711','671312432598549','19')
INSERT INTO CategoriesPortals (UniqueID,CatID,PortalID) VALUES('686387068467992','671312432598549','0')
INSERT INTO Categories (CatID,ListUnder,CategoryName,Description,Keywords,CatType,Moderator,AccessKeys,WriteKeys,SEODescription,SEOPageTitle,ManageKeys,AccessHide,WriteHide,ExcPortalSecurity,Weight,ShowList,Sharing) VALUES('212480039745345','161512229762770','Statistics','','','','Moderator','|2|,|3|,|1|,|4|','|2|,|3|,|4|','','','|2|','0','0','0','2000','1','1')
INSERT INTO CategoriesModules (UniqueID,CatID,ModuleID) VALUES('149919242453852','212480039745345','19')
INSERT INTO CategoriesPortals (UniqueID,CatID,PortalID) VALUES('198691188642836','212480039745345','0')
INSERT INTO Categories (CatID,ListUnder,CategoryName,Description,Keywords,CatType,Moderator,AccessKeys,WriteKeys,SEODescription,SEOPageTitle,ManageKeys,AccessHide,WriteHide,ExcPortalSecurity,Weight,ShowList,Sharing) VALUES('119612323262316','113151894273336','Statistics and Demographics','','','','Moderator','|2|,|3|,|1|,|4|','|2|,|3|,|4|','','','|2|','0','0','0','2000','1','1')
INSERT INTO CategoriesModules (UniqueID,CatID,ModuleID) VALUES('153526106300227','119612323262316','19')
INSERT INTO CategoriesPortals (UniqueID,CatID,PortalID) VALUES('250818016285173','119612323262316','0')
INSERT INTO Categories (CatID,ListUnder,CategoryName,Description,Keywords,CatType,Moderator,AccessKeys,WriteKeys,SEODescription,SEOPageTitle,ManageKeys,AccessHide,WriteHide,ExcPortalSecurity,Weight,ShowList,Sharing) VALUES('124192949228825','193306780238815','Stock Market','','','','Moderator','|2|,|3|,|1|,|4|','|2|,|3|,|4|','','','|2|','0','0','0','2000','1','1')
INSERT INTO CategoriesModules (UniqueID,CatID,ModuleID) VALUES('585673896067664','124192949228825','19')
INSERT INTO CategoriesPortals (UniqueID,CatID,PortalID) VALUES('164338005744818','124192949228825','0')
INSERT INTO Categories (CatID,ListUnder,CategoryName,Description,Keywords,CatType,Moderator,AccessKeys,WriteKeys,SEODescription,SEOPageTitle,ManageKeys,AccessHide,WriteHide,ExcPortalSecurity,Weight,ShowList,Sharing) VALUES('907941923973359','137301753284712','Strength Sports','','','','Moderator','|2|,|3|,|1|,|4|','|2|,|3|,|4|','','','|2|','0','0','0','2000','1','1')
INSERT INTO CategoriesModules (UniqueID,CatID,ModuleID) VALUES('162740401114378','907941923973359','19')
INSERT INTO CategoriesPortals (UniqueID,CatID,PortalID) VALUES('165955778855631','907941923973359','0')
INSERT INTO Categories (CatID,ListUnder,CategoryName,Description,Keywords,CatType,Moderator,AccessKeys,WriteKeys,SEODescription,SEOPageTitle,ManageKeys,AccessHide,WriteHide,ExcPortalSecurity,Weight,ShowList,Sharing) VALUES('407536469377236','673927313944867','Subcultures','','','','Moderator','|2|,|3|,|1|,|4|','|2|,|3|,|4|','','','|2|','0','0','0','2000','1','1')
INSERT INTO CategoriesModules (UniqueID,CatID,ModuleID) VALUES('197125953600221','407536469377236','19')
INSERT INTO CategoriesPortals (UniqueID,CatID,PortalID) VALUES('934585087815642','407536469377236','0')
INSERT INTO Categories (CatID,ListUnder,CategoryName,Description,Keywords,CatType,Moderator,AccessKeys,WriteKeys,SEODescription,SEOPageTitle,ManageKeys,AccessHide,WriteHide,ExcPortalSecurity,Weight,ShowList,Sharing) VALUES('791936946106234','206453636137885','Supercomputing','','','','Moderator','|2|,|3|,|1|,|4|','|2|,|3|,|4|','','','|2|','0','0','0','2000','1','1')
INSERT INTO CategoriesModules (UniqueID,CatID,ModuleID) VALUES('667823112688233','791936946106234','19')
INSERT INTO CategoriesPortals (UniqueID,CatID,PortalID) VALUES('195015216875838','791936946106234','0')
INSERT INTO Categories (CatID,ListUnder,CategoryName,Description,Keywords,CatType,Moderator,AccessKeys,WriteKeys,SEODescription,SEOPageTitle,ManageKeys,AccessHide,WriteHide,ExcPortalSecurity,Weight,ShowList,Sharing) VALUES('303132150110325','673927313944867','Support Groups','','','','Moderator','|2|,|3|,|1|,|4|','|2|,|3|,|4|','','','|2|','0','0','0','2000','1','1')
INSERT INTO CategoriesModules (UniqueID,CatID,ModuleID) VALUES('193830620911665','303132150110325','19')
INSERT INTO CategoriesPortals (UniqueID,CatID,PortalID) VALUES('144995519624846','303132150110325','0')
INSERT INTO Categories (CatID,ListUnder,CategoryName,Description,Keywords,CatType,Moderator,AccessKeys,WriteKeys,SEODescription,SEOPageTitle,ManageKeys,AccessHide,WriteHide,ExcPortalSecurity,Weight,ShowList,Sharing) VALUES('205749906367368','113209343573435','Sweden','','','','Moderator','|2|,|3|,|1|,|4|','|2|,|3|,|4|','','','|2|','0','0','0','2000','1','1')
INSERT INTO CategoriesModules (UniqueID,CatID,ModuleID) VALUES('646076406724635','205749906367368','19')
INSERT INTO CategoriesPortals (UniqueID,CatID,PortalID) VALUES('142000162712026','205749906367368','0')
INSERT INTO Categories (CatID,ListUnder,CategoryName,Description,Keywords,CatType,Moderator,AccessKeys,WriteKeys,SEODescription,SEOPageTitle,ManageKeys,AccessHide,WriteHide,ExcPortalSecurity,Weight,ShowList,Sharing) VALUES('220975606055687','199386689783970','Sweepstakes & Contests','','','','Moderator','|2|,|3|,|1|,|4|','|2|,|3|,|4|','','','|2|','0','0','0','2000','1','1')
INSERT INTO CategoriesModules (UniqueID,CatID,ModuleID) VALUES('114608169936767','220975606055687','19')
INSERT INTO CategoriesPortals (UniqueID,CatID,PortalID) VALUES('231470072718420','220975606055687','0')
INSERT INTO Categories (CatID,ListUnder,CategoryName,Description,Keywords,CatType,Moderator,AccessKeys,WriteKeys,SEODescription,SEOPageTitle,ManageKeys,AccessHide,WriteHide,ExcPortalSecurity,Weight,ShowList,Sharing) VALUES('124443146414772','206453636137885','Systems','','','','Moderator','|2|,|3|,|1|,|4|','|2|,|3|,|4|','','','|2|','0','0','0','2000','1','1')
INSERT INTO CategoriesModules (UniqueID,CatID,ModuleID) VALUES('970988557104927','124443146414772','19')
INSERT INTO CategoriesPortals (UniqueID,CatID,PortalID) VALUES('263493106216267','124443146414772','0')
INSERT INTO Categories (CatID,ListUnder,CategoryName,Description,Keywords,CatType,Moderator,AccessKeys,WriteKeys,SEODescription,SEOPageTitle,ManageKeys,AccessHide,WriteHide,ExcPortalSecurity,Weight,ShowList,Sharing) VALUES('183185013575661','459950931209134','Table Games','','','','Moderator','|2|,|3|,|1|,|4|','|2|,|3|,|4|','','','|2|','0','0','0','2000','1','1')
INSERT INTO CategoriesModules (UniqueID,CatID,ModuleID) VALUES('145642956923655','183185013575661','19')
INSERT INTO CategoriesPortals (UniqueID,CatID,PortalID) VALUES('579197339075573','183185013575661','0')
INSERT INTO Categories (CatID,ListUnder,CategoryName,Description,Keywords,CatType,Moderator,AccessKeys,WriteKeys,SEODescription,SEOPageTitle,ManageKeys,AccessHide,WriteHide,ExcPortalSecurity,Weight,ShowList,Sharing) VALUES('136061103285723','137301753284712','Table Tennis','','','','Moderator','|2|,|3|,|1|,|4|','|2|,|3|,|4|','','','|2|','0','0','0','2000','1','1')
INSERT INTO CategoriesModules (UniqueID,CatID,ModuleID) VALUES('670255887173168','136061103285723','19')
INSERT INTO CategoriesPortals (UniqueID,CatID,PortalID) VALUES('100502729704171','136061103285723','0')
INSERT INTO Categories (CatID,ListUnder,CategoryName,Description,Keywords,CatType,Moderator,AccessKeys,WriteKeys,SEODescription,SEOPageTitle,ManageKeys,AccessHide,WriteHide,ExcPortalSecurity,Weight,ShowList,Sharing) VALUES('910801083261383','208328939962424','Tattoos & Bodyart','','','','Moderator','|2|,|3|,|1|,|4|','|2|,|3|,|4|','','','|2|','0','0','0','2000','1','1')
INSERT INTO CategoriesModules (UniqueID,CatID,ModuleID) VALUES('123110996308091','910801083261383','19')
INSERT INTO CategoriesPortals (UniqueID,CatID,PortalID) VALUES('758206123425444','910801083261383','0')
INSERT INTO Categories (CatID,ListUnder,CategoryName,Description,Keywords,CatType,Moderator,AccessKeys,WriteKeys,SEODescription,SEOPageTitle,ManageKeys,AccessHide,WriteHide,ExcPortalSecurity,Weight,ShowList,Sharing) VALUES('111245471421985','161512229762770','Taxes','','','','Moderator','|2|,|3|,|1|,|4|','|2|,|3|,|4|','','','|2|','0','0','0','2000','1','1')
INSERT INTO CategoriesModules (UniqueID,CatID,ModuleID) VALUES('136444304342434','111245471421985','19')
INSERT INTO CategoriesPortals (UniqueID,CatID,PortalID) VALUES('678567796318474','111245471421985','0')
INSERT INTO Categories (CatID,ListUnder,CategoryName,Description,Keywords,CatType,Moderator,AccessKeys,WriteKeys,SEODescription,SEOPageTitle,ManageKeys,AccessHide,WriteHide,ExcPortalSecurity,Weight,ShowList,Sharing) VALUES('101861798489165','316246332495564','Teaching','','','','Moderator','|2|,|3|,|1|,|4|','|2|,|3|,|4|','','','|2|','0','0','0','2000','1','1')
INSERT INTO CategoriesModules (UniqueID,CatID,ModuleID) VALUES('179647322376848','101861798489165','19')
INSERT INTO CategoriesPortals (UniqueID,CatID,PortalID) VALUES('151301082248806','101861798489165','0')
INSERT INTO Categories (CatID,ListUnder,CategoryName,Description,Keywords,CatType,Moderator,AccessKeys,WriteKeys,SEODescription,SEOPageTitle,ManageKeys,AccessHide,WriteHide,ExcPortalSecurity,Weight,ShowList,Sharing) VALUES('198484662286128','137301753284712','Team Handball','','','','Moderator','|2|,|3|,|1|,|4|','|2|,|3|,|4|','','','|2|','0','0','0','2000','1','1')
INSERT INTO CategoriesModules (UniqueID,CatID,ModuleID) VALUES('107186659436359','198484662286128','19')
INSERT INTO CategoriesPortals (UniqueID,CatID,PortalID) VALUES('161328608145754','198484662286128','0')
INSERT INTO Categories (CatID,ListUnder,CategoryName,Description,Keywords,CatType,Moderator,AccessKeys,WriteKeys,SEODescription,SEOPageTitle,ManageKeys,AccessHide,WriteHide,ExcPortalSecurity,Weight,ShowList,Sharing) VALUES('162610179360734','116195634152458','Technology','','','','Moderator','|2|,|3|,|1|,|4|','|2|,|3|,|4|','','','|2|','0','0','0','2000','1','1')
INSERT INTO CategoriesModules (UniqueID,CatID,ModuleID) VALUES('189067290823135','162610179360734','19')
INSERT INTO CategoriesPortals (UniqueID,CatID,PortalID) VALUES('117007568180017','162610179360734','0')
INSERT INTO Categories (CatID,ListUnder,CategoryName,Description,Keywords,CatType,Moderator,AccessKeys,WriteKeys,SEODescription,SEOPageTitle,ManageKeys,AccessHide,WriteHide,ExcPortalSecurity,Weight,ShowList,Sharing) VALUES('209976861154920','187229545352848','Technology','','','','Moderator','|2|,|3|,|1|,|4|','|2|,|3|,|4|','','','|2|','0','0','0','2000','1','1')
INSERT INTO CategoriesModules (UniqueID,CatID,ModuleID) VALUES('176377863696908','209976861154920','19')
INSERT INTO CategoriesPortals (UniqueID,CatID,PortalID) VALUES('108459451629667','209976861154920','0')
INSERT INTO Categories (CatID,ListUnder,CategoryName,Description,Keywords,CatType,Moderator,AccessKeys,WriteKeys,SEODescription,SEOPageTitle,ManageKeys,AccessHide,WriteHide,ExcPortalSecurity,Weight,ShowList,Sharing) VALUES('138949075015677','196992743979967','Telecommunications','','','','Moderator','|2|,|3|,|1|,|4|','|2|,|3|,|4|','','','|2|','0','0','0','2000','1','1')
INSERT INTO CategoriesModules (UniqueID,CatID,ModuleID) VALUES('109572452675656','138949075015677','19')
INSERT INTO CategoriesPortals (UniqueID,CatID,PortalID) VALUES('620487018181019','138949075015677','0')
INSERT INTO Categories (CatID,ListUnder,CategoryName,Description,Keywords,CatType,Moderator,AccessKeys,WriteKeys,SEODescription,SEOPageTitle,ManageKeys,AccessHide,WriteHide,ExcPortalSecurity,Weight,ShowList,Sharing) VALUES('437975227274710','113151894273336','Telephony & VOIP','','','','Moderator','|2|,|3|,|1|,|4|','|2|,|3|,|4|','','','|2|','0','0','0','2000','1','1')
INSERT INTO CategoriesModules (UniqueID,CatID,ModuleID) VALUES('770871723648042','437975227274710','19')
INSERT INTO CategoriesPortals (UniqueID,CatID,PortalID) VALUES('167470197062598','437975227274710','0')
INSERT INTO Categories (CatID,ListUnder,CategoryName,Description,Keywords,CatType,Moderator,AccessKeys,WriteKeys,SEODescription,SEOPageTitle,ManageKeys,AccessHide,WriteHide,ExcPortalSecurity,Weight,ShowList,Sharing) VALUES('130733769815466','418012308427443','Television','','','','Moderator','|2|,|3|,|1|,|4|','|2|,|3|,|4|','','','|2|','0','0','0','2000','1','1')
INSERT INTO CategoriesModules (UniqueID,CatID,ModuleID) VALUES('170637495002846','130733769815466','19')
INSERT INTO CategoriesPortals (UniqueID,CatID,PortalID) VALUES('178607002697677','130733769815466','0')
INSERT INTO Categories (CatID,ListUnder,CategoryName,Description,Keywords,CatType,Moderator,AccessKeys,WriteKeys,SEODescription,SEOPageTitle,ManageKeys,AccessHide,WriteHide,ExcPortalSecurity,Weight,ShowList,Sharing) VALUES('143367390214470','208328939962424','Television','','','','Moderator','|2|,|3|,|1|,|4|','|2|,|3|,|4|','','','|2|','0','0','0','2000','1','1')
INSERT INTO CategoriesModules (UniqueID,CatID,ModuleID) VALUES('184963149646247','143367390214470','19')
INSERT INTO CategoriesPortals (UniqueID,CatID,PortalID) VALUES('168384950241754','143367390214470','0')
INSERT INTO Categories (CatID,ListUnder,CategoryName,Description,Keywords,CatType,Moderator,AccessKeys,WriteKeys,SEODescription,SEOPageTitle,ManageKeys,AccessHide,WriteHide,ExcPortalSecurity,Weight,ShowList,Sharing) VALUES('185099068374471','137301753284712','Tennis','','','','Moderator','|2|,|3|,|1|,|4|','|2|,|3|,|4|','','','|2|','0','0','0','2000','1','1')
INSERT INTO CategoriesModules (UniqueID,CatID,ModuleID) VALUES('183102168234748','185099068374471','19')
INSERT INTO CategoriesPortals (UniqueID,CatID,PortalID) VALUES('108049731418541','185099068374471','0')
INSERT INTO Categories (CatID,ListUnder,CategoryName,Description,Keywords,CatType,Moderator,AccessKeys,WriteKeys,SEODescription,SEOPageTitle,ManageKeys,AccessHide,WriteHide,ExcPortalSecurity,Weight,ShowList,Sharing) VALUES('131437058704935','828577006965644','Tents','','','','Moderator','|2|,|3|,|1|,|4|','|2|,|3|,|4|','','','|2|','0','0','0','2000','1','1')
INSERT INTO CategoriesModules (UniqueID,CatID,ModuleID) VALUES('648073476028844','131437058704935','19')
INSERT INTO CategoriesPortals (UniqueID,CatID,PortalID) VALUES('183448306346396','131437058704935','0')
INSERT INTO Categories (CatID,ListUnder,CategoryName,Description,Keywords,CatType,Moderator,AccessKeys,WriteKeys,SEODescription,SEOPageTitle,ManageKeys,AccessHide,WriteHide,ExcPortalSecurity,Weight,ShowList,Sharing) VALUES('136756740354483','196992743979967','Textiles and Nonwovens','','','','Moderator','|2|,|3|,|1|,|4|','|2|,|3|,|4|','','','|2|','0','0','0','2000','1','1')
INSERT INTO CategoriesModules (UniqueID,CatID,ModuleID) VALUES('937437888776765','136756740354483','19')
INSERT INTO CategoriesPortals (UniqueID,CatID,PortalID) VALUES('361221474668615','136756740354483','0')
INSERT INTO Categories (CatID,ListUnder,CategoryName,Description,Keywords,CatType,Moderator,AccessKeys,WriteKeys,SEODescription,SEOPageTitle,ManageKeys,AccessHide,WriteHide,ExcPortalSecurity,Weight,ShowList,Sharing) VALUES('152194906920619','113209343573435','Thailand','','','','Moderator','|2|,|3|,|1|,|4|','|2|,|3|,|4|','','','|2|','0','0','0','2000','1','1')
INSERT INTO CategoriesModules (UniqueID,CatID,ModuleID) VALUES('377807858527724','152194906920619','19')
INSERT INTO CategoriesPortals (UniqueID,CatID,PortalID) VALUES('689548999586905','152194906920619','0')
INSERT INTO Categories (CatID,ListUnder,CategoryName,Description,Keywords,CatType,Moderator,AccessKeys,WriteKeys,SEODescription,SEOPageTitle,ManageKeys,AccessHide,WriteHide,ExcPortalSecurity,Weight,ShowList,Sharing) VALUES('159995410614521','828577006965644','Theme Parks','','','','Moderator','|2|,|3|,|1|,|4|','|2|,|3|,|4|','','','|2|','0','0','0','2000','1','1')
INSERT INTO CategoriesModules (UniqueID,CatID,ModuleID) VALUES('936152233599573','159995410614521','19')
INSERT INTO CategoriesPortals (UniqueID,CatID,PortalID) VALUES('909248137796331','159995410614521','0')
INSERT INTO Categories (CatID,ListUnder,CategoryName,Description,Keywords,CatType,Moderator,AccessKeys,WriteKeys,SEODescription,SEOPageTitle,ManageKeys,AccessHide,WriteHide,ExcPortalSecurity,Weight,ShowList,Sharing) VALUES('100858289319243','459950931209134','Tile Games','','','','Moderator','|2|,|3|,|1|,|4|','|2|,|3|,|4|','','','|2|','0','0','0','2000','1','1')
INSERT INTO CategoriesModules (UniqueID,CatID,ModuleID) VALUES('196018696919493','100858289319243','19')
INSERT INTO CategoriesPortals (UniqueID,CatID,PortalID) VALUES('204069470625996','100858289319243','0')
INSERT INTO Categories (CatID,ListUnder,CategoryName,Description,Keywords,CatType,Moderator,AccessKeys,WriteKeys,SEODescription,SEOPageTitle,ManageKeys,AccessHide,WriteHide,ExcPortalSecurity,Weight,ShowList,Sharing) VALUES('210217384463100','199386689783970','Time & Date','','','','Moderator','|2|,|3|,|1|,|4|','|2|,|3|,|4|','','','|2|','0','0','0','2000','1','1')
INSERT INTO CategoriesModules (UniqueID,CatID,ModuleID) VALUES('131649284056575','210217384463100','19')
INSERT INTO CategoriesPortals (UniqueID,CatID,PortalID) VALUES('912483721642130','210217384463100','0')
INSERT INTO Categories (CatID,ListUnder,CategoryName,Description,Keywords,CatType,Moderator,AccessKeys,WriteKeys,SEODescription,SEOPageTitle,ManageKeys,AccessHide,WriteHide,ExcPortalSecurity,Weight,ShowList,Sharing) VALUES('110260387301529','178184256263312','Timeshare','','','','Moderator','|2|,|3|,|1|,|4|','|2|,|3|,|4|','','','|2|','0','0','0','2000','1','1')
INSERT INTO CategoriesModules (UniqueID,CatID,ModuleID) VALUES('187816084665321','110260387301529','19')
INSERT INTO CategoriesPortals (UniqueID,CatID,PortalID) VALUES('447584434276418','110260387301529','0')
INSERT INTO Categories (CatID,ListUnder,CategoryName,Description,Keywords,CatType,Moderator,AccessKeys,WriteKeys,SEODescription,SEOPageTitle,ManageKeys,AccessHide,WriteHide,ExcPortalSecurity,Weight,ShowList,Sharing) VALUES('965523777867358','185002260738668','Tools and Equipment','','','','Moderator','|2|,|3|,|1|,|4|','|2|,|3|,|4|','','','|2|','0','0','0','2000','1','1')
INSERT INTO CategoriesModules (UniqueID,CatID,ModuleID) VALUES('195507151748824','965523777867358','19')
INSERT INTO CategoriesPortals (UniqueID,CatID,PortalID) VALUES('140848461317462','965523777867358','0')
INSERT INTO Categories (CatID,ListUnder,CategoryName,Description,Keywords,CatType,Moderator,AccessKeys,WriteKeys,SEODescription,SEOPageTitle,ManageKeys,AccessHide,WriteHide,ExcPortalSecurity,Weight,ShowList,Sharing) VALUES('160763442360200','172065587414582','Tours & Packages','','','','Moderator','|2|,|3|,|1|,|4|','|2|,|3|,|4|','','','|2|','0','0','0','2000','1','1')
INSERT INTO CategoriesModules (UniqueID,CatID,ModuleID) VALUES('123768004174072','160763442360200','19')
INSERT INTO CategoriesPortals (UniqueID,CatID,PortalID) VALUES('119094316444762','160763442360200','0')
INSERT INTO Categories (CatID,ListUnder,CategoryName,Description,Keywords,CatType,Moderator,AccessKeys,WriteKeys,SEODescription,SEOPageTitle,ManageKeys,AccessHide,WriteHide,ExcPortalSecurity,Weight,ShowList,Sharing) VALUES('187099155704434','185002260738668','Toys and Games','','','','Moderator','|2|,|3|,|1|,|4|','|2|,|3|,|4|','','','|2|','0','0','0','2000','1','1')
INSERT INTO CategoriesModules (UniqueID,CatID,ModuleID) VALUES('115499817471460','187099155704434','19')
INSERT INTO CategoriesPortals (UniqueID,CatID,PortalID) VALUES('157493003508587','187099155704434','0')
INSERT INTO Categories (CatID,ListUnder,CategoryName,Description,Keywords,CatType,Moderator,AccessKeys,WriteKeys,SEODescription,SEOPageTitle,ManageKeys,AccessHide,WriteHide,ExcPortalSecurity,Weight,ShowList,Sharing) VALUES('803659180416561','137301753284712','Track and Field','','','','Moderator','|2|,|3|,|1|,|4|','|2|,|3|,|4|','','','|2|','0','0','0','2000','1','1')
INSERT INTO CategoriesModules (UniqueID,CatID,ModuleID) VALUES('186298516195826','803659180416561','19')
INSERT INTO CategoriesPortals (UniqueID,CatID,PortalID) VALUES('155316652485269','803659180416561','0')
INSERT INTO Categories (CatID,ListUnder,CategoryName,Description,Keywords,CatType,Moderator,AccessKeys,WriteKeys,SEODescription,SEOPageTitle,ManageKeys,AccessHide,WriteHide,ExcPortalSecurity,Weight,ShowList,Sharing) VALUES('198650731994637','459950931209134','Trading Cards','','','','Moderator','|2|,|3|,|1|,|4|','|2|,|3|,|4|','','','|2|','0','0','0','2000','1','1')
INSERT INTO CategoriesModules (UniqueID,CatID,ModuleID) VALUES('180529523313357','198650731994637','19')
INSERT INTO CategoriesPortals (UniqueID,CatID,PortalID) VALUES('193728109122001','198650731994637','0')
INSERT INTO Categories (CatID,ListUnder,CategoryName,Description,Keywords,CatType,Moderator,AccessKeys,WriteKeys,SEODescription,SEOPageTitle,ManageKeys,AccessHide,WriteHide,ExcPortalSecurity,Weight,ShowList,Sharing) VALUES('205118879327622','199386689783970','Trading Cards','','','','Moderator','|2|,|3|,|1|,|4|','|2|,|3|,|4|','','','|2|','0','0','0','2000','1','1')
INSERT INTO CategoriesModules (UniqueID,CatID,ModuleID) VALUES('534915767101110','205118879327622','19')
INSERT INTO CategoriesPortals (UniqueID,CatID,PortalID) VALUES('100629213130787','205118879327622','0')
INSERT INTO Categories (CatID,ListUnder,CategoryName,Description,Keywords,CatType,Moderator,AccessKeys,WriteKeys,SEODescription,SEOPageTitle,ManageKeys,AccessHide,WriteHide,ExcPortalSecurity,Weight,ShowList,Sharing) VALUES('106267531211720','199386689783970','Traditional Style','','','','Moderator','|2|,|3|,|1|,|4|','|2|,|3|,|4|','','','|2|','0','0','0','2000','1','1')
INSERT INTO CategoriesModules (UniqueID,CatID,ModuleID) VALUES('714525464654114','106267531211720','19')
INSERT INTO CategoriesPortals (UniqueID,CatID,PortalID) VALUES('876717408780562','106267531211720','0')
INSERT INTO Categories (CatID,ListUnder,CategoryName,Description,Keywords,CatType,Moderator,AccessKeys,WriteKeys,SEODescription,SEOPageTitle,ManageKeys,AccessHide,WriteHide,ExcPortalSecurity,Weight,ShowList,Sharing) VALUES('206813806958810','178184256263312','Training','','','','Moderator','|2|,|3|,|1|,|4|','|2|,|3|,|4|','','','|2|','0','0','0','2000','1','1')
INSERT INTO CategoriesModules (UniqueID,CatID,ModuleID) VALUES('105766153617448','206813806958810','19')
INSERT INTO CategoriesPortals (UniqueID,CatID,PortalID) VALUES('109667393043547','206813806958810','0')
INSERT INTO Categories (CatID,ListUnder,CategoryName,Description,Keywords,CatType,Moderator,AccessKeys,WriteKeys,SEODescription,SEOPageTitle,ManageKeys,AccessHide,WriteHide,ExcPortalSecurity,Weight,ShowList,Sharing) VALUES('441358058547444','113151894273336','Training','','','','Moderator','|2|,|3|,|1|,|4|','|2|,|3|,|4|','','','|2|','0','0','0','2000','1','1')
INSERT INTO CategoriesModules (UniqueID,CatID,ModuleID) VALUES('175083322265977','441358058547444','19')
INSERT INTO CategoriesPortals (UniqueID,CatID,PortalID) VALUES('284342147713613','441358058547444','0')
INSERT INTO Categories (CatID,ListUnder,CategoryName,Description,Keywords,CatType,Moderator,AccessKeys,WriteKeys,SEODescription,SEOPageTitle,ManageKeys,AccessHide,WriteHide,ExcPortalSecurity,Weight,ShowList,Sharing) VALUES('545821130637028','196992743979967','Training','','','','Moderator','|2|,|3|,|1|,|4|','|2|,|3|,|4|','','','|2|','0','0','0','2000','1','1')
INSERT INTO CategoriesModules (UniqueID,CatID,ModuleID) VALUES('143232466777337','545821130637028','19')
INSERT INTO CategoriesPortals (UniqueID,CatID,PortalID) VALUES('188799634906758','545821130637028','0')
INSERT INTO Categories (CatID,ListUnder,CategoryName,Description,Keywords,CatType,Moderator,AccessKeys,WriteKeys,SEODescription,SEOPageTitle,ManageKeys,AccessHide,WriteHide,ExcPortalSecurity,Weight,ShowList,Sharing) VALUES('167109373057204','828577006965644','Trains and Railroads','','','','Moderator','|2|,|3|,|1|,|4|','|2|,|3|,|4|','','','|2|','0','0','0','2000','1','1')
INSERT INTO CategoriesModules (UniqueID,CatID,ModuleID) VALUES('794144109813128','167109373057204','19')
INSERT INTO CategoriesPortals (UniqueID,CatID,PortalID) VALUES('130179956776708','167109373057204','0')
INSERT INTO Categories (CatID,ListUnder,CategoryName,Description,Keywords,CatType,Moderator,AccessKeys,WriteKeys,SEODescription,SEOPageTitle,ManageKeys,AccessHide,WriteHide,ExcPortalSecurity,Weight,ShowList,Sharing) VALUES('121553001873282','673927313944867','Transgendered','','','','Moderator','|2|,|3|,|1|,|4|','|2|,|3|,|4|','','','|2|','0','0','0','2000','1','1')
INSERT INTO CategoriesModules (UniqueID,CatID,ModuleID) VALUES('987108379387142','121553001873282','19')
INSERT INTO CategoriesPortals (UniqueID,CatID,PortalID) VALUES('160338249364569','121553001873282','0')
INSERT INTO Categories (CatID,ListUnder,CategoryName,Description,Keywords,CatType,Moderator,AccessKeys,WriteKeys,SEODescription,SEOPageTitle,ManageKeys,AccessHide,WriteHide,ExcPortalSecurity,Weight,ShowList,Sharing) VALUES('210774423087466','172065587414582','Transportation','','','','Moderator','|2|,|3|,|1|,|4|','|2|,|3|,|4|','','','|2|','0','0','0','2000','1','1')
INSERT INTO CategoriesModules (UniqueID,CatID,ModuleID) VALUES('122987269897597','210774423087466','19')
INSERT INTO CategoriesPortals (UniqueID,CatID,PortalID) VALUES('191791850466912','210774423087466','0')
INSERT INTO Categories (CatID,ListUnder,CategoryName,Description,Keywords,CatType,Moderator,AccessKeys,WriteKeys,SEODescription,SEOPageTitle,ManageKeys,AccessHide,WriteHide,ExcPortalSecurity,Weight,ShowList,Sharing) VALUES('135859686768827','196992743979967','Transportation and Logistics','','','','Moderator','|2|,|3|,|1|,|4|','|2|,|3|,|4|','','','|2|','0','0','0','2000','1','1')
INSERT INTO CategoriesModules (UniqueID,CatID,ModuleID) VALUES('109743147728251','135859686768827','19')
INSERT INTO CategoriesPortals (UniqueID,CatID,PortalID) VALUES('141201005154110','135859686768827','0')
INSERT INTO Categories (CatID,ListUnder,CategoryName,Description,Keywords,CatType,Moderator,AccessKeys,WriteKeys,SEODescription,SEOPageTitle,ManageKeys,AccessHide,WriteHide,ExcPortalSecurity,Weight,ShowList,Sharing) VALUES('145724956573055','185002260738668','Travel','','','','Moderator','|2|,|3|,|1|,|4|','|2|,|3|,|4|','','','|2|','0','0','0','2000','1','1')
INSERT INTO CategoriesModules (UniqueID,CatID,ModuleID) VALUES('509385015177574','145724956573055','19')
INSERT INTO CategoriesPortals (UniqueID,CatID,PortalID) VALUES('158529402153478','145724956573055','0')
INSERT INTO Categories (CatID,ListUnder,CategoryName,Description,Keywords,CatType,Moderator,AccessKeys,WriteKeys,SEODescription,SEOPageTitle,ManageKeys,AccessHide,WriteHide,ExcPortalSecurity,Weight,ShowList,Sharing) VALUES('129957990492126','828577006965644','Travel & Vacation','','','','Moderator','|2|,|3|,|1|,|4|','|2|,|3|,|4|','','','|2|','0','0','0','2000','1','1')
INSERT INTO CategoriesModules (UniqueID,CatID,ModuleID) VALUES('113440702817888','129957990492126','19')
INSERT INTO CategoriesPortals (UniqueID,CatID,PortalID) VALUES('119310442947813','129957990492126','0')
INSERT INTO Categories (CatID,ListUnder,CategoryName,Description,Keywords,CatType,Moderator,AccessKeys,WriteKeys,SEODescription,SEOPageTitle,ManageKeys,AccessHide,WriteHide,ExcPortalSecurity,Weight,ShowList,Sharing) VALUES('172065587414582','0','Travel & Vacation','','','','Moderator','|2|,|3|,|1|,|4|','|2|,|3|,|4|','','','|2|','0','0','0','2000','1','1')
INSERT INTO CategoriesModules (UniqueID,CatID,ModuleID) VALUES('156199837673314','172065587414582','19')
INSERT INTO CategoriesPortals (UniqueID,CatID,PortalID) VALUES('104947803657439','172065587414582','0')
INSERT INTO Categories (CatID,ListUnder,CategoryName,Description,Keywords,CatType,Moderator,AccessKeys,WriteKeys,SEODescription,SEOPageTitle,ManageKeys,AccessHide,WriteHide,ExcPortalSecurity,Weight,ShowList,Sharing) VALUES('791333119805378','172065587414582','Travel Insurance','','','','Moderator','|2|,|3|,|1|,|4|','|2|,|3|,|4|','','','|2|','0','0','0','2000','1','1')
INSERT INTO CategoriesModules (UniqueID,CatID,ModuleID) VALUES('198222309781339','791333119805378','19')
INSERT INTO CategoriesPortals (UniqueID,CatID,PortalID) VALUES('629399252446509','791333119805378','0')
INSERT INTO Categories (CatID,ListUnder,CategoryName,Description,Keywords,CatType,Moderator,AccessKeys,WriteKeys,SEODescription,SEOPageTitle,ManageKeys,AccessHide,WriteHide,ExcPortalSecurity,Weight,ShowList,Sharing) VALUES('217722342449516','172065587414582','Travel Services','','','','Moderator','|2|,|3|,|1|,|4|','|2|,|3|,|4|','','','|2|','0','0','0','2000','1','1')
INSERT INTO CategoriesModules (UniqueID,CatID,ModuleID) VALUES('174223589355297','217722342449516','19')
INSERT INTO CategoriesPortals (UniqueID,CatID,PortalID) VALUES('122513239124835','217722342449516','0')
INSERT INTO Categories (CatID,ListUnder,CategoryName,Description,Keywords,CatType,Moderator,AccessKeys,WriteKeys,SEODescription,SEOPageTitle,ManageKeys,AccessHide,WriteHide,ExcPortalSecurity,Weight,ShowList,Sharing) VALUES('722732742291677','172065587414582','Travel Tips','','','','Moderator','|2|,|3|,|1|,|4|','|2|,|3|,|4|','','','|2|','0','0','0','2000','1','1')
INSERT INTO CategoriesModules (UniqueID,CatID,ModuleID) VALUES('141471317145710','722732742291677','19')
INSERT INTO CategoriesPortals (UniqueID,CatID,PortalID) VALUES('204814752794262','722732742291677','0')
INSERT INTO Categories (CatID,ListUnder,CategoryName,Description,Keywords,CatType,Moderator,AccessKeys,WriteKeys,SEODescription,SEOPageTitle,ManageKeys,AccessHide,WriteHide,ExcPortalSecurity,Weight,ShowList,Sharing) VALUES('646710397378634','291790306797482','Trucks','','','','Moderator','|2|,|3|,|1|,|4|','|2|,|3|,|4|','','','|2|','0','0','0','2000','1','1')
INSERT INTO CategoriesModules (UniqueID,CatID,ModuleID) VALUES('732614162368437','646710397378634','19')
INSERT INTO CategoriesPortals (UniqueID,CatID,PortalID) VALUES('726329771954131','646710397378634','0')
INSERT INTO Categories (CatID,ListUnder,CategoryName,Description,Keywords,CatType,Moderator,AccessKeys,WriteKeys,SEODescription,SEOPageTitle,ManageKeys,AccessHide,WriteHide,ExcPortalSecurity,Weight,ShowList,Sharing) VALUES('121989344781341','161512229762770','U.S. Government','','','','Moderator','|2|,|3|,|1|,|4|','|2|,|3|,|4|','','','|2|','0','0','0','2000','1','1')
INSERT INTO CategoriesModules (UniqueID,CatID,ModuleID) VALUES('659556582037587','121989344781341','19')
INSERT INTO CategoriesPortals (UniqueID,CatID,PortalID) VALUES('864544655614522','121989344781341','0')
INSERT INTO Categories (CatID,ListUnder,CategoryName,Description,Keywords,CatType,Moderator,AccessKeys,WriteKeys,SEODescription,SEOPageTitle,ManageKeys,AccessHide,WriteHide,ExcPortalSecurity,Weight,ShowList,Sharing) VALUES('210685790231422','113209343573435','United Arab Emirates','','','','Moderator','|2|,|3|,|1|,|4|','|2|,|3|,|4|','','','|2|','0','0','0','2000','1','1')
INSERT INTO CategoriesModules (UniqueID,CatID,ModuleID) VALUES('102380713959927','210685790231422','19')
INSERT INTO CategoriesPortals (UniqueID,CatID,PortalID) VALUES('150168269671533','210685790231422','0')
INSERT INTO Categories (CatID,ListUnder,CategoryName,Description,Keywords,CatType,Moderator,AccessKeys,WriteKeys,SEODescription,SEOPageTitle,ManageKeys,AccessHide,WriteHide,ExcPortalSecurity,Weight,ShowList,Sharing) VALUES('153832280924934','113209343573435','United Kingdom','','','','Moderator','|2|,|3|,|1|,|4|','|2|,|3|,|4|','','','|2|','0','0','0','2000','1','1')
INSERT INTO CategoriesModules (UniqueID,CatID,ModuleID) VALUES('195953213137639','153832280924934','19')
INSERT INTO CategoriesPortals (UniqueID,CatID,PortalID) VALUES('421924333016121','153832280924934','0')
INSERT INTO Categories (CatID,ListUnder,CategoryName,Description,Keywords,CatType,Moderator,AccessKeys,WriteKeys,SEODescription,SEOPageTitle,ManageKeys,AccessHide,WriteHide,ExcPortalSecurity,Weight,ShowList,Sharing) VALUES('190835946843222','113209343573435','United States Of America','','','','Moderator','|2|,|3|,|1|,|4|','|2|,|3|,|4|','','','|2|','0','0','0','2000','1','1')
INSERT INTO CategoriesModules (UniqueID,CatID,ModuleID) VALUES('281413959736682','190835946843222','19')
INSERT INTO CategoriesPortals (UniqueID,CatID,PortalID) VALUES('170087789108647','190835946843222','0')
INSERT INTO Categories (CatID,ListUnder,CategoryName,Description,Keywords,CatType,Moderator,AccessKeys,WriteKeys,SEODescription,SEOPageTitle,ManageKeys,AccessHide,WriteHide,ExcPortalSecurity,Weight,ShowList,Sharing) VALUES('130897134426677','183613075156714','Urban Living','','','','Moderator','|2|,|3|,|1|,|4|','|2|,|3|,|4|','','','|2|','0','0','0','2000','1','1')
INSERT INTO CategoriesModules (UniqueID,CatID,ModuleID) VALUES('125334314443167','130897134426677','19')
INSERT INTO CategoriesPortals (UniqueID,CatID,PortalID) VALUES('149722257937645','130897134426677','0')
INSERT INTO Categories (CatID,ListUnder,CategoryName,Description,Keywords,CatType,Moderator,AccessKeys,WriteKeys,SEODescription,SEOPageTitle,ManageKeys,AccessHide,WriteHide,ExcPortalSecurity,Weight,ShowList,Sharing) VALUES('125064103183235','206453636137885','Usenet','','','','Moderator','|2|,|3|,|1|,|4|','|2|,|3|,|4|','','','|2|','0','0','0','2000','1','1')
INSERT INTO CategoriesModules (UniqueID,CatID,ModuleID) VALUES('839674623327888','125064103183235','19')
INSERT INTO CategoriesPortals (UniqueID,CatID,PortalID) VALUES('161556379733913','125064103183235','0')
INSERT INTO Categories (CatID,ListUnder,CategoryName,Description,Keywords,CatType,Moderator,AccessKeys,WriteKeys,SEODescription,SEOPageTitle,ManageKeys,AccessHide,WriteHide,ExcPortalSecurity,Weight,ShowList,Sharing) VALUES('357227808232742','208328939962424','Video','','','','Moderator','|2|,|3|,|1|,|4|','|2|,|3|,|4|','','','|2|','0','0','0','2000','1','1')
INSERT INTO CategoriesModules (UniqueID,CatID,ModuleID) VALUES('189692865107880','357227808232742','19')
INSERT INTO CategoriesPortals (UniqueID,CatID,PortalID) VALUES('163333777276510','357227808232742','0')
INSERT INTO Categories (CatID,ListUnder,CategoryName,Description,Keywords,CatType,Moderator,AccessKeys,WriteKeys,SEODescription,SEOPageTitle,ManageKeys,AccessHide,WriteHide,ExcPortalSecurity,Weight,ShowList,Sharing) VALUES('427587052854428','199386689783970','Video','','','','Moderator','|2|,|3|,|1|,|4|','|2|,|3|,|4|','','','|2|','0','0','0','2000','1','1')
INSERT INTO CategoriesModules (UniqueID,CatID,ModuleID) VALUES('143629242619483','427587052854428','19')
INSERT INTO CategoriesPortals (UniqueID,CatID,PortalID) VALUES('133327718855244','427587052854428','0')
INSERT INTO Categories (CatID,ListUnder,CategoryName,Description,Keywords,CatType,Moderator,AccessKeys,WriteKeys,SEODescription,SEOPageTitle,ManageKeys,AccessHide,WriteHide,ExcPortalSecurity,Weight,ShowList,Sharing) VALUES('176072634045584','291790306797482','Vintage & Classic','','','','Moderator','|2|,|3|,|1|,|4|','|2|,|3|,|4|','','','|2|','0','0','0','2000','1','1')
INSERT INTO CategoriesModules (UniqueID,CatID,ModuleID) VALUES('735867232273031','176072634045584','19')
INSERT INTO CategoriesPortals (UniqueID,CatID,PortalID) VALUES('177118829694381','176072634045584','0')
INSERT INTO Categories (CatID,ListUnder,CategoryName,Description,Keywords,CatType,Moderator,AccessKeys,WriteKeys,SEODescription,SEOPageTitle,ManageKeys,AccessHide,WriteHide,ExcPortalSecurity,Weight,ShowList,Sharing) VALUES('704722414117148','206453636137885','Virtual Reality','','','','Moderator','|2|,|3|,|1|,|4|','|2|,|3|,|4|','','','|2|','0','0','0','2000','1','1')
INSERT INTO CategoriesModules (UniqueID,CatID,ModuleID) VALUES('149773986793180','704722414117148','19')
INSERT INTO CategoriesPortals (UniqueID,CatID,PortalID) VALUES('659242524170864','704722414117148','0')
INSERT INTO Categories (CatID,ListUnder,CategoryName,Description,Keywords,CatType,Moderator,AccessKeys,WriteKeys,SEODescription,SEOPageTitle,ManageKeys,AccessHide,WriteHide,ExcPortalSecurity,Weight,ShowList,Sharing) VALUES('170511665285324','208328939962424','Visual Arts','','','','Moderator','|2|,|3|,|1|,|4|','|2|,|3|,|4|','','','|2|','0','0','0','2000','1','1')
INSERT INTO CategoriesModules (UniqueID,CatID,ModuleID) VALUES('183328720271566','170511665285324','19')
INSERT INTO CategoriesPortals (UniqueID,CatID,PortalID) VALUES('200578036519623','170511665285324','0')
INSERT INTO Categories (CatID,ListUnder,CategoryName,Description,Keywords,CatType,Moderator,AccessKeys,WriteKeys,SEODescription,SEOPageTitle,ManageKeys,AccessHide,WriteHide,ExcPortalSecurity,Weight,ShowList,Sharing) VALUES('119169528112660','185002260738668','Visual Arts','','','','Moderator','|2|,|3|,|1|,|4|','|2|,|3|,|4|','','','|2|','0','0','0','2000','1','1')
INSERT INTO CategoriesModules (UniqueID,CatID,ModuleID) VALUES('136747032825579','119169528112660','19')
INSERT INTO CategoriesPortals (UniqueID,CatID,PortalID) VALUES('423777587316531','119169528112660','0')
INSERT INTO Categories (CatID,ListUnder,CategoryName,Description,Keywords,CatType,Moderator,AccessKeys,WriteKeys,SEODescription,SEOPageTitle,ManageKeys,AccessHide,WriteHide,ExcPortalSecurity,Weight,ShowList,Sharing) VALUES('126591535804275','137301753284712','Volleybal','','','','Moderator','|2|,|3|,|1|,|4|','|2|,|3|,|4|','','','|2|','0','0','0','2000','1','1')
INSERT INTO CategoriesModules (UniqueID,CatID,ModuleID) VALUES('174431368438545','126591535804275','19')
INSERT INTO CategoriesPortals (UniqueID,CatID,PortalID) VALUES('187142298513447','126591535804275','0')
INSERT INTO Categories (CatID,ListUnder,CategoryName,Description,Keywords,CatType,Moderator,AccessKeys,WriteKeys,SEODescription,SEOPageTitle,ManageKeys,AccessHide,WriteHide,ExcPortalSecurity,Weight,ShowList,Sharing) VALUES('575707105946548','137301753284712','Walking','','','','Moderator','|2|,|3|,|1|,|4|','|2|,|3|,|4|','','','|2|','0','0','0','2000','1','1')
INSERT INTO CategoriesModules (UniqueID,CatID,ModuleID) VALUES('203265935619385','575707105946548','19')
INSERT INTO CategoriesPortals (UniqueID,CatID,PortalID) VALUES('208964407155036','575707105946548','0')
INSERT INTO Categories (CatID,ListUnder,CategoryName,Description,Keywords,CatType,Moderator,AccessKeys,WriteKeys,SEODescription,SEOPageTitle,ManageKeys,AccessHide,WriteHide,ExcPortalSecurity,Weight,ShowList,Sharing) VALUES('144953764078240','137301753284712','Water Sports','','','','Moderator','|2|,|3|,|1|,|4|','|2|,|3|,|4|','','','|2|','0','0','0','2000','1','1')
INSERT INTO CategoriesModules (UniqueID,CatID,ModuleID) VALUES('180549316058953','144953764078240','19')
INSERT INTO CategoriesPortals (UniqueID,CatID,PortalID) VALUES('824203723218367','144953764078240','0')
INSERT INTO Categories (CatID,ListUnder,CategoryName,Description,Keywords,CatType,Moderator,AccessKeys,WriteKeys,SEODescription,SEOPageTitle,ManageKeys,AccessHide,WriteHide,ExcPortalSecurity,Weight,ShowList,Sharing) VALUES('838406046226533','108351767413623','Weather','','','','Moderator','|2|,|3|,|1|,|4|','|2|,|3|,|4|','','','|2|','0','0','0','2000','1','1')
INSERT INTO CategoriesModules (UniqueID,CatID,ModuleID) VALUES('448083281096157','838406046226533','19')
INSERT INTO CategoriesPortals (UniqueID,CatID,PortalID) VALUES('944631802256845','838406046226533','0')
INSERT INTO Categories (CatID,ListUnder,CategoryName,Description,Keywords,CatType,Moderator,AccessKeys,WriteKeys,SEODescription,SEOPageTitle,ManageKeys,AccessHide,WriteHide,ExcPortalSecurity,Weight,ShowList,Sharing) VALUES('169715889783575','113151894273336','Web Development','','','','Moderator','|2|,|3|,|1|,|4|','|2|,|3|,|4|','','','|2|','0','0','0','2000','1','1')
INSERT INTO CategoriesModules (UniqueID,CatID,ModuleID) VALUES('187032647674159','169715889783575','19')
INSERT INTO CategoriesPortals (UniqueID,CatID,PortalID) VALUES('478219036132150','169715889783575','0')
INSERT INTO Categories (CatID,ListUnder,CategoryName,Description,Keywords,CatType,Moderator,AccessKeys,WriteKeys,SEODescription,SEOPageTitle,ManageKeys,AccessHide,WriteHide,ExcPortalSecurity,Weight,ShowList,Sharing) VALUES('939718213038486','113151894273336','Web Hosting','','','','Moderator','|2|,|3|,|1|,|4|','|2|,|3|,|4|','','','|2|','0','0','0','2000','1','1')
INSERT INTO CategoriesModules (UniqueID,CatID,ModuleID) VALUES('815005762577654','939718213038486','19')
INSERT INTO CategoriesPortals (UniqueID,CatID,PortalID) VALUES('354214755469515','939718213038486','0')
INSERT INTO Categories (CatID,ListUnder,CategoryName,Description,Keywords,CatType,Moderator,AccessKeys,WriteKeys,SEODescription,SEOPageTitle,ManageKeys,AccessHide,WriteHide,ExcPortalSecurity,Weight,ShowList,Sharing) VALUES('697720712523668','418012308427443','Web Series','','','','Moderator','|2|,|3|,|1|,|4|','|2|,|3|,|4|','','','|2|','0','0','0','2000','1','1')
INSERT INTO CategoriesModules (UniqueID,CatID,ModuleID) VALUES('123161655256450','697720712523668','19')
INSERT INTO CategoriesPortals (UniqueID,CatID,PortalID) VALUES('119805585548761','697720712523668','0')
INSERT INTO Categories (CatID,ListUnder,CategoryName,Description,Keywords,CatType,Moderator,AccessKeys,WriteKeys,SEODescription,SEOPageTitle,ManageKeys,AccessHide,WriteHide,ExcPortalSecurity,Weight,ShowList,Sharing) VALUES('683311900963930','108351767413623','Weblogs','','','','Moderator','|2|,|3|,|1|,|4|','|2|,|3|,|4|','','','|2|','0','0','0','2000','1','1')
INSERT INTO CategoriesModules (UniqueID,CatID,ModuleID) VALUES('653323944113134','683311900963930','19')
INSERT INTO CategoriesPortals (UniqueID,CatID,PortalID) VALUES('621427890277833','683311900963930','0')
INSERT INTO Categories (CatID,ListUnder,CategoryName,Description,Keywords,CatType,Moderator,AccessKeys,WriteKeys,SEODescription,SEOPageTitle,ManageKeys,AccessHide,WriteHide,ExcPortalSecurity,Weight,ShowList,Sharing) VALUES('174484136519333','418012308427443','Webzines','','','','Moderator','|2|,|3|,|1|,|4|','|2|,|3|,|4|','','','|2|','0','0','0','2000','1','1')
INSERT INTO CategoriesModules (UniqueID,CatID,ModuleID) VALUES('114586292661141','174484136519333','19')
INSERT INTO CategoriesPortals (UniqueID,CatID,PortalID) VALUES('405637077777112','174484136519333','0')
INSERT INTO Categories (CatID,ListUnder,CategoryName,Description,Keywords,CatType,Moderator,AccessKeys,WriteKeys,SEODescription,SEOPageTitle,ManageKeys,AccessHide,WriteHide,ExcPortalSecurity,Weight,ShowList,Sharing) VALUES('143803977733951','107462925193527','Weddings','','','','Moderator','|2|,|3|,|1|,|4|','|2|,|3|,|4|','','','|2|','0','0','0','2000','1','1')
INSERT INTO CategoriesModules (UniqueID,CatID,ModuleID) VALUES('110677303079647','143803977733951','19')
INSERT INTO CategoriesPortals (UniqueID,CatID,PortalID) VALUES('133696384316426','143803977733951','0')
INSERT INTO Categories (CatID,ListUnder,CategoryName,Description,Keywords,CatType,Moderator,AccessKeys,WriteKeys,SEODescription,SEOPageTitle,ManageKeys,AccessHide,WriteHide,ExcPortalSecurity,Weight,ShowList,Sharing) VALUES('210634973577816','185002260738668','Weddings','','','','Moderator','|2|,|3|,|1|,|4|','|2|,|3|,|4|','','','|2|','0','0','0','2000','1','1')
INSERT INTO CategoriesModules (UniqueID,CatID,ModuleID) VALUES('840079145885191','210634973577816','19')
INSERT INTO CategoriesPortals (UniqueID,CatID,PortalID) VALUES('180236975167189','210634973577816','0')
INSERT INTO Categories (CatID,ListUnder,CategoryName,Description,Keywords,CatType,Moderator,AccessKeys,WriteKeys,SEODescription,SEOPageTitle,ManageKeys,AccessHide,WriteHide,ExcPortalSecurity,Weight,ShowList,Sharing) VALUES('121274799530687','291790306797482','Wheels & Rims','','','','Moderator','|2|,|3|,|1|,|4|','|2|,|3|,|4|','','','|2|','0','0','0','2000','1','1')
INSERT INTO CategoriesModules (UniqueID,CatID,ModuleID) VALUES('144850953858716','121274799530687','19')
INSERT INTO CategoriesPortals (UniqueID,CatID,PortalID) VALUES('197496172782682','121274799530687','0')
INSERT INTO Categories (CatID,ListUnder,CategoryName,Description,Keywords,CatType,Moderator,AccessKeys,WriteKeys,SEODescription,SEOPageTitle,ManageKeys,AccessHide,WriteHide,ExcPortalSecurity,Weight,ShowList,Sharing) VALUES('207538714028743','828577006965644','Whips','','','','Moderator','|2|,|3|,|1|,|4|','|2|,|3|,|4|','','','|2|','0','0','0','2000','1','1')
INSERT INTO CategoriesModules (UniqueID,CatID,ModuleID) VALUES('107690194576637','207538714028743','19')
INSERT INTO CategoriesPortals (UniqueID,CatID,PortalID) VALUES('124338303775579','207538714028743','0')
INSERT INTO Categories (CatID,ListUnder,CategoryName,Description,Keywords,CatType,Moderator,AccessKeys,WriteKeys,SEODescription,SEOPageTitle,ManageKeys,AccessHide,WriteHide,ExcPortalSecurity,Weight,ShowList,Sharing) VALUES('140328235668585','196992743979967','Wholesale Trade','','','','Moderator','|2|,|3|,|1|,|4|','|2|,|3|,|4|','','','|2|','0','0','0','2000','1','1')
INSERT INTO CategoriesModules (UniqueID,CatID,ModuleID) VALUES('139395749321686','140328235668585','19')
INSERT INTO CategoriesPortals (UniqueID,CatID,PortalID) VALUES('695109333325828','140328235668585','0')
INSERT INTO Categories (CatID,ListUnder,CategoryName,Description,Keywords,CatType,Moderator,AccessKeys,WriteKeys,SEODescription,SEOPageTitle,ManageKeys,AccessHide,WriteHide,ExcPortalSecurity,Weight,ShowList,Sharing) VALUES('440089281823797','137301753284712','Winter Sports','','','','Moderator','|2|,|3|,|1|,|4|','|2|,|3|,|4|','','','|2|','0','0','0','2000','1','1')
INSERT INTO CategoriesModules (UniqueID,CatID,ModuleID) VALUES('881885261356486','440089281823797','19')
INSERT INTO CategoriesPortals (UniqueID,CatID,PortalID) VALUES('172500627239762','440089281823797','0')
INSERT INTO Categories (CatID,ListUnder,CategoryName,Description,Keywords,CatType,Moderator,AccessKeys,WriteKeys,SEODescription,SEOPageTitle,ManageKeys,AccessHide,WriteHide,ExcPortalSecurity,Weight,ShowList,Sharing) VALUES('545170516766324','137301753284712','Women','','','','Moderator','|2|,|3|,|1|,|4|','|2|,|3|,|4|','','','|2|','0','0','0','2000','1','1')
INSERT INTO CategoriesModules (UniqueID,CatID,ModuleID) VALUES('779953918929688','545170516766324','19')
INSERT INTO CategoriesPortals (UniqueID,CatID,PortalID) VALUES('201498955240020','545170516766324','0')
INSERT INTO Categories (CatID,ListUnder,CategoryName,Description,Keywords,CatType,Moderator,AccessKeys,WriteKeys,SEODescription,SEOPageTitle,ManageKeys,AccessHide,WriteHide,ExcPortalSecurity,Weight,ShowList,Sharing) VALUES('966450340113904','183613075156714','Women','','','','Moderator','|2|,|3|,|1|,|4|','|2|,|3|,|4|','','','|2|','0','0','0','2000','1','1')
INSERT INTO CategoriesModules (UniqueID,CatID,ModuleID) VALUES('917820052252726','966450340113904','19')
INSERT INTO CategoriesPortals (UniqueID,CatID,PortalID) VALUES('352231713324857','966450340113904','0')
INSERT INTO Categories (CatID,ListUnder,CategoryName,Description,Keywords,CatType,Moderator,AccessKeys,WriteKeys,SEODescription,SEOPageTitle,ManageKeys,AccessHide,WriteHide,ExcPortalSecurity,Weight,ShowList,Sharing) VALUES('211921999157667','291790306797482','Woodies','','','','Moderator','|2|,|3|,|1|,|4|','|2|,|3|,|4|','','','|2|','0','0','0','2000','1','1')
INSERT INTO CategoriesModules (UniqueID,CatID,ModuleID) VALUES('150769118752134','211921999157667','19')
INSERT INTO CategoriesPortals (UniqueID,CatID,PortalID) VALUES('145243011383511','211921999157667','0')
INSERT INTO Categories (CatID,ListUnder,CategoryName,Description,Keywords,CatType,Moderator,AccessKeys,WriteKeys,SEODescription,SEOPageTitle,ManageKeys,AccessHide,WriteHide,ExcPortalSecurity,Weight,ShowList,Sharing) VALUES('195433169446800','673927313944867','Work','','','','Moderator','|2|,|3|,|1|,|4|','|2|,|3|,|4|','','','|2|','0','0','0','2000','1','1')
INSERT INTO CategoriesModules (UniqueID,CatID,ModuleID) VALUES('143732668568975','195433169446800','19')
INSERT INTO CategoriesPortals (UniqueID,CatID,PortalID) VALUES('165921032646807','195433169446800','0')
INSERT INTO Categories (CatID,ListUnder,CategoryName,Description,Keywords,CatType,Moderator,AccessKeys,WriteKeys,SEODescription,SEOPageTitle,ManageKeys,AccessHide,WriteHide,ExcPortalSecurity,Weight,ShowList,Sharing) VALUES('737047424232738','199386689783970','World Records','','','','Moderator','|2|,|3|,|1|,|4|','|2|,|3|,|4|','','','|2|','0','0','0','2000','1','1')
INSERT INTO CategoriesModules (UniqueID,CatID,ModuleID) VALUES('103221316360838','737047424232738','19')
INSERT INTO CategoriesPortals (UniqueID,CatID,PortalID) VALUES('123506818221167','737047424232738','0')
INSERT INTO Categories (CatID,ListUnder,CategoryName,Description,Keywords,CatType,Moderator,AccessKeys,WriteKeys,SEODescription,SEOPageTitle,ManageKeys,AccessHide,WriteHide,ExcPortalSecurity,Weight,ShowList,Sharing) VALUES('155073864171818','137301753284712','Wrestling','','','','Moderator','|2|,|3|,|1|,|4|','|2|,|3|,|4|','','','|2|','0','0','0','2000','1','1')
INSERT INTO CategoriesModules (UniqueID,CatID,ModuleID) VALUES('102011720311638','155073864171818','19')
INSERT INTO CategoriesPortals (UniqueID,CatID,PortalID) VALUES('966906743703763','155073864171818','0')
INSERT INTO Categories (CatID,ListUnder,CategoryName,Description,Keywords,CatType,Moderator,AccessKeys,WriteKeys,SEODescription,SEOPageTitle,ManageKeys,AccessHide,WriteHide,ExcPortalSecurity,Weight,ShowList,Sharing) VALUES('100035425965343','208328939962424','Writers Resources','','','','Moderator','|2|,|3|,|1|,|4|','|2|,|3|,|4|','','','|2|','0','0','0','2000','1','1')
INSERT INTO CategoriesModules (UniqueID,CatID,ModuleID) VALUES('122510158228989','100035425965343','19')
INSERT INTO CategoriesPortals (UniqueID,CatID,PortalID) VALUES('111567249155178','100035425965343','0')
INSERT INTO Categories (CatID,ListUnder,CategoryName,Description,Keywords,CatType,Moderator,AccessKeys,WriteKeys,SEODescription,SEOPageTitle,ManageKeys,AccessHide,WriteHide,ExcPortalSecurity,Weight,ShowList,Sharing) VALUES('491395206221565','202999822552781','Writing and Typing','','','','Moderator','|2|,|3|,|1|,|4|','|2|,|3|,|4|','','','|2|','0','0','0','2000','1','1')
INSERT INTO CategoriesModules (UniqueID,CatID,ModuleID) VALUES('659182060533753','491395206221565','19')
INSERT INTO CategoriesPortals (UniqueID,CatID,PortalID) VALUES('391780784001508','491395206221565','0')
INSERT INTO Categories (CatID,ListUnder,CategoryName,Description,Keywords,CatType,Moderator,AccessKeys,WriteKeys,SEODescription,SEOPageTitle,ManageKeys,AccessHide,WriteHide,ExcPortalSecurity,Weight,ShowList,Sharing) VALUES('118366094749772','929551590164924','Xbox','','','','Moderator','|2|,|3|,|1|,|4|','|2|,|3|,|4|','','','|2|','0','0','0','2000','1','1')
INSERT INTO CategoriesModules (UniqueID,CatID,ModuleID) VALUES('368750356971217','118366094749772','19')
INSERT INTO CategoriesPortals (UniqueID,CatID,PortalID) VALUES('114984338743527','118366094749772','0')
INSERT INTO Categories (CatID,ListUnder,CategoryName,Description,Keywords,CatType,Moderator,AccessKeys,WriteKeys,SEODescription,SEOPageTitle,ManageKeys,AccessHide,WriteHide,ExcPortalSecurity,Weight,ShowList,Sharing) VALUES('223297303458372','929551590164924','Xbox 360 Cheat Codes','','','','Moderator','|2|,|3|,|1|,|4|','|2|,|3|,|4|','','','|2|','0','0','0','2000','1','1')
INSERT INTO CategoriesModules (UniqueID,CatID,ModuleID) VALUES('167425777154612','223297303458372','19')
INSERT INTO CategoriesPortals (UniqueID,CatID,PortalID) VALUES('273263230426355','223297303458372','0')
INSERT INTO Categories (CatID,ListUnder,CategoryName,Description,Keywords,CatType,Moderator,AccessKeys,WriteKeys,SEODescription,SEOPageTitle,ManageKeys,AccessHide,WriteHide,ExcPortalSecurity,Weight,ShowList,Sharing) VALUES('120744896430071','929551590164924','Xbox 360 Forum','','','','Moderator','|2|,|3|,|1|,|4|','|2|,|3|,|4|','','','|2|','0','0','0','2000','1','1')
INSERT INTO CategoriesModules (UniqueID,CatID,ModuleID) VALUES('133225006557961','120744896430071','19')
INSERT INTO CategoriesPortals (UniqueID,CatID,PortalID) VALUES('169225055942825','120744896430071','0')
INSERT INTO Categories (CatID,ListUnder,CategoryName,Description,Keywords,CatType,Moderator,AccessKeys,WriteKeys,SEODescription,SEOPageTitle,ManageKeys,AccessHide,WriteHide,ExcPortalSecurity,Weight,ShowList,Sharing) VALUES('156254555331290','929551590164924','Xbox 360 Games','','','','Moderator','|2|,|3|,|1|,|4|','|2|,|3|,|4|','','','|2|','0','0','0','2000','1','1')
INSERT INTO CategoriesModules (UniqueID,CatID,ModuleID) VALUES('516663025255354','156254555331290','19')
INSERT INTO CategoriesPortals (UniqueID,CatID,PortalID) VALUES('102016773184267','156254555331290','0')
INSERT INTO Categories (CatID,ListUnder,CategoryName,Description,Keywords,CatType,Moderator,AccessKeys,WriteKeys,SEODescription,SEOPageTitle,ManageKeys,AccessHide,WriteHide,ExcPortalSecurity,Weight,ShowList,Sharing) VALUES('311742043691048','929551590164924','Xbox Cheat Codes','','','','Moderator','|2|,|3|,|1|,|4|','|2|,|3|,|4|','','','|2|','0','0','0','2000','1','1')
INSERT INTO CategoriesModules (UniqueID,CatID,ModuleID) VALUES('635940966341516','311742043691048','19')
INSERT INTO CategoriesPortals (UniqueID,CatID,PortalID) VALUES('797617574385587','311742043691048','0')
INSERT INTO Categories (CatID,ListUnder,CategoryName,Description,Keywords,CatType,Moderator,AccessKeys,WriteKeys,SEODescription,SEOPageTitle,ManageKeys,AccessHide,WriteHide,ExcPortalSecurity,Weight,ShowList,Sharing) VALUES('155487106734746','929551590164924','Xbox Games','','','','Moderator','|2|,|3|,|1|,|4|','|2|,|3|,|4|','','','|2|','0','0','0','2000','1','1')
INSERT INTO CategoriesModules (UniqueID,CatID,ModuleID) VALUES('162007737965945','155487106734746','19')
INSERT INTO CategoriesPortals (UniqueID,CatID,PortalID) VALUES('482993053943784','155487106734746','0')
INSERT INTO Categories (CatID,ListUnder,CategoryName,Description,Keywords,CatType,Moderator,AccessKeys,WriteKeys,SEODescription,SEOPageTitle,ManageKeys,AccessHide,WriteHide,ExcPortalSecurity,Weight,ShowList,Sharing) VALUES('703989416608824','137301753284712','Youth and High School','','','','Moderator','|2|,|3|,|1|,|4|','|2|,|3|,|4|','','','|2|','0','0','0','2000','1','1')
INSERT INTO CategoriesModules (UniqueID,CatID,ModuleID) VALUES('216980121844617','703989416608824','19')
INSERT INTO CategoriesPortals (UniqueID,CatID,PortalID) VALUES('213881300164736','703989416608824','0')
[[GO]]