INSERT INTO Categories (CatID,ListUnder,CategoryName,Description,Keywords,CatType,Moderator,AccessKeys,WriteKeys,SEODescription,SEOPageTitle,ManageKeys,AccessHide,WriteHide,ExcPortalSecurity,Weight,ShowList,Sharing) VALUES('107845768852236','957743190054807','Accessories','','','','Moderator','|2|,|3|,|1|,|4|','|2|,|3|,|4|','','','|2|','0','0','0','2000','1','1')
INSERT INTO CategoriesModules (UniqueID,CatID,ModuleID) VALUES('142071600628263','107845768852236','35')
INSERT INTO CategoriesPortals (UniqueID,CatID,PortalID) VALUES('124281559914718','107845768852236','0')
INSERT INTO Categories (CatID,ListUnder,CategoryName,Description,Keywords,CatType,Moderator,AccessKeys,WriteKeys,SEODescription,SEOPageTitle,ManageKeys,AccessHide,WriteHide,ExcPortalSecurity,Weight,ShowList,Sharing) VALUES('162249215011764','114136718658386','Accounting','','','','Moderator','|2|,|3|,|1|,|4|','|2|,|3|,|4|','','','|2|','0','0','0','2000','1','1')
INSERT INTO CategoriesModules (UniqueID,CatID,ModuleID) VALUES('109556681019754','162249215011764','35')
INSERT INTO CategoriesPortals (UniqueID,CatID,PortalID) VALUES('131723222768515','162249215011764','0')
INSERT INTO Categories (CatID,ListUnder,CategoryName,Description,Keywords,CatType,Moderator,AccessKeys,WriteKeys,SEODescription,SEOPageTitle,ManageKeys,AccessHide,WriteHide,ExcPortalSecurity,Weight,ShowList,Sharing) VALUES('426291947926153','201040169615478','Adsense','','','','Moderator','|2|,|3|,|1|,|4|','|2|,|3|,|4|','','','|2|','0','0','0','2000','1','1')
INSERT INTO CategoriesModules (UniqueID,CatID,ModuleID) VALUES('164625284151788','426291947926153','35')
INSERT INTO CategoriesPortals (UniqueID,CatID,PortalID) VALUES('626662653814855','426291947926153','0')
INSERT INTO Categories (CatID,ListUnder,CategoryName,Description,Keywords,CatType,Moderator,AccessKeys,WriteKeys,SEODescription,SEOPageTitle,ManageKeys,AccessHide,WriteHide,ExcPortalSecurity,Weight,ShowList,Sharing) VALUES('276621057641218','286926844651184','Aerobics','','','','Moderator','|2|,|3|,|1|,|4|','|2|,|3|,|4|','','','|2|','0','0','0','2000','1','1')
INSERT INTO CategoriesModules (UniqueID,CatID,ModuleID) VALUES('489427071597433','276621057641218','35')
INSERT INTO CategoriesPortals (UniqueID,CatID,PortalID) VALUES('177343438675722','276621057641218','0')
INSERT INTO Categories (CatID,ListUnder,CategoryName,Description,Keywords,CatType,Moderator,AccessKeys,WriteKeys,SEODescription,SEOPageTitle,ManageKeys,AccessHide,WriteHide,ExcPortalSecurity,Weight,ShowList,Sharing) VALUES('613703710003260','201040169615478','Affiliates','','','','Moderator','|2|,|3|,|1|,|4|','|2|,|3|,|4|','','','|2|','0','0','0','2000','1','1')
INSERT INTO CategoriesModules (UniqueID,CatID,ModuleID) VALUES('489095401781703','613703710003260','35')
INSERT INTO CategoriesPortals (UniqueID,CatID,PortalID) VALUES('192944480045416','613703710003260','0')
INSERT INTO Categories (CatID,ListUnder,CategoryName,Description,Keywords,CatType,Moderator,AccessKeys,WriteKeys,SEODescription,SEOPageTitle,ManageKeys,AccessHide,WriteHide,ExcPortalSecurity,Weight,ShowList,Sharing) VALUES('355158519823242','133405767218788','Appearance','','','','Moderator','|2|,|3|,|1|,|4|','|2|,|3|,|4|','','','|2|','0','0','0','2000','1','1')
INSERT INTO CategoriesModules (UniqueID,CatID,ModuleID) VALUES('125773960216273','355158519823242','35')
INSERT INTO CategoriesPortals (UniqueID,CatID,PortalID) VALUES('430412915553735','355158519823242','0')
INSERT INTO Categories (CatID,ListUnder,CategoryName,Description,Keywords,CatType,Moderator,AccessKeys,WriteKeys,SEODescription,SEOPageTitle,ManageKeys,AccessHide,WriteHide,ExcPortalSecurity,Weight,ShowList,Sharing) VALUES('544829764081433','124247008284683','Articles','','','','Moderator','|2|,|3|,|1|,|4|','|2|,|3|,|4|','','','|2|','0','0','0','2000','1','1')
INSERT INTO CategoriesModules (UniqueID,CatID,ModuleID) VALUES('149873196630341','544829764081433','35')
INSERT INTO CategoriesPortals (UniqueID,CatID,PortalID) VALUES('211239804814252','544829764081433','0')
INSERT INTO Categories (CatID,ListUnder,CategoryName,Description,Keywords,CatType,Moderator,AccessKeys,WriteKeys,SEODescription,SEOPageTitle,ManageKeys,AccessHide,WriteHide,ExcPortalSecurity,Weight,ShowList,Sharing) VALUES('182145138322364','114136718658386','Arts','','','','Moderator','|2|,|3|,|1|,|4|','|2|,|3|,|4|','','','|2|','0','0','0','2000','1','1')
INSERT INTO CategoriesModules (UniqueID,CatID,ModuleID) VALUES('953338599424315','182145138322364','35')
INSERT INTO CategoriesPortals (UniqueID,CatID,PortalID) VALUES('172229984608767','182145138322364','0')
INSERT INTO Categories (CatID,ListUnder,CategoryName,Description,Keywords,CatType,Moderator,AccessKeys,WriteKeys,SEODescription,SEOPageTitle,ManageKeys,AccessHide,WriteHide,ExcPortalSecurity,Weight,ShowList,Sharing) VALUES('111911657168770','0','Arts','','','','Moderator','|2|,|3|,|1|,|4|','|2|,|3|,|4|','','','|2|','0','0','0','2000','1','1')
INSERT INTO CategoriesModules (UniqueID,CatID,ModuleID) VALUES('117341361502314','111911657168770','35')
INSERT INTO CategoriesPortals (UniqueID,CatID,PortalID) VALUES('152397802714686','111911657168770','0')
INSERT INTO Categories (CatID,ListUnder,CategoryName,Description,Keywords,CatType,Moderator,AccessKeys,WriteKeys,SEODescription,SEOPageTitle,ManageKeys,AccessHide,WriteHide,ExcPortalSecurity,Weight,ShowList,Sharing) VALUES('514693803746471','0','Arts and Crafts','','','','Moderator','|2|,|3|,|1|,|4|','|2|,|3|,|4|','','','|2|','0','0','0','2000','1','1')
INSERT INTO CategoriesModules (UniqueID,CatID,ModuleID) VALUES('577640781804787','514693803746471','35')
INSERT INTO CategoriesPortals (UniqueID,CatID,PortalID) VALUES('187927451249683','514693803746471','0')
INSERT INTO Categories (CatID,ListUnder,CategoryName,Description,Keywords,CatType,Moderator,AccessKeys,WriteKeys,SEODescription,SEOPageTitle,ManageKeys,AccessHide,WriteHide,ExcPortalSecurity,Weight,ShowList,Sharing) VALUES('142397123178427','133405767218788','Attitude','','','','Moderator','|2|,|3|,|1|,|4|','|2|,|3|,|4|','','','|2|','0','0','0','2000','1','1')
INSERT INTO CategoriesModules (UniqueID,CatID,ModuleID) VALUES('201805068971804','142397123178427','35')
INSERT INTO CategoriesPortals (UniqueID,CatID,PortalID) VALUES('121686979654838','142397123178427','0')
INSERT INTO Categories (CatID,ListUnder,CategoryName,Description,Keywords,CatType,Moderator,AccessKeys,WriteKeys,SEODescription,SEOPageTitle,ManageKeys,AccessHide,WriteHide,ExcPortalSecurity,Weight,ShowList,Sharing) VALUES('749739969680159','175027330659200','Baking','','','','Moderator','|2|,|3|,|1|,|4|','|2|,|3|,|4|','','','|2|','0','0','0','2000','1','1')
INSERT INTO CategoriesModules (UniqueID,CatID,ModuleID) VALUES('221034544338847','749739969680159','35')
INSERT INTO CategoriesPortals (UniqueID,CatID,PortalID) VALUES('929618121607934','749739969680159','0')
INSERT INTO Categories (CatID,ListUnder,CategoryName,Description,Keywords,CatType,Moderator,AccessKeys,WriteKeys,SEODescription,SEOPageTitle,ManageKeys,AccessHide,WriteHide,ExcPortalSecurity,Weight,ShowList,Sharing) VALUES('868843538139271','202050777881675','Banking','','','','Moderator','|2|,|3|,|1|,|4|','|2|,|3|,|4|','','','|2|','0','0','0','2000','1','1')
INSERT INTO CategoriesModules (UniqueID,CatID,ModuleID) VALUES('705723483858741','868843538139271','35')
INSERT INTO CategoriesPortals (UniqueID,CatID,PortalID) VALUES('164185413393577','868843538139271','0')
INSERT INTO Categories (CatID,ListUnder,CategoryName,Description,Keywords,CatType,Moderator,AccessKeys,WriteKeys,SEODescription,SEOPageTitle,ManageKeys,AccessHide,WriteHide,ExcPortalSecurity,Weight,ShowList,Sharing) VALUES('127497708197744','201040169615478','Banner Advertising','','','','Moderator','|2|,|3|,|1|,|4|','|2|,|3|,|4|','','','|2|','0','0','0','2000','1','1')
INSERT INTO CategoriesModules (UniqueID,CatID,ModuleID) VALUES('337981891264130','127497708197744','35')
INSERT INTO CategoriesPortals (UniqueID,CatID,PortalID) VALUES('872354659571296','127497708197744','0')
INSERT INTO Categories (CatID,ListUnder,CategoryName,Description,Keywords,CatType,Moderator,AccessKeys,WriteKeys,SEODescription,SEOPageTitle,ManageKeys,AccessHide,WriteHide,ExcPortalSecurity,Weight,ShowList,Sharing) VALUES('170696457087536','180512782428882','Baseball','','','','Moderator','|2|,|3|,|1|,|4|','|2|,|3|,|4|','','','|2|','0','0','0','2000','1','1')
INSERT INTO CategoriesModules (UniqueID,CatID,ModuleID) VALUES('783363769135277','170696457087536','35')
INSERT INTO CategoriesPortals (UniqueID,CatID,PortalID) VALUES('147898937628620','170696457087536','0')
INSERT INTO Categories (CatID,ListUnder,CategoryName,Description,Keywords,CatType,Moderator,AccessKeys,WriteKeys,SEODescription,SEOPageTitle,ManageKeys,AccessHide,WriteHide,ExcPortalSecurity,Weight,ShowList,Sharing) VALUES('209803461455070','180512782428882','Basketball','','','','Moderator','|2|,|3|,|1|,|4|','|2|,|3|,|4|','','','|2|','0','0','0','2000','1','1')
INSERT INTO CategoriesModules (UniqueID,CatID,ModuleID) VALUES('447461275646816','209803461455070','35')
INSERT INTO CategoriesPortals (UniqueID,CatID,PortalID) VALUES('428120494828474','209803461455070','0')
INSERT INTO Categories (CatID,ListUnder,CategoryName,Description,Keywords,CatType,Moderator,AccessKeys,WriteKeys,SEODescription,SEOPageTitle,ManageKeys,AccessHide,WriteHide,ExcPortalSecurity,Weight,ShowList,Sharing) VALUES('144466419254097','142366098511655','Beauty','','','','Moderator','|2|,|3|,|1|,|4|','|2|,|3|,|4|','','','|2|','0','0','0','2000','1','1')
INSERT INTO CategoriesModules (UniqueID,CatID,ModuleID) VALUES('189777782448429','144466419254097','35')
INSERT INTO CategoriesPortals (UniqueID,CatID,PortalID) VALUES('121184367165546','144466419254097','0')
INSERT INTO Categories (CatID,ListUnder,CategoryName,Description,Keywords,CatType,Moderator,AccessKeys,WriteKeys,SEODescription,SEOPageTitle,ManageKeys,AccessHide,WriteHide,ExcPortalSecurity,Weight,ShowList,Sharing) VALUES('774796237313818','180512782428882','Biking','','','','Moderator','|2|,|3|,|1|,|4|','|2|,|3|,|4|','','','|2|','0','0','0','2000','1','1')
INSERT INTO CategoriesModules (UniqueID,CatID,ModuleID) VALUES('103480767253154','774796237313818','35')
INSERT INTO CategoriesPortals (UniqueID,CatID,PortalID) VALUES('602309204450774','774796237313818','0')
INSERT INTO Categories (CatID,ListUnder,CategoryName,Description,Keywords,CatType,Moderator,AccessKeys,WriteKeys,SEODescription,SEOPageTitle,ManageKeys,AccessHide,WriteHide,ExcPortalSecurity,Weight,ShowList,Sharing) VALUES('781384432618084','201040169615478','Blogs','','','','Moderator','|2|,|3|,|1|,|4|','|2|,|3|,|4|','','','|2|','0','0','0','2000','1','1')
INSERT INTO CategoriesModules (UniqueID,CatID,ModuleID) VALUES('564978282228151','781384432618084','35')
INSERT INTO CategoriesPortals (UniqueID,CatID,PortalID) VALUES('124031115521876','781384432618084','0')
INSERT INTO Categories (CatID,ListUnder,CategoryName,Description,Keywords,CatType,Moderator,AccessKeys,WriteKeys,SEODescription,SEOPageTitle,ManageKeys,AccessHide,WriteHide,ExcPortalSecurity,Weight,ShowList,Sharing) VALUES('211317381981257','261993146017078','Boating','','','','Moderator','|2|,|3|,|1|,|4|','|2|,|3|,|4|','','','|2|','0','0','0','2000','1','1')
INSERT INTO CategoriesModules (UniqueID,CatID,ModuleID) VALUES('173867068755217','211317381981257','35')
INSERT INTO CategoriesPortals (UniqueID,CatID,PortalID) VALUES('152333893022215','211317381981257','0')
INSERT INTO Categories (CatID,ListUnder,CategoryName,Description,Keywords,CatType,Moderator,AccessKeys,WriteKeys,SEODescription,SEOPageTitle,ManageKeys,AccessHide,WriteHide,ExcPortalSecurity,Weight,ShowList,Sharing) VALUES('104358867504511','202050777881675','Budgeting','','','','Moderator','|2|,|3|,|1|,|4|','|2|,|3|,|4|','','','|2|','0','0','0','2000','1','1')
INSERT INTO CategoriesModules (UniqueID,CatID,ModuleID) VALUES('160791015444266','104358867504511','35')
INSERT INTO CategoriesPortals (UniqueID,CatID,PortalID) VALUES('596932857148049','104358867504511','0')
INSERT INTO Categories (CatID,ListUnder,CategoryName,Description,Keywords,CatType,Moderator,AccessKeys,WriteKeys,SEODescription,SEOPageTitle,ManageKeys,AccessHide,WriteHide,ExcPortalSecurity,Weight,ShowList,Sharing) VALUES('114136718658386','0','Business','','','','Moderator','|2|,|3|,|1|,|4|','|2|,|3|,|4|','','','|2|','0','0','0','2000','1','1')
INSERT INTO CategoriesModules (UniqueID,CatID,ModuleID) VALUES('155339866582232','114136718658386','35')
INSERT INTO CategoriesPortals (UniqueID,CatID,PortalID) VALUES('203655421627331','114136718658386','0')
INSERT INTO Categories (CatID,ListUnder,CategoryName,Description,Keywords,CatType,Moderator,AccessKeys,WriteKeys,SEODescription,SEOPageTitle,ManageKeys,AccessHide,WriteHide,ExcPortalSecurity,Weight,ShowList,Sharing) VALUES('322999808871422','114136718658386','Business Opportunities','','','','Moderator','|2|,|3|,|1|,|4|','|2|,|3|,|4|','','','|2|','0','0','0','2000','1','1')
INSERT INTO CategoriesModules (UniqueID,CatID,ModuleID) VALUES('128990329896480','322999808871422','35')
INSERT INTO CategoriesPortals (UniqueID,CatID,PortalID) VALUES('941511846117737','322999808871422','0')
INSERT INTO Categories (CatID,ListUnder,CategoryName,Description,Keywords,CatType,Moderator,AccessKeys,WriteKeys,SEODescription,SEOPageTitle,ManageKeys,AccessHide,WriteHide,ExcPortalSecurity,Weight,ShowList,Sharing) VALUES('142581963293494','261993146017078','Camping','','','','Moderator','|2|,|3|,|1|,|4|','|2|,|3|,|4|','','','|2|','0','0','0','2000','1','1')
INSERT INTO CategoriesModules (UniqueID,CatID,ModuleID) VALUES('467444947948263','142581963293494','35')
INSERT INTO CategoriesPortals (UniqueID,CatID,PortalID) VALUES('647804178526538','142581963293494','0')
INSERT INTO Categories (CatID,ListUnder,CategoryName,Description,Keywords,CatType,Moderator,AccessKeys,WriteKeys,SEODescription,SEOPageTitle,ManageKeys,AccessHide,WriteHide,ExcPortalSecurity,Weight,ShowList,Sharing) VALUES('155805439966167','180512782428882','Car Racing','','','','Moderator','|2|,|3|,|1|,|4|','|2|,|3|,|4|','','','|2|','0','0','0','2000','1','1')
INSERT INTO CategoriesModules (UniqueID,CatID,ModuleID) VALUES('147879346955225','155805439966167','35')
INSERT INTO CategoriesPortals (UniqueID,CatID,PortalID) VALUES('168865497143247','155805439966167','0')
INSERT INTO Categories (CatID,ListUnder,CategoryName,Description,Keywords,CatType,Moderator,AccessKeys,WriteKeys,SEODescription,SEOPageTitle,ManageKeys,AccessHide,WriteHide,ExcPortalSecurity,Weight,ShowList,Sharing) VALUES('882213513230670','0','Career','','','','Moderator','|2|,|3|,|1|,|4|','|2|,|3|,|4|','','','|2|','0','0','0','2000','1','1')
INSERT INTO CategoriesModules (UniqueID,CatID,ModuleID) VALUES('456816494665101','882213513230670','35')
INSERT INTO CategoriesPortals (UniqueID,CatID,PortalID) VALUES('179992938425466','882213513230670','0')
INSERT INTO Categories (CatID,ListUnder,CategoryName,Description,Keywords,CatType,Moderator,AccessKeys,WriteKeys,SEODescription,SEOPageTitle,ManageKeys,AccessHide,WriteHide,ExcPortalSecurity,Weight,ShowList,Sharing) VALUES('214256918215406','0','Cars and Trucks','','','','Moderator','|2|,|3|,|1|,|4|','|2|,|3|,|4|','','','|2|','0','0','0','2000','1','1')
INSERT INTO CategoriesModules (UniqueID,CatID,ModuleID) VALUES('142367843974857','214256918215406','35')
INSERT INTO CategoriesPortals (UniqueID,CatID,PortalID) VALUES('213847593002612','214256918215406','0')
INSERT INTO Categories (CatID,ListUnder,CategoryName,Description,Keywords,CatType,Moderator,AccessKeys,WriteKeys,SEODescription,SEOPageTitle,ManageKeys,AccessHide,WriteHide,ExcPortalSecurity,Weight,ShowList,Sharing) VALUES('300908491645345','110852539617605','Celebrities','','','','Moderator','|2|,|3|,|1|,|4|','|2|,|3|,|4|','','','|2|','0','0','0','2000','1','1')
INSERT INTO CategoriesModules (UniqueID,CatID,ModuleID) VALUES('118045912281741','300908491645345','35')
INSERT INTO CategoriesPortals (UniqueID,CatID,PortalID) VALUES('599879217165915','300908491645345','0')
INSERT INTO Categories (CatID,ListUnder,CategoryName,Description,Keywords,CatType,Moderator,AccessKeys,WriteKeys,SEODescription,SEOPageTitle,ManageKeys,AccessHide,WriteHide,ExcPortalSecurity,Weight,ShowList,Sharing) VALUES('402808139360446','507728739891495','Cellular','','','','Moderator','|2|,|3|,|1|,|4|','|2|,|3|,|4|','','','|2|','0','0','0','2000','1','1')
INSERT INTO CategoriesModules (UniqueID,CatID,ModuleID) VALUES('168206742798617','402808139360446','35')
INSERT INTO CategoriesPortals (UniqueID,CatID,PortalID) VALUES('195908407022500','402808139360446','0')
INSERT INTO Categories (CatID,ListUnder,CategoryName,Description,Keywords,CatType,Moderator,AccessKeys,WriteKeys,SEODescription,SEOPageTitle,ManageKeys,AccessHide,WriteHide,ExcPortalSecurity,Weight,ShowList,Sharing) VALUES('207947715236132','160529493074722','Children','','','','Moderator','|2|,|3|,|1|,|4|','|2|,|3|,|4|','','','|2|','0','0','0','2000','1','1')
INSERT INTO CategoriesModules (UniqueID,CatID,ModuleID) VALUES('149199068450462','207947715236132','35')
INSERT INTO CategoriesPortals (UniqueID,CatID,PortalID) VALUES('679187029814866','207947715236132','0')
INSERT INTO Categories (CatID,ListUnder,CategoryName,Description,Keywords,CatType,Moderator,AccessKeys,WriteKeys,SEODescription,SEOPageTitle,ManageKeys,AccessHide,WriteHide,ExcPortalSecurity,Weight,ShowList,Sharing) VALUES('788033998661974','214256918215406','Classics','','','','Moderator','|2|,|3|,|1|,|4|','|2|,|3|,|4|','','','|2|','0','0','0','2000','1','1')
INSERT INTO CategoriesModules (UniqueID,CatID,ModuleID) VALUES('214317052011192','788033998661974','35')
INSERT INTO CategoriesPortals (UniqueID,CatID,PortalID) VALUES('149159251220733','788033998661974','0')
INSERT INTO Categories (CatID,ListUnder,CategoryName,Description,Keywords,CatType,Moderator,AccessKeys,WriteKeys,SEODescription,SEOPageTitle,ManageKeys,AccessHide,WriteHide,ExcPortalSecurity,Weight,ShowList,Sharing) VALUES('694078128240635','0','Coding Sites','','','','Moderator','|2|,|3|,|1|,|4|','|2|,|3|,|4|','','','|2|','0','0','0','2000','1','1')
INSERT INTO CategoriesModules (UniqueID,CatID,ModuleID) VALUES('543044604375215','694078128240635','35')
INSERT INTO CategoriesPortals (UniqueID,CatID,PortalID) VALUES('143386099155385','694078128240635','0')
INSERT INTO Categories (CatID,ListUnder,CategoryName,Description,Keywords,CatType,Moderator,AccessKeys,WriteKeys,SEODescription,SEOPageTitle,ManageKeys,AccessHide,WriteHide,ExcPortalSecurity,Weight,ShowList,Sharing) VALUES('319066352380047','114136718658386','Communication','','','','Moderator','|2|,|3|,|1|,|4|','|2|,|3|,|4|','','','|2|','0','0','0','2000','1','1')
INSERT INTO CategoriesModules (UniqueID,CatID,ModuleID) VALUES('117358723885755','319066352380047','35')
INSERT INTO CategoriesPortals (UniqueID,CatID,PortalID) VALUES('783087924346466','319066352380047','0')
INSERT INTO Categories (CatID,ListUnder,CategoryName,Description,Keywords,CatType,Moderator,AccessKeys,WriteKeys,SEODescription,SEOPageTitle,ManageKeys,AccessHide,WriteHide,ExcPortalSecurity,Weight,ShowList,Sharing) VALUES('832308060825425','202843114306771','Composting','','','','Moderator','|2|,|3|,|1|,|4|','|2|,|3|,|4|','','','|2|','0','0','0','2000','1','1')
INSERT INTO CategoriesModules (UniqueID,CatID,ModuleID) VALUES('447417164351717','832308060825425','35')
INSERT INTO CategoriesPortals (UniqueID,CatID,PortalID) VALUES('175561597745072','832308060825425','0')
INSERT INTO Categories (CatID,ListUnder,CategoryName,Description,Keywords,CatType,Moderator,AccessKeys,WriteKeys,SEODescription,SEOPageTitle,ManageKeys,AccessHide,WriteHide,ExcPortalSecurity,Weight,ShowList,Sharing) VALUES('957743190054807','0','Computers','','','','Moderator','|2|,|3|,|1|,|4|','|2|,|3|,|4|','','','|2|','0','0','0','2000','1','1')
INSERT INTO CategoriesModules (UniqueID,CatID,ModuleID) VALUES('189421993143821','957743190054807','35')
INSERT INTO CategoriesPortals (UniqueID,CatID,PortalID) VALUES('147766745124202','957743190054807','0')
INSERT INTO Categories (CatID,ListUnder,CategoryName,Description,Keywords,CatType,Moderator,AccessKeys,WriteKeys,SEODescription,SEOPageTitle,ManageKeys,AccessHide,WriteHide,ExcPortalSecurity,Weight,ShowList,Sharing) VALUES('118647232497551','0','Computers and Technology','','','','Moderator','|2|,|3|,|1|,|4|','|2|,|3|,|4|','','','|2|','0','0','0','2000','1','1')
INSERT INTO CategoriesModules (UniqueID,CatID,ModuleID) VALUES('117932754586684','118647232497551','35')
INSERT INTO CategoriesPortals (UniqueID,CatID,PortalID) VALUES('398502745614862','118647232497551','0')
INSERT INTO Categories (CatID,ListUnder,CategoryName,Description,Keywords,CatType,Moderator,AccessKeys,WriteKeys,SEODescription,SEOPageTitle,ManageKeys,AccessHide,WriteHide,ExcPortalSecurity,Weight,ShowList,Sharing) VALUES('169590562842250','149547012303270','Conditions','','','','Moderator','|2|,|3|,|1|,|4|','|2|,|3|,|4|','','','|2|','0','0','0','2000','1','1')
INSERT INTO CategoriesModules (UniqueID,CatID,ModuleID) VALUES('171500252837472','169590562842250','35')
INSERT INTO CategoriesPortals (UniqueID,CatID,PortalID) VALUES('882231398375916','169590562842250','0')
INSERT INTO Categories (CatID,ListUnder,CategoryName,Description,Keywords,CatType,Moderator,AccessKeys,WriteKeys,SEODescription,SEOPageTitle,ManageKeys,AccessHide,WriteHide,ExcPortalSecurity,Weight,ShowList,Sharing) VALUES('175027330659200','0','Cooking','','','','Moderator','|2|,|3|,|1|,|4|','|2|,|3|,|4|','','','|2|','0','0','0','2000','1','1')
INSERT INTO CategoriesModules (UniqueID,CatID,ModuleID) VALUES('310996536457154','175027330659200','35')
INSERT INTO CategoriesPortals (UniqueID,CatID,PortalID) VALUES('184242764435090','175027330659200','0')
INSERT INTO Categories (CatID,ListUnder,CategoryName,Description,Keywords,CatType,Moderator,AccessKeys,WriteKeys,SEODescription,SEOPageTitle,ManageKeys,AccessHide,WriteHide,ExcPortalSecurity,Weight,ShowList,Sharing) VALUES('456386045831180','202050777881675','Credit','','','','Moderator','|2|,|3|,|1|,|4|','|2|,|3|,|4|','','','|2|','0','0','0','2000','1','1')
INSERT INTO CategoriesModules (UniqueID,CatID,ModuleID) VALUES('942389420241706','456386045831180','35')
INSERT INTO CategoriesPortals (UniqueID,CatID,PortalID) VALUES('179576723921864','456386045831180','0')
INSERT INTO Categories (CatID,ListUnder,CategoryName,Description,Keywords,CatType,Moderator,AccessKeys,WriteKeys,SEODescription,SEOPageTitle,ManageKeys,AccessHide,WriteHide,ExcPortalSecurity,Weight,ShowList,Sharing) VALUES('213622707758251','175027330659200','Crock Pot','','','','Moderator','|2|,|3|,|1|,|4|','|2|,|3|,|4|','','','|2|','0','0','0','2000','1','1')
INSERT INTO CategoriesModules (UniqueID,CatID,ModuleID) VALUES('761320952872032','213622707758251','35')
INSERT INTO CategoriesPortals (UniqueID,CatID,PortalID) VALUES('110688179585773','213622707758251','0')
INSERT INTO Categories (CatID,ListUnder,CategoryName,Description,Keywords,CatType,Moderator,AccessKeys,WriteKeys,SEODescription,SEOPageTitle,ManageKeys,AccessHide,WriteHide,ExcPortalSecurity,Weight,ShowList,Sharing) VALUES('203578730938517','140381408236451','Cruises','','','','Moderator','|2|,|3|,|1|,|4|','|2|,|3|,|4|','','','|2|','0','0','0','2000','1','1')
INSERT INTO CategoriesModules (UniqueID,CatID,ModuleID) VALUES('169217244106235','203578730938517','35')
INSERT INTO CategoriesPortals (UniqueID,CatID,PortalID) VALUES('196829654124638','203578730938517','0')
INSERT INTO Categories (CatID,ListUnder,CategoryName,Description,Keywords,CatType,Moderator,AccessKeys,WriteKeys,SEODescription,SEOPageTitle,ManageKeys,AccessHide,WriteHide,ExcPortalSecurity,Weight,ShowList,Sharing) VALUES('192286124832436','0','Current Affairs','','','','Moderator','|2|,|3|,|1|,|4|','|2|,|3|,|4|','','','|2|','0','0','0','2000','1','1')
INSERT INTO CategoriesModules (UniqueID,CatID,ModuleID) VALUES('185566579837961','192286124832436','35')
INSERT INTO CategoriesPortals (UniqueID,CatID,PortalID) VALUES('371395289954552','192286124832436','0')
INSERT INTO Categories (CatID,ListUnder,CategoryName,Description,Keywords,CatType,Moderator,AccessKeys,WriteKeys,SEODescription,SEOPageTitle,ManageKeys,AccessHide,WriteHide,ExcPortalSecurity,Weight,ShowList,Sharing) VALUES('193912276758511','111911657168770','Dance','','','','Moderator','|2|,|3|,|1|,|4|','|2|,|3|,|4|','','','|2|','0','0','0','2000','1','1')
INSERT INTO CategoriesModules (UniqueID,CatID,ModuleID) VALUES('146368221424737','193912276758511','35')
INSERT INTO CategoriesPortals (UniqueID,CatID,PortalID) VALUES('195903223657495','193912276758511','0')
INSERT INTO Categories (CatID,ListUnder,CategoryName,Description,Keywords,CatType,Moderator,AccessKeys,WriteKeys,SEODescription,SEOPageTitle,ManageKeys,AccessHide,WriteHide,ExcPortalSecurity,Weight,ShowList,Sharing) VALUES('131073003570363','0','Databases','','','','Moderator','|2|,|3|,|1|,|4|','|2|,|3|,|4|','','','|2|','0','0','0','2000','1','1')
INSERT INTO CategoriesModules (UniqueID,CatID,ModuleID) VALUES('272089634707256','131073003570363','35')
INSERT INTO CategoriesPortals (UniqueID,CatID,PortalID) VALUES('606464201357859','131073003570363','0')
INSERT INTO Categories (CatID,ListUnder,CategoryName,Description,Keywords,CatType,Moderator,AccessKeys,WriteKeys,SEODescription,SEOPageTitle,ManageKeys,AccessHide,WriteHide,ExcPortalSecurity,Weight,ShowList,Sharing) VALUES('157319646854361','160529493074722','Dating','','','','Moderator','|2|,|3|,|1|,|4|','|2|,|3|,|4|','','','|2|','0','0','0','2000','1','1')
INSERT INTO CategoriesModules (UniqueID,CatID,ModuleID) VALUES('105766801872043','157319646854361','35')
INSERT INTO CategoriesPortals (UniqueID,CatID,PortalID) VALUES('152247033685122','157319646854361','0')
INSERT INTO Categories (CatID,ListUnder,CategoryName,Description,Keywords,CatType,Moderator,AccessKeys,WriteKeys,SEODescription,SEOPageTitle,ManageKeys,AccessHide,WriteHide,ExcPortalSecurity,Weight,ShowList,Sharing) VALUES('790334258835147','175027330659200','Deserts','','','','Moderator','|2|,|3|,|1|,|4|','|2|,|3|,|4|','','','|2|','0','0','0','2000','1','1')
INSERT INTO CategoriesModules (UniqueID,CatID,ModuleID) VALUES('152494864905189','790334258835147','35')
INSERT INTO CategoriesPortals (UniqueID,CatID,PortalID) VALUES('882758987771471','790334258835147','0')
INSERT INTO Categories (CatID,ListUnder,CategoryName,Description,Keywords,CatType,Moderator,AccessKeys,WriteKeys,SEODescription,SEOPageTitle,ManageKeys,AccessHide,WriteHide,ExcPortalSecurity,Weight,ShowList,Sharing) VALUES('126176983236554','140381408236451','Destinations','','','','Moderator','|2|,|3|,|1|,|4|','|2|,|3|,|4|','','','|2|','0','0','0','2000','1','1')
INSERT INTO CategoriesModules (UniqueID,CatID,ModuleID) VALUES('677904809832635','126176983236554','35')
INSERT INTO CategoriesPortals (UniqueID,CatID,PortalID) VALUES('149193992223692','126176983236554','0')
INSERT INTO Categories (CatID,ListUnder,CategoryName,Description,Keywords,CatType,Moderator,AccessKeys,WriteKeys,SEODescription,SEOPageTitle,ManageKeys,AccessHide,WriteHide,ExcPortalSecurity,Weight,ShowList,Sharing) VALUES('138518205748374','316506374088261','Diet','','','','Moderator','|2|,|3|,|1|,|4|','|2|,|3|,|4|','','','|2|','0','0','0','2000','1','1')
INSERT INTO CategoriesModules (UniqueID,CatID,ModuleID) VALUES('284909492658766','138518205748374','35')
INSERT INTO CategoriesPortals (UniqueID,CatID,PortalID) VALUES('178181185677431','138518205748374','0')
INSERT INTO Categories (CatID,ListUnder,CategoryName,Description,Keywords,CatType,Moderator,AccessKeys,WriteKeys,SEODescription,SEOPageTitle,ManageKeys,AccessHide,WriteHide,ExcPortalSecurity,Weight,ShowList,Sharing) VALUES('107300171430410','175027330659200','Dinners','','','','Moderator','|2|,|3|,|1|,|4|','|2|,|3|,|4|','','','|2|','0','0','0','2000','1','1')
INSERT INTO CategoriesModules (UniqueID,CatID,ModuleID) VALUES('121484611436332','107300171430410','35')
INSERT INTO CategoriesPortals (UniqueID,CatID,PortalID) VALUES('103131938915522','107300171430410','0')
INSERT INTO Categories (CatID,ListUnder,CategoryName,Description,Keywords,CatType,Moderator,AccessKeys,WriteKeys,SEODescription,SEOPageTitle,ManageKeys,AccessHide,WriteHide,ExcPortalSecurity,Weight,ShowList,Sharing) VALUES('165760431254528','149547012303270','Diseases','','','','Moderator','|2|,|3|,|1|,|4|','|2|,|3|,|4|','','','|2|','0','0','0','2000','1','1')
INSERT INTO CategoriesModules (UniqueID,CatID,ModuleID) VALUES('598147286685795','165760431254528','35')
INSERT INTO CategoriesPortals (UniqueID,CatID,PortalID) VALUES('367393667967552','165760431254528','0')
INSERT INTO Categories (CatID,ListUnder,CategoryName,Description,Keywords,CatType,Moderator,AccessKeys,WriteKeys,SEODescription,SEOPageTitle,ManageKeys,AccessHide,WriteHide,ExcPortalSecurity,Weight,ShowList,Sharing) VALUES('720749596367387','201040169615478','Domain Names','','','','Moderator','|2|,|3|,|1|,|4|','|2|,|3|,|4|','','','|2|','0','0','0','2000','1','1')
INSERT INTO CategoriesModules (UniqueID,CatID,ModuleID) VALUES('716044424632451','720749596367387','35')
INSERT INTO CategoriesPortals (UniqueID,CatID,PortalID) VALUES('274933264622161','720749596367387','0')
INSERT INTO Categories (CatID,ListUnder,CategoryName,Description,Keywords,CatType,Moderator,AccessKeys,WriteKeys,SEODescription,SEOPageTitle,ManageKeys,AccessHide,WriteHide,ExcPortalSecurity,Weight,ShowList,Sharing) VALUES('150631139752954','149547012303270','Dying','','','','Moderator','|2|,|3|,|1|,|4|','|2|,|3|,|4|','','','|2|','0','0','0','2000','1','1')
INSERT INTO CategoriesModules (UniqueID,CatID,ModuleID) VALUES('436841381800704','150631139752954','35')
INSERT INTO CategoriesPortals (UniqueID,CatID,PortalID) VALUES('151992453256111','150631139752954','0')
INSERT INTO Categories (CatID,ListUnder,CategoryName,Description,Keywords,CatType,Moderator,AccessKeys,WriteKeys,SEODescription,SEOPageTitle,ManageKeys,AccessHide,WriteHide,ExcPortalSecurity,Weight,ShowList,Sharing) VALUES('584299388702871','201040169615478','eBay','','','','Moderator','|2|,|3|,|1|,|4|','|2|,|3|,|4|','','','|2|','0','0','0','2000','1','1')
INSERT INTO CategoriesModules (UniqueID,CatID,ModuleID) VALUES('363601446611046','584299388702871','35')
INSERT INTO CategoriesPortals (UniqueID,CatID,PortalID) VALUES('552596183675215','584299388702871','0')
INSERT INTO Categories (CatID,ListUnder,CategoryName,Description,Keywords,CatType,Moderator,AccessKeys,WriteKeys,SEODescription,SEOPageTitle,ManageKeys,AccessHide,WriteHide,ExcPortalSecurity,Weight,ShowList,Sharing) VALUES('278342876252629','0','Education','','','','Moderator','|2|,|3|,|1|,|4|','|2|,|3|,|4|','','','|2|','0','0','0','2000','1','1')
INSERT INTO CategoriesModules (UniqueID,CatID,ModuleID) VALUES('146166930116776','278342876252629','35')
INSERT INTO CategoriesPortals (UniqueID,CatID,PortalID) VALUES('111239769376647','278342876252629','0')
INSERT INTO Categories (CatID,ListUnder,CategoryName,Description,Keywords,CatType,Moderator,AccessKeys,WriteKeys,SEODescription,SEOPageTitle,ManageKeys,AccessHide,WriteHide,ExcPortalSecurity,Weight,ShowList,Sharing) VALUES('177250253064687','201040169615478','Email','','','','Moderator','|2|,|3|,|1|,|4|','|2|,|3|,|4|','','','|2|','0','0','0','2000','1','1')
INSERT INTO CategoriesModules (UniqueID,CatID,ModuleID) VALUES('137425674143304','177250253064687','35')
INSERT INTO CategoriesPortals (UniqueID,CatID,PortalID) VALUES('828325567643821','177250253064687','0')
INSERT INTO Categories (CatID,ListUnder,CategoryName,Description,Keywords,CatType,Moderator,AccessKeys,WriteKeys,SEODescription,SEOPageTitle,ManageKeys,AccessHide,WriteHide,ExcPortalSecurity,Weight,ShowList,Sharing) VALUES('152477062412463','114136718658386','Employees','','','','Moderator','|2|,|3|,|1|,|4|','|2|,|3|,|4|','','','|2|','0','0','0','2000','1','1')
INSERT INTO CategoriesModules (UniqueID,CatID,ModuleID) VALUES('198108579468444','152477062412463','35')
INSERT INTO CategoriesPortals (UniqueID,CatID,PortalID) VALUES('495331422615212','152477062412463','0')
INSERT INTO Categories (CatID,ListUnder,CategoryName,Description,Keywords,CatType,Moderator,AccessKeys,WriteKeys,SEODescription,SEOPageTitle,ManageKeys,AccessHide,WriteHide,ExcPortalSecurity,Weight,ShowList,Sharing) VALUES('110852539617605','0','Entertainment','','','','Moderator','|2|,|3|,|1|,|4|','|2|,|3|,|4|','','','|2|','0','0','0','2000','1','1')
INSERT INTO CategoriesModules (UniqueID,CatID,ModuleID) VALUES('892236203725294','110852539617605','35')
INSERT INTO CategoriesPortals (UniqueID,CatID,PortalID) VALUES('140874459982510','110852539617605','0')
INSERT INTO Categories (CatID,ListUnder,CategoryName,Description,Keywords,CatType,Moderator,AccessKeys,WriteKeys,SEODescription,SEOPageTitle,ManageKeys,AccessHide,WriteHide,ExcPortalSecurity,Weight,ShowList,Sharing) VALUES('131848279567117','114136718658386','Entrepreneurship','','','','Moderator','|2|,|3|,|1|,|4|','|2|,|3|,|4|','','','|2|','0','0','0','2000','1','1')
INSERT INTO CategoriesModules (UniqueID,CatID,ModuleID) VALUES('132352686302362','131848279567117','35')
INSERT INTO CategoriesPortals (UniqueID,CatID,PortalID) VALUES('132039418995395','131848279567117','0')
INSERT INTO Categories (CatID,ListUnder,CategoryName,Description,Keywords,CatType,Moderator,AccessKeys,WriteKeys,SEODescription,SEOPageTitle,ManageKeys,AccessHide,WriteHide,ExcPortalSecurity,Weight,ShowList,Sharing) VALUES('148007773158137','316506374088261','Exercise','','','','Moderator','|2|,|3|,|1|,|4|','|2|,|3|,|4|','','','|2|','0','0','0','2000','1','1')
INSERT INTO CategoriesModules (UniqueID,CatID,ModuleID) VALUES('119138724831139','148007773158137','35')
INSERT INTO CategoriesPortals (UniqueID,CatID,PortalID) VALUES('156673672980716','148007773158137','0')
INSERT INTO Categories (CatID,ListUnder,CategoryName,Description,Keywords,CatType,Moderator,AccessKeys,WriteKeys,SEODescription,SEOPageTitle,ManageKeys,AccessHide,WriteHide,ExcPortalSecurity,Weight,ShowList,Sharing) VALUES('163510691401442','142366098511655','Fashion','','','','Moderator','|2|,|3|,|1|,|4|','|2|,|3|,|4|','','','|2|','0','0','0','2000','1','1')
INSERT INTO CategoriesModules (UniqueID,CatID,ModuleID) VALUES('132905108982225','163510691401442','35')
INSERT INTO CategoriesPortals (UniqueID,CatID,PortalID) VALUES('100452120649129','163510691401442','0')
INSERT INTO Categories (CatID,ListUnder,CategoryName,Description,Keywords,CatType,Moderator,AccessKeys,WriteKeys,SEODescription,SEOPageTitle,ManageKeys,AccessHide,WriteHide,ExcPortalSecurity,Weight,ShowList,Sharing) VALUES('638264599642542','111911657168770','Film','','','','Moderator','|2|,|3|,|1|,|4|','|2|,|3|,|4|','','','|2|','0','0','0','2000','1','1')
INSERT INTO CategoriesModules (UniqueID,CatID,ModuleID) VALUES('118474872959818','638264599642542','35')
INSERT INTO CategoriesPortals (UniqueID,CatID,PortalID) VALUES('439976815833533','638264599642542','0')
INSERT INTO Categories (CatID,ListUnder,CategoryName,Description,Keywords,CatType,Moderator,AccessKeys,WriteKeys,SEODescription,SEOPageTitle,ManageKeys,AccessHide,WriteHide,ExcPortalSecurity,Weight,ShowList,Sharing) VALUES('202050777881675','0','Finances','','','','Moderator','|2|,|3|,|1|,|4|','|2|,|3|,|4|','','','|2|','0','0','0','2000','1','1')
INSERT INTO CategoriesModules (UniqueID,CatID,ModuleID) VALUES('199319023854552','202050777881675','35')
INSERT INTO CategoriesPortals (UniqueID,CatID,PortalID) VALUES('181702759741083','202050777881675','0')
INSERT INTO Categories (CatID,ListUnder,CategoryName,Description,Keywords,CatType,Moderator,AccessKeys,WriteKeys,SEODescription,SEOPageTitle,ManageKeys,AccessHide,WriteHide,ExcPortalSecurity,Weight,ShowList,Sharing) VALUES('177334801818176','114136718658386','Financing','','','','Moderator','|2|,|3|,|1|,|4|','|2|,|3|,|4|','','','|2|','0','0','0','2000','1','1')
INSERT INTO CategoriesModules (UniqueID,CatID,ModuleID) VALUES('389426602951828','177334801818176','35')
INSERT INTO CategoriesPortals (UniqueID,CatID,PortalID) VALUES('203216746113552','177334801818176','0')
INSERT INTO Categories (CatID,ListUnder,CategoryName,Description,Keywords,CatType,Moderator,AccessKeys,WriteKeys,SEODescription,SEOPageTitle,ManageKeys,AccessHide,WriteHide,ExcPortalSecurity,Weight,ShowList,Sharing) VALUES('122521740366455','261993146017078','Fishing','','','','Moderator','|2|,|3|,|1|,|4|','|2|,|3|,|4|','','','|2|','0','0','0','2000','1','1')
INSERT INTO CategoriesModules (UniqueID,CatID,ModuleID) VALUES('185492180934464','122521740366455','35')
INSERT INTO CategoriesPortals (UniqueID,CatID,PortalID) VALUES('107162239852867','122521740366455','0')
INSERT INTO Categories (CatID,ListUnder,CategoryName,Description,Keywords,CatType,Moderator,AccessKeys,WriteKeys,SEODescription,SEOPageTitle,ManageKeys,AccessHide,WriteHide,ExcPortalSecurity,Weight,ShowList,Sharing) VALUES('675365094694765','202843114306771','Flowers','','','','Moderator','|2|,|3|,|1|,|4|','|2|,|3|,|4|','','','|2|','0','0','0','2000','1','1')
INSERT INTO CategoriesModules (UniqueID,CatID,ModuleID) VALUES('103775594410641','675365094694765','35')
INSERT INTO CategoriesPortals (UniqueID,CatID,PortalID) VALUES('660522248767130','675365094694765','0')
INSERT INTO Categories (CatID,ListUnder,CategoryName,Description,Keywords,CatType,Moderator,AccessKeys,WriteKeys,SEODescription,SEOPageTitle,ManageKeys,AccessHide,WriteHide,ExcPortalSecurity,Weight,ShowList,Sharing) VALUES('201290578782826','202843114306771','Food Plants','','','','Moderator','|2|,|3|,|1|,|4|','|2|,|3|,|4|','','','|2|','0','0','0','2000','1','1')
INSERT INTO CategoriesModules (UniqueID,CatID,ModuleID) VALUES('226696558135380','201290578782826','35')
INSERT INTO CategoriesPortals (UniqueID,CatID,PortalID) VALUES('165654134591661','201290578782826','0')
INSERT INTO Categories (CatID,ListUnder,CategoryName,Description,Keywords,CatType,Moderator,AccessKeys,WriteKeys,SEODescription,SEOPageTitle,ManageKeys,AccessHide,WriteHide,ExcPortalSecurity,Weight,ShowList,Sharing) VALUES('137680196428773','180512782428882','Football','','','','Moderator','|2|,|3|,|1|,|4|','|2|,|3|,|4|','','','|2|','0','0','0','2000','1','1')
INSERT INTO CategoriesModules (UniqueID,CatID,ModuleID) VALUES('185649515884872','137680196428773','35')
INSERT INTO CategoriesPortals (UniqueID,CatID,PortalID) VALUES('138248658208041','137680196428773','0')
INSERT INTO Categories (CatID,ListUnder,CategoryName,Description,Keywords,CatType,Moderator,AccessKeys,WriteKeys,SEODescription,SEOPageTitle,ManageKeys,AccessHide,WriteHide,ExcPortalSecurity,Weight,ShowList,Sharing) VALUES('818124985609248','111911657168770','Foundations','','','','Moderator','|2|,|3|,|1|,|4|','|2|,|3|,|4|','','','|2|','0','0','0','2000','1','1')
INSERT INTO CategoriesModules (UniqueID,CatID,ModuleID) VALUES('679200543462588','818124985609248','35')
INSERT INTO CategoriesPortals (UniqueID,CatID,PortalID) VALUES('178400128753114','818124985609248','0')
INSERT INTO Categories (CatID,ListUnder,CategoryName,Description,Keywords,CatType,Moderator,AccessKeys,WriteKeys,SEODescription,SEOPageTitle,ManageKeys,AccessHide,WriteHide,ExcPortalSecurity,Weight,ShowList,Sharing) VALUES('115872017962243','114136718658386','Franchise','','','','Moderator','|2|,|3|,|1|,|4|','|2|,|3|,|4|','','','|2|','0','0','0','2000','1','1')
INSERT INTO CategoriesModules (UniqueID,CatID,ModuleID) VALUES('134981955643786','115872017962243','35')
INSERT INTO CategoriesPortals (UniqueID,CatID,PortalID) VALUES('415702787581707','115872017962243','0')
INSERT INTO Categories (CatID,ListUnder,CategoryName,Description,Keywords,CatType,Moderator,AccessKeys,WriteKeys,SEODescription,SEOPageTitle,ManageKeys,AccessHide,WriteHide,ExcPortalSecurity,Weight,ShowList,Sharing) VALUES('152024676754411','957743190054807','Games','','','','Moderator','|2|,|3|,|1|,|4|','|2|,|3|,|4|','','','|2|','0','0','0','2000','1','1')
INSERT INTO CategoriesModules (UniqueID,CatID,ModuleID) VALUES('118742271975872','152024676754411','35')
INSERT INTO CategoriesPortals (UniqueID,CatID,PortalID) VALUES('140505831372357','152024676754411','0')
INSERT INTO Categories (CatID,ListUnder,CategoryName,Description,Keywords,CatType,Moderator,AccessKeys,WriteKeys,SEODescription,SEOPageTitle,ManageKeys,AccessHide,WriteHide,ExcPortalSecurity,Weight,ShowList,Sharing) VALUES('202843114306771','0','Gardening','','','','Moderator','|2|,|3|,|1|,|4|','|2|,|3|,|4|','','','|2|','0','0','0','2000','1','1')
INSERT INTO CategoriesModules (UniqueID,CatID,ModuleID) VALUES('145393051139035','202843114306771','35')
INSERT INTO CategoriesPortals (UniqueID,CatID,PortalID) VALUES('110991961248663','202843114306771','0')
INSERT INTO Categories (CatID,ListUnder,CategoryName,Description,Keywords,CatType,Moderator,AccessKeys,WriteKeys,SEODescription,SEOPageTitle,ManageKeys,AccessHide,WriteHide,ExcPortalSecurity,Weight,ShowList,Sharing) VALUES('258656003060263','142366098511655','Gift Ideas','','','','Moderator','|2|,|3|,|1|,|4|','|2|,|3|,|4|','','','|2|','0','0','0','2000','1','1')
INSERT INTO CategoriesModules (UniqueID,CatID,ModuleID) VALUES('423694139346120','258656003060263','35')
INSERT INTO CategoriesPortals (UniqueID,CatID,PortalID) VALUES('143398910012754','258656003060263','0')
INSERT INTO Categories (CatID,ListUnder,CategoryName,Description,Keywords,CatType,Moderator,AccessKeys,WriteKeys,SEODescription,SEOPageTitle,ManageKeys,AccessHide,WriteHide,ExcPortalSecurity,Weight,ShowList,Sharing) VALUES('105966089413523','180512782428882','Golf','','','','Moderator','|2|,|3|,|1|,|4|','|2|,|3|,|4|','','','|2|','0','0','0','2000','1','1')
INSERT INTO CategoriesModules (UniqueID,CatID,ModuleID) VALUES('166663211819414','105966089413523','35')
INSERT INTO CategoriesPortals (UniqueID,CatID,PortalID) VALUES('152133913719440','105966089413523','0')
INSERT INTO Categories (CatID,ListUnder,CategoryName,Description,Keywords,CatType,Moderator,AccessKeys,WriteKeys,SEODescription,SEOPageTitle,ManageKeys,AccessHide,WriteHide,ExcPortalSecurity,Weight,ShowList,Sharing) VALUES('207530000148830','358644267925360','Graphics','','','','Moderator','|2|,|3|,|1|,|4|','|2|,|3|,|4|','','','|2|','0','0','0','2000','1','1')
INSERT INTO CategoriesModules (UniqueID,CatID,ModuleID) VALUES('168186874126875','207530000148830','35')
INSERT INTO CategoriesPortals (UniqueID,CatID,PortalID) VALUES('155300402611658','207530000148830','0')
INSERT INTO Categories (CatID,ListUnder,CategoryName,Description,Keywords,CatType,Moderator,AccessKeys,WriteKeys,SEODescription,SEOPageTitle,ManageKeys,AccessHide,WriteHide,ExcPortalSecurity,Weight,ShowList,Sharing) VALUES('262543608593487','957743190054807','Hardware','','','','Moderator','|2|,|3|,|1|,|4|','|2|,|3|,|4|','','','|2|','0','0','0','2000','1','1')
INSERT INTO CategoriesModules (UniqueID,CatID,ModuleID) VALUES('289121009143747','262543608593487','35')
INSERT INTO CategoriesPortals (UniqueID,CatID,PortalID) VALUES('175661205951157','262543608593487','0')
INSERT INTO Categories (CatID,ListUnder,CategoryName,Description,Keywords,CatType,Moderator,AccessKeys,WriteKeys,SEODescription,SEOPageTitle,ManageKeys,AccessHide,WriteHide,ExcPortalSecurity,Weight,ShowList,Sharing) VALUES('859913091437569','142366098511655','Health Issues','','','','Moderator','|2|,|3|,|1|,|4|','|2|,|3|,|4|','','','|2|','0','0','0','2000','1','1')
INSERT INTO CategoriesModules (UniqueID,CatID,ModuleID) VALUES('199929044867487','859913091437569','35')
INSERT INTO CategoriesPortals (UniqueID,CatID,PortalID) VALUES('799294015640634','859913091437569','0')
INSERT INTO Categories (CatID,ListUnder,CategoryName,Description,Keywords,CatType,Moderator,AccessKeys,WriteKeys,SEODescription,SEOPageTitle,ManageKeys,AccessHide,WriteHide,ExcPortalSecurity,Weight,ShowList,Sharing) VALUES('316506374088261','0','Healthy Living','','','','Moderator','|2|,|3|,|1|,|4|','|2|,|3|,|4|','','','|2|','0','0','0','2000','1','1')
INSERT INTO CategoriesModules (UniqueID,CatID,ModuleID) VALUES('938909969856979','316506374088261','35')
INSERT INTO CategoriesPortals (UniqueID,CatID,PortalID) VALUES('342682382127206','316506374088261','0')
INSERT INTO Categories (CatID,ListUnder,CategoryName,Description,Keywords,CatType,Moderator,AccessKeys,WriteKeys,SEODescription,SEOPageTitle,ManageKeys,AccessHide,WriteHide,ExcPortalSecurity,Weight,ShowList,Sharing) VALUES('177201338276946','180512782428882','Hockey','','','','Moderator','|2|,|3|,|1|,|4|','|2|,|3|,|4|','','','|2|','0','0','0','2000','1','1')
INSERT INTO CategoriesModules (UniqueID,CatID,ModuleID) VALUES('376647104038374','177201338276946','35')
INSERT INTO CategoriesPortals (UniqueID,CatID,PortalID) VALUES('181943770538682','177201338276946','0')
INSERT INTO Categories (CatID,ListUnder,CategoryName,Description,Keywords,CatType,Moderator,AccessKeys,WriteKeys,SEODescription,SEOPageTitle,ManageKeys,AccessHide,WriteHide,ExcPortalSecurity,Weight,ShowList,Sharing) VALUES('205368116416821','0','Holidays','','','','Moderator','|2|,|3|,|1|,|4|','|2|,|3|,|4|','','','|2|','0','0','0','2000','1','1')
INSERT INTO CategoriesModules (UniqueID,CatID,ModuleID) VALUES('258333857466324','205368116416821','35')
INSERT INTO CategoriesPortals (UniqueID,CatID,PortalID) VALUES('172212746243158','205368116416821','0')
INSERT INTO Categories (CatID,ListUnder,CategoryName,Description,Keywords,CatType,Moderator,AccessKeys,WriteKeys,SEODescription,SEOPageTitle,ManageKeys,AccessHide,WriteHide,ExcPortalSecurity,Weight,ShowList,Sharing) VALUES('343455599167073','0','Home','','','','Moderator','|2|,|3|,|1|,|4|','|2|,|3|,|4|','','','|2|','0','0','0','2000','1','1')
INSERT INTO CategoriesModules (UniqueID,CatID,ModuleID) VALUES('179414705536072','343455599167073','35')
INSERT INTO CategoriesPortals (UniqueID,CatID,PortalID) VALUES('434154382121512','343455599167073','0')
INSERT INTO Categories (CatID,ListUnder,CategoryName,Description,Keywords,CatType,Moderator,AccessKeys,WriteKeys,SEODescription,SEOPageTitle,ManageKeys,AccessHide,WriteHide,ExcPortalSecurity,Weight,ShowList,Sharing) VALUES('142771809392375','114136718658386','Home Business','','','','Moderator','|2|,|3|,|1|,|4|','|2|,|3|,|4|','','','|2|','0','0','0','2000','1','1')
INSERT INTO CategoriesModules (UniqueID,CatID,ModuleID) VALUES('115463256768334','142771809392375','35')
INSERT INTO CategoriesPortals (UniqueID,CatID,PortalID) VALUES('146380118008767','142771809392375','0')
INSERT INTO Categories (CatID,ListUnder,CategoryName,Description,Keywords,CatType,Moderator,AccessKeys,WriteKeys,SEODescription,SEOPageTitle,ManageKeys,AccessHide,WriteHide,ExcPortalSecurity,Weight,ShowList,Sharing) VALUES('159263222351169','201040169615478','Hosting','','','','Moderator','|2|,|3|,|1|,|4|','|2|,|3|,|4|','','','|2|','0','0','0','2000','1','1')
INSERT INTO CategoriesModules (UniqueID,CatID,ModuleID) VALUES('183393326821528','159263222351169','35')
INSERT INTO CategoriesPortals (UniqueID,CatID,PortalID) VALUES('484121705520957','159263222351169','0')
[[GO]]
INSERT INTO Categories (CatID,ListUnder,CategoryName,Description,Keywords,CatType,Moderator,AccessKeys,WriteKeys,SEODescription,SEOPageTitle,ManageKeys,AccessHide,WriteHide,ExcPortalSecurity,Weight,ShowList,Sharing) VALUES('113771361609134','110852539617605','Humor','','','','Moderator','|2|,|3|,|1|,|4|','|2|,|3|,|4|','','','|2|','0','0','0','2000','1','1')
INSERT INTO CategoriesModules (UniqueID,CatID,ModuleID) VALUES('125409638515157','113771361609134','35')
INSERT INTO CategoriesPortals (UniqueID,CatID,PortalID) VALUES('541807062281642','113771361609134','0')
INSERT INTO Categories (CatID,ListUnder,CategoryName,Description,Keywords,CatType,Moderator,AccessKeys,WriteKeys,SEODescription,SEOPageTitle,ManageKeys,AccessHide,WriteHide,ExcPortalSecurity,Weight,ShowList,Sharing) VALUES('133354144541274','261993146017078','Hunting','','','','Moderator','|2|,|3|,|1|,|4|','|2|,|3|,|4|','','','|2|','0','0','0','2000','1','1')
INSERT INTO CategoriesModules (UniqueID,CatID,ModuleID) VALUES('148036045337165','133354144541274','35')
INSERT INTO CategoriesPortals (UniqueID,CatID,PortalID) VALUES('841525627154354','133354144541274','0')
INSERT INTO Categories (CatID,ListUnder,CategoryName,Description,Keywords,CatType,Moderator,AccessKeys,WriteKeys,SEODescription,SEOPageTitle,ManageKeys,AccessHide,WriteHide,ExcPortalSecurity,Weight,ShowList,Sharing) VALUES('206190724680427','201040169615478','Inet Business','','','','Moderator','|2|,|3|,|1|,|4|','|2|,|3|,|4|','','','|2|','0','0','0','2000','1','1')
INSERT INTO CategoriesModules (UniqueID,CatID,ModuleID) VALUES('105340778835839','206190724680427','35')
INSERT INTO CategoriesPortals (UniqueID,CatID,PortalID) VALUES('174761348732724','206190724680427','0')
INSERT INTO Categories (CatID,ListUnder,CategoryName,Description,Keywords,CatType,Moderator,AccessKeys,WriteKeys,SEODescription,SEOPageTitle,ManageKeys,AccessHide,WriteHide,ExcPortalSecurity,Weight,ShowList,Sharing) VALUES('185556042263450','202050777881675','Insurance','','','','Moderator','|2|,|3|,|1|,|4|','|2|,|3|,|4|','','','|2|','0','0','0','2000','1','1')
INSERT INTO CategoriesModules (UniqueID,CatID,ModuleID) VALUES('833805906256375','185556042263450','35')
INSERT INTO CategoriesPortals (UniqueID,CatID,PortalID) VALUES('127189413003893','185556042263450','0')
INSERT INTO Categories (CatID,ListUnder,CategoryName,Description,Keywords,CatType,Moderator,AccessKeys,WriteKeys,SEODescription,SEOPageTitle,ManageKeys,AccessHide,WriteHide,ExcPortalSecurity,Weight,ShowList,Sharing) VALUES('201040169615478','0','Internet','','','','Moderator','|2|,|3|,|1|,|4|','|2|,|3|,|4|','','','|2|','0','0','0','2000','1','1')
INSERT INTO CategoriesModules (UniqueID,CatID,ModuleID) VALUES('191654062764852','201040169615478','35')
INSERT INTO CategoriesPortals (UniqueID,CatID,PortalID) VALUES('133003472069150','201040169615478','0')
INSERT INTO Categories (CatID,ListUnder,CategoryName,Description,Keywords,CatType,Moderator,AccessKeys,WriteKeys,SEODescription,SEOPageTitle,ManageKeys,AccessHide,WriteHide,ExcPortalSecurity,Weight,ShowList,Sharing) VALUES('118415790152984','957743190054807','Intranet','','','','Moderator','|2|,|3|,|1|,|4|','|2|,|3|,|4|','','','|2|','0','0','0','2000','1','1')
INSERT INTO CategoriesModules (UniqueID,CatID,ModuleID) VALUES('967928839618821','118415790152984','35')
INSERT INTO CategoriesPortals (UniqueID,CatID,PortalID) VALUES('996625294014447','118415790152984','0')
INSERT INTO Categories (CatID,ListUnder,CategoryName,Description,Keywords,CatType,Moderator,AccessKeys,WriteKeys,SEODescription,SEOPageTitle,ManageKeys,AccessHide,WriteHide,ExcPortalSecurity,Weight,ShowList,Sharing) VALUES('120167442298527','142366098511655','Jewlery','','','','Moderator','|2|,|3|,|1|,|4|','|2|,|3|,|4|','','','|2|','0','0','0','2000','1','1')
INSERT INTO CategoriesModules (UniqueID,CatID,ModuleID) VALUES('107476459413217','120167442298527','35')
INSERT INTO CategoriesPortals (UniqueID,CatID,PortalID) VALUES('138912963348843','120167442298527','0')
INSERT INTO Categories (CatID,ListUnder,CategoryName,Description,Keywords,CatType,Moderator,AccessKeys,WriteKeys,SEODescription,SEOPageTitle,ManageKeys,AccessHide,WriteHide,ExcPortalSecurity,Weight,ShowList,Sharing) VALUES('116074268821651','201040169615478','Joint Ventures','','','','Moderator','|2|,|3|,|1|,|4|','|2|,|3|,|4|','','','|2|','0','0','0','2000','1','1')
INSERT INTO CategoriesModules (UniqueID,CatID,ModuleID) VALUES('140897025926850','116074268821651','35')
INSERT INTO CategoriesPortals (UniqueID,CatID,PortalID) VALUES('173155537527456','116074268821651','0')
INSERT INTO Categories (CatID,ListUnder,CategoryName,Description,Keywords,CatType,Moderator,AccessKeys,WriteKeys,SEODescription,SEOPageTitle,ManageKeys,AccessHide,WriteHide,ExcPortalSecurity,Weight,ShowList,Sharing) VALUES('731082868258761','343455599167073','Kitchen','','','','Moderator','|2|,|3|,|1|,|4|','|2|,|3|,|4|','','','|2|','0','0','0','2000','1','1')
INSERT INTO CategoriesModules (UniqueID,CatID,ModuleID) VALUES('148709531492031','731082868258761','35')
INSERT INTO CategoriesPortals (UniqueID,CatID,PortalID) VALUES('263708465724545','731082868258761','0')
INSERT INTO Categories (CatID,ListUnder,CategoryName,Description,Keywords,CatType,Moderator,AccessKeys,WriteKeys,SEODescription,SEOPageTitle,ManageKeys,AccessHide,WriteHide,ExcPortalSecurity,Weight,ShowList,Sharing) VALUES('119073001848494','957743190054807','Laptops','','','','Moderator','|2|,|3|,|1|,|4|','|2|,|3|,|4|','','','|2|','0','0','0','2000','1','1')
INSERT INTO CategoriesModules (UniqueID,CatID,ModuleID) VALUES('569107577115026','119073001848494','35')
INSERT INTO CategoriesPortals (UniqueID,CatID,PortalID) VALUES('225275472378392','119073001848494','0')
INSERT INTO Categories (CatID,ListUnder,CategoryName,Description,Keywords,CatType,Moderator,AccessKeys,WriteKeys,SEODescription,SEOPageTitle,ManageKeys,AccessHide,WriteHide,ExcPortalSecurity,Weight,ShowList,Sharing) VALUES('581300014314886','202843114306771','Lawn','','','','Moderator','|2|,|3|,|1|,|4|','|2|,|3|,|4|','','','|2|','0','0','0','2000','1','1')
INSERT INTO CategoriesModules (UniqueID,CatID,ModuleID) VALUES('186694008841486','581300014314886','35')
INSERT INTO CategoriesPortals (UniqueID,CatID,PortalID) VALUES('100036838756460','581300014314886','0')
INSERT INTO Categories (CatID,ListUnder,CategoryName,Description,Keywords,CatType,Moderator,AccessKeys,WriteKeys,SEODescription,SEOPageTitle,ManageKeys,AccessHide,WriteHide,ExcPortalSecurity,Weight,ShowList,Sharing) VALUES('506134816457757','202050777881675','Leasing','','','','Moderator','|2|,|3|,|1|,|4|','|2|,|3|,|4|','','','|2|','0','0','0','2000','1','1')
INSERT INTO CategoriesModules (UniqueID,CatID,ModuleID) VALUES('150777877023496','506134816457757','35')
INSERT INTO CategoriesPortals (UniqueID,CatID,PortalID) VALUES('648660120181424','506134816457757','0')
INSERT INTO Categories (CatID,ListUnder,CategoryName,Description,Keywords,CatType,Moderator,AccessKeys,WriteKeys,SEODescription,SEOPageTitle,ManageKeys,AccessHide,WriteHide,ExcPortalSecurity,Weight,ShowList,Sharing) VALUES('192861748482157','0','Legal','','','','Moderator','|2|,|3|,|1|,|4|','|2|,|3|,|4|','','','|2|','0','0','0','2000','1','1')
INSERT INTO CategoriesModules (UniqueID,CatID,ModuleID) VALUES('121849510213337','192861748482157','35')
INSERT INTO CategoriesPortals (UniqueID,CatID,PortalID) VALUES('636310916690789','192861748482157','0')
INSERT INTO Categories (CatID,ListUnder,CategoryName,Description,Keywords,CatType,Moderator,AccessKeys,WriteKeys,SEODescription,SEOPageTitle,ManageKeys,AccessHide,WriteHide,ExcPortalSecurity,Weight,ShowList,Sharing) VALUES('197502361426565','201040169615478','Linking','','','','Moderator','|2|,|3|,|1|,|4|','|2|,|3|,|4|','','','|2|','0','0','0','2000','1','1')
INSERT INTO CategoriesModules (UniqueID,CatID,ModuleID) VALUES('121873818472076','197502361426565','35')
INSERT INTO CategoriesPortals (UniqueID,CatID,PortalID) VALUES('172472912659113','197502361426565','0')
INSERT INTO Categories (CatID,ListUnder,CategoryName,Description,Keywords,CatType,Moderator,AccessKeys,WriteKeys,SEODescription,SEOPageTitle,ManageKeys,AccessHide,WriteHide,ExcPortalSecurity,Weight,ShowList,Sharing) VALUES('208597795962646','111911657168770','Literature','','','','Moderator','|2|,|3|,|1|,|4|','|2|,|3|,|4|','','','|2|','0','0','0','2000','1','1')
INSERT INTO CategoriesModules (UniqueID,CatID,ModuleID) VALUES('363879847247846','208597795962646','35')
INSERT INTO CategoriesPortals (UniqueID,CatID,PortalID) VALUES('228797284407634','208597795962646','0')
INSERT INTO Categories (CatID,ListUnder,CategoryName,Description,Keywords,CatType,Moderator,AccessKeys,WriteKeys,SEODescription,SEOPageTitle,ManageKeys,AccessHide,WriteHide,ExcPortalSecurity,Weight,ShowList,Sharing) VALUES('595855159747891','343455599167073','Living Room','','','','Moderator','|2|,|3|,|1|,|4|','|2|,|3|,|4|','','','|2|','0','0','0','2000','1','1')
INSERT INTO CategoriesModules (UniqueID,CatID,ModuleID) VALUES('700163410336130','595855159747891','35')
INSERT INTO CategoriesPortals (UniqueID,CatID,PortalID) VALUES('123108336229477','595855159747891','0')
INSERT INTO Categories (CatID,ListUnder,CategoryName,Description,Keywords,CatType,Moderator,AccessKeys,WriteKeys,SEODescription,SEOPageTitle,ManageKeys,AccessHide,WriteHide,ExcPortalSecurity,Weight,ShowList,Sharing) VALUES('204236217812523','192286124832436','Local','','','','Moderator','|2|,|3|,|1|,|4|','|2|,|3|,|4|','','','|2|','0','0','0','2000','1','1')
INSERT INTO CategoriesModules (UniqueID,CatID,ModuleID) VALUES('965479021821815','204236217812523','35')
INSERT INTO CategoriesPortals (UniqueID,CatID,PortalID) VALUES('765293787238566','204236217812523','0')
INSERT INTO Categories (CatID,ListUnder,CategoryName,Description,Keywords,CatType,Moderator,AccessKeys,WriteKeys,SEODescription,SEOPageTitle,ManageKeys,AccessHide,WriteHide,ExcPortalSecurity,Weight,ShowList,Sharing) VALUES('188832697492491','114136718658386','Managing','','','','Moderator','|2|,|3|,|1|,|4|','|2|,|3|,|4|','','','|2|','0','0','0','2000','1','1')
INSERT INTO CategoriesModules (UniqueID,CatID,ModuleID) VALUES('475687890061384','188832697492491','35')
INSERT INTO CategoriesPortals (UniqueID,CatID,PortalID) VALUES('205965134823475','188832697492491','0')
INSERT INTO Categories (CatID,ListUnder,CategoryName,Description,Keywords,CatType,Moderator,AccessKeys,WriteKeys,SEODescription,SEOPageTitle,ManageKeys,AccessHide,WriteHide,ExcPortalSecurity,Weight,ShowList,Sharing) VALUES('223932064285568','201040169615478','Marketing','','','','Moderator','|2|,|3|,|1|,|4|','|2|,|3|,|4|','','','|2|','0','0','0','2000','1','1')
INSERT INTO CategoriesModules (UniqueID,CatID,ModuleID) VALUES('116543815513818','223932064285568','35')
INSERT INTO CategoriesPortals (UniqueID,CatID,PortalID) VALUES('675979455271482','223932064285568','0')
INSERT INTO Categories (CatID,ListUnder,CategoryName,Description,Keywords,CatType,Moderator,AccessKeys,WriteKeys,SEODescription,SEOPageTitle,ManageKeys,AccessHide,WriteHide,ExcPortalSecurity,Weight,ShowList,Sharing) VALUES('372707048374333','160529493074722','Marriage','','','','Moderator','|2|,|3|,|1|,|4|','|2|,|3|,|4|','','','|2|','0','0','0','2000','1','1')
INSERT INTO CategoriesModules (UniqueID,CatID,ModuleID) VALUES('776814505249833','372707048374333','35')
INSERT INTO CategoriesPortals (UniqueID,CatID,PortalID) VALUES('407450597280333','372707048374333','0')
INSERT INTO Categories (CatID,ListUnder,CategoryName,Description,Keywords,CatType,Moderator,AccessKeys,WriteKeys,SEODescription,SEOPageTitle,ManageKeys,AccessHide,WriteHide,ExcPortalSecurity,Weight,ShowList,Sharing) VALUES('325878231311492','180512782428882','Martial Arts','','','','Moderator','|2|,|3|,|1|,|4|','|2|,|3|,|4|','','','|2|','0','0','0','2000','1','1')
INSERT INTO CategoriesModules (UniqueID,CatID,ModuleID) VALUES('349807852762596','325878231311492','35')
INSERT INTO CategoriesPortals (UniqueID,CatID,PortalID) VALUES('118674769851184','325878231311492','0')
INSERT INTO Categories (CatID,ListUnder,CategoryName,Description,Keywords,CatType,Moderator,AccessKeys,WriteKeys,SEODescription,SEOPageTitle,ManageKeys,AccessHide,WriteHide,ExcPortalSecurity,Weight,ShowList,Sharing) VALUES('149547012303270','0','Medical','','','','Moderator','|2|,|3|,|1|,|4|','|2|,|3|,|4|','','','|2|','0','0','0','2000','1','1')
INSERT INTO CategoriesModules (UniqueID,CatID,ModuleID) VALUES('636055432728676','149547012303270','35')
INSERT INTO CategoriesPortals (UniqueID,CatID,PortalID) VALUES('188289313728541','149547012303270','0')
INSERT INTO Categories (CatID,ListUnder,CategoryName,Description,Keywords,CatType,Moderator,AccessKeys,WriteKeys,SEODescription,SEOPageTitle,ManageKeys,AccessHide,WriteHide,ExcPortalSecurity,Weight,ShowList,Sharing) VALUES('576985249430913','316506374088261','Meditation','','','','Moderator','|2|,|3|,|1|,|4|','|2|,|3|,|4|','','','|2|','0','0','0','2000','1','1')
INSERT INTO CategoriesModules (UniqueID,CatID,ModuleID) VALUES('192080854352715','576985249430913','35')
INSERT INTO CategoriesPortals (UniqueID,CatID,PortalID) VALUES('164912707973426','576985249430913','0')
INSERT INTO Categories (CatID,ListUnder,CategoryName,Description,Keywords,CatType,Moderator,AccessKeys,WriteKeys,SEODescription,SEOPageTitle,ManageKeys,AccessHide,WriteHide,ExcPortalSecurity,Weight,ShowList,Sharing) VALUES('251819939489521','202050777881675','Mortgage','','','','Moderator','|2|,|3|,|1|,|4|','|2|,|3|,|4|','','','|2|','0','0','0','2000','1','1')
INSERT INTO CategoriesModules (UniqueID,CatID,ModuleID) VALUES('744214586403066','251819939489521','35')
INSERT INTO CategoriesPortals (UniqueID,CatID,PortalID) VALUES('716306436152428','251819939489521','0')
INSERT INTO Categories (CatID,ListUnder,CategoryName,Description,Keywords,CatType,Moderator,AccessKeys,WriteKeys,SEODescription,SEOPageTitle,ManageKeys,AccessHide,WriteHide,ExcPortalSecurity,Weight,ShowList,Sharing) VALUES('393863475256683','214256918215406','Motorcycles','','','','Moderator','|2|,|3|,|1|,|4|','|2|,|3|,|4|','','','|2|','0','0','0','2000','1','1')
INSERT INTO CategoriesModules (UniqueID,CatID,ModuleID) VALUES('641770713567143','393863475256683','35')
INSERT INTO CategoriesPortals (UniqueID,CatID,PortalID) VALUES('613675566913459','393863475256683','0')
INSERT INTO Categories (CatID,ListUnder,CategoryName,Description,Keywords,CatType,Moderator,AccessKeys,WriteKeys,SEODescription,SEOPageTitle,ManageKeys,AccessHide,WriteHide,ExcPortalSecurity,Weight,ShowList,Sharing) VALUES('459179902285612','111911657168770','Music','','','','Moderator','|2|,|3|,|1|,|4|','|2|,|3|,|4|','','','|2|','0','0','0','2000','1','1')
INSERT INTO CategoriesModules (UniqueID,CatID,ModuleID) VALUES('981592210742717','459179902285612','35')
INSERT INTO CategoriesPortals (UniqueID,CatID,PortalID) VALUES('591937861147344','459179902285612','0')
INSERT INTO Categories (CatID,ListUnder,CategoryName,Description,Keywords,CatType,Moderator,AccessKeys,WriteKeys,SEODescription,SEOPageTitle,ManageKeys,AccessHide,WriteHide,ExcPortalSecurity,Weight,ShowList,Sharing) VALUES('119843994712417','368597159928538','New Age','','','','Moderator','|2|,|3|,|1|,|4|','|2|,|3|,|4|','','','|2|','0','0','0','2000','1','1')
INSERT INTO CategoriesModules (UniqueID,CatID,ModuleID) VALUES('129527819005727','119843994712417','35')
INSERT INTO CategoriesPortals (UniqueID,CatID,PortalID) VALUES('492376778934166','119843994712417','0')
INSERT INTO Categories (CatID,ListUnder,CategoryName,Description,Keywords,CatType,Moderator,AccessKeys,WriteKeys,SEODescription,SEOPageTitle,ManageKeys,AccessHide,WriteHide,ExcPortalSecurity,Weight,ShowList,Sharing) VALUES('182473309188107','110852539617605','Nintendo','','','','Moderator','|2|,|3|,|1|,|4|','|2|,|3|,|4|','','','|2|','0','0','0','2000','1','1')
INSERT INTO CategoriesModules (UniqueID,CatID,ModuleID) VALUES('165097709111567','182473309188107','35')
INSERT INTO CategoriesPortals (UniqueID,CatID,PortalID) VALUES('581621500355024','182473309188107','0')
INSERT INTO Categories (CatID,ListUnder,CategoryName,Description,Keywords,CatType,Moderator,AccessKeys,WriteKeys,SEODescription,SEOPageTitle,ManageKeys,AccessHide,WriteHide,ExcPortalSecurity,Weight,ShowList,Sharing) VALUES('128962363136871','124247008284683','Novels','','','','Moderator','|2|,|3|,|1|,|4|','|2|,|3|,|4|','','','|2|','0','0','0','2000','1','1')
INSERT INTO CategoriesModules (UniqueID,CatID,ModuleID) VALUES('588920672714264','128962363136871','35')
INSERT INTO CategoriesPortals (UniqueID,CatID,PortalID) VALUES('161976324496495','128962363136871','0')
INSERT INTO Categories (CatID,ListUnder,CategoryName,Description,Keywords,CatType,Moderator,AccessKeys,WriteKeys,SEODescription,SEOPageTitle,ManageKeys,AccessHide,WriteHide,ExcPortalSecurity,Weight,ShowList,Sharing) VALUES('778531730396544','111911657168770','Opera','','','','Moderator','|2|,|3|,|1|,|4|','|2|,|3|,|4|','','','|2|','0','0','0','2000','1','1')
INSERT INTO CategoriesModules (UniqueID,CatID,ModuleID) VALUES('214592315532971','778531730396544','35')
INSERT INTO CategoriesPortals (UniqueID,CatID,PortalID) VALUES('210676733344660','778531730396544','0')
INSERT INTO Categories (CatID,ListUnder,CategoryName,Description,Keywords,CatType,Moderator,AccessKeys,WriteKeys,SEODescription,SEOPageTitle,ManageKeys,AccessHide,WriteHide,ExcPortalSecurity,Weight,ShowList,Sharing) VALUES('205716997781563','957743190054807','Operating Systems','','','','Moderator','|2|,|3|,|1|,|4|','|2|,|3|,|4|','','','|2|','0','0','0','2000','1','1')
INSERT INTO CategoriesModules (UniqueID,CatID,ModuleID) VALUES('442610942417783','205716997781563','35')
INSERT INTO CategoriesPortals (UniqueID,CatID,PortalID) VALUES('769904479776769','205716997781563','0')
INSERT INTO Categories (CatID,ListUnder,CategoryName,Description,Keywords,CatType,Moderator,AccessKeys,WriteKeys,SEODescription,SEOPageTitle,ManageKeys,AccessHide,WriteHide,ExcPortalSecurity,Weight,ShowList,Sharing) VALUES('955590185846783','202843114306771','Organic','','','','Moderator','|2|,|3|,|1|,|4|','|2|,|3|,|4|','','','|2|','0','0','0','2000','1','1')
INSERT INTO CategoriesModules (UniqueID,CatID,ModuleID) VALUES('209950574101242','955590185846783','35')
INSERT INTO CategoriesPortals (UniqueID,CatID,PortalID) VALUES('540285442066637','955590185846783','0')
INSERT INTO Categories (CatID,ListUnder,CategoryName,Description,Keywords,CatType,Moderator,AccessKeys,WriteKeys,SEODescription,SEOPageTitle,ManageKeys,AccessHide,WriteHide,ExcPortalSecurity,Weight,ShowList,Sharing) VALUES('105807316136646','343455599167073','Organization','','','','Moderator','|2|,|3|,|1|,|4|','|2|,|3|,|4|','','','|2|','0','0','0','2000','1','1')
INSERT INTO CategoriesModules (UniqueID,CatID,ModuleID) VALUES('363121961657261','105807316136646','35')
INSERT INTO CategoriesPortals (UniqueID,CatID,PortalID) VALUES('172468521010563','105807316136646','0')
INSERT INTO Categories (CatID,ListUnder,CategoryName,Description,Keywords,CatType,Moderator,AccessKeys,WriteKeys,SEODescription,SEOPageTitle,ManageKeys,AccessHide,WriteHide,ExcPortalSecurity,Weight,ShowList,Sharing) VALUES('261993146017078','0','Outdoors','','','','Moderator','|2|,|3|,|1|,|4|','|2|,|3|,|4|','','','|2|','0','0','0','2000','1','1')
INSERT INTO CategoriesModules (UniqueID,CatID,ModuleID) VALUES('129641050727821','261993146017078','35')
INSERT INTO CategoriesPortals (UniqueID,CatID,PortalID) VALUES('423419878624181','261993146017078','0')
INSERT INTO Categories (CatID,ListUnder,CategoryName,Description,Keywords,CatType,Moderator,AccessKeys,WriteKeys,SEODescription,SEOPageTitle,ManageKeys,AccessHide,WriteHide,ExcPortalSecurity,Weight,ShowList,Sharing) VALUES('367978336261666','343455599167073','Outside','','','','Moderator','|2|,|3|,|1|,|4|','|2|,|3|,|4|','','','|2|','0','0','0','2000','1','1')
INSERT INTO CategoriesModules (UniqueID,CatID,ModuleID) VALUES('758162729753712','367978336261666','35')
INSERT INTO CategoriesPortals (UniqueID,CatID,PortalID) VALUES('117426393103637','367978336261666','0')
INSERT INTO Categories (CatID,ListUnder,CategoryName,Description,Keywords,CatType,Moderator,AccessKeys,WriteKeys,SEODescription,SEOPageTitle,ManageKeys,AccessHide,WriteHide,ExcPortalSecurity,Weight,ShowList,Sharing) VALUES('191463915117750','111911657168770','Painting','','','','Moderator','|2|,|3|,|1|,|4|','|2|,|3|,|4|','','','|2|','0','0','0','2000','1','1')
INSERT INTO CategoriesModules (UniqueID,CatID,ModuleID) VALUES('638019761128010','191463915117750','35')
INSERT INTO CategoriesPortals (UniqueID,CatID,PortalID) VALUES('682942443326777','191463915117750','0')
INSERT INTO Categories (CatID,ListUnder,CategoryName,Description,Keywords,CatType,Moderator,AccessKeys,WriteKeys,SEODescription,SEOPageTitle,ManageKeys,AccessHide,WriteHide,ExcPortalSecurity,Weight,ShowList,Sharing) VALUES('582984125983267','114136718658386','Partnerships','','','','Moderator','|2|,|3|,|1|,|4|','|2|,|3|,|4|','','','|2|','0','0','0','2000','1','1')
INSERT INTO CategoriesModules (UniqueID,CatID,ModuleID) VALUES('679230481451639','582984125983267','35')
INSERT INTO CategoriesPortals (UniqueID,CatID,PortalID) VALUES('501901254745627','582984125983267','0')
INSERT INTO Categories (CatID,ListUnder,CategoryName,Description,Keywords,CatType,Moderator,AccessKeys,WriteKeys,SEODescription,SEOPageTitle,ManageKeys,AccessHide,WriteHide,ExcPortalSecurity,Weight,ShowList,Sharing) VALUES('695856735321162','110852539617605','PC Gaming','','','','Moderator','|2|,|3|,|1|,|4|','|2|,|3|,|4|','','','|2|','0','0','0','2000','1','1')
INSERT INTO CategoriesModules (UniqueID,CatID,ModuleID) VALUES('265479072814214','695856735321162','35')
INSERT INTO CategoriesPortals (UniqueID,CatID,PortalID) VALUES('515016909175432','695856735321162','0')
INSERT INTO Categories (CatID,ListUnder,CategoryName,Description,Keywords,CatType,Moderator,AccessKeys,WriteKeys,SEODescription,SEOPageTitle,ManageKeys,AccessHide,WriteHide,ExcPortalSecurity,Weight,ShowList,Sharing) VALUES('139763875955254','202050777881675','Personal','','','','Moderator','|2|,|3|,|1|,|4|','|2|,|3|,|4|','','','|2|','0','0','0','2000','1','1')
INSERT INTO CategoriesModules (UniqueID,CatID,ModuleID) VALUES('188755663575535','139763875955254','35')
INSERT INTO CategoriesPortals (UniqueID,CatID,PortalID) VALUES('523423940983274','139763875955254','0')
INSERT INTO Categories (CatID,ListUnder,CategoryName,Description,Keywords,CatType,Moderator,AccessKeys,WriteKeys,SEODescription,SEOPageTitle,ManageKeys,AccessHide,WriteHide,ExcPortalSecurity,Weight,ShowList,Sharing) VALUES('116492293052368','0','Pets and Animals','','','','Moderator','|2|,|3|,|1|,|4|','|2|,|3|,|4|','','','|2|','0','0','0','2000','1','1')
INSERT INTO CategoriesModules (UniqueID,CatID,ModuleID) VALUES('106207476368168','116492293052368','35')
INSERT INTO CategoriesPortals (UniqueID,CatID,PortalID) VALUES('622657468322337','116492293052368','0')
INSERT INTO Categories (CatID,ListUnder,CategoryName,Description,Keywords,CatType,Moderator,AccessKeys,WriteKeys,SEODescription,SEOPageTitle,ManageKeys,AccessHide,WriteHide,ExcPortalSecurity,Weight,ShowList,Sharing) VALUES('226792456161630','111911657168770','Photography','','','','Moderator','|2|,|3|,|1|,|4|','|2|,|3|,|4|','','','|2|','0','0','0','2000','1','1')
INSERT INTO CategoriesModules (UniqueID,CatID,ModuleID) VALUES('912233283333557','226792456161630','35')
INSERT INTO CategoriesPortals (UniqueID,CatID,PortalID) VALUES('179877054009568','226792456161630','0')
INSERT INTO Categories (CatID,ListUnder,CategoryName,Description,Keywords,CatType,Moderator,AccessKeys,WriteKeys,SEODescription,SEOPageTitle,ManageKeys,AccessHide,WriteHide,ExcPortalSecurity,Weight,ShowList,Sharing) VALUES('457602287659422','140381408236451','Planes','','','','Moderator','|2|,|3|,|1|,|4|','|2|,|3|,|4|','','','|2|','0','0','0','2000','1','1')
INSERT INTO CategoriesModules (UniqueID,CatID,ModuleID) VALUES('351264157382797','457602287659422','35')
INSERT INTO CategoriesPortals (UniqueID,CatID,PortalID) VALUES('189021377483846','457602287659422','0')
INSERT INTO Categories (CatID,ListUnder,CategoryName,Description,Keywords,CatType,Moderator,AccessKeys,WriteKeys,SEODescription,SEOPageTitle,ManageKeys,AccessHide,WriteHide,ExcPortalSecurity,Weight,ShowList,Sharing) VALUES('130578520752616','110852539617605','Playstation','','','','Moderator','|2|,|3|,|1|,|4|','|2|,|3|,|4|','','','|2|','0','0','0','2000','1','1')
INSERT INTO CategoriesModules (UniqueID,CatID,ModuleID) VALUES('195727597475715','130578520752616','35')
INSERT INTO CategoriesPortals (UniqueID,CatID,PortalID) VALUES('198063124311770','130578520752616','0')
INSERT INTO Categories (CatID,ListUnder,CategoryName,Description,Keywords,CatType,Moderator,AccessKeys,WriteKeys,SEODescription,SEOPageTitle,ManageKeys,AccessHide,WriteHide,ExcPortalSecurity,Weight,ShowList,Sharing) VALUES('139732497696336','111911657168770','Poetry','','','','Moderator','|2|,|3|,|1|,|4|','|2|,|3|,|4|','','','|2|','0','0','0','2000','1','1')
INSERT INTO CategoriesModules (UniqueID,CatID,ModuleID) VALUES('104281153717746','139732497696336','35')
INSERT INTO CategoriesPortals (UniqueID,CatID,PortalID) VALUES('102503025702424','139732497696336','0')
INSERT INTO Categories (CatID,ListUnder,CategoryName,Description,Keywords,CatType,Moderator,AccessKeys,WriteKeys,SEODescription,SEOPageTitle,ManageKeys,AccessHide,WriteHide,ExcPortalSecurity,Weight,ShowList,Sharing) VALUES('190933155272933','192286124832436','Politics','','','','Moderator','|2|,|3|,|1|,|4|','|2|,|3|,|4|','','','|2|','0','0','0','2000','1','1')
INSERT INTO CategoriesModules (UniqueID,CatID,ModuleID) VALUES('139434281993298','190933155272933','35')
INSERT INTO CategoriesPortals (UniqueID,CatID,PortalID) VALUES('272077713940186','190933155272933','0')
INSERT INTO Categories (CatID,ListUnder,CategoryName,Description,Keywords,CatType,Moderator,AccessKeys,WriteKeys,SEODescription,SEOPageTitle,ManageKeys,AccessHide,WriteHide,ExcPortalSecurity,Weight,ShowList,Sharing) VALUES('185089756623674','368597159928538','Prophecy','','','','Moderator','|2|,|3|,|1|,|4|','|2|,|3|,|4|','','','|2|','0','0','0','2000','1','1')
INSERT INTO CategoriesModules (UniqueID,CatID,ModuleID) VALUES('401867813206581','185089756623674','35')
INSERT INTO CategoriesPortals (UniqueID,CatID,PortalID) VALUES('149164511760763','185089756623674','0')
INSERT INTO Categories (CatID,ListUnder,CategoryName,Description,Keywords,CatType,Moderator,AccessKeys,WriteKeys,SEODescription,SEOPageTitle,ManageKeys,AccessHide,WriteHide,ExcPortalSecurity,Weight,ShowList,Sharing) VALUES('333490873292873','114136718658386','Real Estate','','','','Moderator','|2|,|3|,|1|,|4|','|2|,|3|,|4|','','','|2|','0','0','0','2000','1','1')
INSERT INTO CategoriesModules (UniqueID,CatID,ModuleID) VALUES('214660946053138','333490873292873','35')
INSERT INTO CategoriesPortals (UniqueID,CatID,PortalID) VALUES('107213075474643','333490873292873','0')
INSERT INTO Categories (CatID,ListUnder,CategoryName,Description,Keywords,CatType,Moderator,AccessKeys,WriteKeys,SEODescription,SEOPageTitle,ManageKeys,AccessHide,WriteHide,ExcPortalSecurity,Weight,ShowList,Sharing) VALUES('104437475639331','0','Recreation','','','','Moderator','|2|,|3|,|1|,|4|','|2|,|3|,|4|','','','|2|','0','0','0','2000','1','1')
INSERT INTO CategoriesModules (UniqueID,CatID,ModuleID) VALUES('141328340233797','104437475639331','35')
INSERT INTO CategoriesPortals (UniqueID,CatID,PortalID) VALUES('376345781966798','104437475639331','0')
INSERT INTO Categories (CatID,ListUnder,CategoryName,Description,Keywords,CatType,Moderator,AccessKeys,WriteKeys,SEODescription,SEOPageTitle,ManageKeys,AccessHide,WriteHide,ExcPortalSecurity,Weight,ShowList,Sharing) VALUES('160529493074722','0','Relationships','','','','Moderator','|2|,|3|,|1|,|4|','|2|,|3|,|4|','','','|2|','0','0','0','2000','1','1')
INSERT INTO CategoriesModules (UniqueID,CatID,ModuleID) VALUES('151045343394435','160529493074722','35')
INSERT INTO CategoriesPortals (UniqueID,CatID,PortalID) VALUES('138126887952144','160529493074722','0')
INSERT INTO Categories (CatID,ListUnder,CategoryName,Description,Keywords,CatType,Moderator,AccessKeys,WriteKeys,SEODescription,SEOPageTitle,ManageKeys,AccessHide,WriteHide,ExcPortalSecurity,Weight,ShowList,Sharing) VALUES('368597159928538','0','Religion','','','','Moderator','|2|,|3|,|1|,|4|','|2|,|3|,|4|','','','|2|','0','0','0','2000','1','1')
INSERT INTO CategoriesModules (UniqueID,CatID,ModuleID) VALUES('121079532240679','368597159928538','35')
INSERT INTO CategoriesPortals (UniqueID,CatID,PortalID) VALUES('149214509437378','368597159928538','0')
INSERT INTO Categories (CatID,ListUnder,CategoryName,Description,Keywords,CatType,Moderator,AccessKeys,WriteKeys,SEODescription,SEOPageTitle,ManageKeys,AccessHide,WriteHide,ExcPortalSecurity,Weight,ShowList,Sharing) VALUES('158746521547609','343455599167073','Remodel','','','','Moderator','|2|,|3|,|1|,|4|','|2|,|3|,|4|','','','|2|','0','0','0','2000','1','1')
INSERT INTO CategoriesModules (UniqueID,CatID,ModuleID) VALUES('831965708382855','158746521547609','35')
INSERT INTO CategoriesPortals (UniqueID,CatID,PortalID) VALUES('152274739834780','158746521547609','0')
INSERT INTO Categories (CatID,ListUnder,CategoryName,Description,Keywords,CatType,Moderator,AccessKeys,WriteKeys,SEODescription,SEOPageTitle,ManageKeys,AccessHide,WriteHide,ExcPortalSecurity,Weight,ShowList,Sharing) VALUES('361665703538861','114136718658386','Resources','','','','Moderator','|2|,|3|,|1|,|4|','|2|,|3|,|4|','','','|2|','0','0','0','2000','1','1')
INSERT INTO CategoriesModules (UniqueID,CatID,ModuleID) VALUES('211850050247930','361665703538861','35')
INSERT INTO CategoriesPortals (UniqueID,CatID,PortalID) VALUES('374076984577123','361665703538861','0')
INSERT INTO Categories (CatID,ListUnder,CategoryName,Description,Keywords,CatType,Moderator,AccessKeys,WriteKeys,SEODescription,SEOPageTitle,ManageKeys,AccessHide,WriteHide,ExcPortalSecurity,Weight,ShowList,Sharing) VALUES('522926980816525','202050777881675','Retirement','','','','Moderator','|2|,|3|,|1|,|4|','|2|,|3|,|4|','','','|2|','0','0','0','2000','1','1')
INSERT INTO CategoriesModules (UniqueID,CatID,ModuleID) VALUES('132942934137295','522926980816525','35')
INSERT INTO CategoriesPortals (UniqueID,CatID,PortalID) VALUES('165918622274846','522926980816525','0')
INSERT INTO Categories (CatID,ListUnder,CategoryName,Description,Keywords,CatType,Moderator,AccessKeys,WriteKeys,SEODescription,SEOPageTitle,ManageKeys,AccessHide,WriteHide,ExcPortalSecurity,Weight,ShowList,Sharing) VALUES('391776031293936','114136718658386','Sales','','','','Moderator','|2|,|3|,|1|,|4|','|2|,|3|,|4|','','','|2|','0','0','0','2000','1','1')
INSERT INTO CategoriesModules (UniqueID,CatID,ModuleID) VALUES('195800254922886','391776031293936','35')
INSERT INTO CategoriesPortals (UniqueID,CatID,PortalID) VALUES('877643407857681','391776031293936','0')
INSERT INTO Categories (CatID,ListUnder,CategoryName,Description,Keywords,CatType,Moderator,AccessKeys,WriteKeys,SEODescription,SEOPageTitle,ManageKeys,AccessHide,WriteHide,ExcPortalSecurity,Weight,ShowList,Sharing) VALUES('764784272390887','111911657168770','Sculpture','','','','Moderator','|2|,|3|,|1|,|4|','|2|,|3|,|4|','','','|2|','0','0','0','2000','1','1')
INSERT INTO CategoriesModules (UniqueID,CatID,ModuleID) VALUES('247922215493201','764784272390887','35')
INSERT INTO CategoriesPortals (UniqueID,CatID,PortalID) VALUES('570189726653998','764784272390887','0')
INSERT INTO Categories (CatID,ListUnder,CategoryName,Description,Keywords,CatType,Moderator,AccessKeys,WriteKeys,SEODescription,SEOPageTitle,ManageKeys,AccessHide,WriteHide,ExcPortalSecurity,Weight,ShowList,Sharing) VALUES('213889044656661','957743190054807','Security','','','','Moderator','|2|,|3|,|1|,|4|','|2|,|3|,|4|','','','|2|','0','0','0','2000','1','1')
INSERT INTO CategoriesModules (UniqueID,CatID,ModuleID) VALUES('198028597804373','213889044656661','35')
INSERT INTO CategoriesPortals (UniqueID,CatID,PortalID) VALUES('183095562334396','213889044656661','0')
INSERT INTO Categories (CatID,ListUnder,CategoryName,Description,Keywords,CatType,Moderator,AccessKeys,WriteKeys,SEODescription,SEOPageTitle,ManageKeys,AccessHide,WriteHide,ExcPortalSecurity,Weight,ShowList,Sharing) VALUES('310929246359977','0','Self Help','','','','Moderator','|2|,|3|,|1|,|4|','|2|,|3|,|4|','','','|2|','0','0','0','2000','1','1')
INSERT INTO CategoriesModules (UniqueID,CatID,ModuleID) VALUES('170206265771605','310929246359977','35')
INSERT INTO CategoriesPortals (UniqueID,CatID,PortalID) VALUES('248513966763130','310929246359977','0')
INSERT INTO Categories (CatID,ListUnder,CategoryName,Description,Keywords,CatType,Moderator,AccessKeys,WriteKeys,SEODescription,SEOPageTitle,ManageKeys,AccessHide,WriteHide,ExcPortalSecurity,Weight,ShowList,Sharing) VALUES('133405767218788','0','Self Improvement','','','','Moderator','|2|,|3|,|1|,|4|','|2|,|3|,|4|','','','|2|','0','0','0','2000','1','1')
INSERT INTO CategoriesModules (UniqueID,CatID,ModuleID) VALUES('161911325919168','133405767218788','35')
INSERT INTO CategoriesPortals (UniqueID,CatID,PortalID) VALUES('255352605676534','133405767218788','0')
INSERT INTO Categories (CatID,ListUnder,CategoryName,Description,Keywords,CatType,Moderator,AccessKeys,WriteKeys,SEODescription,SEOPageTitle,ManageKeys,AccessHide,WriteHide,ExcPortalSecurity,Weight,ShowList,Sharing) VALUES('107150094397136','201040169615478','SEO','','','','Moderator','|2|,|3|,|1|,|4|','|2|,|3|,|4|','','','|2|','0','0','0','2000','1','1')
INSERT INTO CategoriesModules (UniqueID,CatID,ModuleID) VALUES('108537226689544','107150094397136','35')
INSERT INTO CategoriesPortals (UniqueID,CatID,PortalID) VALUES('136414350023212','107150094397136','0')
INSERT INTO Categories (CatID,ListUnder,CategoryName,Description,Keywords,CatType,Moderator,AccessKeys,WriteKeys,SEODescription,SEOPageTitle,ManageKeys,AccessHide,WriteHide,ExcPortalSecurity,Weight,ShowList,Sharing) VALUES('165714311364257','201040169615478','Shopping','','','','Moderator','|2|,|3|,|1|,|4|','|2|,|3|,|4|','','','|2|','0','0','0','2000','1','1')
INSERT INTO CategoriesModules (UniqueID,CatID,ModuleID) VALUES('205179628037580','165714311364257','35')
INSERT INTO CategoriesPortals (UniqueID,CatID,PortalID) VALUES('167787166871134','165714311364257','0')
INSERT INTO Categories (CatID,ListUnder,CategoryName,Description,Keywords,CatType,Moderator,AccessKeys,WriteKeys,SEODescription,SEOPageTitle,ManageKeys,AccessHide,WriteHide,ExcPortalSecurity,Weight,ShowList,Sharing) VALUES('214887222771352','180512782428882','Soccer','','','','Moderator','|2|,|3|,|1|,|4|','|2|,|3|,|4|','','','|2|','0','0','0','2000','1','1')
INSERT INTO CategoriesModules (UniqueID,CatID,ModuleID) VALUES('160285093397465','214887222771352','35')
INSERT INTO CategoriesPortals (UniqueID,CatID,PortalID) VALUES('192670950018204','214887222771352','0')
INSERT INTO Categories (CatID,ListUnder,CategoryName,Description,Keywords,CatType,Moderator,AccessKeys,WriteKeys,SEODescription,SEOPageTitle,ManageKeys,AccessHide,WriteHide,ExcPortalSecurity,Weight,ShowList,Sharing) VALUES('410637254884110','368597159928538','Spirituality','','','','Moderator','|2|,|3|,|1|,|4|','|2|,|3|,|4|','','','|2|','0','0','0','2000','1','1')
INSERT INTO CategoriesModules (UniqueID,CatID,ModuleID) VALUES('130932999430316','410637254884110','35')
INSERT INTO CategoriesPortals (UniqueID,CatID,PortalID) VALUES('296022353908581','410637254884110','0')
INSERT INTO Categories (CatID,ListUnder,CategoryName,Description,Keywords,CatType,Moderator,AccessKeys,WriteKeys,SEODescription,SEOPageTitle,ManageKeys,AccessHide,WriteHide,ExcPortalSecurity,Weight,ShowList,Sharing) VALUES('180512782428882','0','Sports','','','','Moderator','|2|,|3|,|1|,|4|','|2|,|3|,|4|','','','|2|','0','0','0','2000','1','1')
INSERT INTO CategoriesModules (UniqueID,CatID,ModuleID) VALUES('109428702418147','180512782428882','35')
INSERT INTO CategoriesPortals (UniqueID,CatID,PortalID) VALUES('165826263358347','180512782428882','0')
INSERT INTO Categories (CatID,ListUnder,CategoryName,Description,Keywords,CatType,Moderator,AccessKeys,WriteKeys,SEODescription,SEOPageTitle,ManageKeys,AccessHide,WriteHide,ExcPortalSecurity,Weight,ShowList,Sharing) VALUES('286926844651184','0','Staying Fit','','','','Moderator','|2|,|3|,|1|,|4|','|2|,|3|,|4|','','','|2|','0','0','0','2000','1','1')
INSERT INTO CategoriesModules (UniqueID,CatID,ModuleID) VALUES('108489390144452','286926844651184','35')
INSERT INTO CategoriesPortals (UniqueID,CatID,PortalID) VALUES('107395976054224','286926844651184','0')
INSERT INTO Categories (CatID,ListUnder,CategoryName,Description,Keywords,CatType,Moderator,AccessKeys,WriteKeys,SEODescription,SEOPageTitle,ManageKeys,AccessHide,WriteHide,ExcPortalSecurity,Weight,ShowList,Sharing) VALUES('225582891737122','202050777881675','Stocks','','','','Moderator','|2|,|3|,|1|,|4|','|2|,|3|,|4|','','','|2|','0','0','0','2000','1','1')
INSERT INTO CategoriesModules (UniqueID,CatID,ModuleID) VALUES('130961380617338','225582891737122','35')
INSERT INTO CategoriesPortals (UniqueID,CatID,PortalID) VALUES('114053689661902','225582891737122','0')
INSERT INTO Categories (CatID,ListUnder,CategoryName,Description,Keywords,CatType,Moderator,AccessKeys,WriteKeys,SEODescription,SEOPageTitle,ManageKeys,AccessHide,WriteHide,ExcPortalSecurity,Weight,ShowList,Sharing) VALUES('133235143235652','316506374088261','Stress','','','','Moderator','|2|,|3|,|1|,|4|','|2|,|3|,|4|','','','|2|','0','0','0','2000','1','1')
INSERT INTO CategoriesModules (UniqueID,CatID,ModuleID) VALUES('181726186072383','133235143235652','35')
INSERT INTO CategoriesPortals (UniqueID,CatID,PortalID) VALUES('884122756693022','133235143235652','0')
INSERT INTO Categories (CatID,ListUnder,CategoryName,Description,Keywords,CatType,Moderator,AccessKeys,WriteKeys,SEODescription,SEOPageTitle,ManageKeys,AccessHide,WriteHide,ExcPortalSecurity,Weight,ShowList,Sharing) VALUES('606920344529322','286926844651184','Supplements','','','','Moderator','|2|,|3|,|1|,|4|','|2|,|3|,|4|','','','|2|','0','0','0','2000','1','1')
INSERT INTO CategoriesModules (UniqueID,CatID,ModuleID) VALUES('118901659030585','606920344529322','35')
INSERT INTO CategoriesPortals (UniqueID,CatID,PortalID) VALUES('796934952882841','606920344529322','0')
INSERT INTO Categories (CatID,ListUnder,CategoryName,Description,Keywords,CatType,Moderator,AccessKeys,WriteKeys,SEODescription,SEOPageTitle,ManageKeys,AccessHide,WriteHide,ExcPortalSecurity,Weight,ShowList,Sharing) VALUES('121507765691365','261993146017078','Surfing','','','','Moderator','|2|,|3|,|1|,|4|','|2|,|3|,|4|','','','|2|','0','0','0','2000','1','1')
INSERT INTO CategoriesModules (UniqueID,CatID,ModuleID) VALUES('132253497479363','121507765691365','35')
INSERT INTO CategoriesPortals (UniqueID,CatID,PortalID) VALUES('676872344639517','121507765691365','0')
INSERT INTO Categories (CatID,ListUnder,CategoryName,Description,Keywords,CatType,Moderator,AccessKeys,WriteKeys,SEODescription,SEOPageTitle,ManageKeys,AccessHide,WriteHide,ExcPortalSecurity,Weight,ShowList,Sharing) VALUES('146023687225706','202050777881675','Taxes','','','','Moderator','|2|,|3|,|1|,|4|','|2|,|3|,|4|','','','|2|','0','0','0','2000','1','1')
INSERT INTO CategoriesModules (UniqueID,CatID,ModuleID) VALUES('784513281673783','146023687225706','35')
INSERT INTO CategoriesPortals (UniqueID,CatID,PortalID) VALUES('144208384142768','146023687225706','0')
INSERT INTO Categories (CatID,ListUnder,CategoryName,Description,Keywords,CatType,Moderator,AccessKeys,WriteKeys,SEODescription,SEOPageTitle,ManageKeys,AccessHide,WriteHide,ExcPortalSecurity,Weight,ShowList,Sharing) VALUES('507728739891495','0','Technology','','','','Moderator','|2|,|3|,|1|,|4|','|2|,|3|,|4|','','','|2|','0','0','0','2000','1','1')
INSERT INTO CategoriesModules (UniqueID,CatID,ModuleID) VALUES('117497130177061','507728739891495','35')
INSERT INTO CategoriesPortals (UniqueID,CatID,PortalID) VALUES('703472645545661','507728739891495','0')
INSERT INTO Categories (CatID,ListUnder,CategoryName,Description,Keywords,CatType,Moderator,AccessKeys,WriteKeys,SEODescription,SEOPageTitle,ManageKeys,AccessHide,WriteHide,ExcPortalSecurity,Weight,ShowList,Sharing) VALUES('668686799246182','507728739891495','Television','','','','Moderator','|2|,|3|,|1|,|4|','|2|,|3|,|4|','','','|2|','0','0','0','2000','1','1')
INSERT INTO CategoriesModules (UniqueID,CatID,ModuleID) VALUES('162202909823196','668686799246182','35')
INSERT INTO CategoriesPortals (UniqueID,CatID,PortalID) VALUES('578166962264369','668686799246182','0')
INSERT INTO Categories (CatID,ListUnder,CategoryName,Description,Keywords,CatType,Moderator,AccessKeys,WriteKeys,SEODescription,SEOPageTitle,ManageKeys,AccessHide,WriteHide,ExcPortalSecurity,Weight,ShowList,Sharing) VALUES('571298640143727','180512782428882','Tennis','','','','Moderator','|2|,|3|,|1|,|4|','|2|,|3|,|4|','','','|2|','0','0','0','2000','1','1')
INSERT INTO CategoriesModules (UniqueID,CatID,ModuleID) VALUES('192521477817895','571298640143727','35')
INSERT INTO CategoriesPortals (UniqueID,CatID,PortalID) VALUES('155896611236275','571298640143727','0')
INSERT INTO Categories (CatID,ListUnder,CategoryName,Description,Keywords,CatType,Moderator,AccessKeys,WriteKeys,SEODescription,SEOPageTitle,ManageKeys,AccessHide,WriteHide,ExcPortalSecurity,Weight,ShowList,Sharing) VALUES('146559960861715','111911657168770','Theatre','','','','Moderator','|2|,|3|,|1|,|4|','|2|,|3|,|4|','','','|2|','0','0','0','2000','1','1')
INSERT INTO CategoriesModules (UniqueID,CatID,ModuleID) VALUES('221886943452283','146559960861715','35')
INSERT INTO CategoriesPortals (UniqueID,CatID,PortalID) VALUES('147719963863574','146559960861715','0')
INSERT INTO Categories (CatID,ListUnder,CategoryName,Description,Keywords,CatType,Moderator,AccessKeys,WriteKeys,SEODescription,SEOPageTitle,ManageKeys,AccessHide,WriteHide,ExcPortalSecurity,Weight,ShowList,Sharing) VALUES('170930745034172','133405767218788','Time Management','','','','Moderator','|2|,|3|,|1|,|4|','|2|,|3|,|4|','','','|2|','0','0','0','2000','1','1')
INSERT INTO CategoriesModules (UniqueID,CatID,ModuleID) VALUES('122937223186548','170930745034172','35')
INSERT INTO CategoriesPortals (UniqueID,CatID,PortalID) VALUES('508103900528527','170930745034172','0')
INSERT INTO Categories (CatID,ListUnder,CategoryName,Description,Keywords,CatType,Moderator,AccessKeys,WriteKeys,SEODescription,SEOPageTitle,ManageKeys,AccessHide,WriteHide,ExcPortalSecurity,Weight,ShowList,Sharing) VALUES('154453643040857','358644267925360','Tips','','','','Moderator','|2|,|3|,|1|,|4|','|2|,|3|,|4|','','','|2|','0','0','0','2000','1','1')
INSERT INTO CategoriesModules (UniqueID,CatID,ModuleID) VALUES('371746667575463','154453643040857','35')
INSERT INTO CategoriesPortals (UniqueID,CatID,PortalID) VALUES('187204779986722','154453643040857','0')
INSERT INTO Categories (CatID,ListUnder,CategoryName,Description,Keywords,CatType,Moderator,AccessKeys,WriteKeys,SEODescription,SEOPageTitle,ManageKeys,AccessHide,WriteHide,ExcPortalSecurity,Weight,ShowList,Sharing) VALUES('140381408236451','0','Travel','','','','Moderator','|2|,|3|,|1|,|4|','|2|,|3|,|4|','','','|2|','0','0','0','2000','1','1')
INSERT INTO CategoriesModules (UniqueID,CatID,ModuleID) VALUES('159090885832817','140381408236451','35')
INSERT INTO CategoriesPortals (UniqueID,CatID,PortalID) VALUES('551530508071166','140381408236451','0')
INSERT INTO Categories (CatID,ListUnder,CategoryName,Description,Keywords,CatType,Moderator,AccessKeys,WriteKeys,SEODescription,SEOPageTitle,ManageKeys,AccessHide,WriteHide,ExcPortalSecurity,Weight,ShowList,Sharing) VALUES('196102926115716','110852539617605','TV','','','','Moderator','|2|,|3|,|1|,|4|','|2|,|3|,|4|','','','|2|','0','0','0','2000','1','1')
INSERT INTO CategoriesModules (UniqueID,CatID,ModuleID) VALUES('188491117147521','196102926115716','35')
INSERT INTO CategoriesPortals (UniqueID,CatID,PortalID) VALUES('204790560580742','196102926115716','0')
INSERT INTO Categories (CatID,ListUnder,CategoryName,Description,Keywords,CatType,Moderator,AccessKeys,WriteKeys,SEODescription,SEOPageTitle,ManageKeys,AccessHide,WriteHide,ExcPortalSecurity,Weight,ShowList,Sharing) VALUES('199691618561234','507728739891495','Voip','','','','Moderator','|2|,|3|,|1|,|4|','|2|,|3|,|4|','','','|2|','0','0','0','2000','1','1')
INSERT INTO CategoriesModules (UniqueID,CatID,ModuleID) VALUES('414399438063357','199691618561234','35')
INSERT INTO CategoriesPortals (UniqueID,CatID,PortalID) VALUES('196645513435734','199691618561234','0')
INSERT INTO Categories (CatID,ListUnder,CategoryName,Description,Keywords,CatType,Moderator,AccessKeys,WriteKeys,SEODescription,SEOPageTitle,ManageKeys,AccessHide,WriteHide,ExcPortalSecurity,Weight,ShowList,Sharing) VALUES('358644267925360','0','Web Design','','','','Moderator','|2|,|3|,|1|,|4|','|2|,|3|,|4|','','','|2|','0','0','0','2000','1','1')
INSERT INTO CategoriesModules (UniqueID,CatID,ModuleID) VALUES('172239779903607','358644267925360','35')
INSERT INTO CategoriesPortals (UniqueID,CatID,PortalID) VALUES('918838452744985','358644267925360','0')
INSERT INTO Categories (CatID,ListUnder,CategoryName,Description,Keywords,CatType,Moderator,AccessKeys,WriteKeys,SEODescription,SEOPageTitle,ManageKeys,AccessHide,WriteHide,ExcPortalSecurity,Weight,ShowList,Sharing) VALUES('109819907478824','160529493074722','Weddings','','','','Moderator','|2|,|3|,|1|,|4|','|2|,|3|,|4|','','','|2|','0','0','0','2000','1','1')
INSERT INTO CategoriesModules (UniqueID,CatID,ModuleID) VALUES('197378304617888','109819907478824','35')
INSERT INTO CategoriesPortals (UniqueID,CatID,PortalID) VALUES('887269658233625','109819907478824','0')
INSERT INTO Categories (CatID,ListUnder,CategoryName,Description,Keywords,CatType,Moderator,AccessKeys,WriteKeys,SEODescription,SEOPageTitle,ManageKeys,AccessHide,WriteHide,ExcPortalSecurity,Weight,ShowList,Sharing) VALUES('161029450867650','286926844651184','Weight Lifting','','','','Moderator','|2|,|3|,|1|,|4|','|2|,|3|,|4|','','','|2|','0','0','0','2000','1','1')
INSERT INTO CategoriesModules (UniqueID,CatID,ModuleID) VALUES('139364195582286','161029450867650','35')
INSERT INTO CategoriesPortals (UniqueID,CatID,PortalID) VALUES('130044343489751','161029450867650','0')
INSERT INTO Categories (CatID,ListUnder,CategoryName,Description,Keywords,CatType,Moderator,AccessKeys,WriteKeys,SEODescription,SEOPageTitle,ManageKeys,AccessHide,WriteHide,ExcPortalSecurity,Weight,ShowList,Sharing) VALUES('245746908243792','0','Wellness Fitness Diet','','','','Moderator','|2|,|3|,|1|,|4|','|2|,|3|,|4|','','','|2|','0','0','0','2000','1','1')
INSERT INTO CategoriesModules (UniqueID,CatID,ModuleID) VALUES('715511898772157','245746908243792','35')
INSERT INTO CategoriesPortals (UniqueID,CatID,PortalID) VALUES('267944401762767','245746908243792','0')
INSERT INTO Categories (CatID,ListUnder,CategoryName,Description,Keywords,CatType,Moderator,AccessKeys,WriteKeys,SEODescription,SEOPageTitle,ManageKeys,AccessHide,WriteHide,ExcPortalSecurity,Weight,ShowList,Sharing) VALUES('594364886834872','110852539617605','Wii','','','','Moderator','|2|,|3|,|1|,|4|','|2|,|3|,|4|','','','|2|','0','0','0','2000','1','1')
INSERT INTO CategoriesModules (UniqueID,CatID,ModuleID) VALUES('145923180235818','594364886834872','35')
INSERT INTO CategoriesPortals (UniqueID,CatID,PortalID) VALUES('173131834486947','594364886834872','0')
INSERT INTO Categories (CatID,ListUnder,CategoryName,Description,Keywords,CatType,Moderator,AccessKeys,WriteKeys,SEODescription,SEOPageTitle,ManageKeys,AccessHide,WriteHide,ExcPortalSecurity,Weight,ShowList,Sharing) VALUES('142366098511655','0','Women Only','','','','Moderator','|2|,|3|,|1|,|4|','|2|,|3|,|4|','','','|2|','0','0','0','2000','1','1')
INSERT INTO CategoriesModules (UniqueID,CatID,ModuleID) VALUES('201079433145906','142366098511655','35')
INSERT INTO CategoriesPortals (UniqueID,CatID,PortalID) VALUES('148202537414544','142366098511655','0')
INSERT INTO Categories (CatID,ListUnder,CategoryName,Description,Keywords,CatType,Moderator,AccessKeys,WriteKeys,SEODescription,SEOPageTitle,ManageKeys,AccessHide,WriteHide,ExcPortalSecurity,Weight,ShowList,Sharing) VALUES('188787732138403','192286124832436','World','','','','Moderator','|2|,|3|,|1|,|4|','|2|,|3|,|4|','','','|2|','0','0','0','2000','1','1')
INSERT INTO CategoriesModules (UniqueID,CatID,ModuleID) VALUES('948576241779196','188787732138403','35')
INSERT INTO CategoriesPortals (UniqueID,CatID,PortalID) VALUES('168512300422585','188787732138403','0')
INSERT INTO Categories (CatID,ListUnder,CategoryName,Description,Keywords,CatType,Moderator,AccessKeys,WriteKeys,SEODescription,SEOPageTitle,ManageKeys,AccessHide,WriteHide,ExcPortalSecurity,Weight,ShowList,Sharing) VALUES('124247008284683','0','Writing','','','','Moderator','|2|,|3|,|1|,|4|','|2|,|3|,|4|','','','|2|','0','0','0','2000','1','1')
INSERT INTO CategoriesModules (UniqueID,CatID,ModuleID) VALUES('151726711454581','124247008284683','35')
INSERT INTO CategoriesPortals (UniqueID,CatID,PortalID) VALUES('158905438584781','124247008284683','0')
INSERT INTO Categories (CatID,ListUnder,CategoryName,Description,Keywords,CatType,Moderator,AccessKeys,WriteKeys,SEODescription,SEOPageTitle,ManageKeys,AccessHide,WriteHide,ExcPortalSecurity,Weight,ShowList,Sharing) VALUES('185508392812484','110852539617605','XBox','','','','Moderator','|2|,|3|,|1|,|4|','|2|,|3|,|4|','','','|2|','0','0','0','2000','1','1')
INSERT INTO CategoriesModules (UniqueID,CatID,ModuleID) VALUES('429993847780352','185508392812484','35')
INSERT INTO CategoriesPortals (UniqueID,CatID,PortalID) VALUES('913866998382496','185508392812484','0')
INSERT INTO Categories (CatID,ListUnder,CategoryName,Description,Keywords,CatType,Moderator,AccessKeys,WriteKeys,SEODescription,SEOPageTitle,ManageKeys,AccessHide,WriteHide,ExcPortalSecurity,Weight,ShowList,Sharing) VALUES('185947830670478','0','XYZ','','','','Moderator','|2|,|3|,|1|,|4|','|2|,|3|,|4|','','','|2|','0','0','0','2000','1','1')
INSERT INTO CategoriesModules (UniqueID,CatID,ModuleID) VALUES('184334166629351','185947830670478','35')
INSERT INTO CategoriesPortals (UniqueID,CatID,PortalID) VALUES('113077879895344','185947830670478','0')
[[GO]]