INSERT INTO Categories (CatID,ListUnder,CategoryName,Description,Keywords,CatType,Moderator,AccessKeys,WriteKeys,SEODescription,SEOPageTitle,ManageKeys,AccessHide,WriteHide,ExcPortalSecurity,Weight,ShowList,Sharing) VALUES('833156723194755','170526780460739','Bug Reports','Post your bugs that you discovered in our products and here.','','','admin','|2|,|3|,|1|,|4|','|2|,|3|,|4|','','','|2|','0','0','0','2000','1','1')
INSERT INTO CategoriesModules (UniqueID,CatID,ModuleID) VALUES('491687384276647','833156723194755','12')
INSERT INTO CategoriesPortals (UniqueID,CatID,PortalID) VALUES('255204172421471','833156723194755','0')
INSERT INTO Categories (CatID,ListUnder,CategoryName,Description,Keywords,CatType,Moderator,AccessKeys,WriteKeys,SEODescription,SEOPageTitle,ManageKeys,AccessHide,WriteHide,ExcPortalSecurity,Weight,ShowList,Sharing) VALUES('103209226143260','0','General','','','','admin','|2|,|3|,|1|,|4|','|2|,|3|,|4|','','','|2|','0','0','0','2000','1','1')
INSERT INTO CategoriesModules (UniqueID,CatID,ModuleID) VALUES('776197107963265','103209226143260','12')
INSERT INTO CategoriesPortals (UniqueID,CatID,PortalID) VALUES('190151286155253','103209226143260','0')
INSERT INTO Categories (CatID,ListUnder,CategoryName,Description,Keywords,CatType,Moderator,AccessKeys,WriteKeys,SEODescription,SEOPageTitle,ManageKeys,AccessHide,WriteHide,ExcPortalSecurity,Weight,ShowList,Sharing) VALUES('115086712327319','103209226143260','General Discussion','Comments / Suggestions and anything else you would like you discuss in here.','','','admin','|2|,|3|,|1|,|4|','|2|,|3|,|4|','','','|2|','0','0','0','2000','1','1')
INSERT INTO CategoriesModules (UniqueID,CatID,ModuleID) VALUES('201795766154717','115086712327319','12')
INSERT INTO CategoriesPortals (UniqueID,CatID,PortalID) VALUES('176792030937744','115086712327319','0')
INSERT INTO Categories (CatID,ListUnder,CategoryName,Description,Keywords,CatType,Moderator,AccessKeys,WriteKeys,SEODescription,SEOPageTitle,ManageKeys,AccessHide,WriteHide,ExcPortalSecurity,Weight,ShowList,Sharing) VALUES('127690977529717','103209226143260','General Sales','Ask your sales questions in here and someone will respond back to you shortly.','','','admin','|2|,|3|,|1|,|4|','|2|,|3|,|4|','','','|2|','0','0','0','2000','1','1')
INSERT INTO CategoriesModules (UniqueID,CatID,ModuleID) VALUES('643857904216646','127690977529717','12')
INSERT INTO CategoriesPortals (UniqueID,CatID,PortalID) VALUES('862152024674482','127690977529717','0')
INSERT INTO Categories (CatID,ListUnder,CategoryName,Description,Keywords,CatType,Moderator,AccessKeys,WriteKeys,SEODescription,SEOPageTitle,ManageKeys,AccessHide,WriteHide,ExcPortalSecurity,Weight,ShowList,Sharing) VALUES('113808807241610','170526780460739','Suggestions','If you have any comments or suggestions please let us know by posting a topic in here.','','','admin','|2|,|3|,|1|,|4|','|2|,|3|,|4|','','','|2|','0','0','0','2000','1','1')
INSERT INTO CategoriesModules (UniqueID,CatID,ModuleID) VALUES('193273932266075','113808807241610','12')
INSERT INTO CategoriesPortals (UniqueID,CatID,PortalID) VALUES('101157312383387','113808807241610','0')
INSERT INTO Categories (CatID,ListUnder,CategoryName,Description,Keywords,CatType,Moderator,AccessKeys,WriteKeys,SEODescription,SEOPageTitle,ManageKeys,AccessHide,WriteHide,ExcPortalSecurity,Weight,ShowList,Sharing) VALUES('170526780460739','0','Support Forums','','','','admin','|2|,|3|,|1|,|4|','|2|,|3|,|4|','','','|2|','0','0','0','2000','1','1')
INSERT INTO CategoriesModules (UniqueID,CatID,ModuleID) VALUES('984166017573843','170526780460739','12')
INSERT INTO CategoriesPortals (UniqueID,CatID,PortalID) VALUES('127108915818542','170526780460739','0')
INSERT INTO Categories (CatID,ListUnder,CategoryName,Description,Keywords,CatType,Moderator,AccessKeys,WriteKeys,SEODescription,SEOPageTitle,ManageKeys,AccessHide,WriteHide,ExcPortalSecurity,Weight,ShowList,Sharing) VALUES('111371768846214','170526780460739','Support Questions','If you need help using our products or services then please feel free to ask them in here and someone will get back to you soon.','','','admin','|2|,|3|,|1|,|4|','|2|,|3|,|4|','','','|2|','0','0','0','2000','1','1')
INSERT INTO CategoriesModules (UniqueID,CatID,ModuleID) VALUES('137081258166233','111371768846214','12')
INSERT INTO CategoriesPortals (UniqueID,CatID,PortalID) VALUES('339474942552981','111371768846214','0')
[[GO]]