INSERT INTO Categories (CatID,ListUnder,CategoryName,Description,Keywords,CatType,Moderator,AccessKeys,WriteKeys,SEODescription,SEOPageTitle,ManageKeys,AccessHide,WriteHide,ExcPortalSecurity,Weight,ShowList,Sharing) VALUES('363996420034873','108144337623717','0-9','','','','Moderator','|2|,|3|,|1|,|4|','|2|,|3|,|4|','','','|2|','0','0','0','2000','1','1')
INSERT INTO CategoriesModules (UniqueID,CatID,ModuleID) VALUES('190333365741467','363996420034873','20')
INSERT INTO CategoriesPortals (UniqueID,CatID,PortalID) VALUES('682141205274517','363996420034873','0')
INSERT INTO Categories (CatID,ListUnder,CategoryName,Description,Keywords,CatType,Moderator,AccessKeys,WriteKeys,SEODescription,SEOPageTitle,ManageKeys,AccessHide,WriteHide,ExcPortalSecurity,Weight,ShowList,Sharing) VALUES('540603757335364','130744782293582','3D Novelty','','','','Moderator','|2|,|3|,|1|,|4|','|2|,|3|,|4|','','','|2|','0','0','0','2000','1','1')
INSERT INTO CategoriesModules (UniqueID,CatID,ModuleID) VALUES('737365185629011','540603757335364','20')
INSERT INTO CategoriesPortals (UniqueID,CatID,PortalID) VALUES('851099929522962','540603757335364','0')
INSERT INTO Categories (CatID,ListUnder,CategoryName,Description,Keywords,CatType,Moderator,AccessKeys,WriteKeys,SEODescription,SEOPageTitle,ManageKeys,AccessHide,WriteHide,ExcPortalSecurity,Weight,ShowList,Sharing) VALUES('210304088534914','210033999318512','401k Retirement','','','','Moderator','|2|,|3|,|1|,|4|','|2|,|3|,|4|','','','|2|','0','0','0','2000','1','1')
INSERT INTO CategoriesModules (UniqueID,CatID,ModuleID) VALUES('345655187922520','210304088534914','20')
INSERT INTO CategoriesPortals (UniqueID,CatID,PortalID) VALUES('664747202892691','210304088534914','0')
INSERT INTO Categories (CatID,ListUnder,CategoryName,Description,Keywords,CatType,Moderator,AccessKeys,WriteKeys,SEODescription,SEOPageTitle,ManageKeys,AccessHide,WriteHide,ExcPortalSecurity,Weight,ShowList,Sharing) VALUES('211602847147639','522844526019066','Abrasives','','','','Moderator','|2|,|3|,|1|,|4|','|2|,|3|,|4|','','','|2|','0','0','0','2000','1','1')
INSERT INTO CategoriesModules (UniqueID,CatID,ModuleID) VALUES('913840868653011','211602847147639','20')
INSERT INTO CategoriesPortals (UniqueID,CatID,PortalID) VALUES('376748468507788','211602847147639','0')
INSERT INTO Categories (CatID,ListUnder,CategoryName,Description,Keywords,CatType,Moderator,AccessKeys,WriteKeys,SEODescription,SEOPageTitle,ManageKeys,AccessHide,WriteHide,ExcPortalSecurity,Weight,ShowList,Sharing) VALUES('109757804988359','154403840970612','Accessories','','','','Moderator','|2|,|3|,|1|,|4|','|2|,|3|,|4|','','','|2|','0','0','0','2000','1','1')
INSERT INTO CategoriesModules (UniqueID,CatID,ModuleID) VALUES('993422319552746','109757804988359','20')
INSERT INTO CategoriesPortals (UniqueID,CatID,PortalID) VALUES('385153804130121','109757804988359','0')
INSERT INTO Categories (CatID,ListUnder,CategoryName,Description,Keywords,CatType,Moderator,AccessKeys,WriteKeys,SEODescription,SEOPageTitle,ManageKeys,AccessHide,WriteHide,ExcPortalSecurity,Weight,ShowList,Sharing) VALUES('168039048951642','208392173185557','Accessories','','','','Moderator','|2|,|3|,|1|,|4|','|2|,|3|,|4|','','','|2|','0','0','0','2000','1','1')
INSERT INTO CategoriesModules (UniqueID,CatID,ModuleID) VALUES('186897989718561','168039048951642','20')
INSERT INTO CategoriesPortals (UniqueID,CatID,PortalID) VALUES('371258162064845','168039048951642','0')
INSERT INTO Categories (CatID,ListUnder,CategoryName,Description,Keywords,CatType,Moderator,AccessKeys,WriteKeys,SEODescription,SEOPageTitle,ManageKeys,AccessHide,WriteHide,ExcPortalSecurity,Weight,ShowList,Sharing) VALUES('204241160659481','105602546166534','Accessories','','','','Moderator','|2|,|3|,|1|,|4|','|2|,|3|,|4|','','','|2|','0','0','0','2000','1','1')
INSERT INTO CategoriesModules (UniqueID,CatID,ModuleID) VALUES('185314046336082','204241160659481','20')
INSERT INTO CategoriesPortals (UniqueID,CatID,PortalID) VALUES('457245580584548','204241160659481','0')
INSERT INTO Categories (CatID,ListUnder,CategoryName,Description,Keywords,CatType,Moderator,AccessKeys,WriteKeys,SEODescription,SEOPageTitle,ManageKeys,AccessHide,WriteHide,ExcPortalSecurity,Weight,ShowList,Sharing) VALUES('157652116070862','133392973387749','Accountants','','','','Moderator','|2|,|3|,|1|,|4|','|2|,|3|,|4|','','','|2|','0','0','0','2000','1','1')
INSERT INTO CategoriesModules (UniqueID,CatID,ModuleID) VALUES('468343725919253','157652116070862','20')
INSERT INTO CategoriesPortals (UniqueID,CatID,PortalID) VALUES('182944722358638','157652116070862','0')
INSERT INTO Categories (CatID,ListUnder,CategoryName,Description,Keywords,CatType,Moderator,AccessKeys,WriteKeys,SEODescription,SEOPageTitle,ManageKeys,AccessHide,WriteHide,ExcPortalSecurity,Weight,ShowList,Sharing) VALUES('471824969823582','0','Accounting','','','','Moderator','|2|,|3|,|1|,|4|','|2|,|3|,|4|','','','|2|','0','0','0','2000','1','1')
INSERT INTO CategoriesModules (UniqueID,CatID,ModuleID) VALUES('152997035932668','471824969823582','20')
INSERT INTO CategoriesPortals (UniqueID,CatID,PortalID) VALUES('476975604393570','471824969823582','0')
INSERT INTO Categories (CatID,ListUnder,CategoryName,Description,Keywords,CatType,Moderator,AccessKeys,WriteKeys,SEODescription,SEOPageTitle,ManageKeys,AccessHide,WriteHide,ExcPortalSecurity,Weight,ShowList,Sharing) VALUES('121694003060955','514484672265053','Acousticians','','','','Moderator','|2|,|3|,|1|,|4|','|2|,|3|,|4|','','','|2|','0','0','0','2000','1','1')
INSERT INTO CategoriesModules (UniqueID,CatID,ModuleID) VALUES('113666910934763','121694003060955','20')
INSERT INTO CategoriesPortals (UniqueID,CatID,PortalID) VALUES('157309326858718','121694003060955','0')
INSERT INTO Categories (CatID,ListUnder,CategoryName,Description,Keywords,CatType,Moderator,AccessKeys,WriteKeys,SEODescription,SEOPageTitle,ManageKeys,AccessHide,WriteHide,ExcPortalSecurity,Weight,ShowList,Sharing) VALUES('769599713882847','802004287975747','Action Figures','','','','Moderator','|2|,|3|,|1|,|4|','|2|,|3|,|4|','','','|2|','0','0','0','2000','1','1')
INSERT INTO CategoriesModules (UniqueID,CatID,ModuleID) VALUES('634362025654393','769599713882847','20')
INSERT INTO CategoriesPortals (UniqueID,CatID,PortalID) VALUES('156042283933133','769599713882847','0')
INSERT INTO Categories (CatID,ListUnder,CategoryName,Description,Keywords,CatType,Moderator,AccessKeys,WriteKeys,SEODescription,SEOPageTitle,ManageKeys,AccessHide,WriteHide,ExcPortalSecurity,Weight,ShowList,Sharing) VALUES('966980987734766','518067943485998','Actuarial Science','','','','Moderator','|2|,|3|,|1|,|4|','|2|,|3|,|4|','','','|2|','0','0','0','2000','1','1')
INSERT INTO CategoriesModules (UniqueID,CatID,ModuleID) VALUES('106603444322245','966980987734766','20')
INSERT INTO CategoriesPortals (UniqueID,CatID,PortalID) VALUES('153711078557872','966980987734766','0')
INSERT INTO Categories (CatID,ListUnder,CategoryName,Description,Keywords,CatType,Moderator,AccessKeys,WriteKeys,SEODescription,SEOPageTitle,ManageKeys,AccessHide,WriteHide,ExcPortalSecurity,Weight,ShowList,Sharing) VALUES('121052169707044','180637350615341','Additives','','','','Moderator','|2|,|3|,|1|,|4|','|2|,|3|,|4|','','','|2|','0','0','0','2000','1','1')
INSERT INTO CategoriesModules (UniqueID,CatID,ModuleID) VALUES('205654965658976','121052169707044','20')
INSERT INTO CategoriesPortals (UniqueID,CatID,PortalID) VALUES('211970537951473','121052169707044','0')
INSERT INTO Categories (CatID,ListUnder,CategoryName,Description,Keywords,CatType,Moderator,AccessKeys,WriteKeys,SEODescription,SEOPageTitle,ManageKeys,AccessHide,WriteHide,ExcPortalSecurity,Weight,ShowList,Sharing) VALUES('312451433480202','830096638971954','Adhesives','','','','Moderator','|2|,|3|,|1|,|4|','|2|,|3|,|4|','','','|2|','0','0','0','2000','1','1')
INSERT INTO CategoriesModules (UniqueID,CatID,ModuleID) VALUES('209115825453553','312451433480202','20')
INSERT INTO CategoriesPortals (UniqueID,CatID,PortalID) VALUES('464686159320666','312451433480202','0')
INSERT INTO Categories (CatID,ListUnder,CategoryName,Description,Keywords,CatType,Moderator,AccessKeys,WriteKeys,SEODescription,SEOPageTitle,ManageKeys,AccessHide,WriteHide,ExcPortalSecurity,Weight,ShowList,Sharing) VALUES('185728045685285','213563058167417','Advertising','','','','Moderator','|2|,|3|,|1|,|4|','|2|,|3|,|4|','','','|2|','0','0','0','2000','1','1')
INSERT INTO CategoriesModules (UniqueID,CatID,ModuleID) VALUES('158887569563107','185728045685285','20')
INSERT INTO CategoriesPortals (UniqueID,CatID,PortalID) VALUES('110659282414187','185728045685285','0')
INSERT INTO Categories (CatID,ListUnder,CategoryName,Description,Keywords,CatType,Moderator,AccessKeys,WriteKeys,SEODescription,SEOPageTitle,ManageKeys,AccessHide,WriteHide,ExcPortalSecurity,Weight,ShowList,Sharing) VALUES('173095805055179','761893626172243','Advisers Fee Only','','','','Moderator','|2|,|3|,|1|,|4|','|2|,|3|,|4|','','','|2|','0','0','0','2000','1','1')
INSERT INTO CategoriesModules (UniqueID,CatID,ModuleID) VALUES('300886375756376','173095805055179','20')
INSERT INTO CategoriesPortals (UniqueID,CatID,PortalID) VALUES('619634737526268','173095805055179','0')
INSERT INTO Categories (CatID,ListUnder,CategoryName,Description,Keywords,CatType,Moderator,AccessKeys,WriteKeys,SEODescription,SEOPageTitle,ManageKeys,AccessHide,WriteHide,ExcPortalSecurity,Weight,ShowList,Sharing) VALUES('115876376186962','761893626172243','Advisers General','','','','Moderator','|2|,|3|,|1|,|4|','|2|,|3|,|4|','','','|2|','0','0','0','2000','1','1')
INSERT INTO CategoriesModules (UniqueID,CatID,ModuleID) VALUES('192235066332662','115876376186962','20')
INSERT INTO CategoriesPortals (UniqueID,CatID,PortalID) VALUES('596520183165645','115876376186962','0')
INSERT INTO Categories (CatID,ListUnder,CategoryName,Description,Keywords,CatType,Moderator,AccessKeys,WriteKeys,SEODescription,SEOPageTitle,ManageKeys,AccessHide,WriteHide,ExcPortalSecurity,Weight,ShowList,Sharing) VALUES('152195292964139','938877619938672','Advisory Services','','','','Moderator','|2|,|3|,|1|,|4|','|2|,|3|,|4|','','','|2|','0','0','0','2000','1','1')
INSERT INTO CategoriesModules (UniqueID,CatID,ModuleID) VALUES('172381512798685','152195292964139','20')
INSERT INTO CategoriesPortals (UniqueID,CatID,PortalID) VALUES('214270229865533','152195292964139','0')
INSERT INTO Categories (CatID,ListUnder,CategoryName,Description,Keywords,CatType,Moderator,AccessKeys,WriteKeys,SEODescription,SEOPageTitle,ManageKeys,AccessHide,WriteHide,ExcPortalSecurity,Weight,ShowList,Sharing) VALUES('650231146710765','195031657084845','Aeronautical','','','','Moderator','|2|,|3|,|1|,|4|','|2|,|3|,|4|','','','|2|','0','0','0','2000','1','1')
INSERT INTO CategoriesModules (UniqueID,CatID,ModuleID) VALUES('207970580744757','650231146710765','20')
INSERT INTO CategoriesPortals (UniqueID,CatID,PortalID) VALUES('993355158385341','650231146710765','0')
INSERT INTO Categories (CatID,ListUnder,CategoryName,Description,Keywords,CatType,Moderator,AccessKeys,WriteKeys,SEODescription,SEOPageTitle,ManageKeys,AccessHide,WriteHide,ExcPortalSecurity,Weight,ShowList,Sharing) VALUES('195031657084845','0','Aerospace','','','','Moderator','|2|,|3|,|1|,|4|','|2|,|3|,|4|','','','|2|','0','0','0','2000','1','1')
INSERT INTO CategoriesModules (UniqueID,CatID,ModuleID) VALUES('181371193501191','195031657084845','20')
INSERT INTO CategoriesPortals (UniqueID,CatID,PortalID) VALUES('201635561479261','195031657084845','0')
INSERT INTO Categories (CatID,ListUnder,CategoryName,Description,Keywords,CatType,Moderator,AccessKeys,WriteKeys,SEODescription,SEOPageTitle,ManageKeys,AccessHide,WriteHide,ExcPortalSecurity,Weight,ShowList,Sharing) VALUES('659228538347618','284316302752662','Affordable Housing','','','','Moderator','|2|,|3|,|1|,|4|','|2|,|3|,|4|','','','|2|','0','0','0','2000','1','1')
INSERT INTO CategoriesModules (UniqueID,CatID,ModuleID) VALUES('924233352310526','659228538347618','20')
INSERT INTO CategoriesPortals (UniqueID,CatID,PortalID) VALUES('589432000375026','659228538347618','0')
INSERT INTO Categories (CatID,ListUnder,CategoryName,Description,Keywords,CatType,Moderator,AccessKeys,WriteKeys,SEODescription,SEOPageTitle,ManageKeys,AccessHide,WriteHide,ExcPortalSecurity,Weight,ShowList,Sharing) VALUES('193340651662703','185728045685285','Agencies','','','','Moderator','|2|,|3|,|1|,|4|','|2|,|3|,|4|','','','|2|','0','0','0','2000','1','1')
INSERT INTO CategoriesModules (UniqueID,CatID,ModuleID) VALUES('872924976455824','193340651662703','20')
INSERT INTO CategoriesPortals (UniqueID,CatID,PortalID) VALUES('981786797649812','193340651662703','0')
INSERT INTO Categories (CatID,ListUnder,CategoryName,Description,Keywords,CatType,Moderator,AccessKeys,WriteKeys,SEODescription,SEOPageTitle,ManageKeys,AccessHide,WriteHide,ExcPortalSecurity,Weight,ShowList,Sharing) VALUES('171747514620428','128159621250643','Agencies','','','','Moderator','|2|,|3|,|1|,|4|','|2|,|3|,|4|','','','|2|','0','0','0','2000','1','1')
INSERT INTO CategoriesModules (UniqueID,CatID,ModuleID) VALUES('134913038653181','171747514620428','20')
INSERT INTO CategoriesPortals (UniqueID,CatID,PortalID) VALUES('984227116372268','171747514620428','0')
INSERT INTO Categories (CatID,ListUnder,CategoryName,Description,Keywords,CatType,Moderator,AccessKeys,WriteKeys,SEODescription,SEOPageTitle,ManageKeys,AccessHide,WriteHide,ExcPortalSecurity,Weight,ShowList,Sharing) VALUES('107561996648615','144601480828687','Agencies','','','','Moderator','|2|,|3|,|1|,|4|','|2|,|3|,|4|','','','|2|','0','0','0','2000','1','1')
INSERT INTO CategoriesModules (UniqueID,CatID,ModuleID) VALUES('190275026311772','107561996648615','20')
INSERT INTO CategoriesPortals (UniqueID,CatID,PortalID) VALUES('740135792377854','107561996648615','0')
INSERT INTO Categories (CatID,ListUnder,CategoryName,Description,Keywords,CatType,Moderator,AccessKeys,WriteKeys,SEODescription,SEOPageTitle,ManageKeys,AccessHide,WriteHide,ExcPortalSecurity,Weight,ShowList,Sharing) VALUES('161016984966353','518067943485998','Agent Resources','','','','Moderator','|2|,|3|,|1|,|4|','|2|,|3|,|4|','','','|2|','0','0','0','2000','1','1')
INSERT INTO CategoriesModules (UniqueID,CatID,ModuleID) VALUES('213626838993311','161016984966353','20')
INSERT INTO CategoriesPortals (UniqueID,CatID,PortalID) VALUES('203525802595497','161016984966353','0')
INSERT INTO Categories (CatID,ListUnder,CategoryName,Description,Keywords,CatType,Moderator,AccessKeys,WriteKeys,SEODescription,SEOPageTitle,ManageKeys,AccessHide,WriteHide,ExcPortalSecurity,Weight,ShowList,Sharing) VALUES('140936854638619','681871823356405','Agents','','','','Moderator','|2|,|3|,|1|,|4|','|2|,|3|,|4|','','','|2|','0','0','0','2000','1','1')
INSERT INTO CategoriesModules (UniqueID,CatID,ModuleID) VALUES('134483730087346','140936854638619','20')
INSERT INTO CategoriesPortals (UniqueID,CatID,PortalID) VALUES('642704244892188','140936854638619','0')
INSERT INTO Categories (CatID,ListUnder,CategoryName,Description,Keywords,CatType,Moderator,AccessKeys,WriteKeys,SEODescription,SEOPageTitle,ManageKeys,AccessHide,WriteHide,ExcPortalSecurity,Weight,ShowList,Sharing) VALUES('570479320876667','826500906614541','Agents','','','','Moderator','|2|,|3|,|1|,|4|','|2|,|3|,|4|','','','|2|','0','0','0','2000','1','1')
INSERT INTO CategoriesModules (UniqueID,CatID,ModuleID) VALUES('184446568571827','570479320876667','20')
INSERT INTO CategoriesPortals (UniqueID,CatID,PortalID) VALUES('156314625699835','570479320876667','0')
INSERT INTO Categories (CatID,ListUnder,CategoryName,Description,Keywords,CatType,Moderator,AccessKeys,WriteKeys,SEODescription,SEOPageTitle,ManageKeys,AccessHide,WriteHide,ExcPortalSecurity,Weight,ShowList,Sharing) VALUES('143202882231817','412429472676434','Agents Agencies','','','','Moderator','|2|,|3|,|1|,|4|','|2|,|3|,|4|','','','|2|','0','0','0','2000','1','1')
INSERT INTO CategoriesModules (UniqueID,CatID,ModuleID) VALUES('100281731766882','143202882231817','20')
INSERT INTO CategoriesPortals (UniqueID,CatID,PortalID) VALUES('901746063552324','143202882231817','0')
INSERT INTO Categories (CatID,ListUnder,CategoryName,Description,Keywords,CatType,Moderator,AccessKeys,WriteKeys,SEODescription,SEOPageTitle,ManageKeys,AccessHide,WriteHide,ExcPortalSecurity,Weight,ShowList,Sharing) VALUES('157460624757592','152296721796111','Agents Agencies','','','','Moderator','|2|,|3|,|1|,|4|','|2|,|3|,|4|','','','|2|','0','0','0','2000','1','1')
INSERT INTO CategoriesModules (UniqueID,CatID,ModuleID) VALUES('184546304505854','157460624757592','20')
INSERT INTO CategoriesPortals (UniqueID,CatID,PortalID) VALUES('615490827841634','157460624757592','0')
INSERT INTO Categories (CatID,ListUnder,CategoryName,Description,Keywords,CatType,Moderator,AccessKeys,WriteKeys,SEODescription,SEOPageTitle,ManageKeys,AccessHide,WriteHide,ExcPortalSecurity,Weight,ShowList,Sharing) VALUES('772922850771212','205742372458738','Agents Managers','','','','Moderator','|2|,|3|,|1|,|4|','|2|,|3|,|4|','','','|2|','0','0','0','2000','1','1')
INSERT INTO CategoriesModules (UniqueID,CatID,ModuleID) VALUES('770170604997618','772922850771212','20')
INSERT INTO CategoriesPortals (UniqueID,CatID,PortalID) VALUES('195498253788056','772922850771212','0')
INSERT INTO Categories (CatID,ListUnder,CategoryName,Description,Keywords,CatType,Moderator,AccessKeys,WriteKeys,SEODescription,SEOPageTitle,ManageKeys,AccessHide,WriteHide,ExcPortalSecurity,Weight,ShowList,Sharing) VALUES('111950931585858','518067943485998','Agents Marketers','','','','Moderator','|2|,|3|,|1|,|4|','|2|,|3|,|4|','','','|2|','0','0','0','2000','1','1')
INSERT INTO CategoriesModules (UniqueID,CatID,ModuleID) VALUES('138466072295631','111950931585858','20')
INSERT INTO CategoriesPortals (UniqueID,CatID,PortalID) VALUES('846066142252884','111950931585858','0')
INSERT INTO Categories (CatID,ListUnder,CategoryName,Description,Keywords,CatType,Moderator,AccessKeys,WriteKeys,SEODescription,SEOPageTitle,ManageKeys,AccessHide,WriteHide,ExcPortalSecurity,Weight,ShowList,Sharing) VALUES('102651687824638','0','Agriculture','','','','Moderator','|2|,|3|,|1|,|4|','|2|,|3|,|4|','','','|2|','0','0','0','2000','1','1')
INSERT INTO CategoriesModules (UniqueID,CatID,ModuleID) VALUES('213152974177121','102651687824638','20')
INSERT INTO CategoriesPortals (UniqueID,CatID,PortalID) VALUES('553989418486263','102651687824638','0')
INSERT INTO Categories (CatID,ListUnder,CategoryName,Description,Keywords,CatType,Moderator,AccessKeys,WriteKeys,SEODescription,SEOPageTitle,ManageKeys,AccessHide,WriteHide,ExcPortalSecurity,Weight,ShowList,Sharing) VALUES('179029547427227','141294954067458','Agrochemicals','','','','Moderator','|2|,|3|,|1|,|4|','|2|,|3|,|4|','','','|2|','0','0','0','2000','1','1')
INSERT INTO CategoriesModules (UniqueID,CatID,ModuleID) VALUES('960511373368932','179029547427227','20')
INSERT INTO CategoriesPortals (UniqueID,CatID,PortalID) VALUES('106517224673453','179029547427227','0')
INSERT INTO Categories (CatID,ListUnder,CategoryName,Description,Keywords,CatType,Moderator,AccessKeys,WriteKeys,SEODescription,SEOPageTitle,ManageKeys,AccessHide,WriteHide,ExcPortalSecurity,Weight,ShowList,Sharing) VALUES('106841110865585','194091967154117','Air Cargo Services','','','','Moderator','|2|,|3|,|1|,|4|','|2|,|3|,|4|','','','|2|','0','0','0','2000','1','1')
INSERT INTO CategoriesModules (UniqueID,CatID,ModuleID) VALUES('783655292488617','106841110865585','20')
INSERT INTO CategoriesPortals (UniqueID,CatID,PortalID) VALUES('294353575458888','106841110865585','0')
INSERT INTO Categories (CatID,ListUnder,CategoryName,Description,Keywords,CatType,Moderator,AccessKeys,WriteKeys,SEODescription,SEOPageTitle,ManageKeys,AccessHide,WriteHide,ExcPortalSecurity,Weight,ShowList,Sharing) VALUES('104428850181351','154294030131064','Air Compressors','','','','Moderator','|2|,|3|,|1|,|4|','|2|,|3|,|4|','','','|2|','0','0','0','2000','1','1')
INSERT INTO CategoriesModules (UniqueID,CatID,ModuleID) VALUES('114192197478147','104428850181351','20')
INSERT INTO CategoriesPortals (UniqueID,CatID,PortalID) VALUES('976188014723876','104428850181351','0')
INSERT INTO Categories (CatID,ListUnder,CategoryName,Description,Keywords,CatType,Moderator,AccessKeys,WriteKeys,SEODescription,SEOPageTitle,ManageKeys,AccessHide,WriteHide,ExcPortalSecurity,Weight,ShowList,Sharing) VALUES('754665145436458','753824677183576','Air Conditioning','','','','Moderator','|2|,|3|,|1|,|4|','|2|,|3|,|4|','','','|2|','0','0','0','2000','1','1')
INSERT INTO CategoriesModules (UniqueID,CatID,ModuleID) VALUES('214131180756215','754665145436458','20')
INSERT INTO CategoriesPortals (UniqueID,CatID,PortalID) VALUES('682935537558508','754665145436458','0')
INSERT INTO Categories (CatID,ListUnder,CategoryName,Description,Keywords,CatType,Moderator,AccessKeys,WriteKeys,SEODescription,SEOPageTitle,ManageKeys,AccessHide,WriteHide,ExcPortalSecurity,Weight,ShowList,Sharing) VALUES('687963475222426','179511068233022','Air Force Aerospace','','','','Moderator','|2|,|3|,|1|,|4|','|2|,|3|,|4|','','','|2|','0','0','0','2000','1','1')
INSERT INTO CategoriesModules (UniqueID,CatID,ModuleID) VALUES('332736081845311','687963475222426','20')
INSERT INTO CategoriesPortals (UniqueID,CatID,PortalID) VALUES('127838983083512','687963475222426','0')
INSERT INTO Categories (CatID,ListUnder,CategoryName,Description,Keywords,CatType,Moderator,AccessKeys,WriteKeys,SEODescription,SEOPageTitle,ManageKeys,AccessHide,WriteHide,ExcPortalSecurity,Weight,ShowList,Sharing) VALUES('179283505722785','112619746118561','Air Wet Layed','','','','Moderator','|2|,|3|,|1|,|4|','|2|,|3|,|4|','','','|2|','0','0','0','2000','1','1')
INSERT INTO CategoriesModules (UniqueID,CatID,ModuleID) VALUES('118651727159664','179283505722785','20')
INSERT INTO CategoriesPortals (UniqueID,CatID,PortalID) VALUES('169847819687061','179283505722785','0')
INSERT INTO Categories (CatID,ListUnder,CategoryName,Description,Keywords,CatType,Moderator,AccessKeys,WriteKeys,SEODescription,SEOPageTitle,ManageKeys,AccessHide,WriteHide,ExcPortalSecurity,Weight,ShowList,Sharing) VALUES('150142552499619','194091967154117','Aircraft','','','','Moderator','|2|,|3|,|1|,|4|','|2|,|3|,|4|','','','|2|','0','0','0','2000','1','1')
INSERT INTO CategoriesModules (UniqueID,CatID,ModuleID) VALUES('116090049252284','150142552499619','20')
INSERT INTO CategoriesPortals (UniqueID,CatID,PortalID) VALUES('181772663216443','150142552499619','0')
INSERT INTO Categories (CatID,ListUnder,CategoryName,Description,Keywords,CatType,Moderator,AccessKeys,WriteKeys,SEODescription,SEOPageTitle,ManageKeys,AccessHide,WriteHide,ExcPortalSecurity,Weight,ShowList,Sharing) VALUES('209069723952473','650231146710765','Aircraft Components','','','','Moderator','|2|,|3|,|1|,|4|','|2|,|3|,|4|','','','|2|','0','0','0','2000','1','1')
INSERT INTO CategoriesModules (UniqueID,CatID,ModuleID) VALUES('136837065837787','209069723952473','20')
INSERT INTO CategoriesPortals (UniqueID,CatID,PortalID) VALUES('135303978111713','209069723952473','0')
INSERT INTO Categories (CatID,ListUnder,CategoryName,Description,Keywords,CatType,Moderator,AccessKeys,WriteKeys,SEODescription,SEOPageTitle,ManageKeys,AccessHide,WriteHide,ExcPortalSecurity,Weight,ShowList,Sharing) VALUES('184302990293763','650231146710765','Aircraft Rental Instruction','','','','Moderator','|2|,|3|,|1|,|4|','|2|,|3|,|4|','','','|2|','0','0','0','2000','1','1')
INSERT INTO CategoriesModules (UniqueID,CatID,ModuleID) VALUES('111081791412933','184302990293763','20')
INSERT INTO CategoriesPortals (UniqueID,CatID,PortalID) VALUES('129697647978488','184302990293763','0')
INSERT INTO Categories (CatID,ListUnder,CategoryName,Description,Keywords,CatType,Moderator,AccessKeys,WriteKeys,SEODescription,SEOPageTitle,ManageKeys,AccessHide,WriteHide,ExcPortalSecurity,Weight,ShowList,Sharing) VALUES('938899551182783','185026581318665','Airguns','','','','Moderator','|2|,|3|,|1|,|4|','|2|,|3|,|4|','','','|2|','0','0','0','2000','1','1')
INSERT INTO CategoriesModules (UniqueID,CatID,ModuleID) VALUES('312498774942591','938899551182783','20')
INSERT INTO CategoriesPortals (UniqueID,CatID,PortalID) VALUES('119414080223658','938899551182783','0')
INSERT INTO Categories (CatID,ListUnder,CategoryName,Description,Keywords,CatType,Moderator,AccessKeys,WriteKeys,SEODescription,SEOPageTitle,ManageKeys,AccessHide,WriteHide,ExcPortalSecurity,Weight,ShowList,Sharing) VALUES('126649032932166','194091967154117','Airports','','','','Moderator','|2|,|3|,|1|,|4|','|2|,|3|,|4|','','','|2|','0','0','0','2000','1','1')
INSERT INTO CategoriesModules (UniqueID,CatID,ModuleID) VALUES('180395867985892','126649032932166','20')
INSERT INTO CategoriesPortals (UniqueID,CatID,PortalID) VALUES('518615164566832','126649032932166','0')
INSERT INTO Categories (CatID,ListUnder,CategoryName,Description,Keywords,CatType,Moderator,AccessKeys,WriteKeys,SEODescription,SEOPageTitle,ManageKeys,AccessHide,WriteHide,ExcPortalSecurity,Weight,ShowList,Sharing) VALUES('159029441193710','167827787849526','Alarm Annunciators','','','','Moderator','|2|,|3|,|1|,|4|','|2|,|3|,|4|','','','|2|','0','0','0','2000','1','1')
INSERT INTO CategoriesModules (UniqueID,CatID,ModuleID) VALUES('178014856296658','159029441193710','20')
INSERT INTO CategoriesPortals (UniqueID,CatID,PortalID) VALUES('128245478377816','159029441193710','0')
INSERT INTO Categories (CatID,ListUnder,CategoryName,Description,Keywords,CatType,Moderator,AccessKeys,WriteKeys,SEODescription,SEOPageTitle,ManageKeys,AccessHide,WriteHide,ExcPortalSecurity,Weight,ShowList,Sharing) VALUES('447476947943606','256574178544781','Alarm Systems','','','','Moderator','|2|,|3|,|1|,|4|','|2|,|3|,|4|','','','|2|','0','0','0','2000','1','1')
INSERT INTO CategoriesModules (UniqueID,CatID,ModuleID) VALUES('183313349530479','447476947943606','20')
INSERT INTO CategoriesPortals (UniqueID,CatID,PortalID) VALUES('201902930783575','447476947943606','0')
INSERT INTO Categories (CatID,ListUnder,CategoryName,Description,Keywords,CatType,Moderator,AccessKeys,WriteKeys,SEODescription,SEOPageTitle,ManageKeys,AccessHide,WriteHide,ExcPortalSecurity,Weight,ShowList,Sharing) VALUES('714703610206772','655618163243369','Alternating Current','','','','Moderator','|2|,|3|,|1|,|4|','|2|,|3|,|4|','','','|2|','0','0','0','2000','1','1')
INSERT INTO CategoriesModules (UniqueID,CatID,ModuleID) VALUES('195925244138430','714703610206772','20')
INSERT INTO CategoriesPortals (UniqueID,CatID,PortalID) VALUES('100899513388472','714703610206772','0')
INSERT INTO Categories (CatID,ListUnder,CategoryName,Description,Keywords,CatType,Moderator,AccessKeys,WriteKeys,SEODescription,SEOPageTitle,ManageKeys,AccessHide,WriteHide,ExcPortalSecurity,Weight,ShowList,Sharing) VALUES('211029577403049','202184536792157','Alternative','','','','Moderator','|2|,|3|,|1|,|4|','|2|,|3|,|4|','','','|2|','0','0','0','2000','1','1')
INSERT INTO CategoriesModules (UniqueID,CatID,ModuleID) VALUES('939157174538978','211029577403049','20')
INSERT INTO CategoriesPortals (UniqueID,CatID,PortalID) VALUES('691131649095724','211029577403049','0')
INSERT INTO Categories (CatID,ListUnder,CategoryName,Description,Keywords,CatType,Moderator,AccessKeys,WriteKeys,SEODescription,SEOPageTitle,ManageKeys,AccessHide,WriteHide,ExcPortalSecurity,Weight,ShowList,Sharing) VALUES('325391412143278','207494574995551','Amateur CB Radio','','','','Moderator','|2|,|3|,|1|,|4|','|2|,|3|,|4|','','','|2|','0','0','0','2000','1','1')
INSERT INTO CategoriesModules (UniqueID,CatID,ModuleID) VALUES('214241595952283','325391412143278','20')
INSERT INTO CategoriesPortals (UniqueID,CatID,PortalID) VALUES('157798607543792','325391412143278','0')
INSERT INTO Categories (CatID,ListUnder,CategoryName,Description,Keywords,CatType,Moderator,AccessKeys,WriteKeys,SEODescription,SEOPageTitle,ManageKeys,AccessHide,WriteHide,ExcPortalSecurity,Weight,ShowList,Sharing) VALUES('993842037131737','197042017854268','Amenities','','','','Moderator','|2|,|3|,|1|,|4|','|2|,|3|,|4|','','','|2|','0','0','0','2000','1','1')
INSERT INTO CategoriesModules (UniqueID,CatID,ModuleID) VALUES('521120509892384','993842037131737','20')
INSERT INTO CategoriesPortals (UniqueID,CatID,PortalID) VALUES('159137807918752','993842037131737','0')
INSERT INTO Categories (CatID,ListUnder,CategoryName,Description,Keywords,CatType,Moderator,AccessKeys,WriteKeys,SEODescription,SEOPageTitle,ManageKeys,AccessHide,WriteHide,ExcPortalSecurity,Weight,ShowList,Sharing) VALUES('178936437116364','941546425030488','American','','','','Moderator','|2|,|3|,|1|,|4|','|2|,|3|,|4|','','','|2|','0','0','0','2000','1','1')
INSERT INTO CategoriesModules (UniqueID,CatID,ModuleID) VALUES('174430906747251','178936437116364','20')
INSERT INTO CategoriesPortals (UniqueID,CatID,PortalID) VALUES('210199525971143','178936437116364','0')
INSERT INTO Categories (CatID,ListUnder,CategoryName,Description,Keywords,CatType,Moderator,AccessKeys,WriteKeys,SEODescription,SEOPageTitle,ManageKeys,AccessHide,WriteHide,ExcPortalSecurity,Weight,ShowList,Sharing) VALUES('164480962307894','261020053631345','American Institute of Building Design','','','','Moderator','|2|,|3|,|1|,|4|','|2|,|3|,|4|','','','|2|','0','0','0','2000','1','1')
INSERT INTO CategoriesModules (UniqueID,CatID,ModuleID) VALUES('234247910652341','164480962307894','20')
INSERT INTO CategoriesPortals (UniqueID,CatID,PortalID) VALUES('606127815357673','164480962307894','0')
INSERT INTO Categories (CatID,ListUnder,CategoryName,Description,Keywords,CatType,Moderator,AccessKeys,WriteKeys,SEODescription,SEOPageTitle,ManageKeys,AccessHide,WriteHide,ExcPortalSecurity,Weight,ShowList,Sharing) VALUES('108459681625878','179578502467371','Amino Acids','','','','Moderator','|2|,|3|,|1|,|4|','|2|,|3|,|4|','','','|2|','0','0','0','2000','1','1')
INSERT INTO CategoriesModules (UniqueID,CatID,ModuleID) VALUES('896385167589081','108459681625878','20')
INSERT INTO CategoriesPortals (UniqueID,CatID,PortalID) VALUES('106521757960516','108459681625878','0')
INSERT INTO Categories (CatID,ListUnder,CategoryName,Description,Keywords,CatType,Moderator,AccessKeys,WriteKeys,SEODescription,SEOPageTitle,ManageKeys,AccessHide,WriteHide,ExcPortalSecurity,Weight,ShowList,Sharing) VALUES('207459448845489','152296721796111','Amusement Parks Attractions','','','','Moderator','|2|,|3|,|1|,|4|','|2|,|3|,|4|','','','|2|','0','0','0','2000','1','1')
INSERT INTO CategoriesModules (UniqueID,CatID,ModuleID) VALUES('458628878744165','207459448845489','20')
INSERT INTO CategoriesPortals (UniqueID,CatID,PortalID) VALUES('166705680251494','207459448845489','0')
INSERT INTO Categories (CatID,ListUnder,CategoryName,Description,Keywords,CatType,Moderator,AccessKeys,WriteKeys,SEODescription,SEOPageTitle,ManageKeys,AccessHide,WriteHide,ExcPortalSecurity,Weight,ShowList,Sharing) VALUES('661827386669044','186370497978018','Animal Health','','','','Moderator','|2|,|3|,|1|,|4|','|2|,|3|,|4|','','','|2|','0','0','0','2000','1','1')
INSERT INTO CategoriesModules (UniqueID,CatID,ModuleID) VALUES('192957361055450','661827386669044','20')
INSERT INTO CategoriesPortals (UniqueID,CatID,PortalID) VALUES('207733229013168','661827386669044','0')
INSERT INTO Categories (CatID,ListUnder,CategoryName,Description,Keywords,CatType,Moderator,AccessKeys,WriteKeys,SEODescription,SEOPageTitle,ManageKeys,AccessHide,WriteHide,ExcPortalSecurity,Weight,ShowList,Sharing) VALUES('169664299501485','522844526019066','Animal Products','','','','Moderator','|2|,|3|,|1|,|4|','|2|,|3|,|4|','','','|2|','0','0','0','2000','1','1')
INSERT INTO CategoriesModules (UniqueID,CatID,ModuleID) VALUES('162406395394395','169664299501485','20')
INSERT INTO CategoriesPortals (UniqueID,CatID,PortalID) VALUES('101764714181184','169664299501485','0')
INSERT INTO Categories (CatID,ListUnder,CategoryName,Description,Keywords,CatType,Moderator,AccessKeys,WriteKeys,SEODescription,SEOPageTitle,ManageKeys,AccessHide,WriteHide,ExcPortalSecurity,Weight,ShowList,Sharing) VALUES('168412431235525','140394717342354','Animation','','','','Moderator','|2|,|3|,|1|,|4|','|2|,|3|,|4|','','','|2|','0','0','0','2000','1','1')
INSERT INTO CategoriesModules (UniqueID,CatID,ModuleID) VALUES('221383956163341','168412431235525','20')
INSERT INTO CategoriesPortals (UniqueID,CatID,PortalID) VALUES('486737813615175','168412431235525','0')
INSERT INTO Categories (CatID,ListUnder,CategoryName,Description,Keywords,CatType,Moderator,AccessKeys,WriteKeys,SEODescription,SEOPageTitle,ManageKeys,AccessHide,WriteHide,ExcPortalSecurity,Weight,ShowList,Sharing) VALUES('789188697716612','156050172656512','Annuities','','','','Moderator','|2|,|3|,|1|,|4|','|2|,|3|,|4|','','','|2|','0','0','0','2000','1','1')
INSERT INTO CategoriesModules (UniqueID,CatID,ModuleID) VALUES('130418240742244','789188697716612','20')
INSERT INTO CategoriesPortals (UniqueID,CatID,PortalID) VALUES('205965750962925','789188697716612','0')
INSERT INTO Categories (CatID,ListUnder,CategoryName,Description,Keywords,CatType,Moderator,AccessKeys,WriteKeys,SEODescription,SEOPageTitle,ManageKeys,AccessHide,WriteHide,ExcPortalSecurity,Weight,ShowList,Sharing) VALUES('170539581961064','207494574995551','Antennas','','','','Moderator','|2|,|3|,|1|,|4|','|2|,|3|,|4|','','','|2|','0','0','0','2000','1','1')
INSERT INTO CategoriesModules (UniqueID,CatID,ModuleID) VALUES('124534267828339','170539581961064','20')
INSERT INTO CategoriesPortals (UniqueID,CatID,PortalID) VALUES('156798660153855','170539581961064','0')
INSERT INTO Categories (CatID,ListUnder,CategoryName,Description,Keywords,CatType,Moderator,AccessKeys,WriteKeys,SEODescription,SEOPageTitle,ManageKeys,AccessHide,WriteHide,ExcPortalSecurity,Weight,ShowList,Sharing) VALUES('622623888296646','624121968265929','Appliances','','','','Moderator','|2|,|3|,|1|,|4|','|2|,|3|,|4|','','','|2|','0','0','0','2000','1','1')
INSERT INTO CategoriesModules (UniqueID,CatID,ModuleID) VALUES('329222195813312','622623888296646','20')
INSERT INTO CategoriesPortals (UniqueID,CatID,PortalID) VALUES('110151145161740','622623888296646','0')
INSERT INTO Categories (CatID,ListUnder,CategoryName,Description,Keywords,CatType,Moderator,AccessKeys,WriteKeys,SEODescription,SEOPageTitle,ManageKeys,AccessHide,WriteHide,ExcPortalSecurity,Weight,ShowList,Sharing) VALUES('994172267781614','412429472676434','Appraisal','','','','Moderator','|2|,|3|,|1|,|4|','|2|,|3|,|4|','','','|2|','0','0','0','2000','1','1')
INSERT INTO CategoriesModules (UniqueID,CatID,ModuleID) VALUES('137427921503518','994172267781614','20')
INSERT INTO CategoriesPortals (UniqueID,CatID,PortalID) VALUES('210203469762671','994172267781614','0')
INSERT INTO Categories (CatID,ListUnder,CategoryName,Description,Keywords,CatType,Moderator,AccessKeys,WriteKeys,SEODescription,SEOPageTitle,ManageKeys,AccessHide,WriteHide,ExcPortalSecurity,Weight,ShowList,Sharing) VALUES('103561082161168','161240180898887','Appraisals','','','','Moderator','|2|,|3|,|1|,|4|','|2|,|3|,|4|','','','|2|','0','0','0','2000','1','1')
INSERT INTO CategoriesModules (UniqueID,CatID,ModuleID) VALUES('741943589554631','103561082161168','20')
INSERT INTO CategoriesPortals (UniqueID,CatID,PortalID) VALUES('205530180256712','103561082161168','0')
INSERT INTO Categories (CatID,ListUnder,CategoryName,Description,Keywords,CatType,Moderator,AccessKeys,WriteKeys,SEODescription,SEOPageTitle,ManageKeys,AccessHide,WriteHide,ExcPortalSecurity,Weight,ShowList,Sharing) VALUES('866615187713724','994172267781614','Appraiser Resources','','','','Moderator','|2|,|3|,|1|,|4|','|2|,|3|,|4|','','','|2|','0','0','0','2000','1','1')
INSERT INTO CategoriesModules (UniqueID,CatID,ModuleID) VALUES('113507335510437','866615187713724','20')
INSERT INTO CategoriesPortals (UniqueID,CatID,PortalID) VALUES('179380974945463','866615187713724','0')
INSERT INTO Categories (CatID,ListUnder,CategoryName,Description,Keywords,CatType,Moderator,AccessKeys,WriteKeys,SEODescription,SEOPageTitle,ManageKeys,AccessHide,WriteHide,ExcPortalSecurity,Weight,ShowList,Sharing) VALUES('136251200731194','994172267781614','Appraisers','','','','Moderator','|2|,|3|,|1|,|4|','|2|,|3|,|4|','','','|2|','0','0','0','2000','1','1')
INSERT INTO CategoriesModules (UniqueID,CatID,ModuleID) VALUES('185831399084983','136251200731194','20')
INSERT INTO CategoriesPortals (UniqueID,CatID,PortalID) VALUES('117025053705578','136251200731194','0')
INSERT INTO Categories (CatID,ListUnder,CategoryName,Description,Keywords,CatType,Moderator,AccessKeys,WriteKeys,SEODescription,SEOPageTitle,ManageKeys,AccessHide,WriteHide,ExcPortalSecurity,Weight,ShowList,Sharing) VALUES('178809874261928','102651687824638','Aquaculture','','','','Moderator','|2|,|3|,|1|,|4|','|2|,|3|,|4|','','','|2|','0','0','0','2000','1','1')
INSERT INTO CategoriesModules (UniqueID,CatID,ModuleID) VALUES('176582985421557','178809874261928','20')
INSERT INTO CategoriesPortals (UniqueID,CatID,PortalID) VALUES('147823040820411','178809874261928','0')
INSERT INTO Categories (CatID,ListUnder,CategoryName,Description,Keywords,CatType,Moderator,AccessKeys,WriteKeys,SEODescription,SEOPageTitle,ManageKeys,AccessHide,WriteHide,ExcPortalSecurity,Weight,ShowList,Sharing) VALUES('183920013157271','102651687824638','Arable Farming','','','','Moderator','|2|,|3|,|1|,|4|','|2|,|3|,|4|','','','|2|','0','0','0','2000','1','1')
INSERT INTO CategoriesModules (UniqueID,CatID,ModuleID) VALUES('448012171731548','183920013157271','20')
INSERT INTO CategoriesPortals (UniqueID,CatID,PortalID) VALUES('114895716253563','183920013157271','0')
INSERT INTO Categories (CatID,ListUnder,CategoryName,Description,Keywords,CatType,Moderator,AccessKeys,WriteKeys,SEODescription,SEOPageTitle,ManageKeys,AccessHide,WriteHide,ExcPortalSecurity,Weight,ShowList,Sharing) VALUES('393399716571238','112191732677701','Arborist Supplies','','','','Moderator','|2|,|3|,|1|,|4|','|2|,|3|,|4|','','','|2|','0','0','0','2000','1','1')
INSERT INTO CategoriesModules (UniqueID,CatID,ModuleID) VALUES('389453225071228','393399716571238','20')
INSERT INTO CategoriesPortals (UniqueID,CatID,PortalID) VALUES('181239996765735','393399716571238','0')
INSERT INTO Categories (CatID,ListUnder,CategoryName,Description,Keywords,CatType,Moderator,AccessKeys,WriteKeys,SEODescription,SEOPageTitle,ManageKeys,AccessHide,WriteHide,ExcPortalSecurity,Weight,ShowList,Sharing) VALUES('146825129761265','842007442761918','Architects','','','','Moderator','|2|,|3|,|1|,|4|','|2|,|3|,|4|','','','|2|','0','0','0','2000','1','1')
INSERT INTO CategoriesModules (UniqueID,CatID,ModuleID) VALUES('195646123404319','146825129761265','20')
INSERT INTO CategoriesPortals (UniqueID,CatID,PortalID) VALUES('172536275816544','146825129761265','0')
INSERT INTO Categories (CatID,ListUnder,CategoryName,Description,Keywords,CatType,Moderator,AccessKeys,WriteKeys,SEODescription,SEOPageTitle,ManageKeys,AccessHide,WriteHide,ExcPortalSecurity,Weight,ShowList,Sharing) VALUES('109493520901068','514484672265053','Architects','','','','Moderator','|2|,|3|,|1|,|4|','|2|,|3|,|4|','','','|2|','0','0','0','2000','1','1')
INSERT INTO CategoriesModules (UniqueID,CatID,ModuleID) VALUES('768977953101184','109493520901068','20')
INSERT INTO CategoriesPortals (UniqueID,CatID,PortalID) VALUES('183882886486007','109493520901068','0')
INSERT INTO Categories (CatID,ListUnder,CategoryName,Description,Keywords,CatType,Moderator,AccessKeys,WriteKeys,SEODescription,SEOPageTitle,ManageKeys,AccessHide,WriteHide,ExcPortalSecurity,Weight,ShowList,Sharing) VALUES('116504386196253','956111916864929','Architectural','','','','Moderator','|2|,|3|,|1|,|4|','|2|,|3|,|4|','','','|2|','0','0','0','2000','1','1')
INSERT INTO CategoriesModules (UniqueID,CatID,ModuleID) VALUES('214092208325115','116504386196253','20')
INSERT INTO CategoriesPortals (UniqueID,CatID,PortalID) VALUES('178128235335886','116504386196253','0')
INSERT INTO Categories (CatID,ListUnder,CategoryName,Description,Keywords,CatType,Moderator,AccessKeys,WriteKeys,SEODescription,SEOPageTitle,ManageKeys,AccessHide,WriteHide,ExcPortalSecurity,Weight,ShowList,Sharing) VALUES('116961791833477','182970756871112','Archives Records Management','','','','Moderator','|2|,|3|,|1|,|4|','|2|,|3|,|4|','','','|2|','0','0','0','2000','1','1')
INSERT INTO CategoriesModules (UniqueID,CatID,ModuleID) VALUES('200778979272655','116961791833477','20')
INSERT INTO CategoriesPortals (UniqueID,CatID,PortalID) VALUES('106804822314262','116961791833477','0')
INSERT INTO Categories (CatID,ListUnder,CategoryName,Description,Keywords,CatType,Moderator,AccessKeys,WriteKeys,SEODescription,SEOPageTitle,ManageKeys,AccessHide,WriteHide,ExcPortalSecurity,Weight,ShowList,Sharing) VALUES('212483899872264','205739367724222','Armored Car Service','','','','Moderator','|2|,|3|,|1|,|4|','|2|,|3|,|4|','','','|2|','0','0','0','2000','1','1')
INSERT INTO CategoriesModules (UniqueID,CatID,ModuleID) VALUES('837219495044151','212483899872264','20')
INSERT INTO CategoriesPortals (UniqueID,CatID,PortalID) VALUES('726031600145391','212483899872264','0')
INSERT INTO Categories (CatID,ListUnder,CategoryName,Description,Keywords,CatType,Moderator,AccessKeys,WriteKeys,SEODescription,SEOPageTitle,ManageKeys,AccessHide,WriteHide,ExcPortalSecurity,Weight,ShowList,Sharing) VALUES('161293913956804','109065509875610','Articles','','','','Moderator','|2|,|3|,|1|,|4|','|2|,|3|,|4|','','','|2|','0','0','0','2000','1','1')
INSERT INTO CategoriesModules (UniqueID,CatID,ModuleID) VALUES('169553513331794','161293913956804','20')
INSERT INTO CategoriesPortals (UniqueID,CatID,PortalID) VALUES('161475895977668','161293913956804','0')
INSERT INTO Categories (CatID,ListUnder,CategoryName,Description,Keywords,CatType,Moderator,AccessKeys,WriteKeys,SEODescription,SEOPageTitle,ManageKeys,AccessHide,WriteHide,ExcPortalSecurity,Weight,ShowList,Sharing) VALUES('577806766248388','202184536792157','Artificial','','','','Moderator','|2|,|3|,|1|,|4|','|2|,|3|,|4|','','','|2|','0','0','0','2000','1','1')
INSERT INTO CategoriesModules (UniqueID,CatID,ModuleID) VALUES('145186106656325','577806766248388','20')
INSERT INTO CategoriesPortals (UniqueID,CatID,PortalID) VALUES('829078483408038','577806766248388','0')
INSERT INTO Categories (CatID,ListUnder,CategoryName,Description,Keywords,CatType,Moderator,AccessKeys,WriteKeys,SEODescription,SEOPageTitle,ManageKeys,AccessHide,WriteHide,ExcPortalSecurity,Weight,ShowList,Sharing) VALUES('157020823354580','112619746118561','Artificial Leather','','','','Moderator','|2|,|3|,|1|,|4|','|2|,|3|,|4|','','','|2|','0','0','0','2000','1','1')
INSERT INTO CategoriesModules (UniqueID,CatID,ModuleID) VALUES('211046264802674','157020823354580','20')
INSERT INTO CategoriesPortals (UniqueID,CatID,PortalID) VALUES('123326313418842','157020823354580','0')
INSERT INTO Categories (CatID,ListUnder,CategoryName,Description,Keywords,CatType,Moderator,AccessKeys,WriteKeys,SEODescription,SEOPageTitle,ManageKeys,AccessHide,WriteHide,ExcPortalSecurity,Weight,ShowList,Sharing) VALUES('152296721796111','0','Arts','','','','Moderator','|2|,|3|,|1|,|4|','|2|,|3|,|4|','','','|2|','0','0','0','2000','1','1')
INSERT INTO CategoriesModules (UniqueID,CatID,ModuleID) VALUES('204843486892384','152296721796111','20')
INSERT INTO CategoriesPortals (UniqueID,CatID,PortalID) VALUES('427902248761862','152296721796111','0')
INSERT INTO Categories (CatID,ListUnder,CategoryName,Description,Keywords,CatType,Moderator,AccessKeys,WriteKeys,SEODescription,SEOPageTitle,ManageKeys,AccessHide,WriteHide,ExcPortalSecurity,Weight,ShowList,Sharing) VALUES('214477481925167','802004287975747','Arts Crafts','','','','Moderator','|2|,|3|,|1|,|4|','|2|,|3|,|4|','','','|2|','0','0','0','2000','1','1')
INSERT INTO CategoriesModules (UniqueID,CatID,ModuleID) VALUES('951043365333249','214477481925167','20')
INSERT INTO CategoriesPortals (UniqueID,CatID,PortalID) VALUES('107964470844224','214477481925167','0')
INSERT INTO Categories (CatID,ListUnder,CategoryName,Description,Keywords,CatType,Moderator,AccessKeys,WriteKeys,SEODescription,SEOPageTitle,ManageKeys,AccessHide,WriteHide,ExcPortalSecurity,Weight,ShowList,Sharing) VALUES('655160660582821','941546425030488','Asian','','','','Moderator','|2|,|3|,|1|,|4|','|2|,|3|,|4|','','','|2|','0','0','0','2000','1','1')
INSERT INTO CategoriesModules (UniqueID,CatID,ModuleID) VALUES('187171669123440','655160660582821','20')
INSERT INTO CategoriesPortals (UniqueID,CatID,PortalID) VALUES('200501240656884','655160660582821','0')
INSERT INTO Categories (CatID,ListUnder,CategoryName,Description,Keywords,CatType,Moderator,AccessKeys,WriteKeys,SEODescription,SEOPageTitle,ManageKeys,AccessHide,WriteHide,ExcPortalSecurity,Weight,ShowList,Sharing) VALUES('619898329608347','138186154628395','Assembly Equipment','','','','Moderator','|2|,|3|,|1|,|4|','|2|,|3|,|4|','','','|2|','0','0','0','2000','1','1')
INSERT INTO CategoriesModules (UniqueID,CatID,ModuleID) VALUES('190114707200162','619898329608347','20')
INSERT INTO CategoriesPortals (UniqueID,CatID,PortalID) VALUES('195255187422801','619898329608347','0')
INSERT INTO Categories (CatID,ListUnder,CategoryName,Description,Keywords,CatType,Moderator,AccessKeys,WriteKeys,SEODescription,SEOPageTitle,ManageKeys,AccessHide,WriteHide,ExcPortalSecurity,Weight,ShowList,Sharing) VALUES('205017135423374','109065509875610','Assessments','','','','Moderator','|2|,|3|,|1|,|4|','|2|,|3|,|4|','','','|2|','0','0','0','2000','1','1')
INSERT INTO CategoriesModules (UniqueID,CatID,ModuleID) VALUES('443255217576767','205017135423374','20')
INSERT INTO CategoriesPortals (UniqueID,CatID,PortalID) VALUES('133151039714013','205017135423374','0')
INSERT INTO Categories (CatID,ListUnder,CategoryName,Description,Keywords,CatType,Moderator,AccessKeys,WriteKeys,SEODescription,SEOPageTitle,ManageKeys,AccessHide,WriteHide,ExcPortalSecurity,Weight,ShowList,Sharing) VALUES('194474083885352','157714611147670','Asset Management Disposition','','','','Moderator','|2|,|3|,|1|,|4|','|2|,|3|,|4|','','','|2|','0','0','0','2000','1','1')
INSERT INTO CategoriesModules (UniqueID,CatID,ModuleID) VALUES('886518895031355','194474083885352','20')
INSERT INTO CategoriesPortals (UniqueID,CatID,PortalID) VALUES('467674503093427','194474083885352','0')
INSERT INTO Categories (CatID,ListUnder,CategoryName,Description,Keywords,CatType,Moderator,AccessKeys,WriteKeys,SEODescription,SEOPageTitle,ManageKeys,AccessHide,WriteHide,ExcPortalSecurity,Weight,ShowList,Sharing) VALUES('163285510932405','110330933615825','Association','','','','Moderator','|2|,|3|,|1|,|4|','|2|,|3|,|4|','','','|2|','0','0','0','2000','1','1')
INSERT INTO CategoriesModules (UniqueID,CatID,ModuleID) VALUES('120869987536584','163285510932405','20')
INSERT INTO CategoriesPortals (UniqueID,CatID,PortalID) VALUES('549932045415765','163285510932405','0')
INSERT INTO Categories (CatID,ListUnder,CategoryName,Description,Keywords,CatType,Moderator,AccessKeys,WriteKeys,SEODescription,SEOPageTitle,ManageKeys,AccessHide,WriteHide,ExcPortalSecurity,Weight,ShowList,Sharing) VALUES('168600401565111','926958022387637','Associations','','','','Moderator','|2|,|3|,|1|,|4|','|2|,|3|,|4|','','','|2|','0','0','0','2000','1','1')
INSERT INTO CategoriesModules (UniqueID,CatID,ModuleID) VALUES('230234202442103','168600401565111','20')
INSERT INTO CategoriesPortals (UniqueID,CatID,PortalID) VALUES('455750659861935','168600401565111','0')
INSERT INTO Categories (CatID,ListUnder,CategoryName,Description,Keywords,CatType,Moderator,AccessKeys,WriteKeys,SEODescription,SEOPageTitle,ManageKeys,AccessHide,WriteHide,ExcPortalSecurity,Weight,ShowList,Sharing) VALUES('168340876321247','700966963821894','Associations','','','','Moderator','|2|,|3|,|1|,|4|','|2|,|3|,|4|','','','|2|','0','0','0','2000','1','1')
INSERT INTO CategoriesModules (UniqueID,CatID,ModuleID) VALUES('113194571490626','168340876321247','20')
INSERT INTO CategoriesPortals (UniqueID,CatID,PortalID) VALUES('580896422781312','168340876321247','0')
INSERT INTO Categories (CatID,ListUnder,CategoryName,Description,Keywords,CatType,Moderator,AccessKeys,WriteKeys,SEODescription,SEOPageTitle,ManageKeys,AccessHide,WriteHide,ExcPortalSecurity,Weight,ShowList,Sharing) VALUES('166588645132277','293246790583114','Associations','','','','Moderator','|2|,|3|,|1|,|4|','|2|,|3|,|4|','','','|2|','0','0','0','2000','1','1')
INSERT INTO CategoriesModules (UniqueID,CatID,ModuleID) VALUES('143071664883893','166588645132277','20')
INSERT INTO CategoriesPortals (UniqueID,CatID,PortalID) VALUES('127031466645746','166588645132277','0')
INSERT INTO Categories (CatID,ListUnder,CategoryName,Description,Keywords,CatType,Moderator,AccessKeys,WriteKeys,SEODescription,SEOPageTitle,ManageKeys,AccessHide,WriteHide,ExcPortalSecurity,Weight,ShowList,Sharing) VALUES('166125647965327','152656969788212','Associations','','','','Moderator','|2|,|3|,|1|,|4|','|2|,|3|,|4|','','','|2|','0','0','0','2000','1','1')
INSERT INTO CategoriesModules (UniqueID,CatID,ModuleID) VALUES('391823535501268','166125647965327','20')
INSERT INTO CategoriesPortals (UniqueID,CatID,PortalID) VALUES('131089411858725','166125647965327','0')
INSERT INTO Categories (CatID,ListUnder,CategoryName,Description,Keywords,CatType,Moderator,AccessKeys,WriteKeys,SEODescription,SEOPageTitle,ManageKeys,AccessHide,WriteHide,ExcPortalSecurity,Weight,ShowList,Sharing) VALUES('155622099414952','845494891751785','Associations','','','','Moderator','|2|,|3|,|1|,|4|','|2|,|3|,|4|','','','|2|','0','0','0','2000','1','1')
INSERT INTO CategoriesModules (UniqueID,CatID,ModuleID) VALUES('131275413743721','155622099414952','20')
INSERT INTO CategoriesPortals (UniqueID,CatID,PortalID) VALUES('177654004354316','155622099414952','0')
INSERT INTO Categories (CatID,ListUnder,CategoryName,Description,Keywords,CatType,Moderator,AccessKeys,WriteKeys,SEODescription,SEOPageTitle,ManageKeys,AccessHide,WriteHide,ExcPortalSecurity,Weight,ShowList,Sharing) VALUES('161663918464290','412429472676434','Associations','','','','Moderator','|2|,|3|,|1|,|4|','|2|,|3|,|4|','','','|2|','0','0','0','2000','1','1')
INSERT INTO CategoriesModules (UniqueID,CatID,ModuleID) VALUES('905368543356535','161663918464290','20')
INSERT INTO CategoriesPortals (UniqueID,CatID,PortalID) VALUES('167952855139287','161663918464290','0')
INSERT INTO Categories (CatID,ListUnder,CategoryName,Description,Keywords,CatType,Moderator,AccessKeys,WriteKeys,SEODescription,SEOPageTitle,ManageKeys,AccessHide,WriteHide,ExcPortalSecurity,Weight,ShowList,Sharing) VALUES('179676333077843','0','Associations','','','','Moderator','|2|,|3|,|1|,|4|','|2|,|3|,|4|','','','|2|','0','0','0','2000','1','1')
INSERT INTO CategoriesModules (UniqueID,CatID,ModuleID) VALUES('266039403953519','179676333077843','20')
INSERT INTO CategoriesPortals (UniqueID,CatID,PortalID) VALUES('198143045872348','179676333077843','0')
INSERT INTO Categories (CatID,ListUnder,CategoryName,Description,Keywords,CatType,Moderator,AccessKeys,WriteKeys,SEODescription,SEOPageTitle,ManageKeys,AccessHide,WriteHide,ExcPortalSecurity,Weight,ShowList,Sharing) VALUES('172934223528713','256574178544781','Associations','','','','Moderator','|2|,|3|,|1|,|4|','|2|,|3|,|4|','','','|2|','0','0','0','2000','1','1')
INSERT INTO CategoriesModules (UniqueID,CatID,ModuleID) VALUES('100755224341389','172934223528713','20')
INSERT INTO CategoriesPortals (UniqueID,CatID,PortalID) VALUES('976601608980978','172934223528713','0')
INSERT INTO Categories (CatID,ListUnder,CategoryName,Description,Keywords,CatType,Moderator,AccessKeys,WriteKeys,SEODescription,SEOPageTitle,ManageKeys,AccessHide,WriteHide,ExcPortalSecurity,Weight,ShowList,Sharing) VALUES('185963812208281','118503179432622','Associations','','','','Moderator','|2|,|3|,|1|,|4|','|2|,|3|,|4|','','','|2|','0','0','0','2000','1','1')
INSERT INTO CategoriesModules (UniqueID,CatID,ModuleID) VALUES('128428292914497','185963812208281','20')
INSERT INTO CategoriesPortals (UniqueID,CatID,PortalID) VALUES('627962854648492','185963812208281','0')
INSERT INTO Categories (CatID,ListUnder,CategoryName,Description,Keywords,CatType,Moderator,AccessKeys,WriteKeys,SEODescription,SEOPageTitle,ManageKeys,AccessHide,WriteHide,ExcPortalSecurity,Weight,ShowList,Sharing) VALUES('187199006378529','458171633668170','Associations','','','','Moderator','|2|,|3|,|1|,|4|','|2|,|3|,|4|','','','|2|','0','0','0','2000','1','1')
INSERT INTO CategoriesModules (UniqueID,CatID,ModuleID) VALUES('600279096710602','187199006378529','20')
INSERT INTO CategoriesPortals (UniqueID,CatID,PortalID) VALUES('150832526432194','187199006378529','0')
INSERT INTO Categories (CatID,ListUnder,CategoryName,Description,Keywords,CatType,Moderator,AccessKeys,WriteKeys,SEODescription,SEOPageTitle,ManageKeys,AccessHide,WriteHide,ExcPortalSecurity,Weight,ShowList,Sharing) VALUES('182826696285291','105883198110683','Associations','','','','Moderator','|2|,|3|,|1|,|4|','|2|,|3|,|4|','','','|2|','0','0','0','2000','1','1')
INSERT INTO CategoriesModules (UniqueID,CatID,ModuleID) VALUES('147144813533520','182826696285291','20')
INSERT INTO CategoriesPortals (UniqueID,CatID,PortalID) VALUES('106448970617332','182826696285291','0')
INSERT INTO Categories (CatID,ListUnder,CategoryName,Description,Keywords,CatType,Moderator,AccessKeys,WriteKeys,SEODescription,SEOPageTitle,ManageKeys,AccessHide,WriteHide,ExcPortalSecurity,Weight,ShowList,Sharing) VALUES('182494853436655','813095387847726','Associations','','','','Moderator','|2|,|3|,|1|,|4|','|2|,|3|,|4|','','','|2|','0','0','0','2000','1','1')
INSERT INTO CategoriesModules (UniqueID,CatID,ModuleID) VALUES('487984055724254','182494853436655','20')
INSERT INTO CategoriesPortals (UniqueID,CatID,PortalID) VALUES('161376918848752','182494853436655','0')
INSERT INTO Categories (CatID,ListUnder,CategoryName,Description,Keywords,CatType,Moderator,AccessKeys,WriteKeys,SEODescription,SEOPageTitle,ManageKeys,AccessHide,WriteHide,ExcPortalSecurity,Weight,ShowList,Sharing) VALUES('190884836643587','169231777657067','Associations','','','','Moderator','|2|,|3|,|1|,|4|','|2|,|3|,|4|','','','|2|','0','0','0','2000','1','1')
INSERT INTO CategoriesModules (UniqueID,CatID,ModuleID) VALUES('845020012167745','190884836643587','20')
INSERT INTO CategoriesPortals (UniqueID,CatID,PortalID) VALUES('292587405377311','190884836643587','0')
INSERT INTO Categories (CatID,ListUnder,CategoryName,Description,Keywords,CatType,Moderator,AccessKeys,WriteKeys,SEODescription,SEOPageTitle,ManageKeys,AccessHide,WriteHide,ExcPortalSecurity,Weight,ShowList,Sharing) VALUES('151517008935273','956111916864929','Associations','','','','Moderator','|2|,|3|,|1|,|4|','|2|,|3|,|4|','','','|2|','0','0','0','2000','1','1')
INSERT INTO CategoriesModules (UniqueID,CatID,ModuleID) VALUES('451184565448483','151517008935273','20')
INSERT INTO CategoriesPortals (UniqueID,CatID,PortalID) VALUES('689734313427564','151517008935273','0')
INSERT INTO Categories (CatID,ListUnder,CategoryName,Description,Keywords,CatType,Moderator,AccessKeys,WriteKeys,SEODescription,SEOPageTitle,ManageKeys,AccessHide,WriteHide,ExcPortalSecurity,Weight,ShowList,Sharing) VALUES('154215108933777','112520301419023','Associations','','','','Moderator','|2|,|3|,|1|,|4|','|2|,|3|,|4|','','','|2|','0','0','0','2000','1','1')
INSERT INTO CategoriesModules (UniqueID,CatID,ModuleID) VALUES('255433756143064','154215108933777','20')
INSERT INTO CategoriesPortals (UniqueID,CatID,PortalID) VALUES('203004040934173','154215108933777','0')
INSERT INTO Categories (CatID,ListUnder,CategoryName,Description,Keywords,CatType,Moderator,AccessKeys,WriteKeys,SEODescription,SEOPageTitle,ManageKeys,AccessHide,WriteHide,ExcPortalSecurity,Weight,ShowList,Sharing) VALUES('148121670213241','120268798198852','Associations','','','','Moderator','|2|,|3|,|1|,|4|','|2|,|3|,|4|','','','|2|','0','0','0','2000','1','1')
INSERT INTO CategoriesModules (UniqueID,CatID,ModuleID) VALUES('171018774653303','148121670213241','20')
INSERT INTO CategoriesPortals (UniqueID,CatID,PortalID) VALUES('214615479643646','148121670213241','0')
INSERT INTO Categories (CatID,ListUnder,CategoryName,Description,Keywords,CatType,Moderator,AccessKeys,WriteKeys,SEODescription,SEOPageTitle,ManageKeys,AccessHide,WriteHide,ExcPortalSecurity,Weight,ShowList,Sharing) VALUES('128493018511607','369223682782626','Associations','','','','Moderator','|2|,|3|,|1|,|4|','|2|,|3|,|4|','','','|2|','0','0','0','2000','1','1')
INSERT INTO CategoriesModules (UniqueID,CatID,ModuleID) VALUES('950738047314854','128493018511607','20')
INSERT INTO CategoriesPortals (UniqueID,CatID,PortalID) VALUES('170499380048732','128493018511607','0')
INSERT INTO Categories (CatID,ListUnder,CategoryName,Description,Keywords,CatType,Moderator,AccessKeys,WriteKeys,SEODescription,SEOPageTitle,ManageKeys,AccessHide,WriteHide,ExcPortalSecurity,Weight,ShowList,Sharing) VALUES('127957226272372','471824969823582','Associations','','','','Moderator','|2|,|3|,|1|,|4|','|2|,|3|,|4|','','','|2|','0','0','0','2000','1','1')
INSERT INTO CategoriesModules (UniqueID,CatID,ModuleID) VALUES('715680219565315','127957226272372','20')
INSERT INTO CategoriesPortals (UniqueID,CatID,PortalID) VALUES('689039574531725','127957226272372','0')
INSERT INTO Categories (CatID,ListUnder,CategoryName,Description,Keywords,CatType,Moderator,AccessKeys,WriteKeys,SEODescription,SEOPageTitle,ManageKeys,AccessHide,WriteHide,ExcPortalSecurity,Weight,ShowList,Sharing) VALUES('121312799817878','216037974577765','Associations','','','','Moderator','|2|,|3|,|1|,|4|','|2|,|3|,|4|','','','|2|','0','0','0','2000','1','1')
INSERT INTO CategoriesModules (UniqueID,CatID,ModuleID) VALUES('576172422867530','121312799817878','20')
INSERT INTO CategoriesPortals (UniqueID,CatID,PortalID) VALUES('147053606715253','121312799817878','0')
INSERT INTO Categories (CatID,ListUnder,CategoryName,Description,Keywords,CatType,Moderator,AccessKeys,WriteKeys,SEODescription,SEOPageTitle,ManageKeys,AccessHide,WriteHide,ExcPortalSecurity,Weight,ShowList,Sharing) VALUES('119624119056843','208392173185557','Associations','','','','Moderator','|2|,|3|,|1|,|4|','|2|,|3|,|4|','','','|2|','0','0','0','2000','1','1')
INSERT INTO CategoriesModules (UniqueID,CatID,ModuleID) VALUES('132481462937919','119624119056843','20')
INSERT INTO CategoriesPortals (UniqueID,CatID,PortalID) VALUES('145377272407790','119624119056843','0')
INSERT INTO Categories (CatID,ListUnder,CategoryName,Description,Keywords,CatType,Moderator,AccessKeys,WriteKeys,SEODescription,SEOPageTitle,ManageKeys,AccessHide,WriteHide,ExcPortalSecurity,Weight,ShowList,Sharing) VALUES('122899937556885','802004287975747','Associations','','','','Moderator','|2|,|3|,|1|,|4|','|2|,|3|,|4|','','','|2|','0','0','0','2000','1','1')
INSERT INTO CategoriesModules (UniqueID,CatID,ModuleID) VALUES('162151775538673','122899937556885','20')
INSERT INTO CategoriesPortals (UniqueID,CatID,PortalID) VALUES('825039016557090','122899937556885','0')
INSERT INTO Categories (CatID,ListUnder,CategoryName,Description,Keywords,CatType,Moderator,AccessKeys,WriteKeys,SEODescription,SEOPageTitle,ManageKeys,AccessHide,WriteHide,ExcPortalSecurity,Weight,ShowList,Sharing) VALUES('122532289937173','178809874261928','Associations','','','','Moderator','|2|,|3|,|1|,|4|','|2|,|3|,|4|','','','|2|','0','0','0','2000','1','1')
INSERT INTO CategoriesModules (UniqueID,CatID,ModuleID) VALUES('165265315532705','122532289937173','20')
INSERT INTO CategoriesPortals (UniqueID,CatID,PortalID) VALUES('121935413885892','122532289937173','0')
INSERT INTO Categories (CatID,ListUnder,CategoryName,Description,Keywords,CatType,Moderator,AccessKeys,WriteKeys,SEODescription,SEOPageTitle,ManageKeys,AccessHide,WriteHide,ExcPortalSecurity,Weight,ShowList,Sharing) VALUES('106845964487255','826500906614541','Associations','','','','Moderator','|2|,|3|,|1|,|4|','|2|,|3|,|4|','','','|2|','0','0','0','2000','1','1')
INSERT INTO CategoriesModules (UniqueID,CatID,ModuleID) VALUES('839800855264618','106845964487255','20')
INSERT INTO CategoriesPortals (UniqueID,CatID,PortalID) VALUES('994015741313866','106845964487255','0')
INSERT INTO Categories (CatID,ListUnder,CategoryName,Description,Keywords,CatType,Moderator,AccessKeys,WriteKeys,SEODescription,SEOPageTitle,ManageKeys,AccessHide,WriteHide,ExcPortalSecurity,Weight,ShowList,Sharing) VALUES('100514414331804','280965458060437','Associations','','','','Moderator','|2|,|3|,|1|,|4|','|2|,|3|,|4|','','','|2|','0','0','0','2000','1','1')
INSERT INTO CategoriesModules (UniqueID,CatID,ModuleID) VALUES('144419784383133','100514414331804','20')
INSERT INTO CategoriesPortals (UniqueID,CatID,PortalID) VALUES('194677297736453','100514414331804','0')
INSERT INTO Categories (CatID,ListUnder,CategoryName,Description,Keywords,CatType,Moderator,AccessKeys,WriteKeys,SEODescription,SEOPageTitle,ManageKeys,AccessHide,WriteHide,ExcPortalSecurity,Weight,ShowList,Sharing) VALUES('100827697770138','195031657084845','Associations','','','','Moderator','|2|,|3|,|1|,|4|','|2|,|3|,|4|','','','|2|','0','0','0','2000','1','1')
INSERT INTO CategoriesModules (UniqueID,CatID,ModuleID) VALUES('132903698382192','100827697770138','20')
INSERT INTO CategoriesPortals (UniqueID,CatID,PortalID) VALUES('880220054576188','100827697770138','0')
INSERT INTO Categories (CatID,ListUnder,CategoryName,Description,Keywords,CatType,Moderator,AccessKeys,WriteKeys,SEODescription,SEOPageTitle,ManageKeys,AccessHide,WriteHide,ExcPortalSecurity,Weight,ShowList,Sharing) VALUES('600012429845436','136878005372291','Associations','','','','Moderator','|2|,|3|,|1|,|4|','|2|,|3|,|4|','','','|2|','0','0','0','2000','1','1')
INSERT INTO CategoriesModules (UniqueID,CatID,ModuleID) VALUES('147214025894207','600012429845436','20')
INSERT INTO CategoriesPortals (UniqueID,CatID,PortalID) VALUES('284050432303963','600012429845436','0')
INSERT INTO Categories (CatID,ListUnder,CategoryName,Description,Keywords,CatType,Moderator,AccessKeys,WriteKeys,SEODescription,SEOPageTitle,ManageKeys,AccessHide,WriteHide,ExcPortalSecurity,Weight,ShowList,Sharing) VALUES('538422380786453','161240180898887','Associations','','','','Moderator','|2|,|3|,|1|,|4|','|2|,|3|,|4|','','','|2|','0','0','0','2000','1','1')
INSERT INTO CategoriesModules (UniqueID,CatID,ModuleID) VALUES('779221247992323','538422380786453','20')
INSERT INTO CategoriesPortals (UniqueID,CatID,PortalID) VALUES('101298562768998','538422380786453','0')
INSERT INTO Categories (CatID,ListUnder,CategoryName,Description,Keywords,CatType,Moderator,AccessKeys,WriteKeys,SEODescription,SEOPageTitle,ManageKeys,AccessHide,WriteHide,ExcPortalSecurity,Weight,ShowList,Sharing) VALUES('552854488005334','112191732677701','Associations','','','','Moderator','|2|,|3|,|1|,|4|','|2|,|3|,|4|','','','|2|','0','0','0','2000','1','1')
INSERT INTO CategoriesModules (UniqueID,CatID,ModuleID) VALUES('154843850567289','552854488005334','20')
INSERT INTO CategoriesPortals (UniqueID,CatID,PortalID) VALUES('622456391314388','552854488005334','0')
INSERT INTO Categories (CatID,ListUnder,CategoryName,Description,Keywords,CatType,Moderator,AccessKeys,WriteKeys,SEODescription,SEOPageTitle,ManageKeys,AccessHide,WriteHide,ExcPortalSecurity,Weight,ShowList,Sharing) VALUES('455712390278821','131617887013514','Associations','','','','Moderator','|2|,|3|,|1|,|4|','|2|,|3|,|4|','','','|2|','0','0','0','2000','1','1')
INSERT INTO CategoriesModules (UniqueID,CatID,ModuleID) VALUES('911053045997588','455712390278821','20')
INSERT INTO CategoriesPortals (UniqueID,CatID,PortalID) VALUES('206697716084245','455712390278821','0')
INSERT INTO Categories (CatID,ListUnder,CategoryName,Description,Keywords,CatType,Moderator,AccessKeys,WriteKeys,SEODescription,SEOPageTitle,ManageKeys,AccessHide,WriteHide,ExcPortalSecurity,Weight,ShowList,Sharing) VALUES('458995552738728','154403840970612','Associations','','','','Moderator','|2|,|3|,|1|,|4|','|2|,|3|,|4|','','','|2|','0','0','0','2000','1','1')
INSERT INTO CategoriesModules (UniqueID,CatID,ModuleID) VALUES('188566855873461','458995552738728','20')
INSERT INTO CategoriesPortals (UniqueID,CatID,PortalID) VALUES('681087216842624','458995552738728','0')
INSERT INTO Categories (CatID,ListUnder,CategoryName,Description,Keywords,CatType,Moderator,AccessKeys,WriteKeys,SEODescription,SEOPageTitle,ManageKeys,AccessHide,WriteHide,ExcPortalSecurity,Weight,ShowList,Sharing) VALUES('460651422252697','180637350615341','Associations','','','','Moderator','|2|,|3|,|1|,|4|','|2|,|3|,|4|','','','|2|','0','0','0','2000','1','1')
INSERT INTO CategoriesModules (UniqueID,CatID,ModuleID) VALUES('200884848047721','460651422252697','20')
INSERT INTO CategoriesPortals (UniqueID,CatID,PortalID) VALUES('151066209763475','460651422252697','0')
INSERT INTO Categories (CatID,ListUnder,CategoryName,Description,Keywords,CatType,Moderator,AccessKeys,WriteKeys,SEODescription,SEOPageTitle,ManageKeys,AccessHide,WriteHide,ExcPortalSecurity,Weight,ShowList,Sharing) VALUES('424074420450883','152296721796111','Associations','','','','Moderator','|2|,|3|,|1|,|4|','|2|,|3|,|4|','','','|2|','0','0','0','2000','1','1')
INSERT INTO CategoriesModules (UniqueID,CatID,ModuleID) VALUES('197923186194589','424074420450883','20')
INSERT INTO CategoriesPortals (UniqueID,CatID,PortalID) VALUES('321255492264149','424074420450883','0')
INSERT INTO Categories (CatID,ListUnder,CategoryName,Description,Keywords,CatType,Moderator,AccessKeys,WriteKeys,SEODescription,SEOPageTitle,ManageKeys,AccessHide,WriteHide,ExcPortalSecurity,Weight,ShowList,Sharing) VALUES('424616379524442','213563058167417','Associations','','','','Moderator','|2|,|3|,|1|,|4|','|2|,|3|,|4|','','','|2|','0','0','0','2000','1','1')
INSERT INTO CategoriesModules (UniqueID,CatID,ModuleID) VALUES('554821359265536','424616379524442','20')
INSERT INTO CategoriesPortals (UniqueID,CatID,PortalID) VALUES('190078934303542','424616379524442','0')
INSERT INTO Categories (CatID,ListUnder,CategoryName,Description,Keywords,CatType,Moderator,AccessKeys,WriteKeys,SEODescription,SEOPageTitle,ManageKeys,AccessHide,WriteHide,ExcPortalSecurity,Weight,ShowList,Sharing) VALUES('465255865248845','141294954067458','Associations','','','','Moderator','|2|,|3|,|1|,|4|','|2|,|3|,|4|','','','|2|','0','0','0','2000','1','1')
INSERT INTO CategoriesModules (UniqueID,CatID,ModuleID) VALUES('144598740826355','465255865248845','20')
INSERT INTO CategoriesPortals (UniqueID,CatID,PortalID) VALUES('555908044461365','465255865248845','0')
INSERT INTO Categories (CatID,ListUnder,CategoryName,Description,Keywords,CatType,Moderator,AccessKeys,WriteKeys,SEODescription,SEOPageTitle,ManageKeys,AccessHide,WriteHide,ExcPortalSecurity,Weight,ShowList,Sharing) VALUES('498538478027687','114176321849964','Associations','','','','Moderator','|2|,|3|,|1|,|4|','|2|,|3|,|4|','','','|2|','0','0','0','2000','1','1')
INSERT INTO CategoriesModules (UniqueID,CatID,ModuleID) VALUES('192740758958827','498538478027687','20')
INSERT INTO CategoriesPortals (UniqueID,CatID,PortalID) VALUES('310845577814334','498538478027687','0')
INSERT INTO Categories (CatID,ListUnder,CategoryName,Description,Keywords,CatType,Moderator,AccessKeys,WriteKeys,SEODescription,SEOPageTitle,ManageKeys,AccessHide,WriteHide,ExcPortalSecurity,Weight,ShowList,Sharing) VALUES('218142130344525','181537501518755','Associations','','','','Moderator','|2|,|3|,|1|,|4|','|2|,|3|,|4|','','','|2|','0','0','0','2000','1','1')
INSERT INTO CategoriesModules (UniqueID,CatID,ModuleID) VALUES('203994526643114','218142130344525','20')
INSERT INTO CategoriesPortals (UniqueID,CatID,PortalID) VALUES('174607746454476','218142130344525','0')
INSERT INTO Categories (CatID,ListUnder,CategoryName,Description,Keywords,CatType,Moderator,AccessKeys,WriteKeys,SEODescription,SEOPageTitle,ManageKeys,AccessHide,WriteHide,ExcPortalSecurity,Weight,ShowList,Sharing) VALUES('261020053631345','144315891422463','Associations','','','','Moderator','|2|,|3|,|1|,|4|','|2|,|3|,|4|','','','|2|','0','0','0','2000','1','1')
INSERT INTO CategoriesModules (UniqueID,CatID,ModuleID) VALUES('155652855925773','261020053631345','20')
INSERT INTO CategoriesPortals (UniqueID,CatID,PortalID) VALUES('211245314273481','261020053631345','0')
INSERT INTO Categories (CatID,ListUnder,CategoryName,Description,Keywords,CatType,Moderator,AccessKeys,WriteKeys,SEODescription,SEOPageTitle,ManageKeys,AccessHide,WriteHide,ExcPortalSecurity,Weight,ShowList,Sharing) VALUES('208023477674233','161898503042338','Associations','','','','Moderator','|2|,|3|,|1|,|4|','|2|,|3|,|4|','','','|2|','0','0','0','2000','1','1')
INSERT INTO CategoriesModules (UniqueID,CatID,ModuleID) VALUES('110234037136476','208023477674233','20')
INSERT INTO CategoriesPortals (UniqueID,CatID,PortalID) VALUES('918684457807508','208023477674233','0')
INSERT INTO Categories (CatID,ListUnder,CategoryName,Description,Keywords,CatType,Moderator,AccessKeys,WriteKeys,SEODescription,SEOPageTitle,ManageKeys,AccessHide,WriteHide,ExcPortalSecurity,Weight,ShowList,Sharing) VALUES('399316489542210','106491169447471','Associations','','','','Moderator','|2|,|3|,|1|,|4|','|2|,|3|,|4|','','','|2|','0','0','0','2000','1','1')
INSERT INTO CategoriesModules (UniqueID,CatID,ModuleID) VALUES('112898580545147','399316489542210','20')
INSERT INTO CategoriesPortals (UniqueID,CatID,PortalID) VALUES('178416597884357','399316489542210','0')
INSERT INTO Categories (CatID,ListUnder,CategoryName,Description,Keywords,CatType,Moderator,AccessKeys,WriteKeys,SEODescription,SEOPageTitle,ManageKeys,AccessHide,WriteHide,ExcPortalSecurity,Weight,ShowList,Sharing) VALUES('385730960955153','209036145783248','Associations','','','','Moderator','|2|,|3|,|1|,|4|','|2|,|3|,|4|','','','|2|','0','0','0','2000','1','1')
INSERT INTO CategoriesModules (UniqueID,CatID,ModuleID) VALUES('170295590122083','385730960955153','20')
INSERT INTO CategoriesPortals (UniqueID,CatID,PortalID) VALUES('464749236328540','385730960955153','0')
INSERT INTO Categories (CatID,ListUnder,CategoryName,Description,Keywords,CatType,Moderator,AccessKeys,WriteKeys,SEODescription,SEOPageTitle,ManageKeys,AccessHide,WriteHide,ExcPortalSecurity,Weight,ShowList,Sharing) VALUES('279391766322395','145561398531063','Associations','','','','Moderator','|2|,|3|,|1|,|4|','|2|,|3|,|4|','','','|2|','0','0','0','2000','1','1')
INSERT INTO CategoriesModules (UniqueID,CatID,ModuleID) VALUES('222060381502785','279391766322395','20')
INSERT INTO CategoriesPortals (UniqueID,CatID,PortalID) VALUES('608818991265159','279391766322395','0')
INSERT INTO Categories (CatID,ListUnder,CategoryName,Description,Keywords,CatType,Moderator,AccessKeys,WriteKeys,SEODescription,SEOPageTitle,ManageKeys,AccessHide,WriteHide,ExcPortalSecurity,Weight,ShowList,Sharing) VALUES('840835737884116','283931278617428','Associations','','','','Moderator','|2|,|3|,|1|,|4|','|2|,|3|,|4|','','','|2|','0','0','0','2000','1','1')
INSERT INTO CategoriesModules (UniqueID,CatID,ModuleID) VALUES('903311687654324','840835737884116','20')
INSERT INTO CategoriesPortals (UniqueID,CatID,PortalID) VALUES('985423006546265','840835737884116','0')
INSERT INTO Categories (CatID,ListUnder,CategoryName,Description,Keywords,CatType,Moderator,AccessKeys,WriteKeys,SEODescription,SEOPageTitle,ManageKeys,AccessHide,WriteHide,ExcPortalSecurity,Weight,ShowList,Sharing) VALUES('860082299763854','137369301724224','Associations','','','','Moderator','|2|,|3|,|1|,|4|','|2|,|3|,|4|','','','|2|','0','0','0','2000','1','1')
INSERT INTO CategoriesModules (UniqueID,CatID,ModuleID) VALUES('547489543505374','860082299763854','20')
INSERT INTO CategoriesPortals (UniqueID,CatID,PortalID) VALUES('196284168047446','860082299763854','0')
INSERT INTO Categories (CatID,ListUnder,CategoryName,Description,Keywords,CatType,Moderator,AccessKeys,WriteKeys,SEODescription,SEOPageTitle,ManageKeys,AccessHide,WriteHide,ExcPortalSecurity,Weight,ShowList,Sharing) VALUES('928624228517786','102651687824638','Associations','','','','Moderator','|2|,|3|,|1|,|4|','|2|,|3|,|4|','','','|2|','0','0','0','2000','1','1')
INSERT INTO CategoriesModules (UniqueID,CatID,ModuleID) VALUES('363060845776262','928624228517786','20')
INSERT INTO CategoriesPortals (UniqueID,CatID,PortalID) VALUES('907559987451165','928624228517786','0')
INSERT INTO Categories (CatID,ListUnder,CategoryName,Description,Keywords,CatType,Moderator,AccessKeys,WriteKeys,SEODescription,SEOPageTitle,ManageKeys,AccessHide,WriteHide,ExcPortalSecurity,Weight,ShowList,Sharing) VALUES('777520228256150','166717347983737','Associations','','','','Moderator','|2|,|3|,|1|,|4|','|2|,|3|,|4|','','','|2|','0','0','0','2000','1','1')
INSERT INTO CategoriesModules (UniqueID,CatID,ModuleID) VALUES('927260529759291','777520228256150','20')
INSERT INTO CategoriesPortals (UniqueID,CatID,PortalID) VALUES('725249552132057','777520228256150','0')
INSERT INTO Categories (CatID,ListUnder,CategoryName,Description,Keywords,CatType,Moderator,AccessKeys,WriteKeys,SEODescription,SEOPageTitle,ManageKeys,AccessHide,WriteHide,ExcPortalSecurity,Weight,ShowList,Sharing) VALUES('793326443432676','761893626172243','Associations','','','','Moderator','|2|,|3|,|1|,|4|','|2|,|3|,|4|','','','|2|','0','0','0','2000','1','1')
INSERT INTO CategoriesModules (UniqueID,CatID,ModuleID) VALUES('475397136164290','793326443432676','20')
INSERT INTO CategoriesPortals (UniqueID,CatID,PortalID) VALUES('213792504515481','793326443432676','0')
INSERT INTO Categories (CatID,ListUnder,CategoryName,Description,Keywords,CatType,Moderator,AccessKeys,WriteKeys,SEODescription,SEOPageTitle,ManageKeys,AccessHide,WriteHide,ExcPortalSecurity,Weight,ShowList,Sharing) VALUES('808297559291454','158828387513175','Associations','','','','Moderator','|2|,|3|,|1|,|4|','|2|,|3|,|4|','','','|2|','0','0','0','2000','1','1')
INSERT INTO CategoriesModules (UniqueID,CatID,ModuleID) VALUES('416844423201183','808297559291454','20')
INSERT INTO CategoriesPortals (UniqueID,CatID,PortalID) VALUES('108289092866883','808297559291454','0')
INSERT INTO Categories (CatID,ListUnder,CategoryName,Description,Keywords,CatType,Moderator,AccessKeys,WriteKeys,SEODescription,SEOPageTitle,ManageKeys,AccessHide,WriteHide,ExcPortalSecurity,Weight,ShowList,Sharing) VALUES('734289338465775','624121968265929','Associations','','','','Moderator','|2|,|3|,|1|,|4|','|2|,|3|,|4|','','','|2|','0','0','0','2000','1','1')
INSERT INTO CategoriesModules (UniqueID,CatID,ModuleID) VALUES('213812290574966','734289338465775','20')
INSERT INTO CategoriesPortals (UniqueID,CatID,PortalID) VALUES('172327490543604','734289338465775','0')
INSERT INTO Categories (CatID,ListUnder,CategoryName,Description,Keywords,CatType,Moderator,AccessKeys,WriteKeys,SEODescription,SEOPageTitle,ManageKeys,AccessHide,WriteHide,ExcPortalSecurity,Weight,ShowList,Sharing) VALUES('752920450222605','203370697495731','Associations','','','','Moderator','|2|,|3|,|1|,|4|','|2|,|3|,|4|','','','|2|','0','0','0','2000','1','1')
INSERT INTO CategoriesModules (UniqueID,CatID,ModuleID) VALUES('476599713575851','752920450222605','20')
INSERT INTO CategoriesPortals (UniqueID,CatID,PortalID) VALUES('101267186556556','752920450222605','0')
INSERT INTO Categories (CatID,ListUnder,CategoryName,Description,Keywords,CatType,Moderator,AccessKeys,WriteKeys,SEODescription,SEOPageTitle,ManageKeys,AccessHide,WriteHide,ExcPortalSecurity,Weight,ShowList,Sharing) VALUES('703288332083114','197531586023575','Associations','','','','Moderator','|2|,|3|,|1|,|4|','|2|,|3|,|4|','','','|2|','0','0','0','2000','1','1')
INSERT INTO CategoriesModules (UniqueID,CatID,ModuleID) VALUES('112311942974965','703288332083114','20')
INSERT INTO CategoriesPortals (UniqueID,CatID,PortalID) VALUES('321932599803586','703288332083114','0')
INSERT INTO Categories (CatID,ListUnder,CategoryName,Description,Keywords,CatType,Moderator,AccessKeys,WriteKeys,SEODescription,SEOPageTitle,ManageKeys,AccessHide,WriteHide,ExcPortalSecurity,Weight,ShowList,Sharing) VALUES('988539876504738','830096638971954','Associations','','','','Moderator','|2|,|3|,|1|,|4|','|2|,|3|,|4|','','','|2|','0','0','0','2000','1','1')
INSERT INTO CategoriesModules (UniqueID,CatID,ModuleID) VALUES('184302827428409','988539876504738','20')
INSERT INTO CategoriesPortals (UniqueID,CatID,PortalID) VALUES('697395092268746','988539876504738','0')
INSERT INTO Categories (CatID,ListUnder,CategoryName,Description,Keywords,CatType,Moderator,AccessKeys,WriteKeys,SEODescription,SEOPageTitle,ManageKeys,AccessHide,WriteHide,ExcPortalSecurity,Weight,ShowList,Sharing) VALUES('974526865718315','118889601541204','Associations','','','','Moderator','|2|,|3|,|1|,|4|','|2|,|3|,|4|','','','|2|','0','0','0','2000','1','1')
INSERT INTO CategoriesModules (UniqueID,CatID,ModuleID) VALUES('291943703184516','974526865718315','20')
INSERT INTO CategoriesPortals (UniqueID,CatID,PortalID) VALUES('271682491365733','974526865718315','0')
INSERT INTO Categories (CatID,ListUnder,CategoryName,Description,Keywords,CatType,Moderator,AccessKeys,WriteKeys,SEODescription,SEOPageTitle,ManageKeys,AccessHide,WriteHide,ExcPortalSecurity,Weight,ShowList,Sharing) VALUES('975858053045818','105769206542669','Associations','','','','Moderator','|2|,|3|,|1|,|4|','|2|,|3|,|4|','','','|2|','0','0','0','2000','1','1')
INSERT INTO CategoriesModules (UniqueID,CatID,ModuleID) VALUES('184487592357542','975858053045818','20')
INSERT INTO CategoriesPortals (UniqueID,CatID,PortalID) VALUES('108844028143506','975858053045818','0')
INSERT INTO Categories (CatID,ListUnder,CategoryName,Description,Keywords,CatType,Moderator,AccessKeys,WriteKeys,SEODescription,SEOPageTitle,ManageKeys,AccessHide,WriteHide,ExcPortalSecurity,Weight,ShowList,Sharing) VALUES('908610625834789','144178437512810','Associations -','','','','Moderator','|2|,|3|,|1|,|4|','|2|,|3|,|4|','','','|2|','0','0','0','2000','1','1')
INSERT INTO CategoriesModules (UniqueID,CatID,ModuleID) VALUES('114055221666173','908610625834789','20')
INSERT INTO CategoriesPortals (UniqueID,CatID,PortalID) VALUES('524155355833963','908610625834789','0')
INSERT INTO Categories (CatID,ListUnder,CategoryName,Description,Keywords,CatType,Moderator,AccessKeys,WriteKeys,SEODescription,SEOPageTitle,ManageKeys,AccessHide,WriteHide,ExcPortalSecurity,Weight,ShowList,Sharing) VALUES('158065268912586','154403840970612','Athletic','','','','Moderator','|2|,|3|,|1|,|4|','|2|,|3|,|4|','','','|2|','0','0','0','2000','1','1')
INSERT INTO CategoriesModules (UniqueID,CatID,ModuleID) VALUES('573130685551746','158065268912586','20')
INSERT INTO CategoriesPortals (UniqueID,CatID,PortalID) VALUES('122734177949572','158065268912586','0')
INSERT INTO Categories (CatID,ListUnder,CategoryName,Description,Keywords,CatType,Moderator,AccessKeys,WriteKeys,SEODescription,SEOPageTitle,ManageKeys,AccessHide,WriteHide,ExcPortalSecurity,Weight,ShowList,Sharing) VALUES('204676818156818','565581992163321','Attachments','','','','Moderator','|2|,|3|,|1|,|4|','|2|,|3|,|4|','','','|2|','0','0','0','2000','1','1')
INSERT INTO CategoriesModules (UniqueID,CatID,ModuleID) VALUES('121748051562144','204676818156818','20')
INSERT INTO CategoriesPortals (UniqueID,CatID,PortalID) VALUES('427090213859362','204676818156818','0')
INSERT INTO Categories (CatID,ListUnder,CategoryName,Description,Keywords,CatType,Moderator,AccessKeys,WriteKeys,SEODescription,SEOPageTitle,ManageKeys,AccessHide,WriteHide,ExcPortalSecurity,Weight,ShowList,Sharing) VALUES('699000879334581','170158016581143','ATVs','','','','Moderator','|2|,|3|,|1|,|4|','|2|,|3|,|4|','','','|2|','0','0','0','2000','1','1')
INSERT INTO CategoriesModules (UniqueID,CatID,ModuleID) VALUES('370101072678542','699000879334581','20')
INSERT INTO CategoriesPortals (UniqueID,CatID,PortalID) VALUES('142215195664272','699000879334581','0')
INSERT INTO Categories (CatID,ListUnder,CategoryName,Description,Keywords,CatType,Moderator,AccessKeys,WriteKeys,SEODescription,SEOPageTitle,ManageKeys,AccessHide,WriteHide,ExcPortalSecurity,Weight,ShowList,Sharing) VALUES('155895107220811','280965458060437','Auction Facilities','','','','Moderator','|2|,|3|,|1|,|4|','|2|,|3|,|4|','','','|2|','0','0','0','2000','1','1')
INSERT INTO CategoriesModules (UniqueID,CatID,ModuleID) VALUES('133386353953486','155895107220811','20')
INSERT INTO CategoriesPortals (UniqueID,CatID,PortalID) VALUES('119516903866402','155895107220811','0')
INSERT INTO Categories (CatID,ListUnder,CategoryName,Description,Keywords,CatType,Moderator,AccessKeys,WriteKeys,SEODescription,SEOPageTitle,ManageKeys,AccessHide,WriteHide,ExcPortalSecurity,Weight,ShowList,Sharing) VALUES('152495273052831','174578511035830','Auctions','','','','Moderator','|2|,|3|,|1|,|4|','|2|,|3|,|4|','','','|2|','0','0','0','2000','1','1')
INSERT INTO CategoriesModules (UniqueID,CatID,ModuleID) VALUES('177536376593775','152495273052831','20')
INSERT INTO CategoriesPortals (UniqueID,CatID,PortalID) VALUES('196343275459505','152495273052831','0')
INSERT INTO Categories (CatID,ListUnder,CategoryName,Description,Keywords,CatType,Moderator,AccessKeys,WriteKeys,SEODescription,SEOPageTitle,ManageKeys,AccessHide,WriteHide,ExcPortalSecurity,Weight,ShowList,Sharing) VALUES('569498448484578','183131383188741','Auctions','','','','Moderator','|2|,|3|,|1|,|4|','|2|,|3|,|4|','','','|2|','0','0','0','2000','1','1')
INSERT INTO CategoriesModules (UniqueID,CatID,ModuleID) VALUES('107309075188161','569498448484578','20')
INSERT INTO CategoriesPortals (UniqueID,CatID,PortalID) VALUES('356854083528288','569498448484578','0')
INSERT INTO Categories (CatID,ListUnder,CategoryName,Description,Keywords,CatType,Moderator,AccessKeys,WriteKeys,SEODescription,SEOPageTitle,ManageKeys,AccessHide,WriteHide,ExcPortalSecurity,Weight,ShowList,Sharing) VALUES('801722994584894','124915284722542','Auctions Brokerages Classifieds','','','','Moderator','|2|,|3|,|1|,|4|','|2|,|3|,|4|','','','|2|','0','0','0','2000','1','1')
INSERT INTO CategoriesModules (UniqueID,CatID,ModuleID) VALUES('173600204142730','801722994584894','20')
INSERT INTO CategoriesPortals (UniqueID,CatID,PortalID) VALUES('151288500038538','801722994584894','0')
INSERT INTO Categories (CatID,ListUnder,CategoryName,Description,Keywords,CatType,Moderator,AccessKeys,WriteKeys,SEODescription,SEOPageTitle,ManageKeys,AccessHide,WriteHide,ExcPortalSecurity,Weight,ShowList,Sharing) VALUES('213700788310742','138186154628395','Auctions Internet Trading','','','','Moderator','|2|,|3|,|1|,|4|','|2|,|3|,|4|','','','|2|','0','0','0','2000','1','1')
INSERT INTO CategoriesModules (UniqueID,CatID,ModuleID) VALUES('210896908312138','213700788310742','20')
INSERT INTO CategoriesPortals (UniqueID,CatID,PortalID) VALUES('186831054742562','213700788310742','0')
INSERT INTO Categories (CatID,ListUnder,CategoryName,Description,Keywords,CatType,Moderator,AccessKeys,WriteKeys,SEODescription,SEOPageTitle,ManageKeys,AccessHide,WriteHide,ExcPortalSecurity,Weight,ShowList,Sharing) VALUES('150756852269434','124915284722542','Audio','','','','Moderator','|2|,|3|,|1|,|4|','|2|,|3|,|4|','','','|2|','0','0','0','2000','1','1')
INSERT INTO CategoriesModules (UniqueID,CatID,ModuleID) VALUES('306234737145707','150756852269434','20')
INSERT INTO CategoriesPortals (UniqueID,CatID,PortalID) VALUES('812536195341234','150756852269434','0')
INSERT INTO Categories (CatID,ListUnder,CategoryName,Description,Keywords,CatType,Moderator,AccessKeys,WriteKeys,SEODescription,SEOPageTitle,ManageKeys,AccessHide,WriteHide,ExcPortalSecurity,Weight,ShowList,Sharing) VALUES('142264759957852','105602546166534','Audio','','','','Moderator','|2|,|3|,|1|,|4|','|2|,|3|,|4|','','','|2|','0','0','0','2000','1','1')
INSERT INTO CategoriesModules (UniqueID,CatID,ModuleID) VALUES('442642094388195','142264759957852','20')
INSERT INTO CategoriesPortals (UniqueID,CatID,PortalID) VALUES('572898844940227','142264759957852','0')
INSERT INTO Categories (CatID,ListUnder,CategoryName,Description,Keywords,CatType,Moderator,AccessKeys,WriteKeys,SEODescription,SEOPageTitle,ManageKeys,AccessHide,WriteHide,ExcPortalSecurity,Weight,ShowList,Sharing) VALUES('186032997883175','183131383188741','AudioVisual','','','','Moderator','|2|,|3|,|1|,|4|','|2|,|3|,|4|','','','|2|','0','0','0','2000','1','1')
INSERT INTO CategoriesModules (UniqueID,CatID,ModuleID) VALUES('103535926801140','186032997883175','20')
INSERT INTO CategoriesPortals (UniqueID,CatID,PortalID) VALUES('211824094278286','186032997883175','0')
INSERT INTO Categories (CatID,ListUnder,CategoryName,Description,Keywords,CatType,Moderator,AccessKeys,WriteKeys,SEODescription,SEOPageTitle,ManageKeys,AccessHide,WriteHide,ExcPortalSecurity,Weight,ShowList,Sharing) VALUES('968547198142258','877724855173932','Auto Racing','','','','Moderator','|2|,|3|,|1|,|4|','|2|,|3|,|4|','','','|2|','0','0','0','2000','1','1')
INSERT INTO CategoriesModules (UniqueID,CatID,ModuleID) VALUES('515643300622778','968547198142258','20')
INSERT INTO CategoriesPortals (UniqueID,CatID,PortalID) VALUES('171505370487247','968547198142258','0')
INSERT INTO Categories (CatID,ListUnder,CategoryName,Description,Keywords,CatType,Moderator,AccessKeys,WriteKeys,SEODescription,SEOPageTitle,ManageKeys,AccessHide,WriteHide,ExcPortalSecurity,Weight,ShowList,Sharing) VALUES('162187137593669','626661713511206','Auto Transport','','','','Moderator','|2|,|3|,|1|,|4|','|2|,|3|,|4|','','','|2|','0','0','0','2000','1','1')
INSERT INTO CategoriesModules (UniqueID,CatID,ModuleID) VALUES('240898504278657','162187137593669','20')
INSERT INTO CategoriesPortals (UniqueID,CatID,PortalID) VALUES('184285808374202','162187137593669','0')
INSERT INTO Categories (CatID,ListUnder,CategoryName,Description,Keywords,CatType,Moderator,AccessKeys,WriteKeys,SEODescription,SEOPageTitle,ManageKeys,AccessHide,WriteHide,ExcPortalSecurity,Weight,ShowList,Sharing) VALUES('877724855173932','0','Automotive','','','','Moderator','|2|,|3|,|1|,|4|','|2|,|3|,|4|','','','|2|','0','0','0','2000','1','1')
INSERT INTO CategoriesModules (UniqueID,CatID,ModuleID) VALUES('142233695302858','877724855173932','20')
INSERT INTO CategoriesPortals (UniqueID,CatID,PortalID) VALUES('107283593411582','877724855173932','0')
INSERT INTO Categories (CatID,ListUnder,CategoryName,Description,Keywords,CatType,Moderator,AccessKeys,WriteKeys,SEODescription,SEOPageTitle,ManageKeys,AccessHide,WriteHide,ExcPortalSecurity,Weight,ShowList,Sharing) VALUES('194091967154117','205739367724222','Aviation','','','','Moderator','|2|,|3|,|1|,|4|','|2|,|3|,|4|','','','|2|','0','0','0','2000','1','1')
INSERT INTO CategoriesModules (UniqueID,CatID,ModuleID) VALUES('107903032326784','194091967154117','20')
INSERT INTO CategoriesPortals (UniqueID,CatID,PortalID) VALUES('904807282005869','194091967154117','0')
INSERT INTO Categories (CatID,ListUnder,CategoryName,Description,Keywords,CatType,Moderator,AccessKeys,WriteKeys,SEODescription,SEOPageTitle,ManageKeys,AccessHide,WriteHide,ExcPortalSecurity,Weight,ShowList,Sharing) VALUES('115398350856753','337252452252724','Awards','','','','Moderator','|2|,|3|,|1|,|4|','|2|,|3|,|4|','','','|2|','0','0','0','2000','1','1')
INSERT INTO CategoriesModules (UniqueID,CatID,ModuleID) VALUES('128918116901700','115398350856753','20')
INSERT INTO CategoriesPortals (UniqueID,CatID,PortalID) VALUES('170575355091828','115398350856753','0')
INSERT INTO Categories (CatID,ListUnder,CategoryName,Description,Keywords,CatType,Moderator,AccessKeys,WriteKeys,SEODescription,SEOPageTitle,ManageKeys,AccessHide,WriteHide,ExcPortalSecurity,Weight,ShowList,Sharing) VALUES('174556670057673','200109804731612','B2B','','','','Moderator','|2|,|3|,|1|,|4|','|2|,|3|,|4|','','','|2|','0','0','0','2000','1','1')
INSERT INTO CategoriesModules (UniqueID,CatID,ModuleID) VALUES('191159273858637','174556670057673','20')
INSERT INTO CategoriesPortals (UniqueID,CatID,PortalID) VALUES('165888589536774','174556670057673','0')
INSERT INTO Categories (CatID,ListUnder,CategoryName,Description,Keywords,CatType,Moderator,AccessKeys,WriteKeys,SEODescription,SEOPageTitle,ManageKeys,AccessHide,WriteHide,ExcPortalSecurity,Weight,ShowList,Sharing) VALUES('613331341776642','185896419053654','Baby Equipment','','','','Moderator','|2|,|3|,|1|,|4|','|2|,|3|,|4|','','','|2|','0','0','0','2000','1','1')
INSERT INTO CategoriesModules (UniqueID,CatID,ModuleID) VALUES('857264589531760','613331341776642','20')
INSERT INTO CategoriesPortals (UniqueID,CatID,PortalID) VALUES('156366240078155','613331341776642','0')
INSERT INTO Categories (CatID,ListUnder,CategoryName,Description,Keywords,CatType,Moderator,AccessKeys,WriteKeys,SEODescription,SEOPageTitle,ManageKeys,AccessHide,WriteHide,ExcPortalSecurity,Weight,ShowList,Sharing) VALUES('648897535662343','180637350615341','Baby Food','','','','Moderator','|2|,|3|,|1|,|4|','|2|,|3|,|4|','','','|2|','0','0','0','2000','1','1')
INSERT INTO CategoriesModules (UniqueID,CatID,ModuleID) VALUES('799509093131692','648897535662343','20')
INSERT INTO CategoriesPortals (UniqueID,CatID,PortalID) VALUES('127840620869416','648897535662343','0')
INSERT INTO Categories (CatID,ListUnder,CategoryName,Description,Keywords,CatType,Moderator,AccessKeys,WriteKeys,SEODescription,SEOPageTitle,ManageKeys,AccessHide,WriteHide,ExcPortalSecurity,Weight,ShowList,Sharing) VALUES('190146117617560','802004287975747','Baby Toddler','','','','Moderator','|2|,|3|,|1|,|4|','|2|,|3|,|4|','','','|2|','0','0','0','2000','1','1')
INSERT INTO CategoriesModules (UniqueID,CatID,ModuleID) VALUES('109058642376932','190146117617560','20')
INSERT INTO CategoriesPortals (UniqueID,CatID,PortalID) VALUES('155842713682015','190146117617560','0')
INSERT INTO Categories (CatID,ListUnder,CategoryName,Description,Keywords,CatType,Moderator,AccessKeys,WriteKeys,SEODescription,SEOPageTitle,ManageKeys,AccessHide,WriteHide,ExcPortalSecurity,Weight,ShowList,Sharing) VALUES('561430381406236','151892552522651','Back Office','','','','Moderator','|2|,|3|,|1|,|4|','|2|,|3|,|4|','','','|2|','0','0','0','2000','1','1')
INSERT INTO CategoriesModules (UniqueID,CatID,ModuleID) VALUES('503527362837366','561430381406236','20')
INSERT INTO CategoriesPortals (UniqueID,CatID,PortalID) VALUES('703394751971548','561430381406236','0')
INSERT INTO Categories (CatID,ListUnder,CategoryName,Description,Keywords,CatType,Moderator,AccessKeys,WriteKeys,SEODescription,SEOPageTitle,ManageKeys,AccessHide,WriteHide,ExcPortalSecurity,Weight,ShowList,Sharing) VALUES('191930078745580','876783193816423','Bags Back Packs','','','','Moderator','|2|,|3|,|1|,|4|','|2|,|3|,|4|','','','|2|','0','0','0','2000','1','1')
INSERT INTO CategoriesModules (UniqueID,CatID,ModuleID) VALUES('391101648531153','191930078745580','20')
INSERT INTO CategoriesPortals (UniqueID,CatID,PortalID) VALUES('667347043615852','191930078745580','0')
INSERT INTO Categories (CatID,ListUnder,CategoryName,Description,Keywords,CatType,Moderator,AccessKeys,WriteKeys,SEODescription,SEOPageTitle,ManageKeys,AccessHide,WriteHide,ExcPortalSecurity,Weight,ShowList,Sharing) VALUES('207066097723731','608935416935494','Bail Recover','','','','Moderator','|2|,|3|,|1|,|4|','|2|,|3|,|4|','','','|2|','0','0','0','2000','1','1')
INSERT INTO CategoriesModules (UniqueID,CatID,ModuleID) VALUES('255914174384314','207066097723731','20')
INSERT INTO CategoriesPortals (UniqueID,CatID,PortalID) VALUES('524127627687600','207066097723731','0')
INSERT INTO Categories (CatID,ListUnder,CategoryName,Description,Keywords,CatType,Moderator,AccessKeys,WriteKeys,SEODescription,SEOPageTitle,ManageKeys,AccessHide,WriteHide,ExcPortalSecurity,Weight,ShowList,Sharing) VALUES('180965748237478','180637350615341','Baked Goods','','','','Moderator','|2|,|3|,|1|,|4|','|2|,|3|,|4|','','','|2|','0','0','0','2000','1','1')
INSERT INTO CategoriesModules (UniqueID,CatID,ModuleID) VALUES('149399175365197','180965748237478','20')
INSERT INTO CategoriesPortals (UniqueID,CatID,PortalID) VALUES('121832917196488','180965748237478','0')
INSERT INTO Categories (CatID,ListUnder,CategoryName,Description,Keywords,CatType,Moderator,AccessKeys,WriteKeys,SEODescription,SEOPageTitle,ManageKeys,AccessHide,WriteHide,ExcPortalSecurity,Weight,ShowList,Sharing) VALUES('427487622002263','941546425030488','Bakeries','','','','Moderator','|2|,|3|,|1|,|4|','|2|,|3|,|4|','','','|2|','0','0','0','2000','1','1')
INSERT INTO CategoriesModules (UniqueID,CatID,ModuleID) VALUES('879186238532952','427487622002263','20')
INSERT INTO CategoriesPortals (UniqueID,CatID,PortalID) VALUES('146249961528659','427487622002263','0')
INSERT INTO Categories (CatID,ListUnder,CategoryName,Description,Keywords,CatType,Moderator,AccessKeys,WriteKeys,SEODescription,SEOPageTitle,ManageKeys,AccessHide,WriteHide,ExcPortalSecurity,Weight,ShowList,Sharing) VALUES('159883876615682','138186154628395','Balancing Machinery Tools','','','','Moderator','|2|,|3|,|1|,|4|','|2|,|3|,|4|','','','|2|','0','0','0','2000','1','1')
INSERT INTO CategoriesModules (UniqueID,CatID,ModuleID) VALUES('118505508232534','159883876615682','20')
INSERT INTO CategoriesPortals (UniqueID,CatID,PortalID) VALUES('188841992984621','159883876615682','0')
INSERT INTO Categories (CatID,ListUnder,CategoryName,Description,Keywords,CatType,Moderator,AccessKeys,WriteKeys,SEODescription,SEOPageTitle,ManageKeys,AccessHide,WriteHide,ExcPortalSecurity,Weight,ShowList,Sharing) VALUES('191175973182147','293246790583114','Banking Services','','','','Moderator','|2|,|3|,|1|,|4|','|2|,|3|,|4|','','','|2|','0','0','0','2000','1','1')
INSERT INTO CategoriesModules (UniqueID,CatID,ModuleID) VALUES('140976265006544','191175973182147','20')
INSERT INTO CategoriesPortals (UniqueID,CatID,PortalID) VALUES('357753650001082','191175973182147','0')
INSERT INTO Categories (CatID,ListUnder,CategoryName,Description,Keywords,CatType,Moderator,AccessKeys,WriteKeys,SEODescription,SEOPageTitle,ManageKeys,AccessHide,WriteHide,ExcPortalSecurity,Weight,ShowList,Sharing) VALUES('137491725390542','105420242607528','Banks','','','','Moderator','|2|,|3|,|1|,|4|','|2|,|3|,|4|','','','|2|','0','0','0','2000','1','1')
INSERT INTO CategoriesModules (UniqueID,CatID,ModuleID) VALUES('742492186717182','137491725390542','20')
INSERT INTO CategoriesPortals (UniqueID,CatID,PortalID) VALUES('185630959168741','137491725390542','0')
INSERT INTO Categories (CatID,ListUnder,CategoryName,Description,Keywords,CatType,Moderator,AccessKeys,WriteKeys,SEODescription,SEOPageTitle,ManageKeys,AccessHide,WriteHide,ExcPortalSecurity,Weight,ShowList,Sharing) VALUES('455535870677971','191175973182147','Banks Institutions','','','','Moderator','|2|,|3|,|1|,|4|','|2|,|3|,|4|','','','|2|','0','0','0','2000','1','1')
INSERT INTO CategoriesModules (UniqueID,CatID,ModuleID) VALUES('928423198622556','455535870677971','20')
INSERT INTO CategoriesPortals (UniqueID,CatID,PortalID) VALUES('289053636675396','455535870677971','0')
INSERT INTO Categories (CatID,ListUnder,CategoryName,Description,Keywords,CatType,Moderator,AccessKeys,WriteKeys,SEODescription,SEOPageTitle,ManageKeys,AccessHide,WriteHide,ExcPortalSecurity,Weight,ShowList,Sharing) VALUES('903726822629143','941546425030488','Barbeque','','','','Moderator','|2|,|3|,|1|,|4|','|2|,|3|,|4|','','','|2|','0','0','0','2000','1','1')
INSERT INTO CategoriesModules (UniqueID,CatID,ModuleID) VALUES('143295402356638','903726822629143','20')
INSERT INTO CategoriesPortals (UniqueID,CatID,PortalID) VALUES('596332814686921','903726822629143','0')
INSERT INTO Categories (CatID,ListUnder,CategoryName,Description,Keywords,CatType,Moderator,AccessKeys,WriteKeys,SEODescription,SEOPageTitle,ManageKeys,AccessHide,WriteHide,ExcPortalSecurity,Weight,ShowList,Sharing) VALUES('117104530057263','102651687824638','Barns Structures','','','','Moderator','|2|,|3|,|1|,|4|','|2|,|3|,|4|','','','|2|','0','0','0','2000','1','1')
INSERT INTO CategoriesModules (UniqueID,CatID,ModuleID) VALUES('604732039716347','117104530057263','20')
INSERT INTO CategoriesPortals (UniqueID,CatID,PortalID) VALUES('181828387916365','117104530057263','0')
[[GO]]
INSERT INTO Categories (CatID,ListUnder,CategoryName,Description,Keywords,CatType,Moderator,AccessKeys,WriteKeys,SEODescription,SEOPageTitle,ManageKeys,AccessHide,WriteHide,ExcPortalSecurity,Weight,ShowList,Sharing) VALUES('266056340114433','150741235458101','Barriers','','','','Moderator','|2|,|3|,|1|,|4|','|2|,|3|,|4|','','','|2|','0','0','0','2000','1','1')
INSERT INTO CategoriesModules (UniqueID,CatID,ModuleID) VALUES('118800982648358','266056340114433','20')
INSERT INTO CategoriesPortals (UniqueID,CatID,PortalID) VALUES('119828916503517','266056340114433','0')
INSERT INTO Categories (CatID,ListUnder,CategoryName,Description,Keywords,CatType,Moderator,AccessKeys,WriteKeys,SEODescription,SEOPageTitle,ManageKeys,AccessHide,WriteHide,ExcPortalSecurity,Weight,ShowList,Sharing) VALUES('210742291383811','152656969788212','Bars Nightclubs','','','','Moderator','|2|,|3|,|1|,|4|','|2|,|3|,|4|','','','|2|','0','0','0','2000','1','1')
INSERT INTO CategoriesModules (UniqueID,CatID,ModuleID) VALUES('322658225323514','210742291383811','20')
INSERT INTO CategoriesPortals (UniqueID,CatID,PortalID) VALUES('300779345210671','210742291383811','0')
INSERT INTO Categories (CatID,ListUnder,CategoryName,Description,Keywords,CatType,Moderator,AccessKeys,WriteKeys,SEODescription,SEOPageTitle,ManageKeys,AccessHide,WriteHide,ExcPortalSecurity,Weight,ShowList,Sharing) VALUES('143598903616027','145561398531063','Barter','','','','Moderator','|2|,|3|,|1|,|4|','|2|,|3|,|4|','','','|2|','0','0','0','2000','1','1')
INSERT INTO CategoriesModules (UniqueID,CatID,ModuleID) VALUES('822496184436711','143598903616027','20')
INSERT INTO CategoriesPortals (UniqueID,CatID,PortalID) VALUES('284297852089545','143598903616027','0')
INSERT INTO Categories (CatID,ListUnder,CategoryName,Description,Keywords,CatType,Moderator,AccessKeys,WriteKeys,SEODescription,SEOPageTitle,ManageKeys,AccessHide,WriteHide,ExcPortalSecurity,Weight,ShowList,Sharing) VALUES('146929236542670','133529660719882','Base Metals','','','','Moderator','|2|,|3|,|1|,|4|','|2|,|3|,|4|','','','|2|','0','0','0','2000','1','1')
INSERT INTO CategoriesModules (UniqueID,CatID,ModuleID) VALUES('204538235738372','146929236542670','20')
INSERT INTO CategoriesPortals (UniqueID,CatID,PortalID) VALUES('778423913860800','146929236542670','0')
INSERT INTO Categories (CatID,ListUnder,CategoryName,Description,Keywords,CatType,Moderator,AccessKeys,WriteKeys,SEODescription,SEOPageTitle,ManageKeys,AccessHide,WriteHide,ExcPortalSecurity,Weight,ShowList,Sharing) VALUES('185703692781321','141294954067458','Basic Chemicals','','','','Moderator','|2|,|3|,|1|,|4|','|2|,|3|,|4|','','','|2|','0','0','0','2000','1','1')
INSERT INTO CategoriesModules (UniqueID,CatID,ModuleID) VALUES('168537801539530','185703692781321','20')
INSERT INTO CategoriesPortals (UniqueID,CatID,PortalID) VALUES('731275792321797','185703692781321','0')
INSERT INTO Categories (CatID,ListUnder,CategoryName,Description,Keywords,CatType,Moderator,AccessKeys,WriteKeys,SEODescription,SEOPageTitle,ManageKeys,AccessHide,WriteHide,ExcPortalSecurity,Weight,ShowList,Sharing) VALUES('172832252571100','802004287975747','Bath Pool','','','','Moderator','|2|,|3|,|1|,|4|','|2|,|3|,|4|','','','|2|','0','0','0','2000','1','1')
INSERT INTO CategoriesModules (UniqueID,CatID,ModuleID) VALUES('184276713675642','172832252571100','20')
INSERT INTO CategoriesPortals (UniqueID,CatID,PortalID) VALUES('158721444970259','172832252571100','0')
INSERT INTO Categories (CatID,ListUnder,CategoryName,Description,Keywords,CatType,Moderator,AccessKeys,WriteKeys,SEODescription,SEOPageTitle,ManageKeys,AccessHide,WriteHide,ExcPortalSecurity,Weight,ShowList,Sharing) VALUES('181274821887653','655618163243369','Batteries','','','','Moderator','|2|,|3|,|1|,|4|','|2|,|3|,|4|','','','|2|','0','0','0','2000','1','1')
INSERT INTO CategoriesModules (UniqueID,CatID,ModuleID) VALUES('143043532184031','181274821887653','20')
INSERT INTO CategoriesPortals (UniqueID,CatID,PortalID) VALUES('912831785688330','181274821887653','0')
INSERT INTO Categories (CatID,ListUnder,CategoryName,Description,Keywords,CatType,Moderator,AccessKeys,WriteKeys,SEODescription,SEOPageTitle,ManageKeys,AccessHide,WriteHide,ExcPortalSecurity,Weight,ShowList,Sharing) VALUES('681555325036853','154294030131064','Batteries','','','','Moderator','|2|,|3|,|1|,|4|','|2|,|3|,|4|','','','|2|','0','0','0','2000','1','1')
INSERT INTO CategoriesModules (UniqueID,CatID,ModuleID) VALUES('173056526486873','681555325036853','20')
INSERT INTO CategoriesPortals (UniqueID,CatID,PortalID) VALUES('111802516776102','681555325036853','0')
INSERT INTO Categories (CatID,ListUnder,CategoryName,Description,Keywords,CatType,Moderator,AccessKeys,WriteKeys,SEODescription,SEOPageTitle,ManageKeys,AccessHide,WriteHide,ExcPortalSecurity,Weight,ShowList,Sharing) VALUES('195940378428636','161240180898887','Bead Gemstone','','','','Moderator','|2|,|3|,|1|,|4|','|2|,|3|,|4|','','','|2|','0','0','0','2000','1','1')
INSERT INTO CategoriesModules (UniqueID,CatID,ModuleID) VALUES('147839871910785','195940378428636','20')
INSERT INTO CategoriesPortals (UniqueID,CatID,PortalID) VALUES('168021629287832','195940378428636','0')
INSERT INTO Categories (CatID,ListUnder,CategoryName,Description,Keywords,CatType,Moderator,AccessKeys,WriteKeys,SEODescription,SEOPageTitle,ManageKeys,AccessHide,WriteHide,ExcPortalSecurity,Weight,ShowList,Sharing) VALUES('957145151452661','169231777657067','Bearings','','','','Moderator','|2|,|3|,|1|,|4|','|2|,|3|,|4|','','','|2|','0','0','0','2000','1','1')
INSERT INTO CategoriesModules (UniqueID,CatID,ModuleID) VALUES('180005623928861','957145151452661','20')
INSERT INTO CategoriesPortals (UniqueID,CatID,PortalID) VALUES('376526565665783','957145151452661','0')
INSERT INTO Categories (CatID,ListUnder,CategoryName,Description,Keywords,CatType,Moderator,AccessKeys,WriteKeys,SEODescription,SEOPageTitle,ManageKeys,AccessHide,WriteHide,ExcPortalSecurity,Weight,ShowList,Sharing) VALUES('369223682782626','337252452252724','Beauty','','','','Moderator','|2|,|3|,|1|,|4|','|2|,|3|,|4|','','','|2|','0','0','0','2000','1','1')
INSERT INTO CategoriesModules (UniqueID,CatID,ModuleID) VALUES('493894625173386','369223682782626','20')
INSERT INTO CategoriesPortals (UniqueID,CatID,PortalID) VALUES('292207209646751','369223682782626','0')
INSERT INTO Categories (CatID,ListUnder,CategoryName,Description,Keywords,CatType,Moderator,AccessKeys,WriteKeys,SEODescription,SEOPageTitle,ManageKeys,AccessHide,WriteHide,ExcPortalSecurity,Weight,ShowList,Sharing) VALUES('145202125515135','152296721796111','Beauty Pageants','','','','Moderator','|2|,|3|,|1|,|4|','|2|,|3|,|4|','','','|2|','0','0','0','2000','1','1')
INSERT INTO CategoriesModules (UniqueID,CatID,ModuleID) VALUES('276556921687111','145202125515135','20')
INSERT INTO CategoriesPortals (UniqueID,CatID,PortalID) VALUES('118750251758916','145202125515135','0')
INSERT INTO Categories (CatID,ListUnder,CategoryName,Description,Keywords,CatType,Moderator,AccessKeys,WriteKeys,SEODescription,SEOPageTitle,ManageKeys,AccessHide,WriteHide,ExcPortalSecurity,Weight,ShowList,Sharing) VALUES('148483868124143','208392173185557','Bedding Furnishings','','','','Moderator','|2|,|3|,|1|,|4|','|2|,|3|,|4|','','','|2|','0','0','0','2000','1','1')
INSERT INTO CategoriesModules (UniqueID,CatID,ModuleID) VALUES('548136745675134','148483868124143','20')
INSERT INTO CategoriesPortals (UniqueID,CatID,PortalID) VALUES('140456191064307','148483868124143','0')
INSERT INTO Categories (CatID,ListUnder,CategoryName,Description,Keywords,CatType,Moderator,AccessKeys,WriteKeys,SEODescription,SEOPageTitle,ManageKeys,AccessHide,WriteHide,ExcPortalSecurity,Weight,ShowList,Sharing) VALUES('718517430117797','369761046869198','Beef','','','','Moderator','|2|,|3|,|1|,|4|','|2|,|3|,|4|','','','|2|','0','0','0','2000','1','1')
INSERT INTO CategoriesModules (UniqueID,CatID,ModuleID) VALUES('513503130778394','718517430117797','20')
INSERT INTO CategoriesPortals (UniqueID,CatID,PortalID) VALUES('149174242684409','718517430117797','0')
INSERT INTO Categories (CatID,ListUnder,CategoryName,Description,Keywords,CatType,Moderator,AccessKeys,WriteKeys,SEODescription,SEOPageTitle,ManageKeys,AccessHide,WriteHide,ExcPortalSecurity,Weight,ShowList,Sharing) VALUES('245718297196287','940769377248751','Beer','','','','Moderator','|2|,|3|,|1|,|4|','|2|,|3|,|4|','','','|2|','0','0','0','2000','1','1')
INSERT INTO CategoriesModules (UniqueID,CatID,ModuleID) VALUES('185259465664307','245718297196287','20')
INSERT INTO CategoriesPortals (UniqueID,CatID,PortalID) VALUES('451528539216389','245718297196287','0')
INSERT INTO Categories (CatID,ListUnder,CategoryName,Description,Keywords,CatType,Moderator,AccessKeys,WriteKeys,SEODescription,SEOPageTitle,ManageKeys,AccessHide,WriteHide,ExcPortalSecurity,Weight,ShowList,Sharing) VALUES('489818960061806','138401084934556','Benchmarking Best Practices','','','','Moderator','|2|,|3|,|1|,|4|','|2|,|3|,|4|','','','|2|','0','0','0','2000','1','1')
INSERT INTO CategoriesModules (UniqueID,CatID,ModuleID) VALUES('143055535743623','489818960061806','20')
INSERT INTO CategoriesPortals (UniqueID,CatID,PortalID) VALUES('138753785597196','489818960061806','0')
INSERT INTO Categories (CatID,ListUnder,CategoryName,Description,Keywords,CatType,Moderator,AccessKeys,WriteKeys,SEODescription,SEOPageTitle,ManageKeys,AccessHide,WriteHide,ExcPortalSecurity,Weight,ShowList,Sharing) VALUES('940769377248751','180637350615341','Beverages','','','','Moderator','|2|,|3|,|1|,|4|','|2|,|3|,|4|','','','|2|','0','0','0','2000','1','1')
INSERT INTO CategoriesModules (UniqueID,CatID,ModuleID) VALUES('185112351847658','940769377248751','20')
INSERT INTO CategoriesPortals (UniqueID,CatID,PortalID) VALUES('151541501643489','940769377248751','0')
INSERT INTO Categories (CatID,ListUnder,CategoryName,Description,Keywords,CatType,Moderator,AccessKeys,WriteKeys,SEODescription,SEOPageTitle,ManageKeys,AccessHide,WriteHide,ExcPortalSecurity,Weight,ShowList,Sharing) VALUES('175127912074352','135035747812458','Binding Finishing','','','','Moderator','|2|,|3|,|1|,|4|','|2|,|3|,|4|','','','|2|','0','0','0','2000','1','1')
INSERT INTO CategoriesModules (UniqueID,CatID,ModuleID) VALUES('565174939768131','175127912074352','20')
INSERT INTO CategoriesPortals (UniqueID,CatID,PortalID) VALUES('522035219650972','175127912074352','0')
INSERT INTO Categories (CatID,ListUnder,CategoryName,Description,Keywords,CatType,Moderator,AccessKeys,WriteKeys,SEODescription,SEOPageTitle,ManageKeys,AccessHide,WriteHide,ExcPortalSecurity,Weight,ShowList,Sharing) VALUES('179578502467371','141294954067458','Biochemical','','','','Moderator','|2|,|3|,|1|,|4|','|2|,|3|,|4|','','','|2|','0','0','0','2000','1','1')
INSERT INTO CategoriesModules (UniqueID,CatID,ModuleID) VALUES('135573930283900','179578502467371','20')
INSERT INTO CategoriesPortals (UniqueID,CatID,PortalID) VALUES('210101476275311','179578502467371','0')
INSERT INTO Categories (CatID,ListUnder,CategoryName,Description,Keywords,CatType,Moderator,AccessKeys,WriteKeys,SEODescription,SEOPageTitle,ManageKeys,AccessHide,WriteHide,ExcPortalSecurity,Weight,ShowList,Sharing) VALUES('136292533133369','216037974577765','Bioconversion','','','','Moderator','|2|,|3|,|1|,|4|','|2|,|3|,|4|','','','|2|','0','0','0','2000','1','1')
INSERT INTO CategoriesModules (UniqueID,CatID,ModuleID) VALUES('892762601535858','136292533133369','20')
INSERT INTO CategoriesPortals (UniqueID,CatID,PortalID) VALUES('126920826561165','136292533133369','0')
INSERT INTO Categories (CatID,ListUnder,CategoryName,Description,Keywords,CatType,Moderator,AccessKeys,WriteKeys,SEODescription,SEOPageTitle,ManageKeys,AccessHide,WriteHide,ExcPortalSecurity,Weight,ShowList,Sharing) VALUES('161303760373274','179511068233022','Biodefense','','','','Moderator','|2|,|3|,|1|,|4|','|2|,|3|,|4|','','','|2|','0','0','0','2000','1','1')
INSERT INTO CategoriesModules (UniqueID,CatID,ModuleID) VALUES('521929410363734','161303760373274','20')
INSERT INTO CategoriesPortals (UniqueID,CatID,PortalID) VALUES('103289498117169','161303760373274','0')
INSERT INTO Categories (CatID,ListUnder,CategoryName,Description,Keywords,CatType,Moderator,AccessKeys,WriteKeys,SEODescription,SEOPageTitle,ManageKeys,AccessHide,WriteHide,ExcPortalSecurity,Weight,ShowList,Sharing) VALUES('813520633923604','102651687824638','Biologicals','','','','Moderator','|2|,|3|,|1|,|4|','|2|,|3|,|4|','','','|2|','0','0','0','2000','1','1')
INSERT INTO CategoriesModules (UniqueID,CatID,ModuleID) VALUES('827544792546388','813520633923604','20')
INSERT INTO CategoriesPortals (UniqueID,CatID,PortalID) VALUES('197552137851546','813520633923604','0')
INSERT INTO Categories (CatID,ListUnder,CategoryName,Description,Keywords,CatType,Moderator,AccessKeys,WriteKeys,SEODescription,SEOPageTitle,ManageKeys,AccessHide,WriteHide,ExcPortalSecurity,Weight,ShowList,Sharing) VALUES('102166439047442','700966963821894','Biomass','','','','Moderator','|2|,|3|,|1|,|4|','|2|,|3|,|4|','','','|2|','0','0','0','2000','1','1')
INSERT INTO CategoriesModules (UniqueID,CatID,ModuleID) VALUES('857981444587262','102166439047442','20')
INSERT INTO CategoriesPortals (UniqueID,CatID,PortalID) VALUES('517553102721658','102166439047442','0')
INSERT INTO Categories (CatID,ListUnder,CategoryName,Description,Keywords,CatType,Moderator,AccessKeys,WriteKeys,SEODescription,SEOPageTitle,ManageKeys,AccessHide,WriteHide,ExcPortalSecurity,Weight,ShowList,Sharing) VALUES('152998355013194','120268798198852','Biopharmaceuticals','','','','Moderator','|2|,|3|,|1|,|4|','|2|,|3|,|4|','','','|2|','0','0','0','2000','1','1')
INSERT INTO CategoriesModules (UniqueID,CatID,ModuleID) VALUES('152964391022653','152998355013194','20')
INSERT INTO CategoriesPortals (UniqueID,CatID,PortalID) VALUES('194641164075650','152998355013194','0')
INSERT INTO Categories (CatID,ListUnder,CategoryName,Description,Keywords,CatType,Moderator,AccessKeys,WriteKeys,SEODescription,SEOPageTitle,ManageKeys,AccessHide,WriteHide,ExcPortalSecurity,Weight,ShowList,Sharing) VALUES('872989860814611','179578502467371','Biopolymers','','','','Moderator','|2|,|3|,|1|,|4|','|2|,|3|,|4|','','','|2|','0','0','0','2000','1','1')
INSERT INTO CategoriesModules (UniqueID,CatID,ModuleID) VALUES('930739023876732','872989860814611','20')
INSERT INTO CategoriesPortals (UniqueID,CatID,PortalID) VALUES('525427366356357','872989860814611','0')
INSERT INTO Categories (CatID,ListUnder,CategoryName,Description,Keywords,CatType,Moderator,AccessKeys,WriteKeys,SEODescription,SEOPageTitle,ManageKeys,AccessHide,WriteHide,ExcPortalSecurity,Weight,ShowList,Sharing) VALUES('295137684464675','0','Biotechnology Pharmaceuticals','','','','Moderator','|2|,|3|,|1|,|4|','|2|,|3|,|4|','','','|2|','0','0','0','2000','1','1')
INSERT INTO CategoriesModules (UniqueID,CatID,ModuleID) VALUES('459737434317856','295137684464675','20')
INSERT INTO CategoriesPortals (UniqueID,CatID,PortalID) VALUES('192920840774602','295137684464675','0')
INSERT INTO Categories (CatID,ListUnder,CategoryName,Description,Keywords,CatType,Moderator,AccessKeys,WriteKeys,SEODescription,SEOPageTitle,ManageKeys,AccessHide,WriteHide,ExcPortalSecurity,Weight,ShowList,Sharing) VALUES('182210288866935','958371704146931','Birds','','','','Moderator','|2|,|3|,|1|,|4|','|2|,|3|,|4|','','','|2|','0','0','0','2000','1','1')
INSERT INTO CategoriesModules (UniqueID,CatID,ModuleID) VALUES('227554931587972','182210288866935','20')
INSERT INTO CategoriesPortals (UniqueID,CatID,PortalID) VALUES('166952705814204','182210288866935','0')
INSERT INTO Categories (CatID,ListUnder,CategoryName,Description,Keywords,CatType,Moderator,AccessKeys,WriteKeys,SEODescription,SEOPageTitle,ManageKeys,AccessHide,WriteHide,ExcPortalSecurity,Weight,ShowList,Sharing) VALUES('315559659874244','280965458060437','Bison','','','','Moderator','|2|,|3|,|1|,|4|','|2|,|3|,|4|','','','|2|','0','0','0','2000','1','1')
INSERT INTO CategoriesModules (UniqueID,CatID,ModuleID) VALUES('322943846816792','315559659874244','20')
INSERT INTO CategoriesPortals (UniqueID,CatID,PortalID) VALUES('209331151418393','315559659874244','0')
INSERT INTO Categories (CatID,ListUnder,CategoryName,Description,Keywords,CatType,Moderator,AccessKeys,WriteKeys,SEODescription,SEOPageTitle,ManageKeys,AccessHide,WriteHide,ExcPortalSecurity,Weight,ShowList,Sharing) VALUES('162695133944756','185896419053654','Blankets Bedding','','','','Moderator','|2|,|3|,|1|,|4|','|2|,|3|,|4|','','','|2|','0','0','0','2000','1','1')
INSERT INTO CategoriesModules (UniqueID,CatID,ModuleID) VALUES('482525090626238','162695133944756','20')
INSERT INTO CategoriesPortals (UniqueID,CatID,PortalID) VALUES('638318039874785','162695133944756','0')
INSERT INTO Categories (CatID,ListUnder,CategoryName,Description,Keywords,CatType,Moderator,AccessKeys,WriteKeys,SEODescription,SEOPageTitle,ManageKeys,AccessHide,WriteHide,ExcPortalSecurity,Weight,ShowList,Sharing) VALUES('117856229325173','114920625952363','Boat Financing','','','','Moderator','|2|,|3|,|1|,|4|','|2|,|3|,|4|','','','|2|','0','0','0','2000','1','1')
INSERT INTO CategoriesModules (UniqueID,CatID,ModuleID) VALUES('502548652523141','117856229325173','20')
INSERT INTO CategoriesPortals (UniqueID,CatID,PortalID) VALUES('182583899411027','117856229325173','0')
INSERT INTO Categories (CatID,ListUnder,CategoryName,Description,Keywords,CatType,Moderator,AccessKeys,WriteKeys,SEODescription,SEOPageTitle,ManageKeys,AccessHide,WriteHide,ExcPortalSecurity,Weight,ShowList,Sharing) VALUES('372528317804627','337252452252724','Boating','','','','Moderator','|2|,|3|,|1|,|4|','|2|,|3|,|4|','','','|2|','0','0','0','2000','1','1')
INSERT INTO CategoriesModules (UniqueID,CatID,ModuleID) VALUES('919427250869768','372528317804627','20')
INSERT INTO CategoriesPortals (UniqueID,CatID,PortalID) VALUES('257501457631882','372528317804627','0')
INSERT INTO Categories (CatID,ListUnder,CategoryName,Description,Keywords,CatType,Moderator,AccessKeys,WriteKeys,SEODescription,SEOPageTitle,ManageKeys,AccessHide,WriteHide,ExcPortalSecurity,Weight,ShowList,Sharing) VALUES('153658483188551','372528317804627','Boats','','','','Moderator','|2|,|3|,|1|,|4|','|2|,|3|,|4|','','','|2|','0','0','0','2000','1','1')
INSERT INTO CategoriesModules (UniqueID,CatID,ModuleID) VALUES('237198113671759','153658483188551','20')
INSERT INTO CategoriesPortals (UniqueID,CatID,PortalID) VALUES('173672843114073','153658483188551','0')
INSERT INTO Categories (CatID,ListUnder,CategoryName,Description,Keywords,CatType,Moderator,AccessKeys,WriteKeys,SEODescription,SEOPageTitle,ManageKeys,AccessHide,WriteHide,ExcPortalSecurity,Weight,ShowList,Sharing) VALUES('202660177297785','210756158054894','Bonds','','','','Moderator','|2|,|3|,|1|,|4|','|2|,|3|,|4|','','','|2|','0','0','0','2000','1','1')
INSERT INTO CategoriesModules (UniqueID,CatID,ModuleID) VALUES('135606340138127','202660177297785','20')
INSERT INTO CategoriesPortals (UniqueID,CatID,PortalID) VALUES('157630702587523','202660177297785','0')
INSERT INTO Categories (CatID,ListUnder,CategoryName,Description,Keywords,CatType,Moderator,AccessKeys,WriteKeys,SEODescription,SEOPageTitle,ManageKeys,AccessHide,WriteHide,ExcPortalSecurity,Weight,ShowList,Sharing) VALUES('195921547133078','186117298227345','Book Reviews','','','','Moderator','|2|,|3|,|1|,|4|','|2|,|3|,|4|','','','|2|','0','0','0','2000','1','1')
INSERT INTO CategoriesModules (UniqueID,CatID,ModuleID) VALUES('155183617442132','195921547133078','20')
INSERT INTO CategoriesPortals (UniqueID,CatID,PortalID) VALUES('266767740712888','195921547133078','0')
INSERT INTO Categories (CatID,ListUnder,CategoryName,Description,Keywords,CatType,Moderator,AccessKeys,WriteKeys,SEODescription,SEOPageTitle,ManageKeys,AccessHide,WriteHide,ExcPortalSecurity,Weight,ShowList,Sharing) VALUES('238385310691937','158188270226404','Books','','','','Moderator','|2|,|3|,|1|,|4|','|2|,|3|,|4|','','','|2|','0','0','0','2000','1','1')
INSERT INTO CategoriesModules (UniqueID,CatID,ModuleID) VALUES('795967413384236','238385310691937','20')
INSERT INTO CategoriesPortals (UniqueID,CatID,PortalID) VALUES('180445401450183','238385310691937','0')
INSERT INTO Categories (CatID,ListUnder,CategoryName,Description,Keywords,CatType,Moderator,AccessKeys,WriteKeys,SEODescription,SEOPageTitle,ManageKeys,AccessHide,WriteHide,ExcPortalSecurity,Weight,ShowList,Sharing) VALUES('123204697811485','454474966627687','Bottles Jars Cans','','','','Moderator','|2|,|3|,|1|,|4|','|2|,|3|,|4|','','','|2|','0','0','0','2000','1','1')
INSERT INTO CategoriesModules (UniqueID,CatID,ModuleID) VALUES('107849910257131','123204697811485','20')
INSERT INTO CategoriesPortals (UniqueID,CatID,PortalID) VALUES('402098153136222','123204697811485','0')
INSERT INTO Categories (CatID,ListUnder,CategoryName,Description,Keywords,CatType,Moderator,AccessKeys,WriteKeys,SEODescription,SEOPageTitle,ManageKeys,AccessHide,WriteHide,ExcPortalSecurity,Weight,ShowList,Sharing) VALUES('163280379216768','213563058167417','Br ing','','','','Moderator','|2|,|3|,|1|,|4|','|2|,|3|,|4|','','','|2|','0','0','0','2000','1','1')
INSERT INTO CategoriesModules (UniqueID,CatID,ModuleID) VALUES('569915780982863','163280379216768','20')
INSERT INTO CategoriesPortals (UniqueID,CatID,PortalID) VALUES('639996228289530','163280379216768','0')
INSERT INTO Categories (CatID,ListUnder,CategoryName,Description,Keywords,CatType,Moderator,AccessKeys,WriteKeys,SEODescription,SEOPageTitle,ManageKeys,AccessHide,WriteHide,ExcPortalSecurity,Weight,ShowList,Sharing) VALUES('145592714834824','753824677183576','Brakes','','','','Moderator','|2|,|3|,|1|,|4|','|2|,|3|,|4|','','','|2|','0','0','0','2000','1','1')
INSERT INTO CategoriesModules (UniqueID,CatID,ModuleID) VALUES('175422576823938','145592714834824','20')
INSERT INTO CategoriesPortals (UniqueID,CatID,PortalID) VALUES('979137433381970','145592714834824','0')
INSERT INTO Categories (CatID,ListUnder,CategoryName,Description,Keywords,CatType,Moderator,AccessKeys,WriteKeys,SEODescription,SEOPageTitle,ManageKeys,AccessHide,WriteHide,ExcPortalSecurity,Weight,ShowList,Sharing) VALUES('174448918533783','180965748237478','Bread','','','','Moderator','|2|,|3|,|1|,|4|','|2|,|3|,|4|','','','|2|','0','0','0','2000','1','1')
INSERT INTO CategoriesModules (UniqueID,CatID,ModuleID) VALUES('558845236260260','174448918533783','20')
INSERT INTO CategoriesPortals (UniqueID,CatID,PortalID) VALUES('124721390250870','174448918533783','0')
INSERT INTO Categories (CatID,ListUnder,CategoryName,Description,Keywords,CatType,Moderator,AccessKeys,WriteKeys,SEODescription,SEOPageTitle,ManageKeys,AccessHide,WriteHide,ExcPortalSecurity,Weight,ShowList,Sharing) VALUES('117366223266888','941546425030488','Brewpubs Sportsbars','','','','Moderator','|2|,|3|,|1|,|4|','|2|,|3|,|4|','','','|2|','0','0','0','2000','1','1')
INSERT INTO CategoriesModules (UniqueID,CatID,ModuleID) VALUES('167628097442850','117366223266888','20')
INSERT INTO CategoriesPortals (UniqueID,CatID,PortalID) VALUES('107512805431826','117366223266888','0')
INSERT INTO Categories (CatID,ListUnder,CategoryName,Description,Keywords,CatType,Moderator,AccessKeys,WriteKeys,SEODescription,SEOPageTitle,ManageKeys,AccessHide,WriteHide,ExcPortalSecurity,Weight,ShowList,Sharing) VALUES('288147416415746','207494574995551','Bridges Routers','','','','Moderator','|2|,|3|,|1|,|4|','|2|,|3|,|4|','','','|2|','0','0','0','2000','1','1')
INSERT INTO CategoriesModules (UniqueID,CatID,ModuleID) VALUES('108728544667434','288147416415746','20')
INSERT INTO CategoriesPortals (UniqueID,CatID,PortalID) VALUES('794500616750081','288147416415746','0')
INSERT INTO Categories (CatID,ListUnder,CategoryName,Description,Keywords,CatType,Moderator,AccessKeys,WriteKeys,SEODescription,SEOPageTitle,ManageKeys,AccessHide,WriteHide,ExcPortalSecurity,Weight,ShowList,Sharing) VALUES('608572611877875','207494574995551','Broadb','','','','Moderator','|2|,|3|,|1|,|4|','|2|,|3|,|4|','','','|2|','0','0','0','2000','1','1')
INSERT INTO CategoriesModules (UniqueID,CatID,ModuleID) VALUES('733345231300733','608572611877875','20')
INSERT INTO CategoriesPortals (UniqueID,CatID,PortalID) VALUES('241312569671051','608572611877875','0')
INSERT INTO Categories (CatID,ListUnder,CategoryName,Description,Keywords,CatType,Moderator,AccessKeys,WriteKeys,SEODescription,SEOPageTitle,ManageKeys,AccessHide,WriteHide,ExcPortalSecurity,Weight,ShowList,Sharing) VALUES('187706845155545','124915284722542','Broadcast','','','','Moderator','|2|,|3|,|1|,|4|','|2|,|3|,|4|','','','|2|','0','0','0','2000','1','1')
INSERT INTO CategoriesModules (UniqueID,CatID,ModuleID) VALUES('424617961622377','187706845155545','20')
INSERT INTO CategoriesPortals (UniqueID,CatID,PortalID) VALUES('117777821087182','187706845155545','0')
INSERT INTO Categories (CatID,ListUnder,CategoryName,Description,Keywords,CatType,Moderator,AccessKeys,WriteKeys,SEODescription,SEOPageTitle,ManageKeys,AccessHide,WriteHide,ExcPortalSecurity,Weight,ShowList,Sharing) VALUES('187009879658815','938877619938672','Brokerages','','','','Moderator','|2|,|3|,|1|,|4|','|2|,|3|,|4|','','','|2|','0','0','0','2000','1','1')
INSERT INTO CategoriesModules (UniqueID,CatID,ModuleID) VALUES('460689490711818','187009879658815','20')
INSERT INTO CategoriesPortals (UniqueID,CatID,PortalID) VALUES('116598352277517','187009879658815','0')
INSERT INTO Categories (CatID,ListUnder,CategoryName,Description,Keywords,CatType,Moderator,AccessKeys,WriteKeys,SEODescription,SEOPageTitle,ManageKeys,AccessHide,WriteHide,ExcPortalSecurity,Weight,ShowList,Sharing) VALUES('114425489916191','121738407646224','Brokerages','','','','Moderator','|2|,|3|,|1|,|4|','|2|,|3|,|4|','','','|2|','0','0','0','2000','1','1')
INSERT INTO CategoriesModules (UniqueID,CatID,ModuleID) VALUES('187751085365366','114425489916191','20')
INSERT INTO CategoriesPortals (UniqueID,CatID,PortalID) VALUES('508828824144597','114425489916191','0')
INSERT INTO Categories (CatID,ListUnder,CategoryName,Description,Keywords,CatType,Moderator,AccessKeys,WriteKeys,SEODescription,SEOPageTitle,ManageKeys,AccessHide,WriteHide,ExcPortalSecurity,Weight,ShowList,Sharing) VALUES('108269828676772','445336333851184','Brokerages','','','','Moderator','|2|,|3|,|1|,|4|','|2|,|3|,|4|','','','|2|','0','0','0','2000','1','1')
INSERT INTO CategoriesModules (UniqueID,CatID,ModuleID) VALUES('199449730351292','108269828676772','20')
INSERT INTO CategoriesPortals (UniqueID,CatID,PortalID) VALUES('619718697511124','108269828676772','0')
INSERT INTO Categories (CatID,ListUnder,CategoryName,Description,Keywords,CatType,Moderator,AccessKeys,WriteKeys,SEODescription,SEOPageTitle,ManageKeys,AccessHide,WriteHide,ExcPortalSecurity,Weight,ShowList,Sharing) VALUES('943998601411373','181537501518755','Brokerages','','','','Moderator','|2|,|3|,|1|,|4|','|2|,|3|,|4|','','','|2|','0','0','0','2000','1','1')
INSERT INTO CategoriesModules (UniqueID,CatID,ModuleID) VALUES('668037512217294','943998601411373','20')
INSERT INTO CategoriesPortals (UniqueID,CatID,PortalID) VALUES('202543458571834','943998601411373','0')
INSERT INTO Categories (CatID,ListUnder,CategoryName,Description,Keywords,CatType,Moderator,AccessKeys,WriteKeys,SEODescription,SEOPageTitle,ManageKeys,AccessHide,WriteHide,ExcPortalSecurity,Weight,ShowList,Sharing) VALUES('517289138716256','180637350615341','Brokers','','','','Moderator','|2|,|3|,|1|,|4|','|2|,|3|,|4|','','','|2|','0','0','0','2000','1','1')
INSERT INTO CategoriesModules (UniqueID,CatID,ModuleID) VALUES('941892428261348','517289138716256','20')
INSERT INTO CategoriesPortals (UniqueID,CatID,PortalID) VALUES('156782739182461','517289138716256','0')
INSERT INTO Categories (CatID,ListUnder,CategoryName,Description,Keywords,CatType,Moderator,AccessKeys,WriteKeys,SEODescription,SEOPageTitle,ManageKeys,AccessHide,WriteHide,ExcPortalSecurity,Weight,ShowList,Sharing) VALUES('249615660556672','154437582882648','Brokers','','','','Moderator','|2|,|3|,|1|,|4|','|2|,|3|,|4|','','','|2|','0','0','0','2000','1','1')
INSERT INTO CategoriesModules (UniqueID,CatID,ModuleID) VALUES('759481241975415','249615660556672','20')
INSERT INTO CategoriesPortals (UniqueID,CatID,PortalID) VALUES('199256277935548','249615660556672','0')
INSERT INTO Categories (CatID,ListUnder,CategoryName,Description,Keywords,CatType,Moderator,AccessKeys,WriteKeys,SEODescription,SEOPageTitle,ManageKeys,AccessHide,WriteHide,ExcPortalSecurity,Weight,ShowList,Sharing) VALUES('827154651610502','626661713511206','Brokers Bid Services','','','','Moderator','|2|,|3|,|1|,|4|','|2|,|3|,|4|','','','|2|','0','0','0','2000','1','1')
INSERT INTO CategoriesModules (UniqueID,CatID,ModuleID) VALUES('153034947565812','827154651610502','20')
INSERT INTO CategoriesPortals (UniqueID,CatID,PortalID) VALUES('146418544977541','827154651610502','0')
INSERT INTO Categories (CatID,ListUnder,CategoryName,Description,Keywords,CatType,Moderator,AccessKeys,WriteKeys,SEODescription,SEOPageTitle,ManageKeys,AccessHide,WriteHide,ExcPortalSecurity,Weight,ShowList,Sharing) VALUES('157490818042131','565581992163321','Brokers Dealers','','','','Moderator','|2|,|3|,|1|,|4|','|2|,|3|,|4|','','','|2|','0','0','0','2000','1','1')
INSERT INTO CategoriesModules (UniqueID,CatID,ModuleID) VALUES('170518429973610','157490818042131','20')
INSERT INTO CategoriesPortals (UniqueID,CatID,PortalID) VALUES('208234036738737','157490818042131','0')
INSERT INTO Categories (CatID,ListUnder,CategoryName,Description,Keywords,CatType,Moderator,AccessKeys,WriteKeys,SEODescription,SEOPageTitle,ManageKeys,AccessHide,WriteHide,ExcPortalSecurity,Weight,ShowList,Sharing) VALUES('357627186495678','155144268747187','Brokers Marketplaces','','','','Moderator','|2|,|3|,|1|,|4|','|2|,|3|,|4|','','','|2|','0','0','0','2000','1','1')
INSERT INTO CategoriesModules (UniqueID,CatID,ModuleID) VALUES('587893696814576','357627186495678','20')
INSERT INTO CategoriesPortals (UniqueID,CatID,PortalID) VALUES('178338005380643','357627186495678','0')
INSERT INTO Categories (CatID,ListUnder,CategoryName,Description,Keywords,CatType,Moderator,AccessKeys,WriteKeys,SEODescription,SEOPageTitle,ManageKeys,AccessHide,WriteHide,ExcPortalSecurity,Weight,ShowList,Sharing) VALUES('138590311467688','514484672265053','Building Decorative Arts','','','','Moderator','|2|,|3|,|1|,|4|','|2|,|3|,|4|','','','|2|','0','0','0','2000','1','1')
INSERT INTO CategoriesModules (UniqueID,CatID,ModuleID) VALUES('379163026747523','138590311467688','20')
INSERT INTO CategoriesPortals (UniqueID,CatID,PortalID) VALUES('142616251172445','138590311467688','0')
INSERT INTO Categories (CatID,ListUnder,CategoryName,Description,Keywords,CatType,Moderator,AccessKeys,WriteKeys,SEODescription,SEOPageTitle,ManageKeys,AccessHide,WriteHide,ExcPortalSecurity,Weight,ShowList,Sharing) VALUES('122650057971266','514484672265053','Building Designers','','','','Moderator','|2|,|3|,|1|,|4|','|2|,|3|,|4|','','','|2|','0','0','0','2000','1','1')
INSERT INTO CategoriesModules (UniqueID,CatID,ModuleID) VALUES('108359248428637','122650057971266','20')
INSERT INTO CategoriesPortals (UniqueID,CatID,PortalID) VALUES('109794892058333','122650057971266','0')
INSERT INTO Categories (CatID,ListUnder,CategoryName,Description,Keywords,CatType,Moderator,AccessKeys,WriteKeys,SEODescription,SEOPageTitle,ManageKeys,AccessHide,WriteHide,ExcPortalSecurity,Weight,ShowList,Sharing) VALUES('271245156362734','138186154628395','Building Materials Manufacturing Machinery','','','','Moderator','|2|,|3|,|1|,|4|','|2|,|3|,|4|','','','|2|','0','0','0','2000','1','1')
INSERT INTO CategoriesModules (UniqueID,CatID,ModuleID) VALUES('100759687034182','271245156362734','20')
INSERT INTO CategoriesPortals (UniqueID,CatID,PortalID) VALUES('195354440681423','271245156362734','0')
INSERT INTO Categories (CatID,ListUnder,CategoryName,Description,Keywords,CatType,Moderator,AccessKeys,WriteKeys,SEODescription,SEOPageTitle,ManageKeys,AccessHide,WriteHide,ExcPortalSecurity,Weight,ShowList,Sharing) VALUES('301518407739005','144315891422463','Building Types','','','','Moderator','|2|,|3|,|1|,|4|','|2|,|3|,|4|','','','|2|','0','0','0','2000','1','1')
INSERT INTO CategoriesModules (UniqueID,CatID,ModuleID) VALUES('197866377475126','301518407739005','20')
INSERT INTO CategoriesPortals (UniqueID,CatID,PortalID) VALUES('689574560443066','301518407739005','0')
INSERT INTO Categories (CatID,ListUnder,CategoryName,Description,Keywords,CatType,Moderator,AccessKeys,WriteKeys,SEODescription,SEOPageTitle,ManageKeys,AccessHide,WriteHide,ExcPortalSecurity,Weight,ShowList,Sharing) VALUES('137583520641679','540584033104514','Bulletin Boards','','','','Moderator','|2|,|3|,|1|,|4|','|2|,|3|,|4|','','','|2|','0','0','0','2000','1','1')
INSERT INTO CategoriesModules (UniqueID,CatID,ModuleID) VALUES('206563924868223','137583520641679','20')
INSERT INTO CategoriesPortals (UniqueID,CatID,PortalID) VALUES('193079487040281','137583520641679','0')
INSERT INTO Categories (CatID,ListUnder,CategoryName,Description,Keywords,CatType,Moderator,AccessKeys,WriteKeys,SEODescription,SEOPageTitle,ManageKeys,AccessHide,WriteHide,ExcPortalSecurity,Weight,ShowList,Sharing) VALUES('528752213567745','941546425030488','Burgers','','','','Moderator','|2|,|3|,|1|,|4|','|2|,|3|,|4|','','','|2|','0','0','0','2000','1','1')
INSERT INTO CategoriesModules (UniqueID,CatID,ModuleID) VALUES('558069246131119','528752213567745','20')
INSERT INTO CategoriesPortals (UniqueID,CatID,PortalID) VALUES('851878293695624','528752213567745','0')
INSERT INTO Categories (CatID,ListUnder,CategoryName,Description,Keywords,CatType,Moderator,AccessKeys,WriteKeys,SEODescription,SEOPageTitle,ManageKeys,AccessHide,WriteHide,ExcPortalSecurity,Weight,ShowList,Sharing) VALUES('138154400322839','205739367724222','Bus','','','','Moderator','|2|,|3|,|1|,|4|','|2|,|3|,|4|','','','|2|','0','0','0','2000','1','1')
INSERT INTO CategoriesModules (UniqueID,CatID,ModuleID) VALUES('251088262840758','138154400322839','20')
INSERT INTO CategoriesPortals (UniqueID,CatID,PortalID) VALUES('109533186012321','138154400322839','0')
INSERT INTO Categories (CatID,ListUnder,CategoryName,Description,Keywords,CatType,Moderator,AccessKeys,WriteKeys,SEODescription,SEOPageTitle,ManageKeys,AccessHide,WriteHide,ExcPortalSecurity,Weight,ShowList,Sharing) VALUES('493452085877484','158169661671233','Business Brokers','','','','Moderator','|2|,|3|,|1|,|4|','|2|,|3|,|4|','','','|2|','0','0','0','2000','1','1')
INSERT INTO CategoriesModules (UniqueID,CatID,ModuleID) VALUES('857953219098160','493452085877484','20')
INSERT INTO CategoriesPortals (UniqueID,CatID,PortalID) VALUES('107056606239573','493452085877484','0')
INSERT INTO Categories (CatID,ListUnder,CategoryName,Description,Keywords,CatType,Moderator,AccessKeys,WriteKeys,SEODescription,SEOPageTitle,ManageKeys,AccessHide,WriteHide,ExcPortalSecurity,Weight,ShowList,Sharing) VALUES('668266170700130','400067325697329','Business Development','','','','Moderator','|2|,|3|,|1|,|4|','|2|,|3|,|4|','','','|2|','0','0','0','2000','1','1')
INSERT INTO CategoriesModules (UniqueID,CatID,ModuleID) VALUES('213591456748683','668266170700130','20')
INSERT INTO CategoriesPortals (UniqueID,CatID,PortalID) VALUES('743677840768631','668266170700130','0')
INSERT INTO Categories (CatID,ListUnder,CategoryName,Description,Keywords,CatType,Moderator,AccessKeys,WriteKeys,SEODescription,SEOPageTitle,ManageKeys,AccessHide,WriteHide,ExcPortalSecurity,Weight,ShowList,Sharing) VALUES('921741086485658','182970756871112','Business Formation','','','','Moderator','|2|,|3|,|1|,|4|','|2|,|3|,|4|','','','|2|','0','0','0','2000','1','1')
INSERT INTO CategoriesModules (UniqueID,CatID,ModuleID) VALUES('184001922413994','921741086485658','20')
INSERT INTO CategoriesPortals (UniqueID,CatID,PortalID) VALUES('904653845893511','921741086485658','0')
INSERT INTO Categories (CatID,ListUnder,CategoryName,Description,Keywords,CatType,Moderator,AccessKeys,WriteKeys,SEODescription,SEOPageTitle,ManageKeys,AccessHide,WriteHide,ExcPortalSecurity,Weight,ShowList,Sharing) VALUES('194808607355743','203370697495731','Business Plans','','','','Moderator','|2|,|3|,|1|,|4|','|2|,|3|,|4|','','','|2|','0','0','0','2000','1','1')
INSERT INTO CategoriesModules (UniqueID,CatID,ModuleID) VALUES('825619178454128','194808607355743','20')
INSERT INTO CategoriesPortals (UniqueID,CatID,PortalID) VALUES('202587309277880','194808607355743','0')
INSERT INTO Categories (CatID,ListUnder,CategoryName,Description,Keywords,CatType,Moderator,AccessKeys,WriteKeys,SEODescription,SEOPageTitle,ManageKeys,AccessHide,WriteHide,ExcPortalSecurity,Weight,ShowList,Sharing) VALUES('140589573335048','138401084934556','Business Process Analysis','','','','Moderator','|2|,|3|,|1|,|4|','|2|,|3|,|4|','','','|2|','0','0','0','2000','1','1')
INSERT INTO CategoriesModules (UniqueID,CatID,ModuleID) VALUES('333355994425214','140589573335048','20')
INSERT INTO CategoriesPortals (UniqueID,CatID,PortalID) VALUES('401556920979288','140589573335048','0')
INSERT INTO Categories (CatID,ListUnder,CategoryName,Description,Keywords,CatType,Moderator,AccessKeys,WriteKeys,SEODescription,SEOPageTitle,ManageKeys,AccessHide,WriteHide,ExcPortalSecurity,Weight,ShowList,Sharing) VALUES('209211598135723','156563045016110','Business Process Outsourcing','','','','Moderator','|2|,|3|,|1|,|4|','|2|,|3|,|4|','','','|2|','0','0','0','2000','1','1')
INSERT INTO CategoriesModules (UniqueID,CatID,ModuleID) VALUES('192011896311214','209211598135723','20')
INSERT INTO CategoriesPortals (UniqueID,CatID,PortalID) VALUES('125166770524221','209211598135723','0')
INSERT INTO Categories (CatID,ListUnder,CategoryName,Description,Keywords,CatType,Moderator,AccessKeys,WriteKeys,SEODescription,SEOPageTitle,ManageKeys,AccessHide,WriteHide,ExcPortalSecurity,Weight,ShowList,Sharing) VALUES('153336460531632','155284617534687','Business Relocation','','','','Moderator','|2|,|3|,|1|,|4|','|2|,|3|,|4|','','','|2|','0','0','0','2000','1','1')
INSERT INTO CategoriesModules (UniqueID,CatID,ModuleID) VALUES('128271534932432','153336460531632','20')
INSERT INTO CategoriesPortals (UniqueID,CatID,PortalID) VALUES('169137288693252','153336460531632','0')
INSERT INTO Categories (CatID,ListUnder,CategoryName,Description,Keywords,CatType,Moderator,AccessKeys,WriteKeys,SEODescription,SEOPageTitle,ManageKeys,AccessHide,WriteHide,ExcPortalSecurity,Weight,ShowList,Sharing) VALUES('183131383188741','0','Business Services','','','','Moderator','|2|,|3|,|1|,|4|','|2|,|3|,|4|','','','|2|','0','0','0','2000','1','1')
INSERT INTO CategoriesModules (UniqueID,CatID,ModuleID) VALUES('200012417126023','183131383188741','20')
INSERT INTO CategoriesPortals (UniqueID,CatID,PortalID) VALUES('948681102281115','183131383188741','0')
INSERT INTO Categories (CatID,ListUnder,CategoryName,Description,Keywords,CatType,Moderator,AccessKeys,WriteKeys,SEODescription,SEOPageTitle,ManageKeys,AccessHide,WriteHide,ExcPortalSecurity,Weight,ShowList,Sharing) VALUES('153840780616031','0','Business Society','','','','Moderator','|2|,|3|,|1|,|4|','|2|,|3|,|4|','','','|2|','0','0','0','2000','1','1')
INSERT INTO CategoriesModules (UniqueID,CatID,ModuleID) VALUES('205408047627278','153840780616031','20')
INSERT INTO CategoriesPortals (UniqueID,CatID,PortalID) VALUES('905769166714416','153840780616031','0')
INSERT INTO Categories (CatID,ListUnder,CategoryName,Description,Keywords,CatType,Moderator,AccessKeys,WriteKeys,SEODescription,SEOPageTitle,ManageKeys,AccessHide,WriteHide,ExcPortalSecurity,Weight,ShowList,Sharing) VALUES('140559928171338','207494574995551','Business Systems','','','','Moderator','|2|,|3|,|1|,|4|','|2|,|3|,|4|','','','|2|','0','0','0','2000','1','1')
INSERT INTO CategoriesModules (UniqueID,CatID,ModuleID) VALUES('202266772668381','140559928171338','20')
INSERT INTO CategoriesPortals (UniqueID,CatID,PortalID) VALUES('110340252086241','140559928171338','0')
INSERT INTO Categories (CatID,ListUnder,CategoryName,Description,Keywords,CatType,Moderator,AccessKeys,WriteKeys,SEODescription,SEOPageTitle,ManageKeys,AccessHide,WriteHide,ExcPortalSecurity,Weight,ShowList,Sharing) VALUES('649676848876777','138401084934556','Business Transformation','','','','Moderator','|2|,|3|,|1|,|4|','|2|,|3|,|4|','','','|2|','0','0','0','2000','1','1')
INSERT INTO CategoriesModules (UniqueID,CatID,ModuleID) VALUES('151816192831344','649676848876777','20')
INSERT INTO CategoriesPortals (UniqueID,CatID,PortalID) VALUES('142150474216450','649676848876777','0')
INSERT INTO Categories (CatID,ListUnder,CategoryName,Description,Keywords,CatType,Moderator,AccessKeys,WriteKeys,SEODescription,SEOPageTitle,ManageKeys,AccessHide,WriteHide,ExcPortalSecurity,Weight,ShowList,Sharing) VALUES('192829953888822','213563058167417','By Age Group','','','','Moderator','|2|,|3|,|1|,|4|','|2|,|3|,|4|','','','|2|','0','0','0','2000','1','1')
INSERT INTO CategoriesModules (UniqueID,CatID,ModuleID) VALUES('195748480674016','192829953888822','20')
INSERT INTO CategoriesPortals (UniqueID,CatID,PortalID) VALUES('630184234065211','192829953888822','0')
INSERT INTO Categories (CatID,ListUnder,CategoryName,Description,Keywords,CatType,Moderator,AccessKeys,WriteKeys,SEODescription,SEOPageTitle,ManageKeys,AccessHide,WriteHide,ExcPortalSecurity,Weight,ShowList,Sharing) VALUES('770407273184639','213563058167417','By Ethnic or Cultural Focus','','','','Moderator','|2|,|3|,|1|,|4|','|2|,|3|,|4|','','','|2|','0','0','0','2000','1','1')
INSERT INTO CategoriesModules (UniqueID,CatID,ModuleID) VALUES('152822829121737','770407273184639','20')
INSERT INTO CategoriesPortals (UniqueID,CatID,PortalID) VALUES('202228900048082','770407273184639','0')
INSERT INTO Categories (CatID,ListUnder,CategoryName,Description,Keywords,CatType,Moderator,AccessKeys,WriteKeys,SEODescription,SEOPageTitle,ManageKeys,AccessHide,WriteHide,ExcPortalSecurity,Weight,ShowList,Sharing) VALUES('182939022832558','186117298227345','By Industry','','','','Moderator','|2|,|3|,|1|,|4|','|2|,|3|,|4|','','','|2|','0','0','0','2000','1','1')
INSERT INTO CategoriesModules (UniqueID,CatID,ModuleID) VALUES('138390172379159','182939022832558','20')
INSERT INTO CategoriesPortals (UniqueID,CatID,PortalID) VALUES('127284991281888','182939022832558','0')
INSERT INTO Categories (CatID,ListUnder,CategoryName,Description,Keywords,CatType,Moderator,AccessKeys,WriteKeys,SEODescription,SEOPageTitle,ManageKeys,AccessHide,WriteHide,ExcPortalSecurity,Weight,ShowList,Sharing) VALUES('152226148022576','213563058167417','By Industry','','','','Moderator','|2|,|3|,|1|,|4|','|2|,|3|,|4|','','','|2|','0','0','0','2000','1','1')
INSERT INTO CategoriesModules (UniqueID,CatID,ModuleID) VALUES('111328092356523','152226148022576','20')
INSERT INTO CategoriesPortals (UniqueID,CatID,PortalID) VALUES('976399451411113','152226148022576','0')
INSERT INTO Categories (CatID,ListUnder,CategoryName,Description,Keywords,CatType,Moderator,AccessKeys,WriteKeys,SEODescription,SEOPageTitle,ManageKeys,AccessHide,WriteHide,ExcPortalSecurity,Weight,ShowList,Sharing) VALUES('135831680038861','517052103402379','C le Soap Making','','','','Moderator','|2|,|3|,|1|,|4|','|2|,|3|,|4|','','','|2|','0','0','0','2000','1','1')
INSERT INTO CategoriesModules (UniqueID,CatID,ModuleID) VALUES('209211550771464','135831680038861','20')
INSERT INTO CategoriesPortals (UniqueID,CatID,PortalID) VALUES('210968548121664','135831680038861','0')
INSERT INTO Categories (CatID,ListUnder,CategoryName,Description,Keywords,CatType,Moderator,AccessKeys,WriteKeys,SEODescription,SEOPageTitle,ManageKeys,AccessHide,WriteHide,ExcPortalSecurity,Weight,ShowList,Sharing) VALUES('827078309226171','433057039522447','Cable Ties','','','','Moderator','|2|,|3|,|1|,|4|','|2|,|3|,|4|','','','|2|','0','0','0','2000','1','1')
INSERT INTO CategoriesModules (UniqueID,CatID,ModuleID) VALUES('455603599725364','827078309226171','20')
INSERT INTO CategoriesPortals (UniqueID,CatID,PortalID) VALUES('145989037997515','827078309226171','0')
INSERT INTO Categories (CatID,ListUnder,CategoryName,Description,Keywords,CatType,Moderator,AccessKeys,WriteKeys,SEODescription,SEOPageTitle,ManageKeys,AccessHide,WriteHide,ExcPortalSecurity,Weight,ShowList,Sharing) VALUES('236920422827555','169231777657067','Cable Wire','','','','Moderator','|2|,|3|,|1|,|4|','|2|,|3|,|4|','','','|2|','0','0','0','2000','1','1')
INSERT INTO CategoriesModules (UniqueID,CatID,ModuleID) VALUES('160541753862460','236920422827555','20')
INSERT INTO CategoriesPortals (UniqueID,CatID,PortalID) VALUES('198741465918111','236920422827555','0')
INSERT INTO Categories (CatID,ListUnder,CategoryName,Description,Keywords,CatType,Moderator,AccessKeys,WriteKeys,SEODescription,SEOPageTitle,ManageKeys,AccessHide,WriteHide,ExcPortalSecurity,Weight,ShowList,Sharing) VALUES('948082847653816','941546425030488','Cafeteria Buffet','','','','Moderator','|2|,|3|,|1|,|4|','|2|,|3|,|4|','','','|2|','0','0','0','2000','1','1')
INSERT INTO CategoriesModules (UniqueID,CatID,ModuleID) VALUES('362745347776635','948082847653816','20')
INSERT INTO CategoriesPortals (UniqueID,CatID,PortalID) VALUES('716393461646527','948082847653816','0')
INSERT INTO Categories (CatID,ListUnder,CategoryName,Description,Keywords,CatType,Moderator,AccessKeys,WriteKeys,SEODescription,SEOPageTitle,ManageKeys,AccessHide,WriteHide,ExcPortalSecurity,Weight,ShowList,Sharing) VALUES('188244175073051','180965748237478','Cake','','','','Moderator','|2|,|3|,|1|,|4|','|2|,|3|,|4|','','','|2|','0','0','0','2000','1','1')
INSERT INTO CategoriesModules (UniqueID,CatID,ModuleID) VALUES('138772213165648','188244175073051','20')
INSERT INTO CategoriesPortals (UniqueID,CatID,PortalID) VALUES('428420546763871','188244175073051','0')
INSERT INTO Categories (CatID,ListUnder,CategoryName,Description,Keywords,CatType,Moderator,AccessKeys,WriteKeys,SEODescription,SEOPageTitle,ManageKeys,AccessHide,WriteHide,ExcPortalSecurity,Weight,ShowList,Sharing) VALUES('136432410778836','151892552522651','Calculators','','','','Moderator','|2|,|3|,|1|,|4|','|2|,|3|,|4|','','','|2|','0','0','0','2000','1','1')
INSERT INTO CategoriesModules (UniqueID,CatID,ModuleID) VALUES('853828104427246','136432410778836','20')
INSERT INTO CategoriesPortals (UniqueID,CatID,PortalID) VALUES('882962296375887','136432410778836','0')
INSERT INTO Categories (CatID,ListUnder,CategoryName,Description,Keywords,CatType,Moderator,AccessKeys,WriteKeys,SEODescription,SEOPageTitle,ManageKeys,AccessHide,WriteHide,ExcPortalSecurity,Weight,ShowList,Sharing) VALUES('914047682870274','169231777657067','Calibration Testing','','','','Moderator','|2|,|3|,|1|,|4|','|2|,|3|,|4|','','','|2|','0','0','0','2000','1','1')
INSERT INTO CategoriesModules (UniqueID,CatID,ModuleID) VALUES('487976002435734','914047682870274','20')
INSERT INTO CategoriesPortals (UniqueID,CatID,PortalID) VALUES('194105479800033','914047682870274','0')
INSERT INTO Categories (CatID,ListUnder,CategoryName,Description,Keywords,CatType,Moderator,AccessKeys,WriteKeys,SEODescription,SEOPageTitle,ManageKeys,AccessHide,WriteHide,ExcPortalSecurity,Weight,ShowList,Sharing) VALUES('298288999359661','197531586023575','Call Centers','','','','Moderator','|2|,|3|,|1|,|4|','|2|,|3|,|4|','','','|2|','0','0','0','2000','1','1')
INSERT INTO CategoriesModules (UniqueID,CatID,ModuleID) VALUES('946137935511769','298288999359661','20')
INSERT INTO CategoriesPortals (UniqueID,CatID,PortalID) VALUES('430752174624201','298288999359661','0')
INSERT INTO Categories (CatID,ListUnder,CategoryName,Description,Keywords,CatType,Moderator,AccessKeys,WriteKeys,SEODescription,SEOPageTitle,ManageKeys,AccessHide,WriteHide,ExcPortalSecurity,Weight,ShowList,Sharing) VALUES('474072621306502','134301758144739','Callback','','','','Moderator','|2|,|3|,|1|,|4|','|2|,|3|,|4|','','','|2|','0','0','0','2000','1','1')
INSERT INTO CategoriesModules (UniqueID,CatID,ModuleID) VALUES('184196697686812','474072621306502','20')
INSERT INTO CategoriesPortals (UniqueID,CatID,PortalID) VALUES('763747278651922','474072621306502','0')
INSERT INTO Categories (CatID,ListUnder,CategoryName,Description,Keywords,CatType,Moderator,AccessKeys,WriteKeys,SEODescription,SEOPageTitle,ManageKeys,AccessHide,WriteHide,ExcPortalSecurity,Weight,ShowList,Sharing) VALUES('840158747569442','280965458060437','Camelids','','','','Moderator','|2|,|3|,|1|,|4|','|2|,|3|,|4|','','','|2|','0','0','0','2000','1','1')
INSERT INTO CategoriesModules (UniqueID,CatID,ModuleID) VALUES('122093711308327','840158747569442','20')
INSERT INTO CategoriesPortals (UniqueID,CatID,PortalID) VALUES('573127028234769','840158747569442','0')
INSERT INTO Categories (CatID,ListUnder,CategoryName,Description,Keywords,CatType,Moderator,AccessKeys,WriteKeys,SEODescription,SEOPageTitle,ManageKeys,AccessHide,WriteHide,ExcPortalSecurity,Weight,ShowList,Sharing) VALUES('777196913984451','124915284722542','Camera','','','','Moderator','|2|,|3|,|1|,|4|','|2|,|3|,|4|','','','|2|','0','0','0','2000','1','1')
INSERT INTO CategoriesModules (UniqueID,CatID,ModuleID) VALUES('923931267387277','777196913984451','20')
INSERT INTO CategoriesPortals (UniqueID,CatID,PortalID) VALUES('167615861738888','777196913984451','0')
INSERT INTO Categories (CatID,ListUnder,CategoryName,Description,Keywords,CatType,Moderator,AccessKeys,WriteKeys,SEODescription,SEOPageTitle,ManageKeys,AccessHide,WriteHide,ExcPortalSecurity,Weight,ShowList,Sharing) VALUES('945661293081718','295137684464675','Cancer Research','','','','Moderator','|2|,|3|,|1|,|4|','|2|,|3|,|4|','','','|2|','0','0','0','2000','1','1')
INSERT INTO CategoriesModules (UniqueID,CatID,ModuleID) VALUES('730113720034275','945661293081718','20')
INSERT INTO CategoriesPortals (UniqueID,CatID,PortalID) VALUES('505344391402021','945661293081718','0')
INSERT INTO Categories (CatID,ListUnder,CategoryName,Description,Keywords,CatType,Moderator,AccessKeys,WriteKeys,SEODescription,SEOPageTitle,ManageKeys,AccessHide,WriteHide,ExcPortalSecurity,Weight,ShowList,Sharing) VALUES('889812077872117','189238540572357','Canned','','','','Moderator','|2|,|3|,|1|,|4|','|2|,|3|,|4|','','','|2|','0','0','0','2000','1','1')
INSERT INTO CategoriesModules (UniqueID,CatID,ModuleID) VALUES('224350118313443','889812077872117','20')
INSERT INTO CategoriesPortals (UniqueID,CatID,PortalID) VALUES('532295047867417','889812077872117','0')
INSERT INTO Categories (CatID,ListUnder,CategoryName,Description,Keywords,CatType,Moderator,AccessKeys,WriteKeys,SEODescription,SEOPageTitle,ManageKeys,AccessHide,WriteHide,ExcPortalSecurity,Weight,ShowList,Sharing) VALUES('163156202656458','180637350615341','Canned','','','','Moderator','|2|,|3|,|1|,|4|','|2|,|3|,|4|','','','|2|','0','0','0','2000','1','1')
INSERT INTO CategoriesModules (UniqueID,CatID,ModuleID) VALUES('138407521685206','163156202656458','20')
INSERT INTO CategoriesPortals (UniqueID,CatID,PortalID) VALUES('931413964467758','163156202656458','0')
INSERT INTO Categories (CatID,ListUnder,CategoryName,Description,Keywords,CatType,Moderator,AccessKeys,WriteKeys,SEODescription,SEOPageTitle,ManageKeys,AccessHide,WriteHide,ExcPortalSecurity,Weight,ShowList,Sharing) VALUES('209824732634704','180077455433202','Capacitors Resistors','','','','Moderator','|2|,|3|,|1|,|4|','|2|,|3|,|4|','','','|2|','0','0','0','2000','1','1')
INSERT INTO CategoriesModules (UniqueID,CatID,ModuleID) VALUES('104418327143993','209824732634704','20')
INSERT INTO CategoriesPortals (UniqueID,CatID,PortalID) VALUES('144467349231001','209824732634704','0')
INSERT INTO Categories (CatID,ListUnder,CategoryName,Description,Keywords,CatType,Moderator,AccessKeys,WriteKeys,SEODescription,SEOPageTitle,ManageKeys,AccessHide,WriteHide,ExcPortalSecurity,Weight,ShowList,Sharing) VALUES('100605496329196','522844526019066','Carbon','','','','Moderator','|2|,|3|,|1|,|4|','|2|,|3|,|4|','','','|2|','0','0','0','2000','1','1')
INSERT INTO CategoriesModules (UniqueID,CatID,ModuleID) VALUES('209061158114849','100605496329196','20')
INSERT INTO CategoriesPortals (UniqueID,CatID,PortalID) VALUES('763015719865084','100605496329196','0')
INSERT INTO Categories (CatID,ListUnder,CategoryName,Description,Keywords,CatType,Moderator,AccessKeys,WriteKeys,SEODescription,SEOPageTitle,ManageKeys,AccessHide,WriteHide,ExcPortalSecurity,Weight,ShowList,Sharing) VALUES('113619083578333','118549889292021','Card Processing','','','','Moderator','|2|,|3|,|1|,|4|','|2|,|3|,|4|','','','|2|','0','0','0','2000','1','1')
INSERT INTO CategoriesModules (UniqueID,CatID,ModuleID) VALUES('460480685339230','113619083578333','20')
INSERT INTO CategoriesPortals (UniqueID,CatID,PortalID) VALUES('837663398991353','113619083578333','0')
INSERT INTO Categories (CatID,ListUnder,CategoryName,Description,Keywords,CatType,Moderator,AccessKeys,WriteKeys,SEODescription,SEOPageTitle,ManageKeys,AccessHide,WriteHide,ExcPortalSecurity,Weight,ShowList,Sharing) VALUES('205125333058111','170165247473568','Careers','','','','Moderator','|2|,|3|,|1|,|4|','|2|,|3|,|4|','','','|2|','0','0','0','2000','1','1')
INSERT INTO CategoriesModules (UniqueID,CatID,ModuleID) VALUES('168132996173412','205125333058111','20')
INSERT INTO CategoriesPortals (UniqueID,CatID,PortalID) VALUES('613332704236120','205125333058111','0')
INSERT INTO Categories (CatID,ListUnder,CategoryName,Description,Keywords,CatType,Moderator,AccessKeys,WriteKeys,SEODescription,SEOPageTitle,ManageKeys,AccessHide,WriteHide,ExcPortalSecurity,Weight,ShowList,Sharing) VALUES('778286295678105','208392173185557','Carpets','','','','Moderator','|2|,|3|,|1|,|4|','|2|,|3|,|4|','','','|2|','0','0','0','2000','1','1')
INSERT INTO CategoriesModules (UniqueID,CatID,ModuleID) VALUES('157693039728568','778286295678105','20')
INSERT INTO CategoriesPortals (UniqueID,CatID,PortalID) VALUES('990574779336147','778286295678105','0')
INSERT INTO Categories (CatID,ListUnder,CategoryName,Description,Keywords,CatType,Moderator,AccessKeys,WriteKeys,SEODescription,SEOPageTitle,ManageKeys,AccessHide,WriteHide,ExcPortalSecurity,Weight,ShowList,Sharing) VALUES('196815204436743','197531586023575','Carriers','','','','Moderator','|2|,|3|,|1|,|4|','|2|,|3|,|4|','','','|2|','0','0','0','2000','1','1')
INSERT INTO CategoriesModules (UniqueID,CatID,ModuleID) VALUES('127026170702310','196815204436743','20')
INSERT INTO CategoriesPortals (UniqueID,CatID,PortalID) VALUES('102364695021846','196815204436743','0')
INSERT INTO Categories (CatID,ListUnder,CategoryName,Description,Keywords,CatType,Moderator,AccessKeys,WriteKeys,SEODescription,SEOPageTitle,ManageKeys,AccessHide,WriteHide,ExcPortalSecurity,Weight,ShowList,Sharing) VALUES('124497687254793','518067943485998','Carriers','','','','Moderator','|2|,|3|,|1|,|4|','|2|,|3|,|4|','','','|2|','0','0','0','2000','1','1')
INSERT INTO CategoriesModules (UniqueID,CatID,ModuleID) VALUES('326824274696414','124497687254793','20')
INSERT INTO CategoriesPortals (UniqueID,CatID,PortalID) VALUES('142478501262129','124497687254793','0')
INSERT INTO Categories (CatID,ListUnder,CategoryName,Description,Keywords,CatType,Moderator,AccessKeys,WriteKeys,SEODescription,SEOPageTitle,ManageKeys,AccessHide,WriteHide,ExcPortalSecurity,Weight,ShowList,Sharing) VALUES('123803171009424','186370497978018','Case Management','','','','Moderator','|2|,|3|,|1|,|4|','|2|,|3|,|4|','','','|2|','0','0','0','2000','1','1')
INSERT INTO CategoriesModules (UniqueID,CatID,ModuleID) VALUES('213261367820484','123803171009424','20')
INSERT INTO CategoriesPortals (UniqueID,CatID,PortalID) VALUES('948205228662738','123803171009424','0')
INSERT INTO Categories (CatID,ListUnder,CategoryName,Description,Keywords,CatType,Moderator,AccessKeys,WriteKeys,SEODescription,SEOPageTitle,ManageKeys,AccessHide,WriteHide,ExcPortalSecurity,Weight,ShowList,Sharing) VALUES('156050172656512','293246790583114','Cash Flow','','','','Moderator','|2|,|3|,|1|,|4|','|2|,|3|,|4|','','','|2|','0','0','0','2000','1','1')
INSERT INTO CategoriesModules (UniqueID,CatID,ModuleID) VALUES('125318127411696','156050172656512','20')
INSERT INTO CategoriesPortals (UniqueID,CatID,PortalID) VALUES('167459658347710','156050172656512','0')
INSERT INTO Categories (CatID,ListUnder,CategoryName,Description,Keywords,CatType,Moderator,AccessKeys,WriteKeys,SEODescription,SEOPageTitle,ManageKeys,AccessHide,WriteHide,ExcPortalSecurity,Weight,ShowList,Sharing) VALUES('770669187952499','154294030131064','Casters Wheels','','','','Moderator','|2|,|3|,|1|,|4|','|2|,|3|,|4|','','','|2|','0','0','0','2000','1','1')
INSERT INTO CategoriesModules (UniqueID,CatID,ModuleID) VALUES('184568944416342','770669187952499','20')
INSERT INTO CategoriesPortals (UniqueID,CatID,PortalID) VALUES('716357736066842','770669187952499','0')
INSERT INTO Categories (CatID,ListUnder,CategoryName,Description,Keywords,CatType,Moderator,AccessKeys,WriteKeys,SEODescription,SEOPageTitle,ManageKeys,AccessHide,WriteHide,ExcPortalSecurity,Weight,ShowList,Sharing) VALUES('110102423621122','157460624757592','Casting','','','','Moderator','|2|,|3|,|1|,|4|','|2|,|3|,|4|','','','|2|','0','0','0','2000','1','1')
INSERT INTO CategoriesModules (UniqueID,CatID,ModuleID) VALUES('809756868283730','110102423621122','20')
INSERT INTO CategoriesPortals (UniqueID,CatID,PortalID) VALUES('120375146143208','110102423621122','0')
INSERT INTO Categories (CatID,ListUnder,CategoryName,Description,Keywords,CatType,Moderator,AccessKeys,WriteKeys,SEODescription,SEOPageTitle,ManageKeys,AccessHide,WriteHide,ExcPortalSecurity,Weight,ShowList,Sharing) VALUES('302144370971758','169231777657067','Casting Molding Machining','','','','Moderator','|2|,|3|,|1|,|4|','|2|,|3|,|4|','','','|2|','0','0','0','2000','1','1')
INSERT INTO CategoriesModules (UniqueID,CatID,ModuleID) VALUES('100637101175035','302144370971758','20')
INSERT INTO CategoriesPortals (UniqueID,CatID,PortalID) VALUES('967774507642344','302144370971758','0')
INSERT INTO Categories (CatID,ListUnder,CategoryName,Description,Keywords,CatType,Moderator,AccessKeys,WriteKeys,SEODescription,SEOPageTitle,ManageKeys,AccessHide,WriteHide,ExcPortalSecurity,Weight,ShowList,Sharing) VALUES('207197333514133','154403840970612','Casual','','','','Moderator','|2|,|3|,|1|,|4|','|2|,|3|,|4|','','','|2|','0','0','0','2000','1','1')
INSERT INTO CategoriesModules (UniqueID,CatID,ModuleID) VALUES('190755602921575','207197333514133','20')
INSERT INTO CategoriesPortals (UniqueID,CatID,PortalID) VALUES('985696801467459','207197333514133','0')
INSERT INTO Categories (CatID,ListUnder,CategoryName,Description,Keywords,CatType,Moderator,AccessKeys,WriteKeys,SEODescription,SEOPageTitle,ManageKeys,AccessHide,WriteHide,ExcPortalSecurity,Weight,ShowList,Sharing) VALUES('953107555477183','377508838087964','Catering','','','','Moderator','|2|,|3|,|1|,|4|','|2|,|3|,|4|','','','|2|','0','0','0','2000','1','1')
INSERT INTO CategoriesModules (UniqueID,CatID,ModuleID) VALUES('115945901965008','953107555477183','20')
INSERT INTO CategoriesPortals (UniqueID,CatID,PortalID) VALUES('207023868367803','953107555477183','0')
INSERT INTO Categories (CatID,ListUnder,CategoryName,Description,Keywords,CatType,Moderator,AccessKeys,WriteKeys,SEODescription,SEOPageTitle,ManageKeys,AccessHide,WriteHide,ExcPortalSecurity,Weight,ShowList,Sharing) VALUES('172502842065643','130715260441650','Catering Food Inventory Software','','','','Moderator','|2|,|3|,|1|,|4|','|2|,|3|,|4|','','','|2|','0','0','0','2000','1','1')
INSERT INTO CategoriesModules (UniqueID,CatID,ModuleID) VALUES('610902293457629','172502842065643','20')
INSERT INTO CategoriesPortals (UniqueID,CatID,PortalID) VALUES('837957279824565','172502842065643','0')
INSERT INTO Categories (CatID,ListUnder,CategoryName,Description,Keywords,CatType,Moderator,AccessKeys,WriteKeys,SEODescription,SEOPageTitle,ManageKeys,AccessHide,WriteHide,ExcPortalSecurity,Weight,ShowList,Sharing) VALUES('252741903578821','958371704146931','Cats','','','','Moderator','|2|,|3|,|1|,|4|','|2|,|3|,|4|','','','|2|','0','0','0','2000','1','1')
INSERT INTO CategoriesModules (UniqueID,CatID,ModuleID) VALUES('147049726311747','252741903578821','20')
INSERT INTO CategoriesPortals (UniqueID,CatID,PortalID) VALUES('652956103759861','252741903578821','0')
INSERT INTO Categories (CatID,ListUnder,CategoryName,Description,Keywords,CatType,Moderator,AccessKeys,WriteKeys,SEODescription,SEOPageTitle,ManageKeys,AccessHide,WriteHide,ExcPortalSecurity,Weight,ShowList,Sharing) VALUES('117992153224984','280965458060437','Cattle','','','','Moderator','|2|,|3|,|1|,|4|','|2|,|3|,|4|','','','|2|','0','0','0','2000','1','1')
INSERT INTO CategoriesModules (UniqueID,CatID,ModuleID) VALUES('183812088454529','117992153224984','20')
INSERT INTO CategoriesPortals (UniqueID,CatID,PortalID) VALUES('134661613141432','117992153224984','0')
INSERT INTO Categories (CatID,ListUnder,CategoryName,Description,Keywords,CatType,Moderator,AccessKeys,WriteKeys,SEODescription,SEOPageTitle,ManageKeys,AccessHide,WriteHide,ExcPortalSecurity,Weight,ShowList,Sharing) VALUES('198827377038315','948121932567286','Centers','','','','Moderator','|2|,|3|,|1|,|4|','|2|,|3|,|4|','','','|2|','0','0','0','2000','1','1')
INSERT INTO CategoriesModules (UniqueID,CatID,ModuleID) VALUES('318278217285572','198827377038315','20')
INSERT INTO CategoriesPortals (UniqueID,CatID,PortalID) VALUES('753164931883146','198827377038315','0')
INSERT INTO Categories (CatID,ListUnder,CategoryName,Description,Keywords,CatType,Moderator,AccessKeys,WriteKeys,SEODescription,SEOPageTitle,ManageKeys,AccessHide,WriteHide,ExcPortalSecurity,Weight,ShowList,Sharing) VALUES('212688136141137','207494574995551','Central Office','','','','Moderator','|2|,|3|,|1|,|4|','|2|,|3|,|4|','','','|2|','0','0','0','2000','1','1')
INSERT INTO CategoriesModules (UniqueID,CatID,ModuleID) VALUES('153256853912223','212688136141137','20')
INSERT INTO CategoriesPortals (UniqueID,CatID,PortalID) VALUES('388114700826367','212688136141137','0')
INSERT INTO Categories (CatID,ListUnder,CategoryName,Description,Keywords,CatType,Moderator,AccessKeys,WriteKeys,SEODescription,SEOPageTitle,ManageKeys,AccessHide,WriteHide,ExcPortalSecurity,Weight,ShowList,Sharing) VALUES('528322516192379','130715260441650','Central Reservation Systems','','','','Moderator','|2|,|3|,|1|,|4|','|2|,|3|,|4|','','','|2|','0','0','0','2000','1','1')
INSERT INTO CategoriesModules (UniqueID,CatID,ModuleID) VALUES('208593795267765','528322516192379','20')
INSERT INTO CategoriesPortals (UniqueID,CatID,PortalID) VALUES('477457510187288','528322516192379','0')
INSERT INTO Categories (CatID,ListUnder,CategoryName,Description,Keywords,CatType,Moderator,AccessKeys,WriteKeys,SEODescription,SEOPageTitle,ManageKeys,AccessHide,WriteHide,ExcPortalSecurity,Weight,ShowList,Sharing) VALUES('147758310576373','517052103402379','Ceramic Pottery Glass','','','','Moderator','|2|,|3|,|1|,|4|','|2|,|3|,|4|','','','|2|','0','0','0','2000','1','1')
INSERT INTO CategoriesModules (UniqueID,CatID,ModuleID) VALUES('360449845667095','147758310576373','20')
INSERT INTO CategoriesPortals (UniqueID,CatID,PortalID) VALUES('166424861646218','147758310576373','0')
INSERT INTO Categories (CatID,ListUnder,CategoryName,Description,Keywords,CatType,Moderator,AccessKeys,WriteKeys,SEODescription,SEOPageTitle,ManageKeys,AccessHide,WriteHide,ExcPortalSecurity,Weight,ShowList,Sharing) VALUES('170908436918274','522844526019066','Ceramics','','','','Moderator','|2|,|3|,|1|,|4|','|2|,|3|,|4|','','','|2|','0','0','0','2000','1','1')
INSERT INTO CategoriesModules (UniqueID,CatID,ModuleID) VALUES('629099547685538','170908436918274','20')
INSERT INTO CategoriesPortals (UniqueID,CatID,PortalID) VALUES('691199342362663','170908436918274','0')
INSERT INTO Categories (CatID,ListUnder,CategoryName,Description,Keywords,CatType,Moderator,AccessKeys,WriteKeys,SEODescription,SEOPageTitle,ManageKeys,AccessHide,WriteHide,ExcPortalSecurity,Weight,ShowList,Sharing) VALUES('908945242853264','624121968265929','Ceramics','','','','Moderator','|2|,|3|,|1|,|4|','|2|,|3|,|4|','','','|2|','0','0','0','2000','1','1')
INSERT INTO CategoriesModules (UniqueID,CatID,ModuleID) VALUES('587897334488579','908945242853264','20')
INSERT INTO CategoriesPortals (UniqueID,CatID,PortalID) VALUES('118440418515284','908945242853264','0')
INSERT INTO Categories (CatID,ListUnder,CategoryName,Description,Keywords,CatType,Moderator,AccessKeys,WriteKeys,SEODescription,SEOPageTitle,ManageKeys,AccessHide,WriteHide,ExcPortalSecurity,Weight,ShowList,Sharing) VALUES('150903574417308','204395579406718','Certified Financial Planners','','','','Moderator','|2|,|3|,|1|,|4|','|2|,|3|,|4|','','','|2|','0','0','0','2000','1','1')
INSERT INTO CategoriesModules (UniqueID,CatID,ModuleID) VALUES('526172949884716','150903574417308','20')
INSERT INTO CategoriesPortals (UniqueID,CatID,PortalID) VALUES('329687663263783','150903574417308','0')
INSERT INTO Categories (CatID,ListUnder,CategoryName,Description,Keywords,CatType,Moderator,AccessKeys,WriteKeys,SEODescription,SEOPageTitle,ManageKeys,AccessHide,WriteHide,ExcPortalSecurity,Weight,ShowList,Sharing) VALUES('124981329809238','154294030131064','Chains Belts','','','','Moderator','|2|,|3|,|1|,|4|','|2|,|3|,|4|','','','|2|','0','0','0','2000','1','1')
INSERT INTO CategoriesModules (UniqueID,CatID,ModuleID) VALUES('238326402612927','124981329809238','20')
INSERT INTO CategoriesPortals (UniqueID,CatID,PortalID) VALUES('421483720688867','124981329809238','0')
INSERT INTO Categories (CatID,ListUnder,CategoryName,Description,Keywords,CatType,Moderator,AccessKeys,WriteKeys,SEODescription,SEOPageTitle,ManageKeys,AccessHide,WriteHide,ExcPortalSecurity,Weight,ShowList,Sharing) VALUES('109387250586558','557531039724881','Change Machines','','','','Moderator','|2|,|3|,|1|,|4|','|2|,|3|,|4|','','','|2|','0','0','0','2000','1','1')
INSERT INTO CategoriesModules (UniqueID,CatID,ModuleID) VALUES('177538796843646','109387250586558','20')
INSERT INTO CategoriesPortals (UniqueID,CatID,PortalID) VALUES('199358172882578','109387250586558','0')
INSERT INTO Categories (CatID,ListUnder,CategoryName,Description,Keywords,CatType,Moderator,AccessKeys,WriteKeys,SEODescription,SEOPageTitle,ManageKeys,AccessHide,WriteHide,ExcPortalSecurity,Weight,ShowList,Sharing) VALUES('108479623242227','205125333058111','Changing Careers','','','','Moderator','|2|,|3|,|1|,|4|','|2|,|3|,|4|','','','|2|','0','0','0','2000','1','1')
INSERT INTO CategoriesModules (UniqueID,CatID,ModuleID) VALUES('214072053245329','108479623242227','20')
INSERT INTO CategoriesPortals (UniqueID,CatID,PortalID) VALUES('719492714547231','108479623242227','0')
INSERT INTO Categories (CatID,ListUnder,CategoryName,Description,Keywords,CatType,Moderator,AccessKeys,WriteKeys,SEODescription,SEOPageTitle,ManageKeys,AccessHide,WriteHide,ExcPortalSecurity,Weight,ShowList,Sharing) VALUES('803036435683165','194091967154117','Charters','','','','Moderator','|2|,|3|,|1|,|4|','|2|,|3|,|4|','','','|2|','0','0','0','2000','1','1')
INSERT INTO CategoriesModules (UniqueID,CatID,ModuleID) VALUES('286820213970235','803036435683165','20')
INSERT INTO CategoriesPortals (UniqueID,CatID,PortalID) VALUES('155403482955224','803036435683165','0')
INSERT INTO Categories (CatID,ListUnder,CategoryName,Description,Keywords,CatType,Moderator,AccessKeys,WriteKeys,SEODescription,SEOPageTitle,ManageKeys,AccessHide,WriteHide,ExcPortalSecurity,Weight,ShowList,Sharing) VALUES('425512277144047','181537501518755','Chats Forums','','','','Moderator','|2|,|3|,|1|,|4|','|2|,|3|,|4|','','','|2|','0','0','0','2000','1','1')
INSERT INTO CategoriesModules (UniqueID,CatID,ModuleID) VALUES('741014246881497','425512277144047','20')
INSERT INTO CategoriesPortals (UniqueID,CatID,PortalID) VALUES('129849013674680','425512277144047','0')
INSERT INTO Categories (CatID,ListUnder,CategoryName,Description,Keywords,CatType,Moderator,AccessKeys,WriteKeys,SEODescription,SEOPageTitle,ManageKeys,AccessHide,WriteHide,ExcPortalSecurity,Weight,ShowList,Sharing) VALUES('116457430537627','938877619938672','Chats Forums','','','','Moderator','|2|,|3|,|1|,|4|','|2|,|3|,|4|','','','|2|','0','0','0','2000','1','1')
INSERT INTO CategoriesModules (UniqueID,CatID,ModuleID) VALUES('121194155554769','116457430537627','20')
INSERT INTO CategoriesPortals (UniqueID,CatID,PortalID) VALUES('125829332473149','116457430537627','0')
INSERT INTO Categories (CatID,ListUnder,CategoryName,Description,Keywords,CatType,Moderator,AccessKeys,WriteKeys,SEODescription,SEOPageTitle,ManageKeys,AccessHide,WriteHide,ExcPortalSecurity,Weight,ShowList,Sharing) VALUES('186293686032610','120439851846156','Cheese','','','','Moderator','|2|,|3|,|1|,|4|','|2|,|3|,|4|','','','|2|','0','0','0','2000','1','1')
INSERT INTO CategoriesModules (UniqueID,CatID,ModuleID) VALUES('102331499864877','186293686032610','20')
INSERT INTO CategoriesPortals (UniqueID,CatID,PortalID) VALUES('211944021011656','186293686032610','0')
INSERT INTO Categories (CatID,ListUnder,CategoryName,Description,Keywords,CatType,Moderator,AccessKeys,WriteKeys,SEODescription,SEOPageTitle,ManageKeys,AccessHide,WriteHide,ExcPortalSecurity,Weight,ShowList,Sharing) VALUES('141294954067458','0','Chemicals','','','','Moderator','|2|,|3|,|1|,|4|','|2|,|3|,|4|','','','|2|','0','0','0','2000','1','1')
INSERT INTO CategoriesModules (UniqueID,CatID,ModuleID) VALUES('337487786737217','141294954067458','20')
INSERT INTO CategoriesPortals (UniqueID,CatID,PortalID) VALUES('550385854121101','141294954067458','0')
INSERT INTO Categories (CatID,ListUnder,CategoryName,Description,Keywords,CatType,Moderator,AccessKeys,WriteKeys,SEODescription,SEOPageTitle,ManageKeys,AccessHide,WriteHide,ExcPortalSecurity,Weight,ShowList,Sharing) VALUES('953053425254107','830096638971954','Chemicals','','','','Moderator','|2|,|3|,|1|,|4|','|2|,|3|,|4|','','','|2|','0','0','0','2000','1','1')
INSERT INTO CategoriesModules (UniqueID,CatID,ModuleID) VALUES('110992486392716','953053425254107','20')
INSERT INTO CategoriesPortals (UniqueID,CatID,PortalID) VALUES('162248903234444','953053425254107','0')
INSERT INTO Categories (CatID,ListUnder,CategoryName,Description,Keywords,CatType,Moderator,AccessKeys,WriteKeys,SEODescription,SEOPageTitle,ManageKeys,AccessHide,WriteHide,ExcPortalSecurity,Weight,ShowList,Sharing) VALUES('213262716757308','126219373520539','Chenille','','','','Moderator','|2|,|3|,|1|,|4|','|2|,|3|,|4|','','','|2|','0','0','0','2000','1','1')
INSERT INTO CategoriesModules (UniqueID,CatID,ModuleID) VALUES('144368180222782','213262716757308','20')
INSERT INTO CategoriesPortals (UniqueID,CatID,PortalID) VALUES('924233362124024','213262716757308','0')
INSERT INTO Categories (CatID,ListUnder,CategoryName,Description,Keywords,CatType,Moderator,AccessKeys,WriteKeys,SEODescription,SEOPageTitle,ManageKeys,AccessHide,WriteHide,ExcPortalSecurity,Weight,ShowList,Sharing) VALUES('104889410588014','941546425030488','Chicken','','','','Moderator','|2|,|3|,|1|,|4|','|2|,|3|,|4|','','','|2|','0','0','0','2000','1','1')
INSERT INTO CategoriesModules (UniqueID,CatID,ModuleID) VALUES('166675023881724','104889410588014','20')
INSERT INTO CategoriesPortals (UniqueID,CatID,PortalID) VALUES('864575283767784','104889410588014','0')
INSERT INTO Categories (CatID,ListUnder,CategoryName,Description,Keywords,CatType,Moderator,AccessKeys,WriteKeys,SEODescription,SEOPageTitle,ManageKeys,AccessHide,WriteHide,ExcPortalSecurity,Weight,ShowList,Sharing) VALUES('185896419053654','337252452252724','Children','','','','Moderator','|2|,|3|,|1|,|4|','|2|,|3|,|4|','','','|2|','0','0','0','2000','1','1')
INSERT INTO CategoriesModules (UniqueID,CatID,ModuleID) VALUES('205006671898111','185896419053654','20')
INSERT INTO CategoriesPortals (UniqueID,CatID,PortalID) VALUES('146634909378525','185896419053654','0')
INSERT INTO Categories (CatID,ListUnder,CategoryName,Description,Keywords,CatType,Moderator,AccessKeys,WriteKeys,SEODescription,SEOPageTitle,ManageKeys,AccessHide,WriteHide,ExcPortalSecurity,Weight,ShowList,Sharing) VALUES('101359436874829','154403840970612','Children''s','','','','Moderator','|2|,|3|,|1|,|4|','|2|,|3|,|4|','','','|2|','0','0','0','2000','1','1')
INSERT INTO CategoriesModules (UniqueID,CatID,ModuleID) VALUES('883287818414181','101359436874829','20')
INSERT INTO CategoriesPortals (UniqueID,CatID,PortalID) VALUES('185343608145806','101359436874829','0')
INSERT INTO Categories (CatID,ListUnder,CategoryName,Description,Keywords,CatType,Moderator,AccessKeys,WriteKeys,SEODescription,SEOPageTitle,ManageKeys,AccessHide,WriteHide,ExcPortalSecurity,Weight,ShowList,Sharing) VALUES('198944913288547','941546425030488','Chili','','','','Moderator','|2|,|3|,|1|,|4|','|2|,|3|,|4|','','','|2|','0','0','0','2000','1','1')
INSERT INTO CategoriesModules (UniqueID,CatID,ModuleID) VALUES('988217835626623','198944913288547','20')
INSERT INTO CategoriesPortals (UniqueID,CatID,PortalID) VALUES('676077605975270','198944913288547','0')
INSERT INTO Categories (CatID,ListUnder,CategoryName,Description,Keywords,CatType,Moderator,AccessKeys,WriteKeys,SEODescription,SEOPageTitle,ManageKeys,AccessHide,WriteHide,ExcPortalSecurity,Weight,ShowList,Sharing) VALUES('101596362588207','265537542464772','Chimney','','','','Moderator','|2|,|3|,|1|,|4|','|2|,|3|,|4|','','','|2|','0','0','0','2000','1','1')
INSERT INTO CategoriesModules (UniqueID,CatID,ModuleID) VALUES('939592312384225','101596362588207','20')
INSERT INTO CategoriesPortals (UniqueID,CatID,PortalID) VALUES('168028750362990','101596362588207','0')
INSERT INTO Categories (CatID,ListUnder,CategoryName,Description,Keywords,CatType,Moderator,AccessKeys,WriteKeys,SEODescription,SEOPageTitle,ManageKeys,AccessHide,WriteHide,ExcPortalSecurity,Weight,ShowList,Sharing) VALUES('128609864837774','112191732677701','Chippers Grinders','','','','Moderator','|2|,|3|,|1|,|4|','|2|,|3|,|4|','','','|2|','0','0','0','2000','1','1')
INSERT INTO CategoriesModules (UniqueID,CatID,ModuleID) VALUES('108320251121456','128609864837774','20')
INSERT INTO CategoriesPortals (UniqueID,CatID,PortalID) VALUES('207163772780217','128609864837774','0')
INSERT INTO Categories (CatID,ListUnder,CategoryName,Description,Keywords,CatType,Moderator,AccessKeys,WriteKeys,SEODescription,SEOPageTitle,ManageKeys,AccessHide,WriteHide,ExcPortalSecurity,Weight,ShowList,Sharing) VALUES('387937316882169','146887866941263','Chocolate','','','','Moderator','|2|,|3|,|1|,|4|','|2|,|3|,|4|','','','|2|','0','0','0','2000','1','1')
INSERT INTO CategoriesModules (UniqueID,CatID,ModuleID) VALUES('181824383771119','387937316882169','20')
INSERT INTO CategoriesPortals (UniqueID,CatID,PortalID) VALUES('355100192483708','387937316882169','0')
INSERT INTO Categories (CatID,ListUnder,CategoryName,Description,Keywords,CatType,Moderator,AccessKeys,WriteKeys,SEODescription,SEOPageTitle,ManageKeys,AccessHide,WriteHide,ExcPortalSecurity,Weight,ShowList,Sharing) VALUES('208349461984657','170955684945235','Christmas Trees','','','','Moderator','|2|,|3|,|1|,|4|','|2|,|3|,|4|','','','|2|','0','0','0','2000','1','1')
INSERT INTO CategoriesModules (UniqueID,CatID,ModuleID) VALUES('123692903613647','208349461984657','20')
INSERT INTO CategoriesPortals (UniqueID,CatID,PortalID) VALUES('149544500864059','208349461984657','0')
INSERT INTO Categories (CatID,ListUnder,CategoryName,Description,Keywords,CatType,Moderator,AccessKeys,WriteKeys,SEODescription,SEOPageTitle,ManageKeys,AccessHide,WriteHide,ExcPortalSecurity,Weight,ShowList,Sharing) VALUES('376058534102184','686967002277766','Cigarettes','','','','Moderator','|2|,|3|,|1|,|4|','|2|,|3|,|4|','','','|2|','0','0','0','2000','1','1')
INSERT INTO CategoriesModules (UniqueID,CatID,ModuleID) VALUES('358024985685620','376058534102184','20')
INSERT INTO CategoriesPortals (UniqueID,CatID,PortalID) VALUES('118898100428953','376058534102184','0')
INSERT INTO Categories (CatID,ListUnder,CategoryName,Description,Keywords,CatType,Moderator,AccessKeys,WriteKeys,SEODescription,SEOPageTitle,ManageKeys,AccessHide,WriteHide,ExcPortalSecurity,Weight,ShowList,Sharing) VALUES('110250991171866','686967002277766','Cigars','','','','Moderator','|2|,|3|,|1|,|4|','|2|,|3|,|4|','','','|2|','0','0','0','2000','1','1')
INSERT INTO CategoriesModules (UniqueID,CatID,ModuleID) VALUES('771349184488351','110250991171866','20')
INSERT INTO CategoriesPortals (UniqueID,CatID,PortalID) VALUES('201614176419968','110250991171866','0')
INSERT INTO Categories (CatID,ListUnder,CategoryName,Description,Keywords,CatType,Moderator,AccessKeys,WriteKeys,SEODescription,SEOPageTitle,ManageKeys,AccessHide,WriteHide,ExcPortalSecurity,Weight,ShowList,Sharing) VALUES('318292722682371','124915284722542','Cinema','','','','Moderator','|2|,|3|,|1|,|4|','|2|,|3|,|4|','','','|2|','0','0','0','2000','1','1')
INSERT INTO CategoriesModules (UniqueID,CatID,ModuleID) VALUES('320569124153197','318292722682371','20')
INSERT INTO CategoriesPortals (UniqueID,CatID,PortalID) VALUES('147071998524156','318292722682371','0')
INSERT INTO Categories (CatID,ListUnder,CategoryName,Description,Keywords,CatType,Moderator,AccessKeys,WriteKeys,SEODescription,SEOPageTitle,ManageKeys,AccessHide,WriteHide,ExcPortalSecurity,Weight,ShowList,Sharing) VALUES('699823448236791','141682859952945','CIP Sanitation','','','','Moderator','|2|,|3|,|1|,|4|','|2|,|3|,|4|','','','|2|','0','0','0','2000','1','1')
INSERT INTO CategoriesModules (UniqueID,CatID,ModuleID) VALUES('114333726228048','699823448236791','20')
INSERT INTO CategoriesPortals (UniqueID,CatID,PortalID) VALUES('930288609403269','699823448236791','0')
INSERT INTO Categories (CatID,ListUnder,CategoryName,Description,Keywords,CatType,Moderator,AccessKeys,WriteKeys,SEODescription,SEOPageTitle,ManageKeys,AccessHide,WriteHide,ExcPortalSecurity,Weight,ShowList,Sharing) VALUES('187389969733364','161898503042338','Circuit Protection','','','','Moderator','|2|,|3|,|1|,|4|','|2|,|3|,|4|','','','|2|','0','0','0','2000','1','1')
INSERT INTO CategoriesModules (UniqueID,CatID,ModuleID) VALUES('583090080751463','187389969733364','20')
INSERT INTO CategoriesPortals (UniqueID,CatID,PortalID) VALUES('989195847568334','187389969733364','0')
INSERT INTO Categories (CatID,ListUnder,CategoryName,Description,Keywords,CatType,Moderator,AccessKeys,WriteKeys,SEODescription,SEOPageTitle,ManageKeys,AccessHide,WriteHide,ExcPortalSecurity,Weight,ShowList,Sharing) VALUES('113277694120217','165450741316604','Circular Geodesic','','','','Moderator','|2|,|3|,|1|,|4|','|2|,|3|,|4|','','','|2|','0','0','0','2000','1','1')
INSERT INTO CategoriesModules (UniqueID,CatID,ModuleID) VALUES('136102832044093','113277694120217','20')
INSERT INTO CategoriesPortals (UniqueID,CatID,PortalID) VALUES('243253282817720','113277694120217','0')
INSERT INTO Categories (CatID,ListUnder,CategoryName,Description,Keywords,CatType,Moderator,AccessKeys,WriteKeys,SEODescription,SEOPageTitle,ManageKeys,AccessHide,WriteHide,ExcPortalSecurity,Weight,ShowList,Sharing) VALUES('173523026620491','152296721796111','Circus','','','','Moderator','|2|,|3|,|1|,|4|','|2|,|3|,|4|','','','|2|','0','0','0','2000','1','1')
INSERT INTO CategoriesModules (UniqueID,CatID,ModuleID) VALUES('219976280123437','173523026620491','20')
INSERT INTO CategoriesPortals (UniqueID,CatID,PortalID) VALUES('159619802032029','173523026620491','0')
INSERT INTO Categories (CatID,ListUnder,CategoryName,Description,Keywords,CatType,Moderator,AccessKeys,WriteKeys,SEODescription,SEOPageTitle,ManageKeys,AccessHide,WriteHide,ExcPortalSecurity,Weight,ShowList,Sharing) VALUES('541752394448920','500531127112354','Civil','','','','Moderator','|2|,|3|,|1|,|4|','|2|,|3|,|4|','','','|2|','0','0','0','2000','1','1')
INSERT INTO CategoriesModules (UniqueID,CatID,ModuleID) VALUES('164957093459773','541752394448920','20')
INSERT INTO CategoriesPortals (UniqueID,CatID,PortalID) VALUES('210272902849126','541752394448920','0')
INSERT INTO Categories (CatID,ListUnder,CategoryName,Description,Keywords,CatType,Moderator,AccessKeys,WriteKeys,SEODescription,SEOPageTitle,ManageKeys,AccessHide,WriteHide,ExcPortalSecurity,Weight,ShowList,Sharing) VALUES('127675185168118','265537542464772','Civil Roadworks','','','','Moderator','|2|,|3|,|1|,|4|','|2|,|3|,|4|','','','|2|','0','0','0','2000','1','1')
INSERT INTO CategoriesModules (UniqueID,CatID,ModuleID) VALUES('829136254815688','127675185168118','20')
INSERT INTO CategoriesPortals (UniqueID,CatID,PortalID) VALUES('671361781178247','127675185168118','0')
INSERT INTO Categories (CatID,ListUnder,CategoryName,Description,Keywords,CatType,Moderator,AccessKeys,WriteKeys,SEODescription,SEOPageTitle,ManageKeys,AccessHide,WriteHide,ExcPortalSecurity,Weight,ShowList,Sharing) VALUES('161811368845222','518067943485998','Claims','','','','Moderator','|2|,|3|,|1|,|4|','|2|,|3|,|4|','','','|2|','0','0','0','2000','1','1')
INSERT INTO CategoriesModules (UniqueID,CatID,ModuleID) VALUES('103803437573893','161811368845222','20')
INSERT INTO CategoriesPortals (UniqueID,CatID,PortalID) VALUES('145441667562182','161811368845222','0')
INSERT INTO Categories (CatID,ListUnder,CategoryName,Description,Keywords,CatType,Moderator,AccessKeys,WriteKeys,SEODescription,SEOPageTitle,ManageKeys,AccessHide,WriteHide,ExcPortalSecurity,Weight,ShowList,Sharing) VALUES('125750513091835','154294030131064','Cleaning','','','','Moderator','|2|,|3|,|1|,|4|','|2|,|3|,|4|','','','|2|','0','0','0','2000','1','1')
INSERT INTO CategoriesModules (UniqueID,CatID,ModuleID) VALUES('144030734645286','125750513091835','20')
INSERT INTO CategoriesPortals (UniqueID,CatID,PortalID) VALUES('515666906634662','125750513091835','0')
INSERT INTO Categories (CatID,ListUnder,CategoryName,Description,Keywords,CatType,Moderator,AccessKeys,WriteKeys,SEODescription,SEOPageTitle,ManageKeys,AccessHide,WriteHide,ExcPortalSecurity,Weight,ShowList,Sharing) VALUES('105883198110683','141294954067458','Cleaning Agents Toiletries','','','','Moderator','|2|,|3|,|1|,|4|','|2|,|3|,|4|','','','|2|','0','0','0','2000','1','1')
INSERT INTO CategoriesModules (UniqueID,CatID,ModuleID) VALUES('235608173553053','105883198110683','20')
INSERT INTO CategoriesPortals (UniqueID,CatID,PortalID) VALUES('185504869694357','105883198110683','0')
INSERT INTO Categories (CatID,ListUnder,CategoryName,Description,Keywords,CatType,Moderator,AccessKeys,WriteKeys,SEODescription,SEOPageTitle,ManageKeys,AccessHide,WriteHide,ExcPortalSecurity,Weight,ShowList,Sharing) VALUES('877534354231246','138186154628395','Cleaning Equipment','','','','Moderator','|2|,|3|,|1|,|4|','|2|,|3|,|4|','','','|2|','0','0','0','2000','1','1')
INSERT INTO CategoriesModules (UniqueID,CatID,ModuleID) VALUES('125854446177536','877534354231246','20')
INSERT INTO CategoriesPortals (UniqueID,CatID,PortalID) VALUES('981943614846642','877534354231246','0')
INSERT INTO Categories (CatID,ListUnder,CategoryName,Description,Keywords,CatType,Moderator,AccessKeys,WriteKeys,SEODescription,SEOPageTitle,ManageKeys,AccessHide,WriteHide,ExcPortalSecurity,Weight,ShowList,Sharing) VALUES('867873236442910','181537501518755','Clearing Houses Securities Depositories','','','','Moderator','|2|,|3|,|1|,|4|','|2|,|3|,|4|','','','|2|','0','0','0','2000','1','1')
INSERT INTO CategoriesModules (UniqueID,CatID,ModuleID) VALUES('909474176150097','867873236442910','20')
INSERT INTO CategoriesPortals (UniqueID,CatID,PortalID) VALUES('154211558510363','867873236442910','0')
INSERT INTO Categories (CatID,ListUnder,CategoryName,Description,Keywords,CatType,Moderator,AccessKeys,WriteKeys,SEODescription,SEOPageTitle,ManageKeys,AccessHide,WriteHide,ExcPortalSecurity,Weight,ShowList,Sharing) VALUES('106460783046088','120268798198852','Clinical Trials','','','','Moderator','|2|,|3|,|1|,|4|','|2|,|3|,|4|','','','|2|','0','0','0','2000','1','1')
INSERT INTO CategoriesModules (UniqueID,CatID,ModuleID) VALUES('357313015283188','106460783046088','20')
INSERT INTO CategoriesPortals (UniqueID,CatID,PortalID) VALUES('122873671273798','106460783046088','0')
INSERT INTO Categories (CatID,ListUnder,CategoryName,Description,Keywords,CatType,Moderator,AccessKeys,WriteKeys,SEODescription,SEOPageTitle,ManageKeys,AccessHide,WriteHide,ExcPortalSecurity,Weight,ShowList,Sharing) VALUES('154403840970612','337252452252724','Clothing','','','','Moderator','|2|,|3|,|1|,|4|','|2|,|3|,|4|','','','|2|','0','0','0','2000','1','1')
INSERT INTO CategoriesModules (UniqueID,CatID,ModuleID) VALUES('182424159284416','154403840970612','20')
INSERT INTO CategoriesPortals (UniqueID,CatID,PortalID) VALUES('171970100144545','154403840970612','0')
INSERT INTO Categories (CatID,ListUnder,CategoryName,Description,Keywords,CatType,Moderator,AccessKeys,WriteKeys,SEODescription,SEOPageTitle,ManageKeys,AccessHide,WriteHide,ExcPortalSecurity,Weight,ShowList,Sharing) VALUES('492346457147219','284131841433627','CNC Computer Numerical Controls','','','','Moderator','|2|,|3|,|1|,|4|','|2|,|3|,|4|','','','|2|','0','0','0','2000','1','1')
INSERT INTO CategoriesModules (UniqueID,CatID,ModuleID) VALUES('606062175267145','492346457147219','20')
INSERT INTO CategoriesPortals (UniqueID,CatID,PortalID) VALUES('188883781964542','492346457147219','0')
INSERT INTO Categories (CatID,ListUnder,CategoryName,Description,Keywords,CatType,Moderator,AccessKeys,WriteKeys,SEODescription,SEOPageTitle,ManageKeys,AccessHide,WriteHide,ExcPortalSecurity,Weight,ShowList,Sharing) VALUES('373050677526781','208392173185557','Coating Laminating','','','','Moderator','|2|,|3|,|1|,|4|','|2|,|3|,|4|','','','|2|','0','0','0','2000','1','1')
INSERT INTO CategoriesModules (UniqueID,CatID,ModuleID) VALUES('207955005301822','373050677526781','20')
INSERT INTO CategoriesPortals (UniqueID,CatID,PortalID) VALUES('148069332369114','373050677526781','0')
INSERT INTO Categories (CatID,ListUnder,CategoryName,Description,Keywords,CatType,Moderator,AccessKeys,WriteKeys,SEODescription,SEOPageTitle,ManageKeys,AccessHide,WriteHide,ExcPortalSecurity,Weight,ShowList,Sharing) VALUES('151534048358310','169231777657067','Coating Laminating','','','','Moderator','|2|,|3|,|1|,|4|','|2|,|3|,|4|','','','|2|','0','0','0','2000','1','1')
INSERT INTO CategoriesModules (UniqueID,CatID,ModuleID) VALUES('157905314656157','151534048358310','20')
INSERT INTO CategoriesPortals (UniqueID,CatID,PortalID) VALUES('165669426945123','151534048358310','0')
INSERT INTO Categories (CatID,ListUnder,CategoryName,Description,Keywords,CatType,Moderator,AccessKeys,WriteKeys,SEODescription,SEOPageTitle,ManageKeys,AccessHide,WriteHide,ExcPortalSecurity,Weight,ShowList,Sharing) VALUES('144776511933925','175127912074352','Coating Laminating','','','','Moderator','|2|,|3|,|1|,|4|','|2|,|3|,|4|','','','|2|','0','0','0','2000','1','1')
INSERT INTO CategoriesModules (UniqueID,CatID,ModuleID) VALUES('165679345461383','144776511933925','20')
INSERT INTO CategoriesPortals (UniqueID,CatID,PortalID) VALUES('132356331567868','144776511933925','0')
INSERT INTO Categories (CatID,ListUnder,CategoryName,Description,Keywords,CatType,Moderator,AccessKeys,WriteKeys,SEODescription,SEOPageTitle,ManageKeys,AccessHide,WriteHide,ExcPortalSecurity,Weight,ShowList,Sharing) VALUES('133486879635548','141294954067458','Coatings Adhesives','','','','Moderator','|2|,|3|,|1|,|4|','|2|,|3|,|4|','','','|2|','0','0','0','2000','1','1')
INSERT INTO CategoriesModules (UniqueID,CatID,ModuleID) VALUES('198696559553457','133486879635548','20')
INSERT INTO CategoriesPortals (UniqueID,CatID,PortalID) VALUES('500578668621758','133486879635548','0')
INSERT INTO Categories (CatID,ListUnder,CategoryName,Description,Keywords,CatType,Moderator,AccessKeys,WriteKeys,SEODescription,SEOPageTitle,ManageKeys,AccessHide,WriteHide,ExcPortalSecurity,Weight,ShowList,Sharing) VALUES('964723142422308','446387467305917','Coatings Thin Films','','','','Moderator','|2|,|3|,|1|,|4|','|2|,|3|,|4|','','','|2|','0','0','0','2000','1','1')
INSERT INTO CategoriesModules (UniqueID,CatID,ModuleID) VALUES('399515577233553','964723142422308','20')
INSERT INTO CategoriesPortals (UniqueID,CatID,PortalID) VALUES('214123829494265','964723142422308','0')
INSERT INTO Categories (CatID,ListUnder,CategoryName,Description,Keywords,CatType,Moderator,AccessKeys,WriteKeys,SEODescription,SEOPageTitle,ManageKeys,AccessHide,WriteHide,ExcPortalSecurity,Weight,ShowList,Sharing) VALUES('192910302225587','433057039522447','Coaxial Cable','','','','Moderator','|2|,|3|,|1|,|4|','|2|,|3|,|4|','','','|2|','0','0','0','2000','1','1')
INSERT INTO CategoriesModules (UniqueID,CatID,ModuleID) VALUES('170131235272166','192910302225587','20')
INSERT INTO CategoriesPortals (UniqueID,CatID,PortalID) VALUES('114750605417048','192910302225587','0')
INSERT INTO Categories (CatID,ListUnder,CategoryName,Description,Keywords,CatType,Moderator,AccessKeys,WriteKeys,SEODescription,SEOPageTitle,ManageKeys,AccessHide,WriteHide,ExcPortalSecurity,Weight,ShowList,Sharing) VALUES('138938656335025','940769377248751','Coffee','','','','Moderator','|2|,|3|,|1|,|4|','|2|,|3|,|4|','','','|2|','0','0','0','2000','1','1')
INSERT INTO CategoriesModules (UniqueID,CatID,ModuleID) VALUES('940133905863704','138938656335025','20')
INSERT INTO CategoriesPortals (UniqueID,CatID,PortalID) VALUES('189536587823402','138938656335025','0')
INSERT INTO Categories (CatID,ListUnder,CategoryName,Description,Keywords,CatType,Moderator,AccessKeys,WriteKeys,SEODescription,SEOPageTitle,ManageKeys,AccessHide,WriteHide,ExcPortalSecurity,Weight,ShowList,Sharing) VALUES('135748088546186','941546425030488','Coffee','','','','Moderator','|2|,|3|,|1|,|4|','|2|,|3|,|4|','','','|2|','0','0','0','2000','1','1')
INSERT INTO CategoriesModules (UniqueID,CatID,ModuleID) VALUES('179288934260085','135748088546186','20')
INSERT INTO CategoriesPortals (UniqueID,CatID,PortalID) VALUES('918083807526301','135748088546186','0')
INSERT INTO Categories (CatID,ListUnder,CategoryName,Description,Keywords,CatType,Moderator,AccessKeys,WriteKeys,SEODescription,SEOPageTitle,ManageKeys,AccessHide,WriteHide,ExcPortalSecurity,Weight,ShowList,Sharing) VALUES('189037915188424','106491169447471','Cogeneration','','','','Moderator','|2|,|3|,|1|,|4|','|2|,|3|,|4|','','','|2|','0','0','0','2000','1','1')
INSERT INTO CategoriesModules (UniqueID,CatID,ModuleID) VALUES('152184763103033','189037915188424','20')
INSERT INTO CategoriesPortals (UniqueID,CatID,PortalID) VALUES('140555905411474','189037915188424','0')
INSERT INTO Categories (CatID,ListUnder,CategoryName,Description,Keywords,CatType,Moderator,AccessKeys,WriteKeys,SEODescription,SEOPageTitle,ManageKeys,AccessHide,WriteHide,ExcPortalSecurity,Weight,ShowList,Sharing) VALUES('176137404457771','209685725805440','Collection Services','','','','Moderator','|2|,|3|,|1|,|4|','|2|,|3|,|4|','','','|2|','0','0','0','2000','1','1')
INSERT INTO CategoriesModules (UniqueID,CatID,ModuleID) VALUES('681705589831475','176137404457771','20')
INSERT INTO CategoriesPortals (UniqueID,CatID,PortalID) VALUES('744711810267142','176137404457771','0')
INSERT INTO Categories (CatID,ListUnder,CategoryName,Description,Keywords,CatType,Moderator,AccessKeys,WriteKeys,SEODescription,SEOPageTitle,ManageKeys,AccessHide,WriteHide,ExcPortalSecurity,Weight,ShowList,Sharing) VALUES('691610270121655','197531586023575','Colocation','','','','Moderator','|2|,|3|,|1|,|4|','|2|,|3|,|4|','','','|2|','0','0','0','2000','1','1')
INSERT INTO CategoriesModules (UniqueID,CatID,ModuleID) VALUES('177604112661336','691610270121655','20')
INSERT INTO CategoriesPortals (UniqueID,CatID,PortalID) VALUES('242177140574457','691610270121655','0')
INSERT INTO Categories (CatID,ListUnder,CategoryName,Description,Keywords,CatType,Moderator,AccessKeys,WriteKeys,SEODescription,SEOPageTitle,ManageKeys,AccessHide,WriteHide,ExcPortalSecurity,Weight,ShowList,Sharing) VALUES('296915885875727','518067943485998','Commercial','','','','Moderator','|2|,|3|,|1|,|4|','|2|,|3|,|4|','','','|2|','0','0','0','2000','1','1')
INSERT INTO CategoriesModules (UniqueID,CatID,ModuleID) VALUES('861614374872941','296915885875727','20')
INSERT INTO CategoriesPortals (UniqueID,CatID,PortalID) VALUES('141754817846308','296915885875727','0')
INSERT INTO Categories (CatID,ListUnder,CategoryName,Description,Keywords,CatType,Moderator,AccessKeys,WriteKeys,SEODescription,SEOPageTitle,ManageKeys,AccessHide,WriteHide,ExcPortalSecurity,Weight,ShowList,Sharing) VALUES('158169661671233','412429472676434','Commercial','','','','Moderator','|2|,|3|,|1|,|4|','|2|,|3|,|4|','','','|2|','0','0','0','2000','1','1')
INSERT INTO CategoriesModules (UniqueID,CatID,ModuleID) VALUES('478681813186663','158169661671233','20')
INSERT INTO CategoriesPortals (UniqueID,CatID,PortalID) VALUES('129545186298228','158169661671233','0')
INSERT INTO Categories (CatID,ListUnder,CategoryName,Description,Keywords,CatType,Moderator,AccessKeys,WriteKeys,SEODescription,SEOPageTitle,ManageKeys,AccessHide,WriteHide,ExcPortalSecurity,Weight,ShowList,Sharing) VALUES('189542677287353','174578511035830','Commercial','','','','Moderator','|2|,|3|,|1|,|4|','|2|,|3|,|4|','','','|2|','0','0','0','2000','1','1')
INSERT INTO CategoriesModules (UniqueID,CatID,ModuleID) VALUES('150381865708602','189542677287353','20')
INSERT INTO CategoriesPortals (UniqueID,CatID,PortalID) VALUES('129696715047811','189542677287353','0')
INSERT INTO Categories (CatID,ListUnder,CategoryName,Description,Keywords,CatType,Moderator,AccessKeys,WriteKeys,SEODescription,SEOPageTitle,ManageKeys,AccessHide,WriteHide,ExcPortalSecurity,Weight,ShowList,Sharing) VALUES('265537542464772','144315891422463','Commercial Contractors','','','','Moderator','|2|,|3|,|1|,|4|','|2|,|3|,|4|','','','|2|','0','0','0','2000','1','1')
INSERT INTO CategoriesModules (UniqueID,CatID,ModuleID) VALUES('937904406376700','265537542464772','20')
INSERT INTO CategoriesPortals (UniqueID,CatID,PortalID) VALUES('276729576147720','265537542464772','0')
INSERT INTO Categories (CatID,ListUnder,CategoryName,Description,Keywords,CatType,Moderator,AccessKeys,WriteKeys,SEODescription,SEOPageTitle,ManageKeys,AccessHide,WriteHide,ExcPortalSecurity,Weight,ShowList,Sharing) VALUES('951935600643218','301518407739005','Commercial Industrial','','','','Moderator','|2|,|3|,|1|,|4|','|2|,|3|,|4|','','','|2|','0','0','0','2000','1','1')
INSERT INTO CategoriesModules (UniqueID,CatID,ModuleID) VALUES('180652361512621','951935600643218','20')
INSERT INTO CategoriesPortals (UniqueID,CatID,PortalID) VALUES('934262302684259','951935600643218','0')
INSERT INTO Categories (CatID,ListUnder,CategoryName,Description,Keywords,CatType,Moderator,AccessKeys,WriteKeys,SEODescription,SEOPageTitle,ManageKeys,AccessHide,WriteHide,ExcPortalSecurity,Weight,ShowList,Sharing) VALUES('843845106285710','144315891422463','Commercial Lending','','','','Moderator','|2|,|3|,|1|,|4|','|2|,|3|,|4|','','','|2|','0','0','0','2000','1','1')
INSERT INTO CategoriesModules (UniqueID,CatID,ModuleID) VALUES('168473501128124','843845106285710','20')
INSERT INTO CategoriesPortals (UniqueID,CatID,PortalID) VALUES('893422325594628','843845106285710','0')
INSERT INTO Categories (CatID,ListUnder,CategoryName,Description,Keywords,CatType,Moderator,AccessKeys,WriteKeys,SEODescription,SEOPageTitle,ManageKeys,AccessHide,WriteHide,ExcPortalSecurity,Weight,ShowList,Sharing) VALUES('938877619938672','181537501518755','Commodities Futures','','','','Moderator','|2|,|3|,|1|,|4|','|2|,|3|,|4|','','','|2|','0','0','0','2000','1','1')
INSERT INTO CategoriesModules (UniqueID,CatID,ModuleID) VALUES('847902612760172','938877619938672','20')
INSERT INTO CategoriesPortals (UniqueID,CatID,PortalID) VALUES('184767461893364','938877619938672','0')
INSERT INTO Categories (CatID,ListUnder,CategoryName,Description,Keywords,CatType,Moderator,AccessKeys,WriteKeys,SEODescription,SEOPageTitle,ManageKeys,AccessHide,WriteHide,ExcPortalSecurity,Weight,ShowList,Sharing) VALUES('599168204544172','138401084934556','Communication Skills','','','','Moderator','|2|,|3|,|1|,|4|','|2|,|3|,|4|','','','|2|','0','0','0','2000','1','1')
INSERT INTO CategoriesModules (UniqueID,CatID,ModuleID) VALUES('137766704243173','599168204544172','20')
INSERT INTO CategoriesPortals (UniqueID,CatID,PortalID) VALUES('120091656719475','599168204544172','0')
INSERT INTO Categories (CatID,ListUnder,CategoryName,Description,Keywords,CatType,Moderator,AccessKeys,WriteKeys,SEODescription,SEOPageTitle,ManageKeys,AccessHide,WriteHide,ExcPortalSecurity,Weight,ShowList,Sharing) VALUES('112520301419023','183131383188741','Communications','','','','Moderator','|2|,|3|,|1|,|4|','|2|,|3|,|4|','','','|2|','0','0','0','2000','1','1')
INSERT INTO CategoriesModules (UniqueID,CatID,ModuleID) VALUES('118437020316257','112520301419023','20')
INSERT INTO CategoriesPortals (UniqueID,CatID,PortalID) VALUES('446081970517542','112520301419023','0')
[[GO]]
INSERT INTO Categories (CatID,ListUnder,CategoryName,Description,Keywords,CatType,Moderator,AccessKeys,WriteKeys,SEODescription,SEOPageTitle,ManageKeys,AccessHide,WriteHide,ExcPortalSecurity,Weight,ShowList,Sharing) VALUES('690802652226346','958450126441562','Communications Devices Networking','','','','Moderator','|2|,|3|,|1|,|4|','|2|,|3|,|4|','','','|2|','0','0','0','2000','1','1')
INSERT INTO CategoriesModules (UniqueID,CatID,ModuleID) VALUES('341610279752419','690802652226346','20')
INSERT INTO CategoriesPortals (UniqueID,CatID,PortalID) VALUES('231608509025967','690802652226346','0')
INSERT INTO Categories (CatID,ListUnder,CategoryName,Description,Keywords,CatType,Moderator,AccessKeys,WriteKeys,SEODescription,SEOPageTitle,ManageKeys,AccessHide,WriteHide,ExcPortalSecurity,Weight,ShowList,Sharing) VALUES('172887380537967','179511068233022','Communications Radar Vision','','','','Moderator','|2|,|3|,|1|,|4|','|2|,|3|,|4|','','','|2|','0','0','0','2000','1','1')
INSERT INTO CategoriesModules (UniqueID,CatID,ModuleID) VALUES('181278129746157','172887380537967','20')
INSERT INTO CategoriesPortals (UniqueID,CatID,PortalID) VALUES('118485659035347','172887380537967','0')
INSERT INTO Categories (CatID,ListUnder,CategoryName,Description,Keywords,CatType,Moderator,AccessKeys,WriteKeys,SEODescription,SEOPageTitle,ManageKeys,AccessHide,WriteHide,ExcPortalSecurity,Weight,ShowList,Sharing) VALUES('111805749306139','761893626172243','Community Development Finance','','','','Moderator','|2|,|3|,|1|,|4|','|2|,|3|,|4|','','','|2|','0','0','0','2000','1','1')
INSERT INTO CategoriesModules (UniqueID,CatID,ModuleID) VALUES('197353077495185','111805749306139','20')
INSERT INTO CategoriesPortals (UniqueID,CatID,PortalID) VALUES('212432484243655','111805749306139','0')
INSERT INTO Categories (CatID,ListUnder,CategoryName,Description,Keywords,CatType,Moderator,AccessKeys,WriteKeys,SEODescription,SEOPageTitle,ManageKeys,AccessHide,WriteHide,ExcPortalSecurity,Weight,ShowList,Sharing) VALUES('699929287860435','565581992163321','Compaction','','','','Moderator','|2|,|3|,|1|,|4|','|2|,|3|,|4|','','','|2|','0','0','0','2000','1','1')
INSERT INTO CategoriesModules (UniqueID,CatID,ModuleID) VALUES('859684126778220','699929287860435','20')
INSERT INTO CategoriesPortals (UniqueID,CatID,PortalID) VALUES('890625895159735','699929287860435','0')
INSERT INTO Categories (CatID,ListUnder,CategoryName,Description,Keywords,CatType,Moderator,AccessKeys,WriteKeys,SEODescription,SEOPageTitle,ManageKeys,AccessHide,WriteHide,ExcPortalSecurity,Weight,ShowList,Sharing) VALUES('213393166416674','436976411412977','Company Information','','','','Moderator','|2|,|3|,|1|,|4|','|2|,|3|,|4|','','','|2|','0','0','0','2000','1','1')
INSERT INTO CategoriesModules (UniqueID,CatID,ModuleID) VALUES('165570038689314','213393166416674','20')
INSERT INTO CategoriesPortals (UniqueID,CatID,PortalID) VALUES('173559152794607','213393166416674','0')
INSERT INTO Categories (CatID,ListUnder,CategoryName,Description,Keywords,CatType,Moderator,AccessKeys,WriteKeys,SEODescription,SEOPageTitle,ManageKeys,AccessHide,WriteHide,ExcPortalSecurity,Weight,ShowList,Sharing) VALUES('147688322581118','210033999318512','Compensation','','','','Moderator','|2|,|3|,|1|,|4|','|2|,|3|,|4|','','','|2|','0','0','0','2000','1','1')
INSERT INTO CategoriesModules (UniqueID,CatID,ModuleID) VALUES('601455457353106','147688322581118','20')
INSERT INTO CategoriesPortals (UniqueID,CatID,PortalID) VALUES('202995368842383','147688322581118','0')
INSERT INTO Categories (CatID,ListUnder,CategoryName,Description,Keywords,CatType,Moderator,AccessKeys,WriteKeys,SEODescription,SEOPageTitle,ManageKeys,AccessHide,WriteHide,ExcPortalSecurity,Weight,ShowList,Sharing) VALUES('210033999318512','166717347983737','Compensation Benefits','','','','Moderator','|2|,|3|,|1|,|4|','|2|,|3|,|4|','','','|2|','0','0','0','2000','1','1')
INSERT INTO CategoriesModules (UniqueID,CatID,ModuleID) VALUES('441395503880055','210033999318512','20')
INSERT INTO CategoriesPortals (UniqueID,CatID,PortalID) VALUES('201129337025137','210033999318512','0')
INSERT INTO Categories (CatID,ListUnder,CategoryName,Description,Keywords,CatType,Moderator,AccessKeys,WriteKeys,SEODescription,SEOPageTitle,ManageKeys,AccessHide,WriteHide,ExcPortalSecurity,Weight,ShowList,Sharing) VALUES('180077455433202','161898503042338','Components','','','','Moderator','|2|,|3|,|1|,|4|','|2|,|3|,|4|','','','|2|','0','0','0','2000','1','1')
INSERT INTO CategoriesModules (UniqueID,CatID,ModuleID) VALUES('386584716842437','180077455433202','20')
INSERT INTO CategoriesPortals (UniqueID,CatID,PortalID) VALUES('144661984153910','180077455433202','0')
INSERT INTO Categories (CatID,ListUnder,CategoryName,Description,Keywords,CatType,Moderator,AccessKeys,WriteKeys,SEODescription,SEOPageTitle,ManageKeys,AccessHide,WriteHide,ExcPortalSecurity,Weight,ShowList,Sharing) VALUES('165222362052637','205742372458738','Composers Arrangers','','','','Moderator','|2|,|3|,|1|,|4|','|2|,|3|,|4|','','','|2|','0','0','0','2000','1','1')
INSERT INTO CategoriesModules (UniqueID,CatID,ModuleID) VALUES('237974427985622','165222362052637','20')
INSERT INTO CategoriesPortals (UniqueID,CatID,PortalID) VALUES('132458299167294','165222362052637','0')
INSERT INTO Categories (CatID,ListUnder,CategoryName,Description,Keywords,CatType,Moderator,AccessKeys,WriteKeys,SEODescription,SEOPageTitle,ManageKeys,AccessHide,WriteHide,ExcPortalSecurity,Weight,ShowList,Sharing) VALUES('195641255609838','112619746118561','Composite Fabrics Structures','','','','Moderator','|2|,|3|,|1|,|4|','|2|,|3|,|4|','','','|2|','0','0','0','2000','1','1')
INSERT INTO CategoriesModules (UniqueID,CatID,ModuleID) VALUES('193238452284427','195641255609838','20')
INSERT INTO CategoriesPortals (UniqueID,CatID,PortalID) VALUES('137486849010377','195641255609838','0')
INSERT INTO Categories (CatID,ListUnder,CategoryName,Description,Keywords,CatType,Moderator,AccessKeys,WriteKeys,SEODescription,SEOPageTitle,ManageKeys,AccessHide,WriteHide,ExcPortalSecurity,Weight,ShowList,Sharing) VALUES('413059631717133','167284961726467','Composite Materials','','','','Moderator','|2|,|3|,|1|,|4|','|2|,|3|,|4|','','','|2|','0','0','0','2000','1','1')
INSERT INTO CategoriesModules (UniqueID,CatID,ModuleID) VALUES('772920281417470','413059631717133','20')
INSERT INTO CategoriesPortals (UniqueID,CatID,PortalID) VALUES('683482211863686','413059631717133','0')
INSERT INTO Categories (CatID,ListUnder,CategoryName,Description,Keywords,CatType,Moderator,AccessKeys,WriteKeys,SEODescription,SEOPageTitle,ManageKeys,AccessHide,WriteHide,ExcPortalSecurity,Weight,ShowList,Sharing) VALUES('706175883425841','522844526019066','Composites','','','','Moderator','|2|,|3|,|1|,|4|','|2|,|3|,|4|','','','|2|','0','0','0','2000','1','1')
INSERT INTO CategoriesModules (UniqueID,CatID,ModuleID) VALUES('877820214067783','706175883425841','20')
INSERT INTO CategoriesPortals (UniqueID,CatID,PortalID) VALUES('204014865312295','706175883425841','0')
INSERT INTO Categories (CatID,ListUnder,CategoryName,Description,Keywords,CatType,Moderator,AccessKeys,WriteKeys,SEODescription,SEOPageTitle,ManageKeys,AccessHide,WriteHide,ExcPortalSecurity,Weight,ShowList,Sharing) VALUES('205398489061966','216037974577765','Composting','','','','Moderator','|2|,|3|,|1|,|4|','|2|,|3|,|4|','','','|2|','0','0','0','2000','1','1')
INSERT INTO CategoriesModules (UniqueID,CatID,ModuleID) VALUES('446542212835449','205398489061966','20')
INSERT INTO CategoriesPortals (UniqueID,CatID,PortalID) VALUES('606899506617012','205398489061966','0')
INSERT INTO Categories (CatID,ListUnder,CategoryName,Description,Keywords,CatType,Moderator,AccessKeys,WriteKeys,SEODescription,SEOPageTitle,ManageKeys,AccessHide,WriteHide,ExcPortalSecurity,Weight,ShowList,Sharing) VALUES('184036800255023','727012399526175','Compressors','','','','Moderator','|2|,|3|,|1|,|4|','|2|,|3|,|4|','','','|2|','0','0','0','2000','1','1')
INSERT INTO CategoriesModules (UniqueID,CatID,ModuleID) VALUES('195922201229192','184036800255023','20')
INSERT INTO CategoriesPortals (UniqueID,CatID,PortalID) VALUES('119909780221342','184036800255023','0')
INSERT INTO Categories (CatID,ListUnder,CategoryName,Description,Keywords,CatType,Moderator,AccessKeys,WriteKeys,SEODescription,SEOPageTitle,ManageKeys,AccessHide,WriteHide,ExcPortalSecurity,Weight,ShowList,Sharing) VALUES('210995349282785','963175640290570','Computer Based','','','','Moderator','|2|,|3|,|1|,|4|','|2|,|3|,|4|','','','|2|','0','0','0','2000','1','1')
INSERT INTO CategoriesModules (UniqueID,CatID,ModuleID) VALUES('198795424786870','210995349282785','20')
INSERT INTO CategoriesPortals (UniqueID,CatID,PortalID) VALUES('422964910328554','210995349282785','0')
INSERT INTO Categories (CatID,ListUnder,CategoryName,Description,Keywords,CatType,Moderator,AccessKeys,WriteKeys,SEODescription,SEOPageTitle,ManageKeys,AccessHide,WriteHide,ExcPortalSecurity,Weight,ShowList,Sharing) VALUES('920427036875857','185572898227428','Computer Internet','','','','Moderator','|2|,|3|,|1|,|4|','|2|,|3|,|4|','','','|2|','0','0','0','2000','1','1')
INSERT INTO CategoriesModules (UniqueID,CatID,ModuleID) VALUES('409203374591465','920427036875857','20')
INSERT INTO CategoriesPortals (UniqueID,CatID,PortalID) VALUES('942910780690364','920427036875857','0')
INSERT INTO Categories (CatID,ListUnder,CategoryName,Description,Keywords,CatType,Moderator,AccessKeys,WriteKeys,SEODescription,SEOPageTitle,ManageKeys,AccessHide,WriteHide,ExcPortalSecurity,Weight,ShowList,Sharing) VALUES('814562871559321','186370497978018','Computing','','','','Moderator','|2|,|3|,|1|,|4|','|2|,|3|,|4|','','','|2|','0','0','0','2000','1','1')
INSERT INTO CategoriesModules (UniqueID,CatID,ModuleID) VALUES('172254739926455','814562871559321','20')
INSERT INTO CategoriesPortals (UniqueID,CatID,PortalID) VALUES('225237763585893','814562871559321','0')
INSERT INTO Categories (CatID,ListUnder,CategoryName,Description,Keywords,CatType,Moderator,AccessKeys,WriteKeys,SEODescription,SEOPageTitle,ManageKeys,AccessHide,WriteHide,ExcPortalSecurity,Weight,ShowList,Sharing) VALUES('875642584474258','608935416935494','Concierge Services','','','','Moderator','|2|,|3|,|1|,|4|','|2|,|3|,|4|','','','|2|','0','0','0','2000','1','1')
INSERT INTO CategoriesModules (UniqueID,CatID,ModuleID) VALUES('101815004071816','875642584474258','20')
INSERT INTO CategoriesPortals (UniqueID,CatID,PortalID) VALUES('978788357865825','875642584474258','0')
INSERT INTO Categories (CatID,ListUnder,CategoryName,Description,Keywords,CatType,Moderator,AccessKeys,WriteKeys,SEODescription,SEOPageTitle,ManageKeys,AccessHide,WriteHide,ExcPortalSecurity,Weight,ShowList,Sharing) VALUES('213532029393937','565581992163321','Concrete','','','','Moderator','|2|,|3|,|1|,|4|','|2|,|3|,|4|','','','|2|','0','0','0','2000','1','1')
INSERT INTO CategoriesModules (UniqueID,CatID,ModuleID) VALUES('642643594942312','213532029393937','20')
INSERT INTO CategoriesPortals (UniqueID,CatID,PortalID) VALUES('103012219472273','213532029393937','0')
INSERT INTO Categories (CatID,ListUnder,CategoryName,Description,Keywords,CatType,Moderator,AccessKeys,WriteKeys,SEODescription,SEOPageTitle,ManageKeys,AccessHide,WriteHide,ExcPortalSecurity,Weight,ShowList,Sharing) VALUES('363358124695941','265537542464772','Concrete','','','','Moderator','|2|,|3|,|1|,|4|','|2|,|3|,|4|','','','|2|','0','0','0','2000','1','1')
INSERT INTO CategoriesModules (UniqueID,CatID,ModuleID) VALUES('155473016352367','363358124695941','20')
INSERT INTO CategoriesPortals (UniqueID,CatID,PortalID) VALUES('207294554176436','363358124695941','0')
INSERT INTO Categories (CatID,ListUnder,CategoryName,Description,Keywords,CatType,Moderator,AccessKeys,WriteKeys,SEODescription,SEOPageTitle,ManageKeys,AccessHide,WriteHide,ExcPortalSecurity,Weight,ShowList,Sharing) VALUES('205246225543642','187495860612871','Concrete','','','','Moderator','|2|,|3|,|1|,|4|','|2|,|3|,|4|','','','|2|','0','0','0','2000','1','1')
INSERT INTO CategoriesModules (UniqueID,CatID,ModuleID) VALUES('206181323978923','205246225543642','20')
INSERT INTO CategoriesPortals (UniqueID,CatID,PortalID) VALUES('303520497344505','205246225543642','0')
INSERT INTO Categories (CatID,ListUnder,CategoryName,Description,Keywords,CatType,Moderator,AccessKeys,WriteKeys,SEODescription,SEOPageTitle,ManageKeys,AccessHide,WriteHide,ExcPortalSecurity,Weight,ShowList,Sharing) VALUES('100030965018568','180637350615341','Condiments Seasonings','','','','Moderator','|2|,|3|,|1|,|4|','|2|,|3|,|4|','','','|2|','0','0','0','2000','1','1')
INSERT INTO CategoriesModules (UniqueID,CatID,ModuleID) VALUES('834618360584651','100030965018568','20')
INSERT INTO CategoriesPortals (UniqueID,CatID,PortalID) VALUES('133008879746407','100030965018568','0')
INSERT INTO Categories (CatID,ListUnder,CategoryName,Description,Keywords,CatType,Moderator,AccessKeys,WriteKeys,SEODescription,SEOPageTitle,ManageKeys,AccessHide,WriteHide,ExcPortalSecurity,Weight,ShowList,Sharing) VALUES('146887866941263','180637350615341','Confectionery','','','','Moderator','|2|,|3|,|1|,|4|','|2|,|3|,|4|','','','|2|','0','0','0','2000','1','1')
INSERT INTO CategoriesModules (UniqueID,CatID,ModuleID) VALUES('111517083296828','146887866941263','20')
INSERT INTO CategoriesPortals (UniqueID,CatID,PortalID) VALUES('106544510159925','146887866941263','0')
INSERT INTO Categories (CatID,ListUnder,CategoryName,Description,Keywords,CatType,Moderator,AccessKeys,WriteKeys,SEODescription,SEOPageTitle,ManageKeys,AccessHide,WriteHide,ExcPortalSecurity,Weight,ShowList,Sharing) VALUES('136477673746485','154437582882648','Conferences','','','','Moderator','|2|,|3|,|1|,|4|','|2|,|3|,|4|','','','|2|','0','0','0','2000','1','1')
INSERT INTO CategoriesModules (UniqueID,CatID,ModuleID) VALUES('141763551815387','136477673746485','20')
INSERT INTO CategoriesPortals (UniqueID,CatID,PortalID) VALUES('193958151119742','136477673746485','0')
INSERT INTO Categories (CatID,ListUnder,CategoryName,Description,Keywords,CatType,Moderator,AccessKeys,WriteKeys,SEODescription,SEOPageTitle,ManageKeys,AccessHide,WriteHide,ExcPortalSecurity,Weight,ShowList,Sharing) VALUES('115335083621037','213563058167417','Conferences','','','','Moderator','|2|,|3|,|1|,|4|','|2|,|3|,|4|','','','|2|','0','0','0','2000','1','1')
INSERT INTO CategoriesModules (UniqueID,CatID,ModuleID) VALUES('104627133072276','115335083621037','20')
INSERT INTO CategoriesPortals (UniqueID,CatID,PortalID) VALUES('177691277027004','115335083621037','0')
INSERT INTO Categories (CatID,ListUnder,CategoryName,Description,Keywords,CatType,Moderator,AccessKeys,WriteKeys,SEODescription,SEOPageTitle,ManageKeys,AccessHide,WriteHide,ExcPortalSecurity,Weight,ShowList,Sharing) VALUES('117203727644322','180637350615341','Conferences','','','','Moderator','|2|,|3|,|1|,|4|','|2|,|3|,|4|','','','|2|','0','0','0','2000','1','1')
INSERT INTO CategoriesModules (UniqueID,CatID,ModuleID) VALUES('245544897024782','117203727644322','20')
INSERT INTO CategoriesPortals (UniqueID,CatID,PortalID) VALUES('356774060316548','117203727644322','0')
INSERT INTO Categories (CatID,ListUnder,CategoryName,Description,Keywords,CatType,Moderator,AccessKeys,WriteKeys,SEODescription,SEOPageTitle,ManageKeys,AccessHide,WriteHide,ExcPortalSecurity,Weight,ShowList,Sharing) VALUES('120316770745735','281579693301792','Conferences','','','','Moderator','|2|,|3|,|1|,|4|','|2|,|3|,|4|','','','|2|','0','0','0','2000','1','1')
INSERT INTO CategoriesModules (UniqueID,CatID,ModuleID) VALUES('105140987028573','120316770745735','20')
INSERT INTO CategoriesPortals (UniqueID,CatID,PortalID) VALUES('129644476099364','120316770745735','0')
INSERT INTO Categories (CatID,ListUnder,CategoryName,Description,Keywords,CatType,Moderator,AccessKeys,WriteKeys,SEODescription,SEOPageTitle,ManageKeys,AccessHide,WriteHide,ExcPortalSecurity,Weight,ShowList,Sharing) VALUES('203471129843567','144315891422463','Conferences','','','','Moderator','|2|,|3|,|1|,|4|','|2|,|3|,|4|','','','|2|','0','0','0','2000','1','1')
INSERT INTO CategoriesModules (UniqueID,CatID,ModuleID) VALUES('211323701796308','203471129843567','20')
INSERT INTO CategoriesPortals (UniqueID,CatID,PortalID) VALUES('209679886213435','203471129843567','0')
INSERT INTO Categories (CatID,ListUnder,CategoryName,Description,Keywords,CatType,Moderator,AccessKeys,WriteKeys,SEODescription,SEOPageTitle,ManageKeys,AccessHide,WriteHide,ExcPortalSecurity,Weight,ShowList,Sharing) VALUES('193383877085138','926958022387637','Conferences','','','','Moderator','|2|,|3|,|1|,|4|','|2|,|3|,|4|','','','|2|','0','0','0','2000','1','1')
INSERT INTO CategoriesModules (UniqueID,CatID,ModuleID) VALUES('295375026761840','193383877085138','20')
INSERT INTO CategoriesPortals (UniqueID,CatID,PortalID) VALUES('175597712215460','193383877085138','0')
INSERT INTO Categories (CatID,ListUnder,CategoryName,Description,Keywords,CatType,Moderator,AccessKeys,WriteKeys,SEODescription,SEOPageTitle,ManageKeys,AccessHide,WriteHide,ExcPortalSecurity,Weight,ShowList,Sharing) VALUES('189437832602946','209036145783248','Conferences','','','','Moderator','|2|,|3|,|1|,|4|','|2|,|3|,|4|','','','|2|','0','0','0','2000','1','1')
INSERT INTO CategoriesModules (UniqueID,CatID,ModuleID) VALUES('182042163313379','189437832602946','20')
INSERT INTO CategoriesPortals (UniqueID,CatID,PortalID) VALUES('243386148177334','189437832602946','0')
INSERT INTO Categories (CatID,ListUnder,CategoryName,Description,Keywords,CatType,Moderator,AccessKeys,WriteKeys,SEODescription,SEOPageTitle,ManageKeys,AccessHide,WriteHide,ExcPortalSecurity,Weight,ShowList,Sharing) VALUES('180138318483878','161240180898887','Conferences','','','','Moderator','|2|,|3|,|1|,|4|','|2|,|3|,|4|','','','|2|','0','0','0','2000','1','1')
INSERT INTO CategoriesModules (UniqueID,CatID,ModuleID) VALUES('175334516860931','180138318483878','20')
INSERT INTO CategoriesPortals (UniqueID,CatID,PortalID) VALUES('164658580259221','180138318483878','0')
INSERT INTO Categories (CatID,ListUnder,CategoryName,Description,Keywords,CatType,Moderator,AccessKeys,WriteKeys,SEODescription,SEOPageTitle,ManageKeys,AccessHide,WriteHide,ExcPortalSecurity,Weight,ShowList,Sharing) VALUES('175648229572764','137369301724224','Conferences','','','','Moderator','|2|,|3|,|1|,|4|','|2|,|3|,|4|','','','|2|','0','0','0','2000','1','1')
INSERT INTO CategoriesModules (UniqueID,CatID,ModuleID) VALUES('234145275678249','175648229572764','20')
INSERT INTO CategoriesPortals (UniqueID,CatID,PortalID) VALUES('156066785196190','175648229572764','0')
INSERT INTO Categories (CatID,ListUnder,CategoryName,Description,Keywords,CatType,Moderator,AccessKeys,WriteKeys,SEODescription,SEOPageTitle,ManageKeys,AccessHide,WriteHide,ExcPortalSecurity,Weight,ShowList,Sharing) VALUES('169701379473132','412429472676434','Conferences','','','','Moderator','|2|,|3|,|1|,|4|','|2|,|3|,|4|','','','|2|','0','0','0','2000','1','1')
INSERT INTO CategoriesModules (UniqueID,CatID,ModuleID) VALUES('159437729183532','169701379473132','20')
INSERT INTO CategoriesPortals (UniqueID,CatID,PortalID) VALUES('140183109124823','169701379473132','0')
INSERT INTO Categories (CatID,ListUnder,CategoryName,Description,Keywords,CatType,Moderator,AccessKeys,WriteKeys,SEODescription,SEOPageTitle,ManageKeys,AccessHide,WriteHide,ExcPortalSecurity,Weight,ShowList,Sharing) VALUES('399473474811634','195031657084845','Conferences','','','','Moderator','|2|,|3|,|1|,|4|','|2|,|3|,|4|','','','|2|','0','0','0','2000','1','1')
INSERT INTO CategoriesModules (UniqueID,CatID,ModuleID) VALUES('126175425058112','399473474811634','20')
INSERT INTO CategoriesPortals (UniqueID,CatID,PortalID) VALUES('326973754803782','399473474811634','0')
INSERT INTO Categories (CatID,ListUnder,CategoryName,Description,Keywords,CatType,Moderator,AccessKeys,WriteKeys,SEODescription,SEOPageTitle,ManageKeys,AccessHide,WriteHide,ExcPortalSecurity,Weight,ShowList,Sharing) VALUES('298848604984453','123014346944222','Conferences','','','','Moderator','|2|,|3|,|1|,|4|','|2|,|3|,|4|','','','|2|','0','0','0','2000','1','1')
INSERT INTO CategoriesModules (UniqueID,CatID,ModuleID) VALUES('155316209132547','298848604984453','20')
INSERT INTO CategoriesPortals (UniqueID,CatID,PortalID) VALUES('171125308087554','298848604984453','0')
INSERT INTO Categories (CatID,ListUnder,CategoryName,Description,Keywords,CatType,Moderator,AccessKeys,WriteKeys,SEODescription,SEOPageTitle,ManageKeys,AccessHide,WriteHide,ExcPortalSecurity,Weight,ShowList,Sharing) VALUES('326177928240670','197531586023575','Conferences','','','','Moderator','|2|,|3|,|1|,|4|','|2|,|3|,|4|','','','|2|','0','0','0','2000','1','1')
INSERT INTO CategoriesModules (UniqueID,CatID,ModuleID) VALUES('206347152403850','326177928240670','20')
INSERT INTO CategoriesPortals (UniqueID,CatID,PortalID) VALUES('549746898963148','326177928240670','0')
INSERT INTO Categories (CatID,ListUnder,CategoryName,Description,Keywords,CatType,Moderator,AccessKeys,WriteKeys,SEODescription,SEOPageTitle,ManageKeys,AccessHide,WriteHide,ExcPortalSecurity,Weight,ShowList,Sharing) VALUES('334324189567156','214300976326282','Conferences','','','','Moderator','|2|,|3|,|1|,|4|','|2|,|3|,|4|','','','|2|','0','0','0','2000','1','1')
INSERT INTO CategoriesModules (UniqueID,CatID,ModuleID) VALUES('589636391336653','334324189567156','20')
INSERT INTO CategoriesPortals (UniqueID,CatID,PortalID) VALUES('151732012021717','334324189567156','0')
INSERT INTO Categories (CatID,ListUnder,CategoryName,Description,Keywords,CatType,Moderator,AccessKeys,WriteKeys,SEODescription,SEOPageTitle,ManageKeys,AccessHide,WriteHide,ExcPortalSecurity,Weight,ShowList,Sharing) VALUES('217344402272177','575161173578355','Conferences','','','','Moderator','|2|,|3|,|1|,|4|','|2|,|3|,|4|','','','|2|','0','0','0','2000','1','1')
INSERT INTO CategoriesModules (UniqueID,CatID,ModuleID) VALUES('342330824986661','217344402272177','20')
INSERT INTO CategoriesPortals (UniqueID,CatID,PortalID) VALUES('147554961493831','217344402272177','0')
INSERT INTO Categories (CatID,ListUnder,CategoryName,Description,Keywords,CatType,Moderator,AccessKeys,WriteKeys,SEODescription,SEOPageTitle,ManageKeys,AccessHide,WriteHide,ExcPortalSecurity,Weight,ShowList,Sharing) VALUES('526380410796437','454474966627687','Conferences','','','','Moderator','|2|,|3|,|1|,|4|','|2|,|3|,|4|','','','|2|','0','0','0','2000','1','1')
INSERT INTO CategoriesModules (UniqueID,CatID,ModuleID) VALUES('162515699862714','526380410796437','20')
INSERT INTO CategoriesPortals (UniqueID,CatID,PortalID) VALUES('691164544183684','526380410796437','0')
INSERT INTO Categories (CatID,ListUnder,CategoryName,Description,Keywords,CatType,Moderator,AccessKeys,WriteKeys,SEODescription,SEOPageTitle,ManageKeys,AccessHide,WriteHide,ExcPortalSecurity,Weight,ShowList,Sharing) VALUES('546699880142990','183210105936633','Conferences','','','','Moderator','|2|,|3|,|1|,|4|','|2|,|3|,|4|','','','|2|','0','0','0','2000','1','1')
INSERT INTO CategoriesModules (UniqueID,CatID,ModuleID) VALUES('106036934801074','546699880142990','20')
INSERT INTO CategoriesPortals (UniqueID,CatID,PortalID) VALUES('140213439822311','546699880142990','0')
INSERT INTO Categories (CatID,ListUnder,CategoryName,Description,Keywords,CatType,Moderator,AccessKeys,WriteKeys,SEODescription,SEOPageTitle,ManageKeys,AccessHide,WriteHide,ExcPortalSecurity,Weight,ShowList,Sharing) VALUES('862177035608733','761893626172243','Conferences','','','','Moderator','|2|,|3|,|1|,|4|','|2|,|3|,|4|','','','|2|','0','0','0','2000','1','1')
INSERT INTO CategoriesModules (UniqueID,CatID,ModuleID) VALUES('518297297855877','862177035608733','20')
INSERT INTO CategoriesPortals (UniqueID,CatID,PortalID) VALUES('127449550443152','862177035608733','0')
INSERT INTO Categories (CatID,ListUnder,CategoryName,Description,Keywords,CatType,Moderator,AccessKeys,WriteKeys,SEODescription,SEOPageTitle,ManageKeys,AccessHide,WriteHide,ExcPortalSecurity,Weight,ShowList,Sharing) VALUES('904990852194452','145561398531063','Conferences','','','','Moderator','|2|,|3|,|1|,|4|','|2|,|3|,|4|','','','|2|','0','0','0','2000','1','1')
INSERT INTO CategoriesModules (UniqueID,CatID,ModuleID) VALUES('122901798902768','904990852194452','20')
INSERT INTO CategoriesPortals (UniqueID,CatID,PortalID) VALUES('120635949188087','904990852194452','0')
INSERT INTO Categories (CatID,ListUnder,CategoryName,Description,Keywords,CatType,Moderator,AccessKeys,WriteKeys,SEODescription,SEOPageTitle,ManageKeys,AccessHide,WriteHide,ExcPortalSecurity,Weight,ShowList,Sharing) VALUES('947137014646799','120268798198852','Conferences','','','','Moderator','|2|,|3|,|1|,|4|','|2|,|3|,|4|','','','|2|','0','0','0','2000','1','1')
INSERT INTO CategoriesModules (UniqueID,CatID,ModuleID) VALUES('113957445398642','947137014646799','20')
INSERT INTO CategoriesPortals (UniqueID,CatID,PortalID) VALUES('207679006466913','947137014646799','0')
INSERT INTO Categories (CatID,ListUnder,CategoryName,Description,Keywords,CatType,Moderator,AccessKeys,WriteKeys,SEODescription,SEOPageTitle,ManageKeys,AccessHide,WriteHide,ExcPortalSecurity,Weight,ShowList,Sharing) VALUES('137273076552911','176261651658351','Conflict Resolution','','','','Moderator','|2|,|3|,|1|,|4|','|2|,|3|,|4|','','','|2|','0','0','0','2000','1','1')
INSERT INTO CategoriesModules (UniqueID,CatID,ModuleID) VALUES('594511470123973','137273076552911','20')
INSERT INTO CategoriesPortals (UniqueID,CatID,PortalID) VALUES('192225179042840','137273076552911','0')
INSERT INTO Categories (CatID,ListUnder,CategoryName,Description,Keywords,CatType,Moderator,AccessKeys,WriteKeys,SEODescription,SEOPageTitle,ManageKeys,AccessHide,WriteHide,ExcPortalSecurity,Weight,ShowList,Sharing) VALUES('125357953727220','116414705839970','Connectors Terminals','','','','Moderator','|2|,|3|,|1|,|4|','|2|,|3|,|4|','','','|2|','0','0','0','2000','1','1')
INSERT INTO CategoriesModules (UniqueID,CatID,ModuleID) VALUES('177109910451226','125357953727220','20')
INSERT INTO CategoriesPortals (UniqueID,CatID,PortalID) VALUES('135330567236305','125357953727220','0')
INSERT INTO Categories (CatID,ListUnder,CategoryName,Description,Keywords,CatType,Moderator,AccessKeys,WriteKeys,SEODescription,SEOPageTitle,ManageKeys,AccessHide,WriteHide,ExcPortalSecurity,Weight,ShowList,Sharing) VALUES('144315891422463','0','Construction','','','','Moderator','|2|,|3|,|1|,|4|','|2|,|3|,|4|','','','|2|','0','0','0','2000','1','1')
INSERT INTO CategoriesModules (UniqueID,CatID,ModuleID) VALUES('339638770021726','144315891422463','20')
INSERT INTO CategoriesPortals (UniqueID,CatID,PortalID) VALUES('998851849378373','144315891422463','0')
INSERT INTO Categories (CatID,ListUnder,CategoryName,Description,Keywords,CatType,Moderator,AccessKeys,WriteKeys,SEODescription,SEOPageTitle,ManageKeys,AccessHide,WriteHide,ExcPortalSecurity,Weight,ShowList,Sharing) VALUES('210390702151175','197531586023575','Construction Installation Maintenance','','','','Moderator','|2|,|3|,|1|,|4|','|2|,|3|,|4|','','','|2|','0','0','0','2000','1','1')
INSERT INTO CategoriesModules (UniqueID,CatID,ModuleID) VALUES('167053325085776','210390702151175','20')
INSERT INTO CategoriesPortals (UniqueID,CatID,PortalID) VALUES('173612909939587','210390702151175','0')
INSERT INTO Categories (CatID,ListUnder,CategoryName,Description,Keywords,CatType,Moderator,AccessKeys,WriteKeys,SEODescription,SEOPageTitle,ManageKeys,AccessHide,WriteHide,ExcPortalSecurity,Weight,ShowList,Sharing) VALUES('540654194117135','468964763450112','Construction Legalities','','','','Moderator','|2|,|3|,|1|,|4|','|2|,|3|,|4|','','','|2|','0','0','0','2000','1','1')
INSERT INTO CategoriesModules (UniqueID,CatID,ModuleID) VALUES('703578383976274','540654194117135','20')
INSERT INTO CategoriesPortals (UniqueID,CatID,PortalID) VALUES('192790677341757','540654194117135','0')
INSERT INTO Categories (CatID,ListUnder,CategoryName,Description,Keywords,CatType,Moderator,AccessKeys,WriteKeys,SEODescription,SEOPageTitle,ManageKeys,AccessHide,WriteHide,ExcPortalSecurity,Weight,ShowList,Sharing) VALUES('187400102418579','174107091852658','Construction Maintenance','','','','Moderator','|2|,|3|,|1|,|4|','|2|,|3|,|4|','','','|2|','0','0','0','2000','1','1')
INSERT INTO CategoriesModules (UniqueID,CatID,ModuleID) VALUES('137375465570707','187400102418579','20')
INSERT INTO CategoriesPortals (UniqueID,CatID,PortalID) VALUES('157200243772393','187400102418579','0')
INSERT INTO Categories (CatID,ListUnder,CategoryName,Description,Keywords,CatType,Moderator,AccessKeys,WriteKeys,SEODescription,SEOPageTitle,ManageKeys,AccessHide,WriteHide,ExcPortalSecurity,Weight,ShowList,Sharing) VALUES('451393740886092','958450126441562','Construction Mounting','','','','Moderator','|2|,|3|,|1|,|4|','|2|,|3|,|4|','','','|2|','0','0','0','2000','1','1')
INSERT INTO CategoriesModules (UniqueID,CatID,ModuleID) VALUES('194680560673807','451393740886092','20')
INSERT INTO CategoriesPortals (UniqueID,CatID,PortalID) VALUES('147180514523215','451393740886092','0')
INSERT INTO Categories (CatID,ListUnder,CategoryName,Description,Keywords,CatType,Moderator,AccessKeys,WriteKeys,SEODescription,SEOPageTitle,ManageKeys,AccessHide,WriteHide,ExcPortalSecurity,Weight,ShowList,Sharing) VALUES('371387905888542','179511068233022','Consultancy Logistics Intelligence','','','','Moderator','|2|,|3|,|1|,|4|','|2|,|3|,|4|','','','|2|','0','0','0','2000','1','1')
INSERT INTO CategoriesModules (UniqueID,CatID,ModuleID) VALUES('112325125130592','371387905888542','20')
INSERT INTO CategoriesPortals (UniqueID,CatID,PortalID) VALUES('186286854972544','371387905888542','0')
INSERT INTO Categories (CatID,ListUnder,CategoryName,Description,Keywords,CatType,Moderator,AccessKeys,WriteKeys,SEODescription,SEOPageTitle,ManageKeys,AccessHide,WriteHide,ExcPortalSecurity,Weight,ShowList,Sharing) VALUES('197256471588240','108144337623717','Consultant CVs','','','','Moderator','|2|,|3|,|1|,|4|','|2|,|3|,|4|','','','|2|','0','0','0','2000','1','1')
INSERT INTO CategoriesModules (UniqueID,CatID,ModuleID) VALUES('350628595686680','197256471588240','20')
INSERT INTO CategoriesPortals (UniqueID,CatID,PortalID) VALUES('237407293416076','197256471588240','0')
INSERT INTO Categories (CatID,ListUnder,CategoryName,Description,Keywords,CatType,Moderator,AccessKeys,WriteKeys,SEODescription,SEOPageTitle,ManageKeys,AccessHide,WriteHide,ExcPortalSecurity,Weight,ShowList,Sharing) VALUES('194943099115576','213563058167417','Consulting','','','','Moderator','|2|,|3|,|1|,|4|','|2|,|3|,|4|','','','|2|','0','0','0','2000','1','1')
INSERT INTO CategoriesModules (UniqueID,CatID,ModuleID) VALUES('181345116024568','194943099115576','20')
INSERT INTO CategoriesPortals (UniqueID,CatID,PortalID) VALUES('913151462101145','194943099115576','0')
INSERT INTO Categories (CatID,ListUnder,CategoryName,Description,Keywords,CatType,Moderator,AccessKeys,WriteKeys,SEODescription,SEOPageTitle,ManageKeys,AccessHide,WriteHide,ExcPortalSecurity,Weight,ShowList,Sharing) VALUES('196235912254350','813095387847726','Consulting','','','','Moderator','|2|,|3|,|1|,|4|','|2|,|3|,|4|','','','|2|','0','0','0','2000','1','1')
INSERT INTO CategoriesModules (UniqueID,CatID,ModuleID) VALUES('175479750615220','196235912254350','20')
INSERT INTO CategoriesPortals (UniqueID,CatID,PortalID) VALUES('352750758278574','196235912254350','0')
INSERT INTO Categories (CatID,ListUnder,CategoryName,Description,Keywords,CatType,Moderator,AccessKeys,WriteKeys,SEODescription,SEOPageTitle,ManageKeys,AccessHide,WriteHide,ExcPortalSecurity,Weight,ShowList,Sharing) VALUES('201349872311191','137369301724224','Consulting','','','','Moderator','|2|,|3|,|1|,|4|','|2|,|3|,|4|','','','|2|','0','0','0','2000','1','1')
INSERT INTO CategoriesModules (UniqueID,CatID,ModuleID) VALUES('126174696033215','201349872311191','20')
INSERT INTO CategoriesPortals (UniqueID,CatID,PortalID) VALUES('169771307176659','201349872311191','0')
INSERT INTO Categories (CatID,ListUnder,CategoryName,Description,Keywords,CatType,Moderator,AccessKeys,WriteKeys,SEODescription,SEOPageTitle,ManageKeys,AccessHide,WriteHide,ExcPortalSecurity,Weight,ShowList,Sharing) VALUES('191269928828867','321882154814874','Consulting','','','','Moderator','|2|,|3|,|1|,|4|','|2|,|3|,|4|','','','|2|','0','0','0','2000','1','1')
INSERT INTO CategoriesModules (UniqueID,CatID,ModuleID) VALUES('140747518894232','191269928828867','20')
INSERT INTO CategoriesPortals (UniqueID,CatID,PortalID) VALUES('724399871169724','191269928828867','0')
INSERT INTO Categories (CatID,ListUnder,CategoryName,Description,Keywords,CatType,Moderator,AccessKeys,WriteKeys,SEODescription,SEOPageTitle,ManageKeys,AccessHide,WriteHide,ExcPortalSecurity,Weight,ShowList,Sharing) VALUES('186936399156220','216037974577765','Consulting','','','','Moderator','|2|,|3|,|1|,|4|','|2|,|3|,|4|','','','|2|','0','0','0','2000','1','1')
INSERT INTO CategoriesModules (UniqueID,CatID,ModuleID) VALUES('819201451008854','186936399156220','20')
INSERT INTO CategoriesPortals (UniqueID,CatID,PortalID) VALUES('889061677866515','186936399156220','0')
INSERT INTO Categories (CatID,ListUnder,CategoryName,Description,Keywords,CatType,Moderator,AccessKeys,WriteKeys,SEODescription,SEOPageTitle,ManageKeys,AccessHide,WriteHide,ExcPortalSecurity,Weight,ShowList,Sharing) VALUES('182970756871112','183131383188741','Consulting','','','','Moderator','|2|,|3|,|1|,|4|','|2|,|3|,|4|','','','|2|','0','0','0','2000','1','1')
INSERT INTO CategoriesModules (UniqueID,CatID,ModuleID) VALUES('572248962687715','182970756871112','20')
INSERT INTO CategoriesPortals (UniqueID,CatID,PortalID) VALUES('904986305494676','182970756871112','0')
INSERT INTO Categories (CatID,ListUnder,CategoryName,Description,Keywords,CatType,Moderator,AccessKeys,WriteKeys,SEODescription,SEOPageTitle,ManageKeys,AccessHide,WriteHide,ExcPortalSecurity,Weight,ShowList,Sharing) VALUES('183396799510214','121738407646224','Consulting','','','','Moderator','|2|,|3|,|1|,|4|','|2|,|3|,|4|','','','|2|','0','0','0','2000','1','1')
INSERT INTO CategoriesModules (UniqueID,CatID,ModuleID) VALUES('165464025221784','183396799510214','20')
INSERT INTO CategoriesPortals (UniqueID,CatID,PortalID) VALUES('249903629295350','183396799510214','0')
INSERT INTO Categories (CatID,ListUnder,CategoryName,Description,Keywords,CatType,Moderator,AccessKeys,WriteKeys,SEODescription,SEOPageTitle,ManageKeys,AccessHide,WriteHide,ExcPortalSecurity,Weight,ShowList,Sharing) VALUES('170532550168044','180637350615341','Consulting','','','','Moderator','|2|,|3|,|1|,|4|','|2|,|3|,|4|','','','|2|','0','0','0','2000','1','1')
INSERT INTO CategoriesModules (UniqueID,CatID,ModuleID) VALUES('177938674034473','170532550168044','20')
INSERT INTO CategoriesPortals (UniqueID,CatID,PortalID) VALUES('135034590747613','170532550168044','0')
INSERT INTO Categories (CatID,ListUnder,CategoryName,Description,Keywords,CatType,Moderator,AccessKeys,WriteKeys,SEODescription,SEOPageTitle,ManageKeys,AccessHide,WriteHide,ExcPortalSecurity,Weight,ShowList,Sharing) VALUES('179888105263356','159517564575154','Consulting','','','','Moderator','|2|,|3|,|1|,|4|','|2|,|3|,|4|','','','|2|','0','0','0','2000','1','1')
INSERT INTO CategoriesModules (UniqueID,CatID,ModuleID) VALUES('579770671777332','179888105263356','20')
INSERT INTO CategoriesPortals (UniqueID,CatID,PortalID) VALUES('938095509172628','179888105263356','0')
INSERT INTO Categories (CatID,ListUnder,CategoryName,Description,Keywords,CatType,Moderator,AccessKeys,WriteKeys,SEODescription,SEOPageTitle,ManageKeys,AccessHide,WriteHide,ExcPortalSecurity,Weight,ShowList,Sharing) VALUES('164455081336674','210718162761263','Consulting','','','','Moderator','|2|,|3|,|1|,|4|','|2|,|3|,|4|','','','|2|','0','0','0','2000','1','1')
INSERT INTO CategoriesModules (UniqueID,CatID,ModuleID) VALUES('853854369848527','164455081336674','20')
INSERT INTO CategoriesPortals (UniqueID,CatID,PortalID) VALUES('367984672339143','164455081336674','0')
INSERT INTO Categories (CatID,ListUnder,CategoryName,Description,Keywords,CatType,Moderator,AccessKeys,WriteKeys,SEODescription,SEOPageTitle,ManageKeys,AccessHide,WriteHide,ExcPortalSecurity,Weight,ShowList,Sharing) VALUES('157714611147670','412429472676434','Consulting','','','','Moderator','|2|,|3|,|1|,|4|','|2|,|3|,|4|','','','|2|','0','0','0','2000','1','1')
INSERT INTO CategoriesModules (UniqueID,CatID,ModuleID) VALUES('202435358986336','157714611147670','20')
INSERT INTO CategoriesPortals (UniqueID,CatID,PortalID) VALUES('169857258267583','157714611147670','0')
INSERT INTO Categories (CatID,ListUnder,CategoryName,Description,Keywords,CatType,Moderator,AccessKeys,WriteKeys,SEODescription,SEOPageTitle,ManageKeys,AccessHide,WriteHide,ExcPortalSecurity,Weight,ShowList,Sharing) VALUES('156565215439841','205739367724222','Consulting','','','','Moderator','|2|,|3|,|1|,|4|','|2|,|3|,|4|','','','|2|','0','0','0','2000','1','1')
INSERT INTO CategoriesModules (UniqueID,CatID,ModuleID) VALUES('133853604734213','156565215439841','20')
INSERT INTO CategoriesPortals (UniqueID,CatID,PortalID) VALUES('214494051587300','156565215439841','0')
INSERT INTO Categories (CatID,ListUnder,CategoryName,Description,Keywords,CatType,Moderator,AccessKeys,WriteKeys,SEODescription,SEOPageTitle,ManageKeys,AccessHide,WriteHide,ExcPortalSecurity,Weight,ShowList,Sharing) VALUES('145862729167006','209685725805440','Consulting','','','','Moderator','|2|,|3|,|1|,|4|','|2|,|3|,|4|','','','|2|','0','0','0','2000','1','1')
INSERT INTO CategoriesModules (UniqueID,CatID,ModuleID) VALUES('100821618187673','145862729167006','20')
INSERT INTO CategoriesPortals (UniqueID,CatID,PortalID) VALUES('805671078113603','145862729167006','0')
INSERT INTO Categories (CatID,ListUnder,CategoryName,Description,Keywords,CatType,Moderator,AccessKeys,WriteKeys,SEODescription,SEOPageTitle,ManageKeys,AccessHide,WriteHide,ExcPortalSecurity,Weight,ShowList,Sharing) VALUES('155284617534687','138401084934556','Consulting','','','','Moderator','|2|,|3|,|1|,|4|','|2|,|3|,|4|','','','|2|','0','0','0','2000','1','1')
INSERT INTO CategoriesModules (UniqueID,CatID,ModuleID) VALUES('162504364497713','155284617534687','20')
INSERT INTO CategoriesPortals (UniqueID,CatID,PortalID) VALUES('781580379864558','155284617534687','0')
INSERT INTO Categories (CatID,ListUnder,CategoryName,Description,Keywords,CatType,Moderator,AccessKeys,WriteKeys,SEODescription,SEOPageTitle,ManageKeys,AccessHide,WriteHide,ExcPortalSecurity,Weight,ShowList,Sharing) VALUES('139939518071679','131617887013514','Consulting','','','','Moderator','|2|,|3|,|1|,|4|','|2|,|3|,|4|','','','|2|','0','0','0','2000','1','1')
INSERT INTO CategoriesModules (UniqueID,CatID,ModuleID) VALUES('206518942322230','139939518071679','20')
INSERT INTO CategoriesPortals (UniqueID,CatID,PortalID) VALUES('131030355124326','139939518071679','0')
INSERT INTO Categories (CatID,ListUnder,CategoryName,Description,Keywords,CatType,Moderator,AccessKeys,WriteKeys,SEODescription,SEOPageTitle,ManageKeys,AccessHide,WriteHide,ExcPortalSecurity,Weight,ShowList,Sharing) VALUES('140348368463775','369761046869198','Consulting','','','','Moderator','|2|,|3|,|1|,|4|','|2|,|3|,|4|','','','|2|','0','0','0','2000','1','1')
INSERT INTO CategoriesModules (UniqueID,CatID,ModuleID) VALUES('195187087392472','140348368463775','20')
INSERT INTO CategoriesPortals (UniqueID,CatID,PortalID) VALUES('225442578144459','140348368463775','0')
INSERT INTO Categories (CatID,ListUnder,CategoryName,Description,Keywords,CatType,Moderator,AccessKeys,WriteKeys,SEODescription,SEOPageTitle,ManageKeys,AccessHide,WriteHide,ExcPortalSecurity,Weight,ShowList,Sharing) VALUES('140283680966686','500531127112354','Consulting','','','','Moderator','|2|,|3|,|1|,|4|','|2|,|3|,|4|','','','|2|','0','0','0','2000','1','1')
INSERT INTO CategoriesModules (UniqueID,CatID,ModuleID) VALUES('486593536711480','140283680966686','20')
INSERT INTO CategoriesPortals (UniqueID,CatID,PortalID) VALUES('198977951941895','140283680966686','0')
INSERT INTO Categories (CatID,ListUnder,CategoryName,Description,Keywords,CatType,Moderator,AccessKeys,WriteKeys,SEODescription,SEOPageTitle,ManageKeys,AccessHide,WriteHide,ExcPortalSecurity,Weight,ShowList,Sharing) VALUES('134709401384636','152656969788212','Consulting','','','','Moderator','|2|,|3|,|1|,|4|','|2|,|3|,|4|','','','|2|','0','0','0','2000','1','1')
INSERT INTO CategoriesModules (UniqueID,CatID,ModuleID) VALUES('207176841666598','134709401384636','20')
INSERT INTO CategoriesPortals (UniqueID,CatID,PortalID) VALUES('170691518121748','134709401384636','0')
INSERT INTO Categories (CatID,ListUnder,CategoryName,Description,Keywords,CatType,Moderator,AccessKeys,WriteKeys,SEODescription,SEOPageTitle,ManageKeys,AccessHide,WriteHide,ExcPortalSecurity,Weight,ShowList,Sharing) VALUES('132322687574723','212938597608811','Consulting','','','','Moderator','|2|,|3|,|1|,|4|','|2|,|3|,|4|','','','|2|','0','0','0','2000','1','1')
INSERT INTO CategoriesModules (UniqueID,CatID,ModuleID) VALUES('274719341134767','132322687574723','20')
INSERT INTO CategoriesPortals (UniqueID,CatID,PortalID) VALUES('894441558405984','132322687574723','0')
INSERT INTO Categories (CatID,ListUnder,CategoryName,Description,Keywords,CatType,Moderator,AccessKeys,WriteKeys,SEODescription,SEOPageTitle,ManageKeys,AccessHide,WriteHide,ExcPortalSecurity,Weight,ShowList,Sharing) VALUES('127600878177543','169231777657067','Consulting','','','','Moderator','|2|,|3|,|1|,|4|','|2|,|3|,|4|','','','|2|','0','0','0','2000','1','1')
INSERT INTO CategoriesModules (UniqueID,CatID,ModuleID) VALUES('101564335218360','127600878177543','20')
INSERT INTO CategoriesPortals (UniqueID,CatID,PortalID) VALUES('197182422904325','127600878177543','0')
INSERT INTO Categories (CatID,ListUnder,CategoryName,Description,Keywords,CatType,Moderator,AccessKeys,WriteKeys,SEODescription,SEOPageTitle,ManageKeys,AccessHide,WriteHide,ExcPortalSecurity,Weight,ShowList,Sharing) VALUES('130112835267217','197531586023575','Consulting','','','','Moderator','|2|,|3|,|1|,|4|','|2|,|3|,|4|','','','|2|','0','0','0','2000','1','1')
INSERT INTO CategoriesModules (UniqueID,CatID,ModuleID) VALUES('207042146341257','130112835267217','20')
INSERT INTO CategoriesPortals (UniqueID,CatID,PortalID) VALUES('148167544666561','130112835267217','0')
INSERT INTO Categories (CatID,ListUnder,CategoryName,Description,Keywords,CatType,Moderator,AccessKeys,WriteKeys,SEODescription,SEOPageTitle,ManageKeys,AccessHide,WriteHide,ExcPortalSecurity,Weight,ShowList,Sharing) VALUES('121452010474528','205742372458738','Consulting','','','','Moderator','|2|,|3|,|1|,|4|','|2|,|3|,|4|','','','|2|','0','0','0','2000','1','1')
INSERT INTO CategoriesModules (UniqueID,CatID,ModuleID) VALUES('108603291714969','121452010474528','20')
INSERT INTO CategoriesPortals (UniqueID,CatID,PortalID) VALUES('168199052940168','121452010474528','0')
INSERT INTO Categories (CatID,ListUnder,CategoryName,Description,Keywords,CatType,Moderator,AccessKeys,WriteKeys,SEODescription,SEOPageTitle,ManageKeys,AccessHide,WriteHide,ExcPortalSecurity,Weight,ShowList,Sharing) VALUES('122909000597454','845494891751785','Consulting','','','','Moderator','|2|,|3|,|1|,|4|','|2|,|3|,|4|','','','|2|','0','0','0','2000','1','1')
INSERT INTO CategoriesModules (UniqueID,CatID,ModuleID) VALUES('112876041781220','122909000597454','20')
INSERT INTO CategoriesPortals (UniqueID,CatID,PortalID) VALUES('532944589258165','122909000597454','0')
INSERT INTO Categories (CatID,ListUnder,CategoryName,Description,Keywords,CatType,Moderator,AccessKeys,WriteKeys,SEODescription,SEOPageTitle,ManageKeys,AccessHide,WriteHide,ExcPortalSecurity,Weight,ShowList,Sharing) VALUES('121882291252823','256574178544781','Consulting','','','','Moderator','|2|,|3|,|1|,|4|','|2|,|3|,|4|','','','|2|','0','0','0','2000','1','1')
INSERT INTO CategoriesModules (UniqueID,CatID,ModuleID) VALUES('705496612370244','121882291252823','20')
INSERT INTO CategoriesPortals (UniqueID,CatID,PortalID) VALUES('357404814734219','121882291252823','0')
INSERT INTO Categories (CatID,ListUnder,CategoryName,Description,Keywords,CatType,Moderator,AccessKeys,WriteKeys,SEODescription,SEOPageTitle,ManageKeys,AccessHide,WriteHide,ExcPortalSecurity,Weight,ShowList,Sharing) VALUES('117349690863906','181537501518755','Consulting','','','','Moderator','|2|,|3|,|1|,|4|','|2|,|3|,|4|','','','|2|','0','0','0','2000','1','1')
INSERT INTO CategoriesModules (UniqueID,CatID,ModuleID) VALUES('170537703364438','117349690863906','20')
INSERT INTO CategoriesPortals (UniqueID,CatID,PortalID) VALUES('254418260784454','117349690863906','0')
INSERT INTO Categories (CatID,ListUnder,CategoryName,Description,Keywords,CatType,Moderator,AccessKeys,WriteKeys,SEODescription,SEOPageTitle,ManageKeys,AccessHide,WriteHide,ExcPortalSecurity,Weight,ShowList,Sharing) VALUES('119410180256763','123803171009424','Consulting','','','','Moderator','|2|,|3|,|1|,|4|','|2|,|3|,|4|','','','|2|','0','0','0','2000','1','1')
INSERT INTO CategoriesModules (UniqueID,CatID,ModuleID) VALUES('126277875665013','119410180256763','20')
INSERT INTO CategoriesPortals (UniqueID,CatID,PortalID) VALUES('127446912033374','119410180256763','0')
INSERT INTO Categories (CatID,ListUnder,CategoryName,Description,Keywords,CatType,Moderator,AccessKeys,WriteKeys,SEODescription,SEOPageTitle,ManageKeys,AccessHide,WriteHide,ExcPortalSecurity,Weight,ShowList,Sharing) VALUES('100523953637874','203370697495731','Consulting','','','','Moderator','|2|,|3|,|1|,|4|','|2|,|3|,|4|','','','|2|','0','0','0','2000','1','1')
INSERT INTO CategoriesModules (UniqueID,CatID,ModuleID) VALUES('157767243832743','100523953637874','20')
INSERT INTO CategoriesPortals (UniqueID,CatID,PortalID) VALUES('140862131611266','100523953637874','0')
INSERT INTO Categories (CatID,ListUnder,CategoryName,Description,Keywords,CatType,Moderator,AccessKeys,WriteKeys,SEODescription,SEOPageTitle,ManageKeys,AccessHide,WriteHide,ExcPortalSecurity,Weight,ShowList,Sharing) VALUES('106335124262444','128159621250643','Consulting','','','','Moderator','|2|,|3|,|1|,|4|','|2|,|3|,|4|','','','|2|','0','0','0','2000','1','1')
INSERT INTO CategoriesModules (UniqueID,CatID,ModuleID) VALUES('897378081212058','106335124262444','20')
INSERT INTO CategoriesPortals (UniqueID,CatID,PortalID) VALUES('605766952383085','106335124262444','0')
INSERT INTO Categories (CatID,ListUnder,CategoryName,Description,Keywords,CatType,Moderator,AccessKeys,WriteKeys,SEODescription,SEOPageTitle,ManageKeys,AccessHide,WriteHide,ExcPortalSecurity,Weight,ShowList,Sharing) VALUES('107216963245066','114176321849964','Consulting','','','','Moderator','|2|,|3|,|1|,|4|','|2|,|3|,|4|','','','|2|','0','0','0','2000','1','1')
INSERT INTO CategoriesModules (UniqueID,CatID,ModuleID) VALUES('962283089465221','107216963245066','20')
INSERT INTO CategoriesPortals (UniqueID,CatID,PortalID) VALUES('113733171407656','107216963245066','0')
INSERT INTO Categories (CatID,ListUnder,CategoryName,Description,Keywords,CatType,Moderator,AccessKeys,WriteKeys,SEODescription,SEOPageTitle,ManageKeys,AccessHide,WriteHide,ExcPortalSecurity,Weight,ShowList,Sharing) VALUES('108144337623717','209036145783248','Consulting','','','','Moderator','|2|,|3|,|1|,|4|','|2|,|3|,|4|','','','|2|','0','0','0','2000','1','1')
INSERT INTO CategoriesModules (UniqueID,CatID,ModuleID) VALUES('203121015841713','108144337623717','20')
INSERT INTO CategoriesPortals (UniqueID,CatID,PortalID) VALUES('145507551425515','108144337623717','0')
INSERT INTO Categories (CatID,ListUnder,CategoryName,Description,Keywords,CatType,Moderator,AccessKeys,WriteKeys,SEODescription,SEOPageTitle,ManageKeys,AccessHide,WriteHide,ExcPortalSecurity,Weight,ShowList,Sharing) VALUES('400067325697329','295137684464675','Consulting','','','','Moderator','|2|,|3|,|1|,|4|','|2|,|3|,|4|','','','|2|','0','0','0','2000','1','1')
INSERT INTO CategoriesModules (UniqueID,CatID,ModuleID) VALUES('602874245416784','400067325697329','20')
INSERT INTO CategoriesPortals (UniqueID,CatID,PortalID) VALUES('841452824070158','400067325697329','0')
INSERT INTO Categories (CatID,ListUnder,CategoryName,Description,Keywords,CatType,Moderator,AccessKeys,WriteKeys,SEODescription,SEOPageTitle,ManageKeys,AccessHide,WriteHide,ExcPortalSecurity,Weight,ShowList,Sharing) VALUES('335909557792771','518067943485998','Consulting','','','','Moderator','|2|,|3|,|1|,|4|','|2|,|3|,|4|','','','|2|','0','0','0','2000','1','1')
INSERT INTO CategoriesModules (UniqueID,CatID,ModuleID) VALUES('341120132510883','335909557792771','20')
INSERT INTO CategoriesPortals (UniqueID,CatID,PortalID) VALUES('203205489141274','335909557792771','0')
INSERT INTO Categories (CatID,ListUnder,CategoryName,Description,Keywords,CatType,Moderator,AccessKeys,WriteKeys,SEODescription,SEOPageTitle,ManageKeys,AccessHide,WriteHide,ExcPortalSecurity,Weight,ShowList,Sharing) VALUES('280660353828189','458171633668170','Consulting','','','','Moderator','|2|,|3|,|1|,|4|','|2|,|3|,|4|','','','|2|','0','0','0','2000','1','1')
INSERT INTO CategoriesModules (UniqueID,CatID,ModuleID) VALUES('864261551073539','280660353828189','20')
INSERT INTO CategoriesPortals (UniqueID,CatID,PortalID) VALUES('569027777041569','280660353828189','0')
INSERT INTO Categories (CatID,ListUnder,CategoryName,Description,Keywords,CatType,Moderator,AccessKeys,WriteKeys,SEODescription,SEOPageTitle,ManageKeys,AccessHide,WriteHide,ExcPortalSecurity,Weight,ShowList,Sharing) VALUES('209676613491241','156563045016110','Consulting','','','','Moderator','|2|,|3|,|1|,|4|','|2|,|3|,|4|','','','|2|','0','0','0','2000','1','1')
INSERT INTO CategoriesModules (UniqueID,CatID,ModuleID) VALUES('133275763967127','209676613491241','20')
INSERT INTO CategoriesPortals (UniqueID,CatID,PortalID) VALUES('202912354116959','209676613491241','0')
INSERT INTO Categories (CatID,ListUnder,CategoryName,Description,Keywords,CatType,Moderator,AccessKeys,WriteKeys,SEODescription,SEOPageTitle,ManageKeys,AccessHide,WriteHide,ExcPortalSecurity,Weight,ShowList,Sharing) VALUES('260960613073035','298288999359661','Consulting','','','','Moderator','|2|,|3|,|1|,|4|','|2|,|3|,|4|','','','|2|','0','0','0','2000','1','1')
INSERT INTO CategoriesModules (UniqueID,CatID,ModuleID) VALUES('139672383606282','260960613073035','20')
INSERT INTO CategoriesPortals (UniqueID,CatID,PortalID) VALUES('169265539325686','260960613073035','0')
INSERT INTO Categories (CatID,ListUnder,CategoryName,Description,Keywords,CatType,Moderator,AccessKeys,WriteKeys,SEODescription,SEOPageTitle,ManageKeys,AccessHide,WriteHide,ExcPortalSecurity,Weight,ShowList,Sharing) VALUES('429541597755452','158169661671233','Consulting','','','','Moderator','|2|,|3|,|1|,|4|','|2|,|3|,|4|','','','|2|','0','0','0','2000','1','1')
INSERT INTO CategoriesModules (UniqueID,CatID,ModuleID) VALUES('111679500446432','429541597755452','20')
INSERT INTO CategoriesPortals (UniqueID,CatID,PortalID) VALUES('107737210041437','429541597755452','0')
INSERT INTO Categories (CatID,ListUnder,CategoryName,Description,Keywords,CatType,Moderator,AccessKeys,WriteKeys,SEODescription,SEOPageTitle,ManageKeys,AccessHide,WriteHide,ExcPortalSecurity,Weight,ShowList,Sharing) VALUES('525296374437814','208392173185557','Consulting','','','','Moderator','|2|,|3|,|1|,|4|','|2|,|3|,|4|','','','|2|','0','0','0','2000','1','1')
INSERT INTO CategoriesModules (UniqueID,CatID,ModuleID) VALUES('183357828937681','525296374437814','20')
INSERT INTO CategoriesPortals (UniqueID,CatID,PortalID) VALUES('204733620085585','525296374437814','0')
INSERT INTO Categories (CatID,ListUnder,CategoryName,Description,Keywords,CatType,Moderator,AccessKeys,WriteKeys,SEODescription,SEOPageTitle,ManageKeys,AccessHide,WriteHide,ExcPortalSecurity,Weight,ShowList,Sharing) VALUES('517818548936018','650231146710765','Consulting','','','','Moderator','|2|,|3|,|1|,|4|','|2|,|3|,|4|','','','|2|','0','0','0','2000','1','1')
INSERT INTO CategoriesModules (UniqueID,CatID,ModuleID) VALUES('856874259955528','517818548936018','20')
INSERT INTO CategoriesPortals (UniqueID,CatID,PortalID) VALUES('106839608084756','517818548936018','0')
INSERT INTO Categories (CatID,ListUnder,CategoryName,Description,Keywords,CatType,Moderator,AccessKeys,WriteKeys,SEODescription,SEOPageTitle,ManageKeys,AccessHide,WriteHide,ExcPortalSecurity,Weight,ShowList,Sharing) VALUES('505580559722881','110330933615825','Consulting','','','','Moderator','|2|,|3|,|1|,|4|','|2|,|3|,|4|','','','|2|','0','0','0','2000','1','1')
INSERT INTO CategoriesModules (UniqueID,CatID,ModuleID) VALUES('797893419914222','505580559722881','20')
INSERT INTO CategoriesPortals (UniqueID,CatID,PortalID) VALUES('379616122982262','505580559722881','0')
INSERT INTO Categories (CatID,ListUnder,CategoryName,Description,Keywords,CatType,Moderator,AccessKeys,WriteKeys,SEODescription,SEOPageTitle,ManageKeys,AccessHide,WriteHide,ExcPortalSecurity,Weight,ShowList,Sharing) VALUES('484982089887125','938877619938672','Consulting','','','','Moderator','|2|,|3|,|1|,|4|','|2|,|3|,|4|','','','|2|','0','0','0','2000','1','1')
INSERT INTO CategoriesModules (UniqueID,CatID,ModuleID) VALUES('514070362543383','484982089887125','20')
INSERT INTO CategoriesPortals (UniqueID,CatID,PortalID) VALUES('133943788122728','484982089887125','0')
INSERT INTO Categories (CatID,ListUnder,CategoryName,Description,Keywords,CatType,Moderator,AccessKeys,WriteKeys,SEODescription,SEOPageTitle,ManageKeys,AccessHide,WriteHide,ExcPortalSecurity,Weight,ShowList,Sharing) VALUES('474005155147812','926958022387637','Consulting','','','','Moderator','|2|,|3|,|1|,|4|','|2|,|3|,|4|','','','|2|','0','0','0','2000','1','1')
INSERT INTO CategoriesModules (UniqueID,CatID,ModuleID) VALUES('525654702217349','474005155147812','20')
INSERT INTO CategoriesPortals (UniqueID,CatID,PortalID) VALUES('664627883611535','474005155147812','0')
INSERT INTO Categories (CatID,ListUnder,CategoryName,Description,Keywords,CatType,Moderator,AccessKeys,WriteKeys,SEODescription,SEOPageTitle,ManageKeys,AccessHide,WriteHide,ExcPortalSecurity,Weight,ShowList,Sharing) VALUES('468964763450112','144315891422463','Consulting','','','','Moderator','|2|,|3|,|1|,|4|','|2|,|3|,|4|','','','|2|','0','0','0','2000','1','1')
INSERT INTO CategoriesModules (UniqueID,CatID,ModuleID) VALUES('286230517298068','468964763450112','20')
INSERT INTO CategoriesPortals (UniqueID,CatID,PortalID) VALUES('926149761862581','468964763450112','0')
INSERT INTO Categories (CatID,ListUnder,CategoryName,Description,Keywords,CatType,Moderator,AccessKeys,WriteKeys,SEODescription,SEOPageTitle,ManageKeys,AccessHide,WriteHide,ExcPortalSecurity,Weight,ShowList,Sharing) VALUES('547486130271152','826500906614541','Consulting','','','','Moderator','|2|,|3|,|1|,|4|','|2|,|3|,|4|','','','|2|','0','0','0','2000','1','1')
INSERT INTO CategoriesModules (UniqueID,CatID,ModuleID) VALUES('566595175690191','547486130271152','20')
INSERT INTO CategoriesPortals (UniqueID,CatID,PortalID) VALUES('840419591397664','547486130271152','0')
INSERT INTO Categories (CatID,ListUnder,CategoryName,Description,Keywords,CatType,Moderator,AccessKeys,WriteKeys,SEODescription,SEOPageTitle,ManageKeys,AccessHide,WriteHide,ExcPortalSecurity,Weight,ShowList,Sharing) VALUES('569538569319564','475614912861318','Consulting','','','','Moderator','|2|,|3|,|1|,|4|','|2|,|3|,|4|','','','|2|','0','0','0','2000','1','1')
INSERT INTO CategoriesModules (UniqueID,CatID,ModuleID) VALUES('820861696537758','569538569319564','20')
INSERT INTO CategoriesPortals (UniqueID,CatID,PortalID) VALUES('201891798958192','569538569319564','0')
INSERT INTO Categories (CatID,ListUnder,CategoryName,Description,Keywords,CatType,Moderator,AccessKeys,WriteKeys,SEODescription,SEOPageTitle,ManageKeys,AccessHide,WriteHide,ExcPortalSecurity,Weight,ShowList,Sharing) VALUES('654948869103335','454474966627687','Consulting','','','','Moderator','|2|,|3|,|1|,|4|','|2|,|3|,|4|','','','|2|','0','0','0','2000','1','1')
INSERT INTO CategoriesModules (UniqueID,CatID,ModuleID) VALUES('625449095086535','654948869103335','20')
INSERT INTO CategoriesPortals (UniqueID,CatID,PortalID) VALUES('710415291166453','654948869103335','0')
INSERT INTO Categories (CatID,ListUnder,CategoryName,Description,Keywords,CatType,Moderator,AccessKeys,WriteKeys,SEODescription,SEOPageTitle,ManageKeys,AccessHide,WriteHide,ExcPortalSecurity,Weight,ShowList,Sharing) VALUES('637184540449181','112619746118561','Consulting','','','','Moderator','|2|,|3|,|1|,|4|','|2|,|3|,|4|','','','|2|','0','0','0','2000','1','1')
INSERT INTO CategoriesModules (UniqueID,CatID,ModuleID) VALUES('814807543126210','637184540449181','20')
INSERT INTO CategoriesPortals (UniqueID,CatID,PortalID) VALUES('335498239585396','637184540449181','0')
INSERT INTO Categories (CatID,ListUnder,CategoryName,Description,Keywords,CatType,Moderator,AccessKeys,WriteKeys,SEODescription,SEOPageTitle,ManageKeys,AccessHide,WriteHide,ExcPortalSecurity,Weight,ShowList,Sharing) VALUES('868580478726144','546733937596261','Consulting','','','','Moderator','|2|,|3|,|1|,|4|','|2|,|3|,|4|','','','|2|','0','0','0','2000','1','1')
INSERT INTO CategoriesModules (UniqueID,CatID,ModuleID) VALUES('202959473438564','868580478726144','20')
INSERT INTO CategoriesPortals (UniqueID,CatID,PortalID) VALUES('644538095416404','868580478726144','0')
INSERT INTO Categories (CatID,ListUnder,CategoryName,Description,Keywords,CatType,Moderator,AccessKeys,WriteKeys,SEODescription,SEOPageTitle,ManageKeys,AccessHide,WriteHide,ExcPortalSecurity,Weight,ShowList,Sharing) VALUES('877425734921211','102651687824638','Consulting','','','','Moderator','|2|,|3|,|1|,|4|','|2|,|3|,|4|','','','|2|','0','0','0','2000','1','1')
INSERT INTO CategoriesModules (UniqueID,CatID,ModuleID) VALUES('124296405715427','877425734921211','20')
INSERT INTO CategoriesPortals (UniqueID,CatID,PortalID) VALUES('491713025254238','877425734921211','0')
INSERT INTO Categories (CatID,ListUnder,CategoryName,Description,Keywords,CatType,Moderator,AccessKeys,WriteKeys,SEODescription,SEOPageTitle,ManageKeys,AccessHide,WriteHide,ExcPortalSecurity,Weight,ShowList,Sharing) VALUES('896477395756350','186370497978018','Consulting','','','','Moderator','|2|,|3|,|1|,|4|','|2|,|3|,|4|','','','|2|','0','0','0','2000','1','1')
INSERT INTO CategoriesModules (UniqueID,CatID,ModuleID) VALUES('137195742161831','896477395756350','20')
INSERT INTO CategoriesPortals (UniqueID,CatID,PortalID) VALUES('207322422277582','896477395756350','0')
INSERT INTO Categories (CatID,ListUnder,CategoryName,Description,Keywords,CatType,Moderator,AccessKeys,WriteKeys,SEODescription,SEOPageTitle,ManageKeys,AccessHide,WriteHide,ExcPortalSecurity,Weight,ShowList,Sharing) VALUES('845363912515234','144178437512810','Consulting','','','','Moderator','|2|,|3|,|1|,|4|','|2|,|3|,|4|','','','|2|','0','0','0','2000','1','1')
INSERT INTO CategoriesModules (UniqueID,CatID,ModuleID) VALUES('347282835644256','845363912515234','20')
INSERT INTO CategoriesPortals (UniqueID,CatID,PortalID) VALUES('192895022662333','845363912515234','0')
INSERT INTO Categories (CatID,ListUnder,CategoryName,Description,Keywords,CatType,Moderator,AccessKeys,WriteKeys,SEODescription,SEOPageTitle,ManageKeys,AccessHide,WriteHide,ExcPortalSecurity,Weight,ShowList,Sharing) VALUES('712749938228603','166717347983737','Consulting','','','','Moderator','|2|,|3|,|1|,|4|','|2|,|3|,|4|','','','|2|','0','0','0','2000','1','1')
INSERT INTO CategoriesModules (UniqueID,CatID,ModuleID) VALUES('471926968807278','712749938228603','20')
INSERT INTO CategoriesPortals (UniqueID,CatID,PortalID) VALUES('202947278958217','712749938228603','0')
INSERT INTO Categories (CatID,ListUnder,CategoryName,Description,Keywords,CatType,Moderator,AccessKeys,WriteKeys,SEODescription,SEOPageTitle,ManageKeys,AccessHide,WriteHide,ExcPortalSecurity,Weight,ShowList,Sharing) VALUES('722907759712759','154437582882648','Consulting','','','','Moderator','|2|,|3|,|1|,|4|','|2|,|3|,|4|','','','|2|','0','0','0','2000','1','1')
INSERT INTO CategoriesModules (UniqueID,CatID,ModuleID) VALUES('175933753317535','722907759712759','20')
INSERT INTO CategoriesPortals (UniqueID,CatID,PortalID) VALUES('191727287646955','722907759712759','0')
INSERT INTO Categories (CatID,ListUnder,CategoryName,Description,Keywords,CatType,Moderator,AccessKeys,WriteKeys,SEODescription,SEOPageTitle,ManageKeys,AccessHide,WriteHide,ExcPortalSecurity,Weight,ShowList,Sharing) VALUES('985414145492337','145561398531063','Consulting','','','','Moderator','|2|,|3|,|1|,|4|','|2|,|3|,|4|','','','|2|','0','0','0','2000','1','1')
INSERT INTO CategoriesModules (UniqueID,CatID,ModuleID) VALUES('141450355523221','985414145492337','20')
INSERT INTO CategoriesPortals (UniqueID,CatID,PortalID) VALUES('477619223321638','985414145492337','0')
INSERT INTO Categories (CatID,ListUnder,CategoryName,Description,Keywords,CatType,Moderator,AccessKeys,WriteKeys,SEODescription,SEOPageTitle,ManageKeys,AccessHide,WriteHide,ExcPortalSecurity,Weight,ShowList,Sharing) VALUES('666675169875393','161898503042338','Consumer Products','','','','Moderator','|2|,|3|,|1|,|4|','|2|,|3|,|4|','','','|2|','0','0','0','2000','1','1')
INSERT INTO CategoriesModules (UniqueID,CatID,ModuleID) VALUES('212775608014826','666675169875393','20')
INSERT INTO CategoriesPortals (UniqueID,CatID,PortalID) VALUES('176590997228157','666675169875393','0')
INSERT INTO Categories (CatID,ListUnder,CategoryName,Description,Keywords,CatType,Moderator,AccessKeys,WriteKeys,SEODescription,SEOPageTitle,ManageKeys,AccessHide,WriteHide,ExcPortalSecurity,Weight,ShowList,Sharing) VALUES('337252452252724','0','Consumer Services','','','','Moderator','|2|,|3|,|1|,|4|','|2|,|3|,|4|','','','|2|','0','0','0','2000','1','1')
INSERT INTO CategoriesModules (UniqueID,CatID,ModuleID) VALUES('181607453253765','337252452252724','20')
INSERT INTO CategoriesPortals (UniqueID,CatID,PortalID) VALUES('767071914694264','337252452252724','0')
INSERT INTO Categories (CatID,ListUnder,CategoryName,Description,Keywords,CatType,Moderator,AccessKeys,WriteKeys,SEODescription,SEOPageTitle,ManageKeys,AccessHide,WriteHide,ExcPortalSecurity,Weight,ShowList,Sharing) VALUES('155547817126022','337252452252724','Contact Lenses','','','','Moderator','|2|,|3|,|1|,|4|','|2|,|3|,|4|','','','|2|','0','0','0','2000','1','1')
INSERT INTO CategoriesModules (UniqueID,CatID,ModuleID) VALUES('128818759280441','155547817126022','20')
INSERT INTO CategoriesPortals (UniqueID,CatID,PortalID) VALUES('204421918026121','155547817126022','0')
INSERT INTO Categories (CatID,ListUnder,CategoryName,Description,Keywords,CatType,Moderator,AccessKeys,WriteKeys,SEODescription,SEOPageTitle,ManageKeys,AccessHide,WriteHide,ExcPortalSecurity,Weight,ShowList,Sharing) VALUES('178334378731659','454474966627687','Containers','','','','Moderator','|2|,|3|,|1|,|4|','|2|,|3|,|4|','','','|2|','0','0','0','2000','1','1')
INSERT INTO CategoriesModules (UniqueID,CatID,ModuleID) VALUES('111522730368649','178334378731659','20')
INSERT INTO CategoriesPortals (UniqueID,CatID,PortalID) VALUES('318041802175622','178334378731659','0')
INSERT INTO Categories (CatID,ListUnder,CategoryName,Description,Keywords,CatType,Moderator,AccessKeys,WriteKeys,SEODescription,SEOPageTitle,ManageKeys,AccessHide,WriteHide,ExcPortalSecurity,Weight,ShowList,Sharing) VALUES('685982251351896','186032997883175','Content','','','','Moderator','|2|,|3|,|1|,|4|','|2|,|3|,|4|','','','|2|','0','0','0','2000','1','1')
INSERT INTO CategoriesModules (UniqueID,CatID,ModuleID) VALUES('205101433031555','685982251351896','20')
INSERT INTO CategoriesPortals (UniqueID,CatID,PortalID) VALUES('196292172642016','685982251351896','0')
INSERT INTO Categories (CatID,ListUnder,CategoryName,Description,Keywords,CatType,Moderator,AccessKeys,WriteKeys,SEODescription,SEOPageTitle,ManageKeys,AccessHide,WriteHide,ExcPortalSecurity,Weight,ShowList,Sharing) VALUES('582319519728224','116414705839970','Contract Manufacturing','','','','Moderator','|2|,|3|,|1|,|4|','|2|,|3|,|4|','','','|2|','0','0','0','2000','1','1')
INSERT INTO CategoriesModules (UniqueID,CatID,ModuleID) VALUES('916301173298810','582319519728224','20')
INSERT INTO CategoriesPortals (UniqueID,CatID,PortalID) VALUES('137937217277081','582319519728224','0')
INSERT INTO Categories (CatID,ListUnder,CategoryName,Description,Keywords,CatType,Moderator,AccessKeys,WriteKeys,SEODescription,SEOPageTitle,ManageKeys,AccessHide,WriteHide,ExcPortalSecurity,Weight,ShowList,Sharing) VALUES('155144268747187','161898503042338','Contract Manufacturing','','','','Moderator','|2|,|3|,|1|,|4|','|2|,|3|,|4|','','','|2|','0','0','0','2000','1','1')
INSERT INTO CategoriesModules (UniqueID,CatID,ModuleID) VALUES('115874055502694','155144268747187','20')
INSERT INTO CategoriesPortals (UniqueID,CatID,PortalID) VALUES('572266358159344','155144268747187','0')
INSERT INTO Categories (CatID,ListUnder,CategoryName,Description,Keywords,CatType,Moderator,AccessKeys,WriteKeys,SEODescription,SEOPageTitle,ManageKeys,AccessHide,WriteHide,ExcPortalSecurity,Weight,ShowList,Sharing) VALUES('181737150163882','454474966627687','Contract Packaging','','','','Moderator','|2|,|3|,|1|,|4|','|2|,|3|,|4|','','','|2|','0','0','0','2000','1','1')
INSERT INTO CategoriesModules (UniqueID,CatID,ModuleID) VALUES('160628983041488','181737150163882','20')
INSERT INTO CategoriesPortals (UniqueID,CatID,PortalID) VALUES('212197371978768','181737150163882','0')
INSERT INTO Categories (CatID,ListUnder,CategoryName,Description,Keywords,CatType,Moderator,AccessKeys,WriteKeys,SEODescription,SEOPageTitle,ManageKeys,AccessHide,WriteHide,ExcPortalSecurity,Weight,ShowList,Sharing) VALUES('897429343313311','295137684464675','Contract Research Organizations','','','','Moderator','|2|,|3|,|1|,|4|','|2|,|3|,|4|','','','|2|','0','0','0','2000','1','1')
INSERT INTO CategoriesModules (UniqueID,CatID,ModuleID) VALUES('589194001677852','897429343313311','20')
INSERT INTO CategoriesPortals (UniqueID,CatID,PortalID) VALUES('188244513485141','897429343313311','0')
INSERT INTO Categories (CatID,ListUnder,CategoryName,Description,Keywords,CatType,Moderator,AccessKeys,WriteKeys,SEODescription,SEOPageTitle,ManageKeys,AccessHide,WriteHide,ExcPortalSecurity,Weight,ShowList,Sharing) VALUES('177212039042546','211779882274336','Contracting Firms','','','','Moderator','|2|,|3|,|1|,|4|','|2|,|3|,|4|','','','|2|','0','0','0','2000','1','1')
INSERT INTO CategoriesModules (UniqueID,CatID,ModuleID) VALUES('509534429342811','177212039042546','20')
INSERT INTO CategoriesPortals (UniqueID,CatID,PortalID) VALUES('416666103317321','177212039042546','0')
INSERT INTO Categories (CatID,ListUnder,CategoryName,Description,Keywords,CatType,Moderator,AccessKeys,WriteKeys,SEODescription,SEOPageTitle,ManageKeys,AccessHide,WriteHide,ExcPortalSecurity,Weight,ShowList,Sharing) VALUES('132433743761949','208392173185557','Contractors','','','','Moderator','|2|,|3|,|1|,|4|','|2|,|3|,|4|','','','|2|','0','0','0','2000','1','1')
INSERT INTO CategoriesModules (UniqueID,CatID,ModuleID) VALUES('655717417346658','132433743761949','20')
INSERT INTO CategoriesPortals (UniqueID,CatID,PortalID) VALUES('349621382389388','132433743761949','0')
INSERT INTO Categories (CatID,ListUnder,CategoryName,Description,Keywords,CatType,Moderator,AccessKeys,WriteKeys,SEODescription,SEOPageTitle,ManageKeys,AccessHide,WriteHide,ExcPortalSecurity,Weight,ShowList,Sharing) VALUES('603613753838765','128159621250643','Contractors','','','','Moderator','|2|,|3|,|1|,|4|','|2|,|3|,|4|','','','|2|','0','0','0','2000','1','1')
INSERT INTO CategoriesModules (UniqueID,CatID,ModuleID) VALUES('135036816843847','603613753838765','20')
INSERT INTO CategoriesPortals (UniqueID,CatID,PortalID) VALUES('716389969178740','603613753838765','0')
INSERT INTO Categories (CatID,ListUnder,CategoryName,Description,Keywords,CatType,Moderator,AccessKeys,WriteKeys,SEODescription,SEOPageTitle,ManageKeys,AccessHide,WriteHide,ExcPortalSecurity,Weight,ShowList,Sharing) VALUES('284131841433627','161898503042338','Control Systems','','','','Moderator','|2|,|3|,|1|,|4|','|2|,|3|,|4|','','','|2|','0','0','0','2000','1','1')
INSERT INTO CategoriesModules (UniqueID,CatID,ModuleID) VALUES('487595570794201','284131841433627','20')
INSERT INTO CategoriesPortals (UniqueID,CatID,PortalID) VALUES('159210963648277','284131841433627','0')
INSERT INTO Categories (CatID,ListUnder,CategoryName,Description,Keywords,CatType,Moderator,AccessKeys,WriteKeys,SEODescription,SEOPageTitle,ManageKeys,AccessHide,WriteHide,ExcPortalSecurity,Weight,ShowList,Sharing) VALUES('127017932633338','676715459041125','Convention Trade Show Services','','','','Moderator','|2|,|3|,|1|,|4|','|2|,|3|,|4|','','','|2|','0','0','0','2000','1','1')
INSERT INTO CategoriesModules (UniqueID,CatID,ModuleID) VALUES('200474169927424','127017932633338','20')
INSERT INTO CategoriesPortals (UniqueID,CatID,PortalID) VALUES('486563600546374','127017932633338','0')
INSERT INTO Categories (CatID,ListUnder,CategoryName,Description,Keywords,CatType,Moderator,AccessKeys,WriteKeys,SEODescription,SEOPageTitle,ManageKeys,AccessHide,WriteHide,ExcPortalSecurity,Weight,ShowList,Sharing) VALUES('205624668520163','165450741316604','Conventional','','','','Moderator','|2|,|3|,|1|,|4|','|2|,|3|,|4|','','','|2|','0','0','0','2000','1','1')
INSERT INTO CategoriesModules (UniqueID,CatID,ModuleID) VALUES('209038098963218','205624668520163','20')
INSERT INTO CategoriesPortals (UniqueID,CatID,PortalID) VALUES('153911224123204','205624668520163','0')
INSERT INTO Categories (CatID,ListUnder,CategoryName,Description,Keywords,CatType,Moderator,AccessKeys,WriteKeys,SEODescription,SEOPageTitle,ManageKeys,AccessHide,WriteHide,ExcPortalSecurity,Weight,ShowList,Sharing) VALUES('174071465756988','112619746118561','Converters','','','','Moderator','|2|,|3|,|1|,|4|','|2|,|3|,|4|','','','|2|','0','0','0','2000','1','1')
INSERT INTO CategoriesModules (UniqueID,CatID,ModuleID) VALUES('150008942249367','174071465756988','20')
INSERT INTO CategoriesPortals (UniqueID,CatID,PortalID) VALUES('205527134938334','174071465756988','0')
INSERT INTO Categories (CatID,ListUnder,CategoryName,Description,Keywords,CatType,Moderator,AccessKeys,WriteKeys,SEODescription,SEOPageTitle,ManageKeys,AccessHide,WriteHide,ExcPortalSecurity,Weight,ShowList,Sharing) VALUES('111567304347792','138186154628395','Converting Equipment','','','','Moderator','|2|,|3|,|1|,|4|','|2|,|3|,|4|','','','|2|','0','0','0','2000','1','1')
INSERT INTO CategoriesModules (UniqueID,CatID,ModuleID) VALUES('167469246534527','111567304347792','20')
INSERT INTO CategoriesPortals (UniqueID,CatID,PortalID) VALUES('978214947421823','111567304347792','0')
INSERT INTO Categories (CatID,ListUnder,CategoryName,Description,Keywords,CatType,Moderator,AccessKeys,WriteKeys,SEODescription,SEOPageTitle,ManageKeys,AccessHide,WriteHide,ExcPortalSecurity,Weight,ShowList,Sharing) VALUES('150036784133637','180965748237478','Cookies Bars','','','','Moderator','|2|,|3|,|1|,|4|','|2|,|3|,|4|','','','|2|','0','0','0','2000','1','1')
INSERT INTO CategoriesModules (UniqueID,CatID,ModuleID) VALUES('184501041416522','150036784133637','20')
INSERT INTO CategoriesPortals (UniqueID,CatID,PortalID) VALUES('414526806777749','150036784133637','0')
INSERT INTO Categories (CatID,ListUnder,CategoryName,Description,Keywords,CatType,Moderator,AccessKeys,WriteKeys,SEODescription,SEOPageTitle,ManageKeys,AccessHide,WriteHide,ExcPortalSecurity,Weight,ShowList,Sharing) VALUES('110722041223777','102651687824638','Cooperatives','','','','Moderator','|2|,|3|,|1|,|4|','|2|,|3|,|4|','','','|2|','0','0','0','2000','1','1')
INSERT INTO CategoriesModules (UniqueID,CatID,ModuleID) VALUES('182005874493382','110722041223777','20')
INSERT INTO CategoriesPortals (UniqueID,CatID,PortalID) VALUES('181246547575184','110722041223777','0')
INSERT INTO Categories (CatID,ListUnder,CategoryName,Description,Keywords,CatType,Moderator,AccessKeys,WriteKeys,SEODescription,SEOPageTitle,ManageKeys,AccessHide,WriteHide,ExcPortalSecurity,Weight,ShowList,Sharing) VALUES('100545061268466','106491169447471','Cooperatives','','','','Moderator','|2|,|3|,|1|,|4|','|2|,|3|,|4|','','','|2|','0','0','0','2000','1','1')
INSERT INTO CategoriesModules (UniqueID,CatID,ModuleID) VALUES('518294678186988','100545061268466','20')
INSERT INTO CategoriesPortals (UniqueID,CatID,PortalID) VALUES('207234980214115','100545061268466','0')
INSERT INTO Categories (CatID,ListUnder,CategoryName,Description,Keywords,CatType,Moderator,AccessKeys,WriteKeys,SEODescription,SEOPageTitle,ManageKeys,AccessHide,WriteHide,ExcPortalSecurity,Weight,ShowList,Sharing) VALUES('185572898227428','0','Cooperatives','','','','Moderator','|2|,|3|,|1|,|4|','|2|,|3|,|4|','','','|2|','0','0','0','2000','1','1')
INSERT INTO CategoriesModules (UniqueID,CatID,ModuleID) VALUES('140397622860871','185572898227428','20')
INSERT INTO CategoriesPortals (UniqueID,CatID,PortalID) VALUES('190168159722824','185572898227428','0')
INSERT INTO Categories (CatID,ListUnder,CategoryName,Description,Keywords,CatType,Moderator,AccessKeys,WriteKeys,SEODescription,SEOPageTitle,ManageKeys,AccessHide,WriteHide,ExcPortalSecurity,Weight,ShowList,Sharing) VALUES('379510010781369','284316302752662','Cooperatives','','','','Moderator','|2|,|3|,|1|,|4|','|2|,|3|,|4|','','','|2|','0','0','0','2000','1','1')
INSERT INTO CategoriesModules (UniqueID,CatID,ModuleID) VALUES('135347234224741','379510010781369','20')
INSERT INTO CategoriesPortals (UniqueID,CatID,PortalID) VALUES('202798764747633','379510010781369','0')
INSERT INTO Categories (CatID,ListUnder,CategoryName,Description,Keywords,CatType,Moderator,AccessKeys,WriteKeys,SEODescription,SEOPageTitle,ManageKeys,AccessHide,WriteHide,ExcPortalSecurity,Weight,ShowList,Sharing) VALUES('606146496028257','120439851846156','Cooperatives','','','','Moderator','|2|,|3|,|1|,|4|','|2|,|3|,|4|','','','|2|','0','0','0','2000','1','1')
INSERT INTO CategoriesModules (UniqueID,CatID,ModuleID) VALUES('474880849171177','606146496028257','20')
INSERT INTO CategoriesPortals (UniqueID,CatID,PortalID) VALUES('526643067525243','606146496028257','0')
INSERT INTO Categories (CatID,ListUnder,CategoryName,Description,Keywords,CatType,Moderator,AccessKeys,WriteKeys,SEODescription,SEOPageTitle,ManageKeys,AccessHide,WriteHide,ExcPortalSecurity,Weight,ShowList,Sharing) VALUES('516685461599649','180637350615341','Cooperatives','','','','Moderator','|2|,|3|,|1|,|4|','|2|,|3|,|4|','','','|2|','0','0','0','2000','1','1')
INSERT INTO CategoriesModules (UniqueID,CatID,ModuleID) VALUES('187955155914664','516685461599649','20')
INSERT INTO CategoriesPortals (UniqueID,CatID,PortalID) VALUES('584192461277701','516685461599649','0')
INSERT INTO Categories (CatID,ListUnder,CategoryName,Description,Keywords,CatType,Moderator,AccessKeys,WriteKeys,SEODescription,SEOPageTitle,ManageKeys,AccessHide,WriteHide,ExcPortalSecurity,Weight,ShowList,Sharing) VALUES('807776547926773','293246790583114','Cooperatives','','','','Moderator','|2|,|3|,|1|,|4|','|2|,|3|,|4|','','','|2|','0','0','0','2000','1','1')
INSERT INTO CategoriesModules (UniqueID,CatID,ModuleID) VALUES('142491737082822','807776547926773','20')
INSERT INTO CategoriesPortals (UniqueID,CatID,PortalID) VALUES('358200512875014','807776547926773','0')
INSERT INTO Categories (CatID,ListUnder,CategoryName,Description,Keywords,CatType,Moderator,AccessKeys,WriteKeys,SEODescription,SEOPageTitle,ManageKeys,AccessHide,WriteHide,ExcPortalSecurity,Weight,ShowList,Sharing) VALUES('182124523161204','144601480828687','Copywriters','','','','Moderator','|2|,|3|,|1|,|4|','|2|,|3|,|4|','','','|2|','0','0','0','2000','1','1')
INSERT INTO CategoriesModules (UniqueID,CatID,ModuleID) VALUES('989719467328417','182124523161204','20')
INSERT INTO CategoriesPortals (UniqueID,CatID,PortalID) VALUES('907771367215535','182124523161204','0')
INSERT INTO Categories (CatID,ListUnder,CategoryName,Description,Keywords,CatType,Moderator,AccessKeys,WriteKeys,SEODescription,SEOPageTitle,ManageKeys,AccessHide,WriteHide,ExcPortalSecurity,Weight,ShowList,Sharing) VALUES('376499743178228','863731361482620','Corporate Gifts','','','','Moderator','|2|,|3|,|1|,|4|','|2|,|3|,|4|','','','|2|','0','0','0','2000','1','1')
INSERT INTO CategoriesModules (UniqueID,CatID,ModuleID) VALUES('117451845332775','376499743178228','20')
INSERT INTO CategoriesPortals (UniqueID,CatID,PortalID) VALUES('151343629037516','376499743178228','0')
INSERT INTO Categories (CatID,ListUnder,CategoryName,Description,Keywords,CatType,Moderator,AccessKeys,WriteKeys,SEODescription,SEOPageTitle,ManageKeys,AccessHide,WriteHide,ExcPortalSecurity,Weight,ShowList,Sharing) VALUES('697103603363988','284316302752662','Corporate Housing','','','','Moderator','|2|,|3|,|1|,|4|','|2|,|3|,|4|','','','|2|','0','0','0','2000','1','1')
INSERT INTO CategoriesModules (UniqueID,CatID,ModuleID) VALUES('746347666682282','697103603363988','20')
INSERT INTO CategoriesPortals (UniqueID,CatID,PortalID) VALUES('566130335332776','697103603363988','0')
INSERT INTO Categories (CatID,ListUnder,CategoryName,Description,Keywords,CatType,Moderator,AccessKeys,WriteKeys,SEODescription,SEOPageTitle,ManageKeys,AccessHide,WriteHide,ExcPortalSecurity,Weight,ShowList,Sharing) VALUES('110889876755556','163280379216768','Corporate Identity','','','','Moderator','|2|,|3|,|1|,|4|','|2|,|3|,|4|','','','|2|','0','0','0','2000','1','1')
INSERT INTO CategoriesModules (UniqueID,CatID,ModuleID) VALUES('757920279232785','110889876755556','20')
INSERT INTO CategoriesPortals (UniqueID,CatID,PortalID) VALUES('943400867211965','110889876755556','0')
INSERT INTO Categories (CatID,ListUnder,CategoryName,Description,Keywords,CatType,Moderator,AccessKeys,WriteKeys,SEODescription,SEOPageTitle,ManageKeys,AccessHide,WriteHide,ExcPortalSecurity,Weight,ShowList,Sharing) VALUES('159517564575154','183131383188741','Corporate Relocation','','','','Moderator','|2|,|3|,|1|,|4|','|2|,|3|,|4|','','','|2|','0','0','0','2000','1','1')
INSERT INTO CategoriesModules (UniqueID,CatID,ModuleID) VALUES('162311605077258','159517564575154','20')
INSERT INTO CategoriesPortals (UniqueID,CatID,PortalID) VALUES('172931217781488','159517564575154','0')
INSERT INTO Categories (CatID,ListUnder,CategoryName,Description,Keywords,CatType,Moderator,AccessKeys,WriteKeys,SEODescription,SEOPageTitle,ManageKeys,AccessHide,WriteHide,ExcPortalSecurity,Weight,ShowList,Sharing) VALUES('108785557039568','454474966627687','Corrugated Paperboard','','','','Moderator','|2|,|3|,|1|,|4|','|2|,|3|,|4|','','','|2|','0','0','0','2000','1','1')
INSERT INTO CategoriesModules (UniqueID,CatID,ModuleID) VALUES('159648049638543','108785557039568','20')
INSERT INTO CategoriesPortals (UniqueID,CatID,PortalID) VALUES('126908923210775','108785557039568','0')
INSERT INTO Categories (CatID,ListUnder,CategoryName,Description,Keywords,CatType,Moderator,AccessKeys,WriteKeys,SEODescription,SEOPageTitle,ManageKeys,AccessHide,WriteHide,ExcPortalSecurity,Weight,ShowList,Sharing) VALUES('113658507316003','369223682782626','Cosmetics','','','','Moderator','|2|,|3|,|1|,|4|','|2|,|3|,|4|','','','|2|','0','0','0','2000','1','1')
INSERT INTO CategoriesModules (UniqueID,CatID,ModuleID) VALUES('152982598587112','113658507316003','20')
INSERT INTO CategoriesPortals (UniqueID,CatID,PortalID) VALUES('181864790134892','113658507316003','0')
INSERT INTO Categories (CatID,ListUnder,CategoryName,Description,Keywords,CatType,Moderator,AccessKeys,WriteKeys,SEODescription,SEOPageTitle,ManageKeys,AccessHide,WriteHide,ExcPortalSecurity,Weight,ShowList,Sharing) VALUES('152945581972816','468964763450112','Cost Consultants','','','','Moderator','|2|,|3|,|1|,|4|','|2|,|3|,|4|','','','|2|','0','0','0','2000','1','1')
INSERT INTO CategoriesModules (UniqueID,CatID,ModuleID) VALUES('133317638052865','152945581972816','20')
INSERT INTO CategoriesPortals (UniqueID,CatID,PortalID) VALUES('144764425700797','152945581972816','0')
INSERT INTO Categories (CatID,ListUnder,CategoryName,Description,Keywords,CatType,Moderator,AccessKeys,WriteKeys,SEODescription,SEOPageTitle,ManageKeys,AccessHide,WriteHide,ExcPortalSecurity,Weight,ShowList,Sharing) VALUES('118357942821959','197531586023575','Cost Management','','','','Moderator','|2|,|3|,|1|,|4|','|2|,|3|,|4|','','','|2|','0','0','0','2000','1','1')
INSERT INTO CategoriesModules (UniqueID,CatID,ModuleID) VALUES('534157596231436','118357942821959','20')
INSERT INTO CategoriesPortals (UniqueID,CatID,PortalID) VALUES('695453094146953','118357942821959','0')
INSERT INTO Categories (CatID,ListUnder,CategoryName,Description,Keywords,CatType,Moderator,AccessKeys,WriteKeys,SEODescription,SEOPageTitle,ManageKeys,AccessHide,WriteHide,ExcPortalSecurity,Weight,ShowList,Sharing) VALUES('142129244734358','140394717342354','Costumes','','','','Moderator','|2|,|3|,|1|,|4|','|2|,|3|,|4|','','','|2|','0','0','0','2000','1','1')
INSERT INTO CategoriesModules (UniqueID,CatID,ModuleID) VALUES('685741499662537','142129244734358','20')
INSERT INTO CategoriesPortals (UniqueID,CatID,PortalID) VALUES('753560894711785','142129244734358','0')
INSERT INTO Categories (CatID,ListUnder,CategoryName,Description,Keywords,CatType,Moderator,AccessKeys,WriteKeys,SEODescription,SEOPageTitle,ManageKeys,AccessHide,WriteHide,ExcPortalSecurity,Weight,ShowList,Sharing) VALUES('136679790581341','185728045685285','Coupons','','','','Moderator','|2|,|3|,|1|,|4|','|2|,|3|,|4|','','','|2|','0','0','0','2000','1','1')
INSERT INTO CategoriesModules (UniqueID,CatID,ModuleID) VALUES('123367242363224','136679790581341','20')
INSERT INTO CategoriesPortals (UniqueID,CatID,PortalID) VALUES('983675294154454','136679790581341','0')
INSERT INTO Categories (CatID,ListUnder,CategoryName,Description,Keywords,CatType,Moderator,AccessKeys,WriteKeys,SEODescription,SEOPageTitle,ManageKeys,AccessHide,WriteHide,ExcPortalSecurity,Weight,ShowList,Sharing) VALUES('186650418391633','205739367724222','Couriers Messengers','','','','Moderator','|2|,|3|,|1|,|4|','|2|,|3|,|4|','','','|2|','0','0','0','2000','1','1')
INSERT INTO CategoriesModules (UniqueID,CatID,ModuleID) VALUES('193439178647386','186650418391633','20')
INSERT INTO CategoriesPortals (UniqueID,CatID,PortalID) VALUES('406390792168348','186650418391633','0')
INSERT INTO Categories (CatID,ListUnder,CategoryName,Description,Keywords,CatType,Moderator,AccessKeys,WriteKeys,SEODescription,SEOPageTitle,ManageKeys,AccessHide,WriteHide,ExcPortalSecurity,Weight,ShowList,Sharing) VALUES('199908684872392','208800038768271','Courses','','','','Moderator','|2|,|3|,|1|,|4|','|2|,|3|,|4|','','','|2|','0','0','0','2000','1','1')
INSERT INTO CategoriesModules (UniqueID,CatID,ModuleID) VALUES('165050874664041','199908684872392','20')
INSERT INTO CategoriesPortals (UniqueID,CatID,PortalID) VALUES('174205997800138','199908684872392','0')
INSERT INTO Categories (CatID,ListUnder,CategoryName,Description,Keywords,CatType,Moderator,AccessKeys,WriteKeys,SEODescription,SEOPageTitle,ManageKeys,AccessHide,WriteHide,ExcPortalSecurity,Weight,ShowList,Sharing) VALUES('190958307768120','471824969823582','CPE For CPAs','','','','Moderator','|2|,|3|,|1|,|4|','|2|,|3|,|4|','','','|2|','0','0','0','2000','1','1')
INSERT INTO CategoriesModules (UniqueID,CatID,ModuleID) VALUES('188682555062567','190958307768120','20')
INSERT INTO CategoriesPortals (UniqueID,CatID,PortalID) VALUES('116028600576951','190958307768120','0')
INSERT INTO Categories (CatID,ListUnder,CategoryName,Description,Keywords,CatType,Moderator,AccessKeys,WriteKeys,SEODescription,SEOPageTitle,ManageKeys,AccessHide,WriteHide,ExcPortalSecurity,Weight,ShowList,Sharing) VALUES('106393243888792','209067587733668','Crackers','','','','Moderator','|2|,|3|,|1|,|4|','|2|,|3|,|4|','','','|2|','0','0','0','2000','1','1')
INSERT INTO CategoriesModules (UniqueID,CatID,ModuleID) VALUES('666225283575937','106393243888792','20')
INSERT INTO CategoriesPortals (UniqueID,CatID,PortalID) VALUES('141382704076092','106393243888792','0')
INSERT INTO Categories (CatID,ListUnder,CategoryName,Description,Keywords,CatType,Moderator,AccessKeys,WriteKeys,SEODescription,SEOPageTitle,ManageKeys,AccessHide,WriteHide,ExcPortalSecurity,Weight,ShowList,Sharing) VALUES('517052103402379','142267519150532','Crafts Supplies','','','','Moderator','|2|,|3|,|1|,|4|','|2|,|3|,|4|','','','|2|','0','0','0','2000','1','1')
INSERT INTO CategoriesModules (UniqueID,CatID,ModuleID) VALUES('962221798514712','517052103402379','20')
INSERT INTO CategoriesPortals (UniqueID,CatID,PortalID) VALUES('109755867550442','517052103402379','0')
INSERT INTO Categories (CatID,ListUnder,CategoryName,Description,Keywords,CatType,Moderator,AccessKeys,WriteKeys,SEODescription,SEOPageTitle,ManageKeys,AccessHide,WriteHide,ExcPortalSecurity,Weight,ShowList,Sharing) VALUES('191790535674879','565581992163321','Cranes','','','','Moderator','|2|,|3|,|1|,|4|','|2|,|3|,|4|','','','|2|','0','0','0','2000','1','1')
INSERT INTO CategoriesModules (UniqueID,CatID,ModuleID) VALUES('846991484155537','191790535674879','20')
INSERT INTO CategoriesPortals (UniqueID,CatID,PortalID) VALUES('842084757556314','191790535674879','0')
INSERT INTO Categories (CatID,ListUnder,CategoryName,Description,Keywords,CatType,Moderator,AccessKeys,WriteKeys,SEODescription,SEOPageTitle,ManageKeys,AccessHide,WriteHide,ExcPortalSecurity,Weight,ShowList,Sharing) VALUES('100362692555552','454474966627687','Crating Boxes Drums','','','','Moderator','|2|,|3|,|1|,|4|','|2|,|3|,|4|','','','|2|','0','0','0','2000','1','1')
INSERT INTO CategoriesModules (UniqueID,CatID,ModuleID) VALUES('192471632861083','100362692555552','20')
INSERT INTO CategoriesPortals (UniqueID,CatID,PortalID) VALUES('171244073182425','100362692555552','0')
INSERT INTO Categories (CatID,ListUnder,CategoryName,Description,Keywords,CatType,Moderator,AccessKeys,WriteKeys,SEODescription,SEOPageTitle,ManageKeys,AccessHide,WriteHide,ExcPortalSecurity,Weight,ShowList,Sharing) VALUES('120849312265133','191175973182147','Credit Cards','','','','Moderator','|2|,|3|,|1|,|4|','|2|,|3|,|4|','','','|2|','0','0','0','2000','1','1')
INSERT INTO CategoriesModules (UniqueID,CatID,ModuleID) VALUES('947217098250956','120849312265133','20')
INSERT INTO CategoriesPortals (UniqueID,CatID,PortalID) VALUES('176816158933518','120849312265133','0')
INSERT INTO Categories (CatID,ListUnder,CategoryName,Description,Keywords,CatType,Moderator,AccessKeys,WriteKeys,SEODescription,SEOPageTitle,ManageKeys,AccessHide,WriteHide,ExcPortalSecurity,Weight,ShowList,Sharing) VALUES('204614914661471','144315891422463','Credit Collection','','','','Moderator','|2|,|3|,|1|,|4|','|2|,|3|,|4|','','','|2|','0','0','0','2000','1','1')
INSERT INTO CategoriesModules (UniqueID,CatID,ModuleID) VALUES('638775305656738','204614914661471','20')
INSERT INTO CategoriesPortals (UniqueID,CatID,PortalID) VALUES('140321197042662','204614914661471','0')
INSERT INTO Categories (CatID,ListUnder,CategoryName,Description,Keywords,CatType,Moderator,AccessKeys,WriteKeys,SEODescription,SEOPageTitle,ManageKeys,AccessHide,WriteHide,ExcPortalSecurity,Weight,ShowList,Sharing) VALUES('209685725805440','293246790583114','Credit Collection','','','','Moderator','|2|,|3|,|1|,|4|','|2|,|3|,|4|','','','|2|','0','0','0','2000','1','1')
INSERT INTO CategoriesModules (UniqueID,CatID,ModuleID) VALUES('156203233253137','209685725805440','20')
INSERT INTO CategoriesPortals (UniqueID,CatID,PortalID) VALUES('169976637963818','209685725805440','0')
INSERT INTO Categories (CatID,ListUnder,CategoryName,Description,Keywords,CatType,Moderator,AccessKeys,WriteKeys,SEODescription,SEOPageTitle,ManageKeys,AccessHide,WriteHide,ExcPortalSecurity,Weight,ShowList,Sharing) VALUES('211585863876923','209685725805440','Credit Reports','','','','Moderator','|2|,|3|,|1|,|4|','|2|,|3|,|4|','','','|2|','0','0','0','2000','1','1')
INSERT INTO CategoriesModules (UniqueID,CatID,ModuleID) VALUES('196099704938556','211585863876923','20')
INSERT INTO CategoriesPortals (UniqueID,CatID,PortalID) VALUES('548099255874282','211585863876923','0')
INSERT INTO Categories (CatID,ListUnder,CategoryName,Description,Keywords,CatType,Moderator,AccessKeys,WriteKeys,SEODescription,SEOPageTitle,ManageKeys,AccessHide,WriteHide,ExcPortalSecurity,Weight,ShowList,Sharing) VALUES('151422145903877','191175973182147','Credit Unions','','','','Moderator','|2|,|3|,|1|,|4|','|2|,|3|,|4|','','','|2|','0','0','0','2000','1','1')
INSERT INTO CategoriesModules (UniqueID,CatID,ModuleID) VALUES('141483334640991','151422145903877','20')
INSERT INTO CategoriesPortals (UniqueID,CatID,PortalID) VALUES('912494815370093','151422145903877','0')
INSERT INTO Categories (CatID,ListUnder,CategoryName,Description,Keywords,CatType,Moderator,AccessKeys,WriteKeys,SEODescription,SEOPageTitle,ManageKeys,AccessHide,WriteHide,ExcPortalSecurity,Weight,ShowList,Sharing) VALUES('144648400067132','102651687824638','Crop Dusters','','','','Moderator','|2|,|3|,|1|,|4|','|2|,|3|,|4|','','','|2|','0','0','0','2000','1','1')
INSERT INTO CategoriesModules (UniqueID,CatID,ModuleID) VALUES('170815967434767','144648400067132','20')
INSERT INTO CategoriesPortals (UniqueID,CatID,PortalID) VALUES('121212739682566','144648400067132','0')
INSERT INTO Categories (CatID,ListUnder,CategoryName,Description,Keywords,CatType,Moderator,AccessKeys,WriteKeys,SEODescription,SEOPageTitle,ManageKeys,AccessHide,WriteHide,ExcPortalSecurity,Weight,ShowList,Sharing) VALUES('413039323873849','183131383188741','Crosscultural','','','','Moderator','|2|,|3|,|1|,|4|','|2|,|3|,|4|','','','|2|','0','0','0','2000','1','1')
INSERT INTO CategoriesModules (UniqueID,CatID,ModuleID) VALUES('160327487467179','413039323873849','20')
INSERT INTO CategoriesPortals (UniqueID,CatID,PortalID) VALUES('143458906364778','413039323873849','0')
INSERT INTO Categories (CatID,ListUnder,CategoryName,Description,Keywords,CatType,Moderator,AccessKeys,WriteKeys,SEODescription,SEOPageTitle,ManageKeys,AccessHide,WriteHide,ExcPortalSecurity,Weight,ShowList,Sharing) VALUES('134245065511942','158387187662955','Cross-Cultural','','','','Moderator','|2|,|3|,|1|,|4|','|2|,|3|,|4|','','','|2|','0','0','0','2000','1','1')
INSERT INTO CategoriesModules (UniqueID,CatID,ModuleID) VALUES('819542567482506','134245065511942','20')
INSERT INTO CategoriesPortals (UniqueID,CatID,PortalID) VALUES('956239990443311','134245065511942','0')
INSERT INTO Categories (CatID,ListUnder,CategoryName,Description,Keywords,CatType,Moderator,AccessKeys,WriteKeys,SEODescription,SEOPageTitle,ManageKeys,AccessHide,WriteHide,ExcPortalSecurity,Weight,ShowList,Sharing) VALUES('145378132818045','676715459041125','Crowd Control','','','','Moderator','|2|,|3|,|1|,|4|','|2|,|3|,|4|','','','|2|','0','0','0','2000','1','1')
INSERT INTO CategoriesModules (UniqueID,CatID,ModuleID) VALUES('108681491793862','145378132818045','20')
INSERT INTO CategoriesPortals (UniqueID,CatID,PortalID) VALUES('181626138877674','145378132818045','0')
INSERT INTO Categories (CatID,ListUnder,CategoryName,Description,Keywords,CatType,Moderator,AccessKeys,WriteKeys,SEODescription,SEOPageTitle,ManageKeys,AccessHide,WriteHide,ExcPortalSecurity,Weight,ShowList,Sharing) VALUES('637267839136387','522844526019066','Crystal Glass','','','','Moderator','|2|,|3|,|1|,|4|','|2|,|3|,|4|','','','|2|','0','0','0','2000','1','1')
INSERT INTO CategoriesModules (UniqueID,CatID,ModuleID) VALUES('195795267336462','637267839136387','20')
INSERT INTO CategoriesPortals (UniqueID,CatID,PortalID) VALUES('605124199689878','637267839136387','0')
INSERT INTO Categories (CatID,ListUnder,CategoryName,Description,Keywords,CatType,Moderator,AccessKeys,WriteKeys,SEODescription,SEOPageTitle,ManageKeys,AccessHide,WriteHide,ExcPortalSecurity,Weight,ShowList,Sharing) VALUES('116717837223592','180077455433202','Crystals','','','','Moderator','|2|,|3|,|1|,|4|','|2|,|3|,|4|','','','|2|','0','0','0','2000','1','1')
INSERT INTO CategoriesModules (UniqueID,CatID,ModuleID) VALUES('135195560440211','116717837223592','20')
INSERT INTO CategoriesPortals (UniqueID,CatID,PortalID) VALUES('300791872735717','116717837223592','0')
INSERT INTO Categories (CatID,ListUnder,CategoryName,Description,Keywords,CatType,Moderator,AccessKeys,WriteKeys,SEODescription,SEOPageTitle,ManageKeys,AccessHide,WriteHide,ExcPortalSecurity,Weight,ShowList,Sharing) VALUES('461445970631133','377508838087964','Culinary Institutes','','','','Moderator','|2|,|3|,|1|,|4|','|2|,|3|,|4|','','','|2|','0','0','0','2000','1','1')
INSERT INTO CategoriesModules (UniqueID,CatID,ModuleID) VALUES('103937169074316','461445970631133','20')
INSERT INTO CategoriesPortals (UniqueID,CatID,PortalID) VALUES('159085469303864','461445970631133','0')
INSERT INTO Categories (CatID,ListUnder,CategoryName,Description,Keywords,CatType,Moderator,AccessKeys,WriteKeys,SEODescription,SEOPageTitle,ManageKeys,AccessHide,WriteHide,ExcPortalSecurity,Weight,ShowList,Sharing) VALUES('355425960083569','141294954067458','Custom Blending','','','','Moderator','|2|,|3|,|1|,|4|','|2|,|3|,|4|','','','|2|','0','0','0','2000','1','1')
INSERT INTO CategoriesModules (UniqueID,CatID,ModuleID) VALUES('137488956515275','355425960083569','20')
INSERT INTO CategoriesPortals (UniqueID,CatID,PortalID) VALUES('144179145432320','355425960083569','0')
INSERT INTO Categories (CatID,ListUnder,CategoryName,Description,Keywords,CatType,Moderator,AccessKeys,WriteKeys,SEODescription,SEOPageTitle,ManageKeys,AccessHide,WriteHide,ExcPortalSecurity,Weight,ShowList,Sharing) VALUES('124214880331173','138186154628395','Custom Machinery Builders','','','','Moderator','|2|,|3|,|1|,|4|','|2|,|3|,|4|','','','|2|','0','0','0','2000','1','1')
INSERT INTO CategoriesModules (UniqueID,CatID,ModuleID) VALUES('183440147704504','124214880331173','20')
INSERT INTO CategoriesPortals (UniqueID,CatID,PortalID) VALUES('114856145919112','124214880331173','0')
INSERT INTO Categories (CatID,ListUnder,CategoryName,Description,Keywords,CatType,Moderator,AccessKeys,WriteKeys,SEODescription,SEOPageTitle,ManageKeys,AccessHide,WriteHide,ExcPortalSecurity,Weight,ShowList,Sharing) VALUES('118503179432622','183131383188741','Customer Management','','','','Moderator','|2|,|3|,|1|,|4|','|2|,|3|,|4|','','','|2|','0','0','0','2000','1','1')
INSERT INTO CategoriesModules (UniqueID,CatID,ModuleID) VALUES('118372466329755','118503179432622','20')
INSERT INTO CategoriesPortals (UniqueID,CatID,PortalID) VALUES('113357494404557','118503179432622','0')
INSERT INTO Categories (CatID,ListUnder,CategoryName,Description,Keywords,CatType,Moderator,AccessKeys,WriteKeys,SEODescription,SEOPageTitle,ManageKeys,AccessHide,WriteHide,ExcPortalSecurity,Weight,ShowList,Sharing) VALUES('168133221370213','197531586023575','Customer Management','','','','Moderator','|2|,|3|,|1|,|4|','|2|,|3|,|4|','','','|2|','0','0','0','2000','1','1')
INSERT INTO CategoriesModules (UniqueID,CatID,ModuleID) VALUES('584731466111357','168133221370213','20')
INSERT INTO CategoriesPortals (UniqueID,CatID,PortalID) VALUES('331057674473213','168133221370213','0')
INSERT INTO Categories (CatID,ListUnder,CategoryName,Description,Keywords,CatType,Moderator,AccessKeys,WriteKeys,SEODescription,SEOPageTitle,ManageKeys,AccessHide,WriteHide,ExcPortalSecurity,Weight,ShowList,Sharing) VALUES('178467064239655','926958022387637','Customer Relationship Management','','','','Moderator','|2|,|3|,|1|,|4|','|2|,|3|,|4|','','','|2|','0','0','0','2000','1','1')
INSERT INTO CategoriesModules (UniqueID,CatID,ModuleID) VALUES('106344510968703','178467064239655','20')
INSERT INTO CategoriesPortals (UniqueID,CatID,PortalID) VALUES('211682090124144','178467064239655','0')
[[GO]]
INSERT INTO Categories (CatID,ListUnder,CategoryName,Description,Keywords,CatType,Moderator,AccessKeys,WriteKeys,SEODescription,SEOPageTitle,ManageKeys,AccessHide,WriteHide,ExcPortalSecurity,Weight,ShowList,Sharing) VALUES('158828387513175','0','Customer Service','','','','Moderator','|2|,|3|,|1|,|4|','|2|,|3|,|4|','','','|2|','0','0','0','2000','1','1')
INSERT INTO CategoriesModules (UniqueID,CatID,ModuleID) VALUES('199086854902536','158828387513175','20')
INSERT INTO CategoriesPortals (UniqueID,CatID,PortalID) VALUES('102674085897858','158828387513175','0')
INSERT INTO Categories (CatID,ListUnder,CategoryName,Description,Keywords,CatType,Moderator,AccessKeys,WriteKeys,SEODescription,SEOPageTitle,ManageKeys,AccessHide,WriteHide,ExcPortalSecurity,Weight,ShowList,Sharing) VALUES('159392110489417','118503179432622','Customer Support','','','','Moderator','|2|,|3|,|1|,|4|','|2|,|3|,|4|','','','|2|','0','0','0','2000','1','1')
INSERT INTO CategoriesModules (UniqueID,CatID,ModuleID) VALUES('848122810224148','159392110489417','20')
INSERT INTO CategoriesPortals (UniqueID,CatID,PortalID) VALUES('137757427717278','159392110489417','0')
INSERT INTO Categories (CatID,ListUnder,CategoryName,Description,Keywords,CatType,Moderator,AccessKeys,WriteKeys,SEODescription,SEOPageTitle,ManageKeys,AccessHide,WriteHide,ExcPortalSecurity,Weight,ShowList,Sharing) VALUES('106920639752016','655618163243369','Customized Power Supplies','','','','Moderator','|2|,|3|,|1|,|4|','|2|,|3|,|4|','','','|2|','0','0','0','2000','1','1')
INSERT INTO CategoriesModules (UniqueID,CatID,ModuleID) VALUES('119190694312318','106920639752016','20')
INSERT INTO CategoriesPortals (UniqueID,CatID,PortalID) VALUES('828895118178267','106920639752016','0')
INSERT INTO Categories (CatID,ListUnder,CategoryName,Description,Keywords,CatType,Moderator,AccessKeys,WriteKeys,SEODescription,SEOPageTitle,ManageKeys,AccessHide,WriteHide,ExcPortalSecurity,Weight,ShowList,Sharing) VALUES('501519933864632','205739367724222','Customs','','','','Moderator','|2|,|3|,|1|,|4|','|2|,|3|,|4|','','','|2|','0','0','0','2000','1','1')
INSERT INTO CategoriesModules (UniqueID,CatID,ModuleID) VALUES('213207009215688','501519933864632','20')
INSERT INTO CategoriesPortals (UniqueID,CatID,PortalID) VALUES('204275468731733','501519933864632','0')
INSERT INTO Categories (CatID,ListUnder,CategoryName,Description,Keywords,CatType,Moderator,AccessKeys,WriteKeys,SEODescription,SEOPageTitle,ManageKeys,AccessHide,WriteHide,ExcPortalSecurity,Weight,ShowList,Sharing) VALUES('322260507811128','138186154628395','Cutting Machining','','','','Moderator','|2|,|3|,|1|,|4|','|2|,|3|,|4|','','','|2|','0','0','0','2000','1','1')
INSERT INTO CategoriesModules (UniqueID,CatID,ModuleID) VALUES('171271987458233','322260507811128','20')
INSERT INTO CategoriesPortals (UniqueID,CatID,PortalID) VALUES('191483687282802','322260507811128','0')
INSERT INTO Categories (CatID,ListUnder,CategoryName,Description,Keywords,CatType,Moderator,AccessKeys,WriteKeys,SEODescription,SEOPageTitle,ManageKeys,AccessHide,WriteHide,ExcPortalSecurity,Weight,ShowList,Sharing) VALUES('120439851846156','180637350615341','Dairy','','','','Moderator','|2|,|3|,|1|,|4|','|2|,|3|,|4|','','','|2|','0','0','0','2000','1','1')
INSERT INTO CategoriesModules (UniqueID,CatID,ModuleID) VALUES('142615303482875','120439851846156','20')
INSERT INTO CategoriesPortals (UniqueID,CatID,PortalID) VALUES('147786978235320','120439851846156','0')
INSERT INTO Categories (CatID,ListUnder,CategoryName,Description,Keywords,CatType,Moderator,AccessKeys,WriteKeys,SEODescription,SEOPageTitle,ManageKeys,AccessHide,WriteHide,ExcPortalSecurity,Weight,ShowList,Sharing) VALUES('210555911201537','207494574995551','Data','','','','Moderator','|2|,|3|,|1|,|4|','|2|,|3|,|4|','','','|2|','0','0','0','2000','1','1')
INSERT INTO CategoriesModules (UniqueID,CatID,ModuleID) VALUES('690973059812828','210555911201537','20')
INSERT INTO CategoriesPortals (UniqueID,CatID,PortalID) VALUES('963124427658040','210555911201537','0')
INSERT INTO Categories (CatID,ListUnder,CategoryName,Description,Keywords,CatType,Moderator,AccessKeys,WriteKeys,SEODescription,SEOPageTitle,ManageKeys,AccessHide,WriteHide,ExcPortalSecurity,Weight,ShowList,Sharing) VALUES('469416303656143','167827787849526','Data Acquisition Control','','','','Moderator','|2|,|3|,|1|,|4|','|2|,|3|,|4|','','','|2|','0','0','0','2000','1','1')
INSERT INTO CategoriesModules (UniqueID,CatID,ModuleID) VALUES('199882395021005','469416303656143','20')
INSERT INTO CategoriesPortals (UniqueID,CatID,PortalID) VALUES('367893661673611','469416303656143','0')
INSERT INTO Categories (CatID,ListUnder,CategoryName,Description,Keywords,CatType,Moderator,AccessKeys,WriteKeys,SEODescription,SEOPageTitle,ManageKeys,AccessHide,WriteHide,ExcPortalSecurity,Weight,ShowList,Sharing) VALUES('128833099134861','337252452252724','Data Management','','','','Moderator','|2|,|3|,|1|,|4|','|2|,|3|,|4|','','','|2|','0','0','0','2000','1','1')
INSERT INTO CategoriesModules (UniqueID,CatID,ModuleID) VALUES('120026163079139','128833099134861','20')
INSERT INTO CategoriesPortals (UniqueID,CatID,PortalID) VALUES('638641710346375','128833099134861','0')
INSERT INTO Categories (CatID,ListUnder,CategoryName,Description,Keywords,CatType,Moderator,AccessKeys,WriteKeys,SEODescription,SEOPageTitle,ManageKeys,AccessHide,WriteHide,ExcPortalSecurity,Weight,ShowList,Sharing) VALUES('169078635631884','608935416935494','Data Management','','','','Moderator','|2|,|3|,|1|,|4|','|2|,|3|,|4|','','','|2|','0','0','0','2000','1','1')
INSERT INTO CategoriesModules (UniqueID,CatID,ModuleID) VALUES('105850470258123','169078635631884','20')
INSERT INTO CategoriesPortals (UniqueID,CatID,PortalID) VALUES('166393985579757','169078635631884','0')
INSERT INTO Categories (CatID,ListUnder,CategoryName,Description,Keywords,CatType,Moderator,AccessKeys,WriteKeys,SEODescription,SEOPageTitle,ManageKeys,AccessHide,WriteHide,ExcPortalSecurity,Weight,ShowList,Sharing) VALUES('183737464802144','118503179432622','Data Management','','','','Moderator','|2|,|3|,|1|,|4|','|2|,|3|,|4|','','','|2|','0','0','0','2000','1','1')
INSERT INTO CategoriesModules (UniqueID,CatID,ModuleID) VALUES('572821229606873','183737464802144','20')
INSERT INTO CategoriesPortals (UniqueID,CatID,PortalID) VALUES('719759910662384','183737464802144','0')
INSERT INTO Categories (CatID,ListUnder,CategoryName,Description,Keywords,CatType,Moderator,AccessKeys,WriteKeys,SEODescription,SEOPageTitle,ManageKeys,AccessHide,WriteHide,ExcPortalSecurity,Weight,ShowList,Sharing) VALUES('139812067749298','105769206542669','Database Marketing','','','','Moderator','|2|,|3|,|1|,|4|','|2|,|3|,|4|','','','|2|','0','0','0','2000','1','1')
INSERT INTO CategoriesModules (UniqueID,CatID,ModuleID) VALUES('838449596853397','139812067749298','20')
INSERT INTO CategoriesPortals (UniqueID,CatID,PortalID) VALUES('573088735896037','139812067749298','0')
INSERT INTO Categories (CatID,ListUnder,CategoryName,Description,Keywords,CatType,Moderator,AccessKeys,WriteKeys,SEODescription,SEOPageTitle,ManageKeys,AccessHide,WriteHide,ExcPortalSecurity,Weight,ShowList,Sharing) VALUES('421576342152153','200109804731612','Database Solutions','','','','Moderator','|2|,|3|,|1|,|4|','|2|,|3|,|4|','','','|2|','0','0','0','2000','1','1')
INSERT INTO CategoriesModules (UniqueID,CatID,ModuleID) VALUES('141853012302066','421576342152153','20')
INSERT INTO CategoriesPortals (UniqueID,CatID,PortalID) VALUES('142252786614939','421576342152153','0')
INSERT INTO Categories (CatID,ListUnder,CategoryName,Description,Keywords,CatType,Moderator,AccessKeys,WriteKeys,SEODescription,SEOPageTitle,ManageKeys,AccessHide,WriteHide,ExcPortalSecurity,Weight,ShowList,Sharing) VALUES('445336333851184','181537501518755','Day Trading','','','','Moderator','|2|,|3|,|1|,|4|','|2|,|3|,|4|','','','|2|','0','0','0','2000','1','1')
INSERT INTO CategoriesModules (UniqueID,CatID,ModuleID) VALUES('694825188852071','445336333851184','20')
INSERT INTO CategoriesPortals (UniqueID,CatID,PortalID) VALUES('177694008732072','445336333851184','0')
INSERT INTO Categories (CatID,ListUnder,CategoryName,Description,Keywords,CatType,Moderator,AccessKeys,WriteKeys,SEODescription,SEOPageTitle,ManageKeys,AccessHide,WriteHide,ExcPortalSecurity,Weight,ShowList,Sharing) VALUES('376781107169808','209685725805440','Debt Brokers','','','','Moderator','|2|,|3|,|1|,|4|','|2|,|3|,|4|','','','|2|','0','0','0','2000','1','1')
INSERT INTO CategoriesModules (UniqueID,CatID,ModuleID) VALUES('214095820972946','376781107169808','20')
INSERT INTO CategoriesPortals (UniqueID,CatID,PortalID) VALUES('791636551136477','376781107169808','0')
INSERT INTO Categories (CatID,ListUnder,CategoryName,Description,Keywords,CatType,Moderator,AccessKeys,WriteKeys,SEODescription,SEOPageTitle,ManageKeys,AccessHide,WriteHide,ExcPortalSecurity,Weight,ShowList,Sharing) VALUES('120592578958380','204395579406718','Debt Consolidation','','','','Moderator','|2|,|3|,|1|,|4|','|2|,|3|,|4|','','','|2|','0','0','0','2000','1','1')
INSERT INTO CategoriesModules (UniqueID,CatID,ModuleID) VALUES('168353470376578','120592578958380','20')
INSERT INTO CategoriesPortals (UniqueID,CatID,PortalID) VALUES('533926666415047','120592578958380','0')
INSERT INTO Categories (CatID,ListUnder,CategoryName,Description,Keywords,CatType,Moderator,AccessKeys,WriteKeys,SEODescription,SEOPageTitle,ManageKeys,AccessHide,WriteHide,ExcPortalSecurity,Weight,ShowList,Sharing) VALUES('966396269877135','624121968265929','Decor Design','','','','Moderator','|2|,|3|,|1|,|4|','|2|,|3|,|4|','','','|2|','0','0','0','2000','1','1')
INSERT INTO CategoriesModules (UniqueID,CatID,ModuleID) VALUES('631904840705821','966396269877135','20')
INSERT INTO CategoriesPortals (UniqueID,CatID,PortalID) VALUES('236102920251137','966396269877135','0')
INSERT INTO Categories (CatID,ListUnder,CategoryName,Description,Keywords,CatType,Moderator,AccessKeys,WriteKeys,SEODescription,SEOPageTitle,ManageKeys,AccessHide,WriteHide,ExcPortalSecurity,Weight,ShowList,Sharing) VALUES('189423865360373','514484672265053','Decorators','','','','Moderator','|2|,|3|,|1|,|4|','|2|,|3|,|4|','','','|2|','0','0','0','2000','1','1')
INSERT INTO CategoriesModules (UniqueID,CatID,ModuleID) VALUES('390989382412553','189423865360373','20')
INSERT INTO CategoriesPortals (UniqueID,CatID,PortalID) VALUES('118457754561708','189423865360373','0')
INSERT INTO Categories (CatID,ListUnder,CategoryName,Description,Keywords,CatType,Moderator,AccessKeys,WriteKeys,SEODescription,SEOPageTitle,ManageKeys,AccessHide,WriteHide,ExcPortalSecurity,Weight,ShowList,Sharing) VALUES('343059322251693','280965458060437','Deer Elk','','','','Moderator','|2|,|3|,|1|,|4|','|2|,|3|,|4|','','','|2|','0','0','0','2000','1','1')
INSERT INTO CategoriesModules (UniqueID,CatID,ModuleID) VALUES('290040402357952','343059322251693','20')
INSERT INTO CategoriesPortals (UniqueID,CatID,PortalID) VALUES('911757273141614','343059322251693','0')
INSERT INTO Categories (CatID,ListUnder,CategoryName,Description,Keywords,CatType,Moderator,AccessKeys,WriteKeys,SEODescription,SEOPageTitle,ManageKeys,AccessHide,WriteHide,ExcPortalSecurity,Weight,ShowList,Sharing) VALUES('179511068233022','195031657084845','Defense','','','','Moderator','|2|,|3|,|1|,|4|','|2|,|3|,|4|','','','|2|','0','0','0','2000','1','1')
INSERT INTO CategoriesModules (UniqueID,CatID,ModuleID) VALUES('149453258828688','179511068233022','20')
INSERT INTO CategoriesPortals (UniqueID,CatID,PortalID) VALUES('304772721436342','179511068233022','0')
INSERT INTO Categories (CatID,ListUnder,CategoryName,Description,Keywords,CatType,Moderator,AccessKeys,WriteKeys,SEODescription,SEOPageTitle,ManageKeys,AccessHide,WriteHide,ExcPortalSecurity,Weight,ShowList,Sharing) VALUES('194644408350710','208800038768271','Degree Programs','','','','Moderator','|2|,|3|,|1|,|4|','|2|,|3|,|4|','','','|2|','0','0','0','2000','1','1')
INSERT INTO CategoriesModules (UniqueID,CatID,ModuleID) VALUES('396725740010885','194644408350710','20')
INSERT INTO CategoriesPortals (UniqueID,CatID,PortalID) VALUES('145508564260573','194644408350710','0')
INSERT INTO Categories (CatID,ListUnder,CategoryName,Description,Keywords,CatType,Moderator,AccessKeys,WriteKeys,SEODescription,SEOPageTitle,ManageKeys,AccessHide,WriteHide,ExcPortalSecurity,Weight,ShowList,Sharing) VALUES('137443270243461','120268798198852','Delivery Systems','','','','Moderator','|2|,|3|,|1|,|4|','|2|,|3|,|4|','','','|2|','0','0','0','2000','1','1')
INSERT INTO CategoriesModules (UniqueID,CatID,ModuleID) VALUES('105396507784511','137443270243461','20')
INSERT INTO CategoriesPortals (UniqueID,CatID,PortalID) VALUES('145286060784731','137443270243461','0')
INSERT INTO Categories (CatID,ListUnder,CategoryName,Description,Keywords,CatType,Moderator,AccessKeys,WriteKeys,SEODescription,SEOPageTitle,ManageKeys,AccessHide,WriteHide,ExcPortalSecurity,Weight,ShowList,Sharing) VALUES('469566432423415','265537542464772','Demolition','','','','Moderator','|2|,|3|,|1|,|4|','|2|,|3|,|4|','','','|2|','0','0','0','2000','1','1')
INSERT INTO CategoriesModules (UniqueID,CatID,ModuleID) VALUES('157914013756037','469566432423415','20')
INSERT INTO CategoriesPortals (UniqueID,CatID,PortalID) VALUES('137961455334174','469566432423415','0')
INSERT INTO Categories (CatID,ListUnder,CategoryName,Description,Keywords,CatType,Moderator,AccessKeys,WriteKeys,SEODescription,SEOPageTitle,ManageKeys,AccessHide,WriteHide,ExcPortalSecurity,Weight,ShowList,Sharing) VALUES('900998883748494','153991554677553','Dentistry','','','','Moderator','|2|,|3|,|1|,|4|','|2|,|3|,|4|','','','|2|','0','0','0','2000','1','1')
INSERT INTO CategoriesModules (UniqueID,CatID,ModuleID) VALUES('336093210774123','900998883748494','20')
INSERT INTO CategoriesPortals (UniqueID,CatID,PortalID) VALUES('139279505593481','900998883748494','0')
INSERT INTO Categories (CatID,ListUnder,CategoryName,Description,Keywords,CatType,Moderator,AccessKeys,WriteKeys,SEODescription,SEOPageTitle,ManageKeys,AccessHide,WriteHide,ExcPortalSecurity,Weight,ShowList,Sharing) VALUES('292774674528737','181537501518755','Derivatives','','','','Moderator','|2|,|3|,|1|,|4|','|2|,|3|,|4|','','','|2|','0','0','0','2000','1','1')
INSERT INTO CategoriesModules (UniqueID,CatID,ModuleID) VALUES('207020168433460','292774674528737','20')
INSERT INTO CategoriesPortals (UniqueID,CatID,PortalID) VALUES('733860868261487','292774674528737','0')
INSERT INTO Categories (CatID,ListUnder,CategoryName,Description,Keywords,CatType,Moderator,AccessKeys,WriteKeys,SEODescription,SEOPageTitle,ManageKeys,AccessHide,WriteHide,ExcPortalSecurity,Weight,ShowList,Sharing) VALUES('276747700313167','183131383188741','Design','','','','Moderator','|2|,|3|,|1|,|4|','|2|,|3|,|4|','','','|2|','0','0','0','2000','1','1')
INSERT INTO CategoriesModules (UniqueID,CatID,ModuleID) VALUES('649864223377652','276747700313167','20')
INSERT INTO CategoriesPortals (UniqueID,CatID,PortalID) VALUES('606804927756637','276747700313167','0')
INSERT INTO Categories (CatID,ListUnder,CategoryName,Description,Keywords,CatType,Moderator,AccessKeys,WriteKeys,SEODescription,SEOPageTitle,ManageKeys,AccessHide,WriteHide,ExcPortalSecurity,Weight,ShowList,Sharing) VALUES('514484672265053','144315891422463','Design','','','','Moderator','|2|,|3|,|1|,|4|','|2|,|3|,|4|','','','|2|','0','0','0','2000','1','1')
INSERT INTO CategoriesModules (UniqueID,CatID,ModuleID) VALUES('110130475387593','514484672265053','20')
INSERT INTO CategoriesPortals (UniqueID,CatID,PortalID) VALUES('202210512450873','514484672265053','0')
INSERT INTO Categories (CatID,ListUnder,CategoryName,Description,Keywords,CatType,Moderator,AccessKeys,WriteKeys,SEODescription,SEOPageTitle,ManageKeys,AccessHide,WriteHide,ExcPortalSecurity,Weight,ShowList,Sharing) VALUES('855691421727175','208392173185557','Design','','','','Moderator','|2|,|3|,|1|,|4|','|2|,|3|,|4|','','','|2|','0','0','0','2000','1','1')
INSERT INTO CategoriesModules (UniqueID,CatID,ModuleID) VALUES('215140614116487','855691421727175','20')
INSERT INTO CategoriesPortals (UniqueID,CatID,PortalID) VALUES('102220220228118','855691421727175','0')
INSERT INTO Categories (CatID,ListUnder,CategoryName,Description,Keywords,CatType,Moderator,AccessKeys,WriteKeys,SEODescription,SEOPageTitle,ManageKeys,AccessHide,WriteHide,ExcPortalSecurity,Weight,ShowList,Sharing) VALUES('134469518389822','546733937596261','Design','','','','Moderator','|2|,|3|,|1|,|4|','|2|,|3|,|4|','','','|2|','0','0','0','2000','1','1')
INSERT INTO CategoriesModules (UniqueID,CatID,ModuleID) VALUES('765302656141729','134469518389822','20')
INSERT INTO CategoriesPortals (UniqueID,CatID,PortalID) VALUES('651754790516324','134469518389822','0')
INSERT INTO Categories (CatID,ListUnder,CategoryName,Description,Keywords,CatType,Moderator,AccessKeys,WriteKeys,SEODescription,SEOPageTitle,ManageKeys,AccessHide,WriteHide,ExcPortalSecurity,Weight,ShowList,Sharing) VALUES('929094692468095','152656969788212','Design Project Management','','','','Moderator','|2|,|3|,|1|,|4|','|2|,|3|,|4|','','','|2|','0','0','0','2000','1','1')
INSERT INTO CategoriesModules (UniqueID,CatID,ModuleID) VALUES('333691635214745','929094692468095','20')
INSERT INTO CategoriesPortals (UniqueID,CatID,PortalID) VALUES('204811276047721','929094692468095','0')
INSERT INTO Categories (CatID,ListUnder,CategoryName,Description,Keywords,CatType,Moderator,AccessKeys,WriteKeys,SEODescription,SEOPageTitle,ManageKeys,AccessHide,WriteHide,ExcPortalSecurity,Weight,ShowList,Sharing) VALUES('628243459325073','185728045685285','Design Services','','','','Moderator','|2|,|3|,|1|,|4|','|2|,|3|,|4|','','','|2|','0','0','0','2000','1','1')
INSERT INTO CategoriesModules (UniqueID,CatID,ModuleID) VALUES('959387563653862','628243459325073','20')
INSERT INTO CategoriesPortals (UniqueID,CatID,PortalID) VALUES('115470503961836','628243459325073','0')
INSERT INTO Categories (CatID,ListUnder,CategoryName,Description,Keywords,CatType,Moderator,AccessKeys,WriteKeys,SEODescription,SEOPageTitle,ManageKeys,AccessHide,WriteHide,ExcPortalSecurity,Weight,ShowList,Sharing) VALUES('118120698544682','514484672265053','Design-Build','','','','Moderator','|2|,|3|,|1|,|4|','|2|,|3|,|4|','','','|2|','0','0','0','2000','1','1')
INSERT INTO CategoriesModules (UniqueID,CatID,ModuleID) VALUES('165427907876947','118120698544682','20')
INSERT INTO CategoriesPortals (UniqueID,CatID,PortalID) VALUES('327539389432553','118120698544682','0')
INSERT INTO Categories (CatID,ListUnder,CategoryName,Description,Keywords,CatType,Moderator,AccessKeys,WriteKeys,SEODescription,SEOPageTitle,ManageKeys,AccessHide,WriteHide,ExcPortalSecurity,Weight,ShowList,Sharing) VALUES('165056160892794','842007442761918','Design-Build','','','','Moderator','|2|,|3|,|1|,|4|','|2|,|3|,|4|','','','|2|','0','0','0','2000','1','1')
INSERT INTO CategoriesModules (UniqueID,CatID,ModuleID) VALUES('911953331523707','165056160892794','20')
INSERT INTO CategoriesPortals (UniqueID,CatID,PortalID) VALUES('176014783080332','165056160892794','0')
INSERT INTO Categories (CatID,ListUnder,CategoryName,Description,Keywords,CatType,Moderator,AccessKeys,WriteKeys,SEODescription,SEOPageTitle,ManageKeys,AccessHide,WriteHide,ExcPortalSecurity,Weight,ShowList,Sharing) VALUES('138514882420353','546733937596261','Designers','','','','Moderator','|2|,|3|,|1|,|4|','|2|,|3|,|4|','','','|2|','0','0','0','2000','1','1')
INSERT INTO CategoriesModules (UniqueID,CatID,ModuleID) VALUES('115923283889861','138514882420353','20')
INSERT INTO CategoriesPortals (UniqueID,CatID,PortalID) VALUES('963376274781612','138514882420353','0')
INSERT INTO Categories (CatID,ListUnder,CategoryName,Description,Keywords,CatType,Moderator,AccessKeys,WriteKeys,SEODescription,SEOPageTitle,ManageKeys,AccessHide,WriteHide,ExcPortalSecurity,Weight,ShowList,Sharing) VALUES('200109804731612','926958022387637','Developers','','','','Moderator','|2|,|3|,|1|,|4|','|2|,|3|,|4|','','','|2|','0','0','0','2000','1','1')
INSERT INTO CategoriesModules (UniqueID,CatID,ModuleID) VALUES('137236228936783','200109804731612','20')
INSERT INTO CategoriesPortals (UniqueID,CatID,PortalID) VALUES('103780608127726','200109804731612','0')
INSERT INTO Categories (CatID,ListUnder,CategoryName,Description,Keywords,CatType,Moderator,AccessKeys,WriteKeys,SEODescription,SEOPageTitle,ManageKeys,AccessHide,WriteHide,ExcPortalSecurity,Weight,ShowList,Sharing) VALUES('189396222447122','412429472676434','Development','','','','Moderator','|2|,|3|,|1|,|4|','|2|,|3|,|4|','','','|2|','0','0','0','2000','1','1')
INSERT INTO CategoriesModules (UniqueID,CatID,ModuleID) VALUES('155112473975443','189396222447122','20')
INSERT INTO CategoriesPortals (UniqueID,CatID,PortalID) VALUES('187670510631969','189396222447122','0')
INSERT INTO Categories (CatID,ListUnder,CategoryName,Description,Keywords,CatType,Moderator,AccessKeys,WriteKeys,SEODescription,SEOPageTitle,ManageKeys,AccessHide,WriteHide,ExcPortalSecurity,Weight,ShowList,Sharing) VALUES('199255862422289','153991554677553','Diagnostic','','','','Moderator','|2|,|3|,|1|,|4|','|2|,|3|,|4|','','','|2|','0','0','0','2000','1','1')
INSERT INTO CategoriesModules (UniqueID,CatID,ModuleID) VALUES('207008862928452','199255862422289','20')
INSERT INTO CategoriesPortals (UniqueID,CatID,PortalID) VALUES('115707088475588','199255862422289','0')
INSERT INTO Categories (CatID,ListUnder,CategoryName,Description,Keywords,CatType,Moderator,AccessKeys,WriteKeys,SEODescription,SEOPageTitle,ManageKeys,AccessHide,WriteHide,ExcPortalSecurity,Weight,ShowList,Sharing) VALUES('128726415957076','134301758144739','Dial-Around','','','','Moderator','|2|,|3|,|1|,|4|','|2|,|3|,|4|','','','|2|','0','0','0','2000','1','1')
INSERT INTO CategoriesModules (UniqueID,CatID,ModuleID) VALUES('458146316590366','128726415957076','20')
INSERT INTO CategoriesPortals (UniqueID,CatID,PortalID) VALUES('104199233311538','128726415957076','0')
INSERT INTO Categories (CatID,ListUnder,CategoryName,Description,Keywords,CatType,Moderator,AccessKeys,WriteKeys,SEODescription,SEOPageTitle,ManageKeys,AccessHide,WriteHide,ExcPortalSecurity,Weight,ShowList,Sharing) VALUES('125761001912177','161240180898887','Diamond','','','','Moderator','|2|,|3|,|1|,|4|','|2|,|3|,|4|','','','|2|','0','0','0','2000','1','1')
INSERT INTO CategoriesModules (UniqueID,CatID,ModuleID) VALUES('128608319978455','125761001912177','20')
INSERT INTO CategoriesPortals (UniqueID,CatID,PortalID) VALUES('855731394435711','125761001912177','0')
INSERT INTO Categories (CatID,ListUnder,CategoryName,Description,Keywords,CatType,Moderator,AccessKeys,WriteKeys,SEODescription,SEOPageTitle,ManageKeys,AccessHide,WriteHide,ExcPortalSecurity,Weight,ShowList,Sharing) VALUES('714415142545626','655618163243369','Direct Current','','','','Moderator','|2|,|3|,|1|,|4|','|2|,|3|,|4|','','','|2|','0','0','0','2000','1','1')
INSERT INTO CategoriesModules (UniqueID,CatID,ModuleID) VALUES('141276000308312','714415142545626','20')
INSERT INTO CategoriesPortals (UniqueID,CatID,PortalID) VALUES('121033231635315','714415142545626','0')
INSERT INTO Categories (CatID,ListUnder,CategoryName,Description,Keywords,CatType,Moderator,AccessKeys,WriteKeys,SEODescription,SEOPageTitle,ManageKeys,AccessHide,WriteHide,ExcPortalSecurity,Weight,ShowList,Sharing) VALUES('208814738856841','206314713517386','Direct Marketing','','','','Moderator','|2|,|3|,|1|,|4|','|2|,|3|,|4|','','','|2|','0','0','0','2000','1','1')
INSERT INTO CategoriesModules (UniqueID,CatID,ModuleID) VALUES('146893134782928','208814738856841','20')
INSERT INTO CategoriesPortals (UniqueID,CatID,PortalID) VALUES('981176340515569','208814738856841','0')
INSERT INTO Categories (CatID,ListUnder,CategoryName,Description,Keywords,CatType,Moderator,AccessKeys,WriteKeys,SEODescription,SEOPageTitle,ManageKeys,AccessHide,WriteHide,ExcPortalSecurity,Weight,ShowList,Sharing) VALUES('105769206542669','213563058167417','Direct Marketing','','','','Moderator','|2|,|3|,|1|,|4|','|2|,|3|,|4|','','','|2|','0','0','0','2000','1','1')
INSERT INTO CategoriesModules (UniqueID,CatID,ModuleID) VALUES('130721949676347','105769206542669','20')
INSERT INTO CategoriesPortals (UniqueID,CatID,PortalID) VALUES('185532631688210','105769206542669','0')
INSERT INTO Categories (CatID,ListUnder,CategoryName,Description,Keywords,CatType,Moderator,AccessKeys,WriteKeys,SEODescription,SEOPageTitle,ManageKeys,AccessHide,WriteHide,ExcPortalSecurity,Weight,ShowList,Sharing) VALUES('107954238281424','826500906614541','Directories','','','','Moderator','|2|,|3|,|1|,|4|','|2|,|3|,|4|','','','|2|','0','0','0','2000','1','1')
INSERT INTO CategoriesModules (UniqueID,CatID,ModuleID) VALUES('102542022957133','107954238281424','20')
INSERT INTO CategoriesPortals (UniqueID,CatID,PortalID) VALUES('108302904762526','107954238281424','0')
INSERT INTO Categories (CatID,ListUnder,CategoryName,Description,Keywords,CatType,Moderator,AccessKeys,WriteKeys,SEODescription,SEOPageTitle,ManageKeys,AccessHide,WriteHide,ExcPortalSecurity,Weight,ShowList,Sharing) VALUES('112458362041126','540584033104514','Directories','','','','Moderator','|2|,|3|,|1|,|4|','|2|,|3|,|4|','','','|2|','0','0','0','2000','1','1')
INSERT INTO CategoriesModules (UniqueID,CatID,ModuleID) VALUES('302038722842217','112458362041126','20')
INSERT INTO CategoriesPortals (UniqueID,CatID,PortalID) VALUES('109078852088494','112458362041126','0')
INSERT INTO Categories (CatID,ListUnder,CategoryName,Description,Keywords,CatType,Moderator,AccessKeys,WriteKeys,SEODescription,SEOPageTitle,ManageKeys,AccessHide,WriteHide,ExcPortalSecurity,Weight,ShowList,Sharing) VALUES('123336054699783','159846290665474','Directories','','','','Moderator','|2|,|3|,|1|,|4|','|2|,|3|,|4|','','','|2|','0','0','0','2000','1','1')
INSERT INTO CategoriesModules (UniqueID,CatID,ModuleID) VALUES('123521900327882','123336054699783','20')
INSERT INTO CategoriesPortals (UniqueID,CatID,PortalID) VALUES('673156891265207','123336054699783','0')
INSERT INTO Categories (CatID,ListUnder,CategoryName,Description,Keywords,CatType,Moderator,AccessKeys,WriteKeys,SEODescription,SEOPageTitle,ManageKeys,AccessHide,WriteHide,ExcPortalSecurity,Weight,ShowList,Sharing) VALUES('118230120380146','169231777657067','Directories','','','','Moderator','|2|,|3|,|1|,|4|','|2|,|3|,|4|','','','|2|','0','0','0','2000','1','1')
INSERT INTO CategoriesModules (UniqueID,CatID,ModuleID) VALUES('685379843844318','118230120380146','20')
INSERT INTO CategoriesPortals (UniqueID,CatID,PortalID) VALUES('123575257331215','118230120380146','0')
INSERT INTO Categories (CatID,ListUnder,CategoryName,Description,Keywords,CatType,Moderator,AccessKeys,WriteKeys,SEODescription,SEOPageTitle,ManageKeys,AccessHide,WriteHide,ExcPortalSecurity,Weight,ShowList,Sharing) VALUES('141488270054417','197531586023575','Directories','','','','Moderator','|2|,|3|,|1|,|4|','|2|,|3|,|4|','','','|2|','0','0','0','2000','1','1')
INSERT INTO CategoriesModules (UniqueID,CatID,ModuleID) VALUES('140902750423686','141488270054417','20')
INSERT INTO CategoriesPortals (UniqueID,CatID,PortalID) VALUES('547149504822247','141488270054417','0')
INSERT INTO Categories (CatID,ListUnder,CategoryName,Description,Keywords,CatType,Moderator,AccessKeys,WriteKeys,SEODescription,SEOPageTitle,ManageKeys,AccessHide,WriteHide,ExcPortalSecurity,Weight,ShowList,Sharing) VALUES('199847664581853','114176321849964','Directories','','','','Moderator','|2|,|3|,|1|,|4|','|2|,|3|,|4|','','','|2|','0','0','0','2000','1','1')
INSERT INTO CategoriesModules (UniqueID,CatID,ModuleID) VALUES('171869434987157','199847664581853','20')
INSERT INTO CategoriesPortals (UniqueID,CatID,PortalID) VALUES('789650368242567','199847664581853','0')
INSERT INTO Categories (CatID,ListUnder,CategoryName,Description,Keywords,CatType,Moderator,AccessKeys,WriteKeys,SEODescription,SEOPageTitle,ManageKeys,AccessHide,WriteHide,ExcPortalSecurity,Weight,ShowList,Sharing) VALUES('193209689761786','136878005372291','Directories','','','','Moderator','|2|,|3|,|1|,|4|','|2|,|3|,|4|','','','|2|','0','0','0','2000','1','1')
INSERT INTO CategoriesModules (UniqueID,CatID,ModuleID) VALUES('290768060532331','193209689761786','20')
INSERT INTO CategoriesPortals (UniqueID,CatID,PortalID) VALUES('122603676522980','193209689761786','0')
INSERT INTO Categories (CatID,ListUnder,CategoryName,Description,Keywords,CatType,Moderator,AccessKeys,WriteKeys,SEODescription,SEOPageTitle,ManageKeys,AccessHide,WriteHide,ExcPortalSecurity,Weight,ShowList,Sharing) VALUES('204099619678025','144178437512810','Directories','','','','Moderator','|2|,|3|,|1|,|4|','|2|,|3|,|4|','','','|2|','0','0','0','2000','1','1')
INSERT INTO CategoriesModules (UniqueID,CatID,ModuleID) VALUES('119269022980332','204099619678025','20')
INSERT INTO CategoriesPortals (UniqueID,CatID,PortalID) VALUES('469020885545710','204099619678025','0')
INSERT INTO Categories (CatID,ListUnder,CategoryName,Description,Keywords,CatType,Moderator,AccessKeys,WriteKeys,SEODescription,SEOPageTitle,ManageKeys,AccessHide,WriteHide,ExcPortalSecurity,Weight,ShowList,Sharing) VALUES('202965321647569','142267519150532','Directories','','','','Moderator','|2|,|3|,|1|,|4|','|2|,|3|,|4|','','','|2|','0','0','0','2000','1','1')
INSERT INTO CategoriesModules (UniqueID,CatID,ModuleID) VALUES('146336585504626','202965321647569','20')
INSERT INTO CategoriesPortals (UniqueID,CatID,PortalID) VALUES('197676078182649','202965321647569','0')
INSERT INTO Categories (CatID,ListUnder,CategoryName,Description,Keywords,CatType,Moderator,AccessKeys,WriteKeys,SEODescription,SEOPageTitle,ManageKeys,AccessHide,WriteHide,ExcPortalSecurity,Weight,ShowList,Sharing) VALUES('188603629163382','152656969788212','Directories','','','','Moderator','|2|,|3|,|1|,|4|','|2|,|3|,|4|','','','|2|','0','0','0','2000','1','1')
INSERT INTO CategoriesModules (UniqueID,CatID,ModuleID) VALUES('168469091882647','188603629163382','20')
INSERT INTO CategoriesPortals (UniqueID,CatID,PortalID) VALUES('179680606542786','188603629163382','0')
INSERT INTO Categories (CatID,ListUnder,CategoryName,Description,Keywords,CatType,Moderator,AccessKeys,WriteKeys,SEODescription,SEOPageTitle,ManageKeys,AccessHide,WriteHide,ExcPortalSecurity,Weight,ShowList,Sharing) VALUES('192684745474664','205739367724222','Directories','','','','Moderator','|2|,|3|,|1|,|4|','|2|,|3|,|4|','','','|2|','0','0','0','2000','1','1')
INSERT INTO CategoriesModules (UniqueID,CatID,ModuleID) VALUES('534446627547224','192684745474664','20')
INSERT INTO CategoriesPortals (UniqueID,CatID,PortalID) VALUES('206547522003648','192684745474664','0')
INSERT INTO Categories (CatID,ListUnder,CategoryName,Description,Keywords,CatType,Moderator,AccessKeys,WriteKeys,SEODescription,SEOPageTitle,ManageKeys,AccessHide,WriteHide,ExcPortalSecurity,Weight,ShowList,Sharing) VALUES('181358319037746','458171633668170','Directories','','','','Moderator','|2|,|3|,|1|,|4|','|2|,|3|,|4|','','','|2|','0','0','0','2000','1','1')
INSERT INTO CategoriesModules (UniqueID,CatID,ModuleID) VALUES('182953868733214','181358319037746','20')
INSERT INTO CategoriesPortals (UniqueID,CatID,PortalID) VALUES('825086604683030','181358319037746','0')
INSERT INTO Categories (CatID,ListUnder,CategoryName,Description,Keywords,CatType,Moderator,AccessKeys,WriteKeys,SEODescription,SEOPageTitle,ManageKeys,AccessHide,WriteHide,ExcPortalSecurity,Weight,ShowList,Sharing) VALUES('156744315681192','0','Directories','','','','Moderator','|2|,|3|,|1|,|4|','|2|,|3|,|4|','','','|2|','0','0','0','2000','1','1')
INSERT INTO CategoriesModules (UniqueID,CatID,ModuleID) VALUES('135695483857310','156744315681192','20')
INSERT INTO CategoriesPortals (UniqueID,CatID,PortalID) VALUES('141000463021362','156744315681192','0')
INSERT INTO Categories (CatID,ListUnder,CategoryName,Description,Keywords,CatType,Moderator,AccessKeys,WriteKeys,SEODescription,SEOPageTitle,ManageKeys,AccessHide,WriteHide,ExcPortalSecurity,Weight,ShowList,Sharing) VALUES('171049845411701','209036145783248','Directories','','','','Moderator','|2|,|3|,|1|,|4|','|2|,|3|,|4|','','','|2|','0','0','0','2000','1','1')
INSERT INTO CategoriesModules (UniqueID,CatID,ModuleID) VALUES('117792139511582','171049845411701','20')
INSERT INTO CategoriesPortals (UniqueID,CatID,PortalID) VALUES('113071937541505','171049845411701','0')
INSERT INTO Categories (CatID,ListUnder,CategoryName,Description,Keywords,CatType,Moderator,AccessKeys,WriteKeys,SEODescription,SEOPageTitle,ManageKeys,AccessHide,WriteHide,ExcPortalSecurity,Weight,ShowList,Sharing) VALUES('174262193063347','203370697495731','Directories','','','','Moderator','|2|,|3|,|1|,|4|','|2|,|3|,|4|','','','|2|','0','0','0','2000','1','1')
INSERT INTO CategoriesModules (UniqueID,CatID,ModuleID) VALUES('182949970329218','174262193063347','20')
INSERT INTO CategoriesPortals (UniqueID,CatID,PortalID) VALUES('126231222583345','174262193063347','0')
INSERT INTO Categories (CatID,ListUnder,CategoryName,Description,Keywords,CatType,Moderator,AccessKeys,WriteKeys,SEODescription,SEOPageTitle,ManageKeys,AccessHide,WriteHide,ExcPortalSecurity,Weight,ShowList,Sharing) VALUES('240450715489727','845494891751785','Directories','','','','Moderator','|2|,|3|,|1|,|4|','|2|,|3|,|4|','','','|2|','0','0','0','2000','1','1')
INSERT INTO CategoriesModules (UniqueID,CatID,ModuleID) VALUES('120724438345440','240450715489727','20')
INSERT INTO CategoriesPortals (UniqueID,CatID,PortalID) VALUES('670473213722285','240450715489727','0')
INSERT INTO Categories (CatID,ListUnder,CategoryName,Description,Keywords,CatType,Moderator,AccessKeys,WriteKeys,SEODescription,SEOPageTitle,ManageKeys,AccessHide,WriteHide,ExcPortalSecurity,Weight,ShowList,Sharing) VALUES('238449613898736','145561398531063','Directories','','','','Moderator','|2|,|3|,|1|,|4|','|2|,|3|,|4|','','','|2|','0','0','0','2000','1','1')
INSERT INTO CategoriesModules (UniqueID,CatID,ModuleID) VALUES('148182719033410','238449613898736','20')
INSERT INTO CategoriesPortals (UniqueID,CatID,PortalID) VALUES('602943383568637','238449613898736','0')
INSERT INTO Categories (CatID,ListUnder,CategoryName,Description,Keywords,CatType,Moderator,AccessKeys,WriteKeys,SEODescription,SEOPageTitle,ManageKeys,AccessHide,WriteHide,ExcPortalSecurity,Weight,ShowList,Sharing) VALUES('309042377886448','194091967154117','Directories','','','','Moderator','|2|,|3|,|1|,|4|','|2|,|3|,|4|','','','|2|','0','0','0','2000','1','1')
INSERT INTO CategoriesModules (UniqueID,CatID,ModuleID) VALUES('156619547128631','309042377886448','20')
INSERT INTO CategoriesPortals (UniqueID,CatID,PortalID) VALUES('107821584781672','309042377886448','0')
INSERT INTO Categories (CatID,ListUnder,CategoryName,Description,Keywords,CatType,Moderator,AccessKeys,WriteKeys,SEODescription,SEOPageTitle,ManageKeys,AccessHide,WriteHide,ExcPortalSecurity,Weight,ShowList,Sharing) VALUES('351007183379721','133392973387749','Directories','','','','Moderator','|2|,|3|,|1|,|4|','|2|,|3|,|4|','','','|2|','0','0','0','2000','1','1')
INSERT INTO CategoriesModules (UniqueID,CatID,ModuleID) VALUES('112949210435366','351007183379721','20')
INSERT INTO CategoriesPortals (UniqueID,CatID,PortalID) VALUES('411142758755650','351007183379721','0')
INSERT INTO Categories (CatID,ListUnder,CategoryName,Description,Keywords,CatType,Moderator,AccessKeys,WriteKeys,SEODescription,SEOPageTitle,ManageKeys,AccessHide,WriteHide,ExcPortalSecurity,Weight,ShowList,Sharing) VALUES('370845972632414','186370497978018','Directories','','','','Moderator','|2|,|3|,|1|,|4|','|2|,|3|,|4|','','','|2|','0','0','0','2000','1','1')
INSERT INTO CategoriesModules (UniqueID,CatID,ModuleID) VALUES('198986493239241','370845972632414','20')
INSERT INTO CategoriesPortals (UniqueID,CatID,PortalID) VALUES('165756526813152','370845972632414','0')
INSERT INTO Categories (CatID,ListUnder,CategoryName,Description,Keywords,CatType,Moderator,AccessKeys,WriteKeys,SEODescription,SEOPageTitle,ManageKeys,AccessHide,WriteHide,ExcPortalSecurity,Weight,ShowList,Sharing) VALUES('625121856651711','120268798198852','Directories','','','','Moderator','|2|,|3|,|1|,|4|','|2|,|3|,|4|','','','|2|','0','0','0','2000','1','1')
INSERT INTO CategoriesModules (UniqueID,CatID,ModuleID) VALUES('119502861648854','625121856651711','20')
INSERT INTO CategoriesPortals (UniqueID,CatID,PortalID) VALUES('147844794561478','625121856651711','0')
INSERT INTO Categories (CatID,ListUnder,CategoryName,Description,Keywords,CatType,Moderator,AccessKeys,WriteKeys,SEODescription,SEOPageTitle,ManageKeys,AccessHide,WriteHide,ExcPortalSecurity,Weight,ShowList,Sharing) VALUES('641799425324324','155144268747187','Directories','','','','Moderator','|2|,|3|,|1|,|4|','|2|,|3|,|4|','','','|2|','0','0','0','2000','1','1')
INSERT INTO CategoriesModules (UniqueID,CatID,ModuleID) VALUES('241851971535985','641799425324324','20')
INSERT INTO CategoriesPortals (UniqueID,CatID,PortalID) VALUES('114025059549586','641799425324324','0')
INSERT INTO Categories (CatID,ListUnder,CategoryName,Description,Keywords,CatType,Moderator,AccessKeys,WriteKeys,SEODescription,SEOPageTitle,ManageKeys,AccessHide,WriteHide,ExcPortalSecurity,Weight,ShowList,Sharing) VALUES('463923479914916','185728045685285','Directories','','','','Moderator','|2|,|3|,|1|,|4|','|2|,|3|,|4|','','','|2|','0','0','0','2000','1','1')
INSERT INTO CategoriesModules (UniqueID,CatID,ModuleID) VALUES('529587724558361','463923479914916','20')
INSERT INTO CategoriesPortals (UniqueID,CatID,PortalID) VALUES('740350905866012','463923479914916','0')
INSERT INTO Categories (CatID,ListUnder,CategoryName,Description,Keywords,CatType,Moderator,AccessKeys,WriteKeys,SEODescription,SEOPageTitle,ManageKeys,AccessHide,WriteHide,ExcPortalSecurity,Weight,ShowList,Sharing) VALUES('487612872539600','178809874261928','Directories','','','','Moderator','|2|,|3|,|1|,|4|','|2|,|3|,|4|','','','|2|','0','0','0','2000','1','1')
INSERT INTO CategoriesModules (UniqueID,CatID,ModuleID) VALUES('729630199186610','487612872539600','20')
INSERT INTO CategoriesPortals (UniqueID,CatID,PortalID) VALUES('129430119276151','487612872539600','0')
INSERT INTO Categories (CatID,ListUnder,CategoryName,Description,Keywords,CatType,Moderator,AccessKeys,WriteKeys,SEODescription,SEOPageTitle,ManageKeys,AccessHide,WriteHide,ExcPortalSecurity,Weight,ShowList,Sharing) VALUES('696573774722600','180637350615341','Directories','','','','Moderator','|2|,|3|,|1|,|4|','|2|,|3|,|4|','','','|2|','0','0','0','2000','1','1')
INSERT INTO CategoriesModules (UniqueID,CatID,ModuleID) VALUES('165252207893135','696573774722600','20')
INSERT INTO CategoriesPortals (UniqueID,CatID,PortalID) VALUES('189615354486334','696573774722600','0')
INSERT INTO Categories (CatID,ListUnder,CategoryName,Description,Keywords,CatType,Moderator,AccessKeys,WriteKeys,SEODescription,SEOPageTitle,ManageKeys,AccessHide,WriteHide,ExcPortalSecurity,Weight,ShowList,Sharing) VALUES('699228592530582','626661713511206','Directories','','','','Moderator','|2|,|3|,|1|,|4|','|2|,|3|,|4|','','','|2|','0','0','0','2000','1','1')
INSERT INTO CategoriesModules (UniqueID,CatID,ModuleID) VALUES('148272578445626','699228592530582','20')
INSERT INTO CategoriesPortals (UniqueID,CatID,PortalID) VALUES('185975321944578','699228592530582','0')
INSERT INTO Categories (CatID,ListUnder,CategoryName,Description,Keywords,CatType,Moderator,AccessKeys,WriteKeys,SEODescription,SEOPageTitle,ManageKeys,AccessHide,WriteHide,ExcPortalSecurity,Weight,ShowList,Sharing) VALUES('701665697237822','295137684464675','Directories','','','','Moderator','|2|,|3|,|1|,|4|','|2|,|3|,|4|','','','|2|','0','0','0','2000','1','1')
INSERT INTO CategoriesModules (UniqueID,CatID,ModuleID) VALUES('461316679164203','701665697237822','20')
INSERT INTO CategoriesPortals (UniqueID,CatID,PortalID) VALUES('261039504517748','701665697237822','0')
INSERT INTO Categories (CatID,ListUnder,CategoryName,Description,Keywords,CatType,Moderator,AccessKeys,WriteKeys,SEODescription,SEOPageTitle,ManageKeys,AccessHide,WriteHide,ExcPortalSecurity,Weight,ShowList,Sharing) VALUES('948896852460478','161898503042338','Directories','','','','Moderator','|2|,|3|,|1|,|4|','|2|,|3|,|4|','','','|2|','0','0','0','2000','1','1')
INSERT INTO CategoriesModules (UniqueID,CatID,ModuleID) VALUES('150570512772407','948896852460478','20')
INSERT INTO CategoriesPortals (UniqueID,CatID,PortalID) VALUES('173162031311677','948896852460478','0')
INSERT INTO Categories (CatID,ListUnder,CategoryName,Description,Keywords,CatType,Moderator,AccessKeys,WriteKeys,SEODescription,SEOPageTitle,ManageKeys,AccessHide,WriteHide,ExcPortalSecurity,Weight,ShowList,Sharing) VALUES('886857385933074','144315891422463','Directories','','','','Moderator','|2|,|3|,|1|,|4|','|2|,|3|,|4|','','','|2|','0','0','0','2000','1','1')
INSERT INTO CategoriesModules (UniqueID,CatID,ModuleID) VALUES('193414700003786','886857385933074','20')
INSERT INTO CategoriesPortals (UniqueID,CatID,PortalID) VALUES('966481415647013','886857385933074','0')
INSERT INTO Categories (CatID,ListUnder,CategoryName,Description,Keywords,CatType,Moderator,AccessKeys,WriteKeys,SEODescription,SEOPageTitle,ManageKeys,AccessHide,WriteHide,ExcPortalSecurity,Weight,ShowList,Sharing) VALUES('973817396787150','102651687824638','Directories','','','','Moderator','|2|,|3|,|1|,|4|','|2|,|3|,|4|','','','|2|','0','0','0','2000','1','1')
INSERT INTO CategoriesModules (UniqueID,CatID,ModuleID) VALUES('121425922471223','973817396787150','20')
INSERT INTO CategoriesPortals (UniqueID,CatID,PortalID) VALUES('165940257743662','973817396787150','0')
INSERT INTO Categories (CatID,ListUnder,CategoryName,Description,Keywords,CatType,Moderator,AccessKeys,WriteKeys,SEODescription,SEOPageTitle,ManageKeys,AccessHide,WriteHide,ExcPortalSecurity,Weight,ShowList,Sharing) VALUES('992982998266324','141294954067458','Directories','','','','Moderator','|2|,|3|,|1|,|4|','|2|,|3|,|4|','','','|2|','0','0','0','2000','1','1')
INSERT INTO CategoriesModules (UniqueID,CatID,ModuleID) VALUES('153719241692751','992982998266324','20')
INSERT INTO CategoriesPortals (UniqueID,CatID,PortalID) VALUES('478353048832945','992982998266324','0')
INSERT INTO Categories (CatID,ListUnder,CategoryName,Description,Keywords,CatType,Moderator,AccessKeys,WriteKeys,SEODescription,SEOPageTitle,ManageKeys,AccessHide,WriteHide,ExcPortalSecurity,Weight,ShowList,Sharing) VALUES('117096797474012','302144370971758','Directories Sales Agencies','','','','Moderator','|2|,|3|,|1|,|4|','|2|,|3|,|4|','','','|2|','0','0','0','2000','1','1')
INSERT INTO CategoriesModules (UniqueID,CatID,ModuleID) VALUES('232693642532625','117096797474012','20')
INSERT INTO CategoriesPortals (UniqueID,CatID,PortalID) VALUES('247099767022231','117096797474012','0')
INSERT INTO Categories (CatID,ListUnder,CategoryName,Description,Keywords,CatType,Moderator,AccessKeys,WriteKeys,SEODescription,SEOPageTitle,ManageKeys,AccessHide,WriteHide,ExcPortalSecurity,Weight,ShowList,Sharing) VALUES('435252182668266','153991554677553','Disability','','','','Moderator','|2|,|3|,|1|,|4|','|2|,|3|,|4|','','','|2|','0','0','0','2000','1','1')
INSERT INTO CategoriesModules (UniqueID,CatID,ModuleID) VALUES('947221224547724','435252182668266','20')
INSERT INTO CategoriesPortals (UniqueID,CatID,PortalID) VALUES('227946020256826','435252182668266','0')
INSERT INTO Categories (CatID,ListUnder,CategoryName,Description,Keywords,CatType,Moderator,AccessKeys,WriteKeys,SEODescription,SEOPageTitle,ManageKeys,AccessHide,WriteHide,ExcPortalSecurity,Weight,ShowList,Sharing) VALUES('605486996487863','758042103067618','Disney','','','','Moderator','|2|,|3|,|1|,|4|','|2|,|3|,|4|','','','|2|','0','0','0','2000','1','1')
INSERT INTO CategoriesModules (UniqueID,CatID,ModuleID) VALUES('728177358840358','605486996487863','20')
INSERT INTO CategoriesPortals (UniqueID,CatID,PortalID) VALUES('116162496546781','605486996487863','0')
INSERT INTO Categories (CatID,ListUnder,CategoryName,Description,Keywords,CatType,Moderator,AccessKeys,WriteKeys,SEODescription,SEOPageTitle,ManageKeys,AccessHide,WriteHide,ExcPortalSecurity,Weight,ShowList,Sharing) VALUES('262943278762546','212938597608811','Distribution','','','','Moderator','|2|,|3|,|1|,|4|','|2|,|3|,|4|','','','|2|','0','0','0','2000','1','1')
INSERT INTO CategoriesModules (UniqueID,CatID,ModuleID) VALUES('101161233482922','262943278762546','20')
INSERT INTO CategoriesPortals (UniqueID,CatID,PortalID) VALUES('274655709348657','262943278762546','0')
INSERT INTO Categories (CatID,ListUnder,CategoryName,Description,Keywords,CatType,Moderator,AccessKeys,WriteKeys,SEODescription,SEOPageTitle,ManageKeys,AccessHide,WriteHide,ExcPortalSecurity,Weight,ShowList,Sharing) VALUES('212938597608811','205739367724222','Distribution Logistics','','','','Moderator','|2|,|3|,|1|,|4|','|2|,|3|,|4|','','','|2|','0','0','0','2000','1','1')
INSERT INTO CategoriesModules (UniqueID,CatID,ModuleID) VALUES('164853629203938','212938597608811','20')
INSERT INTO CategoriesPortals (UniqueID,CatID,PortalID) VALUES('139515540933352','212938597608811','0')
INSERT INTO Categories (CatID,ListUnder,CategoryName,Description,Keywords,CatType,Moderator,AccessKeys,WriteKeys,SEODescription,SEOPageTitle,ManageKeys,AccessHide,WriteHide,ExcPortalSecurity,Weight,ShowList,Sharing) VALUES('144244062443373','140394717342354','Distribution Services','','','','Moderator','|2|,|3|,|1|,|4|','|2|,|3|,|4|','','','|2|','0','0','0','2000','1','1')
INSERT INTO CategoriesModules (UniqueID,CatID,ModuleID) VALUES('186184202951023','144244062443373','20')
INSERT INTO CategoriesPortals (UniqueID,CatID,PortalID) VALUES('754654244673644','144244062443373','0')
INSERT INTO Categories (CatID,ListUnder,CategoryName,Description,Keywords,CatType,Moderator,AccessKeys,WriteKeys,SEODescription,SEOPageTitle,ManageKeys,AccessHide,WriteHide,ExcPortalSecurity,Weight,ShowList,Sharing) VALUES('546600237635535','329372151341555','Distribution Systems','','','','Moderator','|2|,|3|,|1|,|4|','|2|,|3|,|4|','','','|2|','0','0','0','2000','1','1')
INSERT INTO CategoriesModules (UniqueID,CatID,ModuleID) VALUES('209807423483941','546600237635535','20')
INSERT INTO CategoriesPortals (UniqueID,CatID,PortalID) VALUES('211660187706157','546600237635535','0')
INSERT INTO Categories (CatID,ListUnder,CategoryName,Description,Keywords,CatType,Moderator,AccessKeys,WriteKeys,SEODescription,SEOPageTitle,ManageKeys,AccessHide,WriteHide,ExcPortalSecurity,Weight,ShowList,Sharing) VALUES('582810310708225','377508838087964','Distributors','','','','Moderator','|2|,|3|,|1|,|4|','|2|,|3|,|4|','','','|2|','0','0','0','2000','1','1')
INSERT INTO CategoriesModules (UniqueID,CatID,ModuleID) VALUES('154203818323683','582810310708225','20')
INSERT INTO CategoriesPortals (UniqueID,CatID,PortalID) VALUES('202517988974412','582810310708225','0')
INSERT INTO Categories (CatID,ListUnder,CategoryName,Description,Keywords,CatType,Moderator,AccessKeys,WriteKeys,SEODescription,SEOPageTitle,ManageKeys,AccessHide,WriteHide,ExcPortalSecurity,Weight,ShowList,Sharing) VALUES('208336658132710','150741235458101','Distributors','','','','Moderator','|2|,|3|,|1|,|4|','|2|,|3|,|4|','','','|2|','0','0','0','2000','1','1')
INSERT INTO CategoriesModules (UniqueID,CatID,ModuleID) VALUES('171547837846817','208336658132710','20')
INSERT INTO CategoriesPortals (UniqueID,CatID,PortalID) VALUES('112284704848195','208336658132710','0')
INSERT INTO Categories (CatID,ListUnder,CategoryName,Description,Keywords,CatType,Moderator,AccessKeys,WriteKeys,SEODescription,SEOPageTitle,ManageKeys,AccessHide,WriteHide,ExcPortalSecurity,Weight,ShowList,Sharing) VALUES('681054383834645','121738407646224','Distributors','','','','Moderator','|2|,|3|,|1|,|4|','|2|,|3|,|4|','','','|2|','0','0','0','2000','1','1')
INSERT INTO CategoriesModules (UniqueID,CatID,ModuleID) VALUES('164863619354874','681054383834645','20')
INSERT INTO CategoriesPortals (UniqueID,CatID,PortalID) VALUES('634407864667477','681054383834645','0')
INSERT INTO Categories (CatID,ListUnder,CategoryName,Description,Keywords,CatType,Moderator,AccessKeys,WriteKeys,SEODescription,SEOPageTitle,ManageKeys,AccessHide,WriteHide,ExcPortalSecurity,Weight,ShowList,Sharing) VALUES('192163082399722','826500906614541','Diversified','','','','Moderator','|2|,|3|,|1|,|4|','|2|,|3|,|4|','','','|2|','0','0','0','2000','1','1')
INSERT INTO CategoriesModules (UniqueID,CatID,ModuleID) VALUES('821473113345417','192163082399722','20')
INSERT INTO CategoriesPortals (UniqueID,CatID,PortalID) VALUES('103630832769162','192163082399722','0')
INSERT INTO Categories (CatID,ListUnder,CategoryName,Description,Keywords,CatType,Moderator,AccessKeys,WriteKeys,SEODescription,SEOPageTitle,ManageKeys,AccessHide,WriteHide,ExcPortalSecurity,Weight,ShowList,Sharing) VALUES('164068917522782','141294954067458','Diversified Manufacturers','','','','Moderator','|2|,|3|,|1|,|4|','|2|,|3|,|4|','','','|2|','0','0','0','2000','1','1')
INSERT INTO CategoriesModules (UniqueID,CatID,ModuleID) VALUES('286820542453766','164068917522782','20')
INSERT INTO CategoriesPortals (UniqueID,CatID,PortalID) VALUES('412607567148198','164068917522782','0')
INSERT INTO Categories (CatID,ListUnder,CategoryName,Description,Keywords,CatType,Moderator,AccessKeys,WriteKeys,SEODescription,SEOPageTitle,ManageKeys,AccessHide,WriteHide,ExcPortalSecurity,Weight,ShowList,Sharing) VALUES('207821151776938','608935416935494','Document Shredding','','','','Moderator','|2|,|3|,|1|,|4|','|2|,|3|,|4|','','','|2|','0','0','0','2000','1','1')
INSERT INTO CategoriesModules (UniqueID,CatID,ModuleID) VALUES('167080794291761','207821151776938','20')
INSERT INTO CategoriesPortals (UniqueID,CatID,PortalID) VALUES('130554663014776','207821151776938','0')
INSERT INTO Categories (CatID,ListUnder,CategoryName,Description,Keywords,CatType,Moderator,AccessKeys,WriteKeys,SEODescription,SEOPageTitle,ManageKeys,AccessHide,WriteHide,ExcPortalSecurity,Weight,ShowList,Sharing) VALUES('142211267379121','211779882274336','Documents','','','','Moderator','|2|,|3|,|1|,|4|','|2|,|3|,|4|','','','|2|','0','0','0','2000','1','1')
INSERT INTO CategoriesModules (UniqueID,CatID,ModuleID) VALUES('145496368433768','142211267379121','20')
INSERT INTO CategoriesPortals (UniqueID,CatID,PortalID) VALUES('321667302855872','142211267379121','0')
INSERT INTO Categories (CatID,ListUnder,CategoryName,Description,Keywords,CatType,Moderator,AccessKeys,WriteKeys,SEODescription,SEOPageTitle,ManageKeys,AccessHide,WriteHide,ExcPortalSecurity,Weight,ShowList,Sharing) VALUES('372533695528736','958371704146931','Dogs','','','','Moderator','|2|,|3|,|1|,|4|','|2|,|3|,|4|','','','|2|','0','0','0','2000','1','1')
INSERT INTO CategoriesModules (UniqueID,CatID,ModuleID) VALUES('110102085569558','372533695528736','20')
INSERT INTO CategoriesPortals (UniqueID,CatID,PortalID) VALUES('170671901548072','372533695528736','0')
INSERT INTO Categories (CatID,ListUnder,CategoryName,Description,Keywords,CatType,Moderator,AccessKeys,WriteKeys,SEODescription,SEOPageTitle,ManageKeys,AccessHide,WriteHide,ExcPortalSecurity,Weight,ShowList,Sharing) VALUES('695012398823242','144315891422463','Do-It-Yourself','','','','Moderator','|2|,|3|,|1|,|4|','|2|,|3|,|4|','','','|2|','0','0','0','2000','1','1')
INSERT INTO CategoriesModules (UniqueID,CatID,ModuleID) VALUES('105391191915233','695012398823242','20')
INSERT INTO CategoriesPortals (UniqueID,CatID,PortalID) VALUES('323615670542285','695012398823242','0')
INSERT INTO Categories (CatID,ListUnder,CategoryName,Description,Keywords,CatType,Moderator,AccessKeys,WriteKeys,SEODescription,SEOPageTitle,ManageKeys,AccessHide,WriteHide,ExcPortalSecurity,Weight,ShowList,Sharing) VALUES('552846757142665','301518407739005','Domes','','','','Moderator','|2|,|3|,|1|,|4|','|2|,|3|,|4|','','','|2|','0','0','0','2000','1','1')
INSERT INTO CategoriesModules (UniqueID,CatID,ModuleID) VALUES('331150748964811','552846757142665','20')
INSERT INTO CategoriesPortals (UniqueID,CatID,PortalID) VALUES('189139587122346','552846757142665','0')
INSERT INTO Categories (CatID,ListUnder,CategoryName,Description,Keywords,CatType,Moderator,AccessKeys,WriteKeys,SEODescription,SEOPageTitle,ManageKeys,AccessHide,WriteHide,ExcPortalSecurity,Weight,ShowList,Sharing) VALUES('117956133294976','280965458060437','Donkeys Mules','','','','Moderator','|2|,|3|,|1|,|4|','|2|,|3|,|4|','','','|2|','0','0','0','2000','1','1')
INSERT INTO CategoriesModules (UniqueID,CatID,ModuleID) VALUES('119276878286384','117956133294976','20')
INSERT INTO CategoriesPortals (UniqueID,CatID,PortalID) VALUES('164555133737771','117956133294976','0')
INSERT INTO Categories (CatID,ListUnder,CategoryName,Description,Keywords,CatType,Moderator,AccessKeys,WriteKeys,SEODescription,SEOPageTitle,ManageKeys,AccessHide,WriteHide,ExcPortalSecurity,Weight,ShowList,Sharing) VALUES('201378202315741','187495860612871','Doors Windows','','','','Moderator','|2|,|3|,|1|,|4|','|2|,|3|,|4|','','','|2|','0','0','0','2000','1','1')
INSERT INTO CategoriesModules (UniqueID,CatID,ModuleID) VALUES('193728139932523','201378202315741','20')
INSERT INTO CategoriesPortals (UniqueID,CatID,PortalID) VALUES('103257784712775','201378202315741','0')
INSERT INTO Categories (CatID,ListUnder,CategoryName,Description,Keywords,CatType,Moderator,AccessKeys,WriteKeys,SEODescription,SEOPageTitle,ManageKeys,AccessHide,WriteHide,ExcPortalSecurity,Weight,ShowList,Sharing) VALUES('173871237577656','514484672265053','Drafting Services','','','','Moderator','|2|,|3|,|1|,|4|','|2|,|3|,|4|','','','|2|','0','0','0','2000','1','1')
INSERT INTO CategoriesModules (UniqueID,CatID,ModuleID) VALUES('203939346358352','173871237577656','20')
INSERT INTO CategoriesPortals (UniqueID,CatID,PortalID) VALUES('542645829443178','173871237577656','0')
INSERT INTO Categories (CatID,ListUnder,CategoryName,Description,Keywords,CatType,Moderator,AccessKeys,WriteKeys,SEODescription,SEOPageTitle,ManageKeys,AccessHide,WriteHide,ExcPortalSecurity,Weight,ShowList,Sharing) VALUES('643047308676577','458171633668170','Dredging','','','','Moderator','|2|,|3|,|1|,|4|','|2|,|3|,|4|','','','|2|','0','0','0','2000','1','1')
INSERT INTO CategoriesModules (UniqueID,CatID,ModuleID) VALUES('139177671046233','643047308676577','20')
INSERT INTO CategoriesPortals (UniqueID,CatID,PortalID) VALUES('196110551564617','643047308676577','0')
INSERT INTO Categories (CatID,ListUnder,CategoryName,Description,Keywords,CatType,Moderator,AccessKeys,WriteKeys,SEODescription,SEOPageTitle,ManageKeys,AccessHide,WriteHide,ExcPortalSecurity,Weight,ShowList,Sharing) VALUES('202564467783142','189238540572357','Dried','','','','Moderator','|2|,|3|,|1|,|4|','|2|,|3|,|4|','','','|2|','0','0','0','2000','1','1')
INSERT INTO CategoriesModules (UniqueID,CatID,ModuleID) VALUES('143141794938283','202564467783142','20')
INSERT INTO CategoriesPortals (UniqueID,CatID,PortalID) VALUES('169361227259117','202564467783142','0')
INSERT INTO Categories (CatID,ListUnder,CategoryName,Description,Keywords,CatType,Moderator,AccessKeys,WriteKeys,SEODescription,SEOPageTitle,ManageKeys,AccessHide,WriteHide,ExcPortalSecurity,Weight,ShowList,Sharing) VALUES('105241621517811','940769377248751','Drink Mixes','','','','Moderator','|2|,|3|,|1|,|4|','|2|,|3|,|4|','','','|2|','0','0','0','2000','1','1')
INSERT INTO CategoriesModules (UniqueID,CatID,ModuleID) VALUES('540448413743567','105241621517811','20')
INSERT INTO CategoriesPortals (UniqueID,CatID,PortalID) VALUES('116291595254765','105241621517811','0')
INSERT INTO Categories (CatID,ListUnder,CategoryName,Description,Keywords,CatType,Moderator,AccessKeys,WriteKeys,SEODescription,SEOPageTitle,ManageKeys,AccessHide,WriteHide,ExcPortalSecurity,Weight,ShowList,Sharing) VALUES('544873228716032','877724855173932','Drive Train','','','','Moderator','|2|,|3|,|1|,|4|','|2|,|3|,|4|','','','|2|','0','0','0','2000','1','1')
INSERT INTO CategoriesModules (UniqueID,CatID,ModuleID) VALUES('214505236586662','544873228716032','20')
INSERT INTO CategoriesPortals (UniqueID,CatID,PortalID) VALUES('157018306063578','544873228716032','0')
INSERT INTO Categories (CatID,ListUnder,CategoryName,Description,Keywords,CatType,Moderator,AccessKeys,WriteKeys,SEODescription,SEOPageTitle,ManageKeys,AccessHide,WriteHide,ExcPortalSecurity,Weight,ShowList,Sharing) VALUES('160773116055491','157714611147670','Due Diligence','','','','Moderator','|2|,|3|,|1|,|4|','|2|,|3|,|4|','','','|2|','0','0','0','2000','1','1')
INSERT INTO CategoriesModules (UniqueID,CatID,ModuleID) VALUES('430180067367634','160773116055491','20')
INSERT INTO CategoriesPortals (UniqueID,CatID,PortalID) VALUES('612487447371115','160773116055491','0')
INSERT INTO Categories (CatID,ListUnder,CategoryName,Description,Keywords,CatType,Moderator,AccessKeys,WriteKeys,SEODescription,SEOPageTitle,ManageKeys,AccessHide,WriteHide,ExcPortalSecurity,Weight,ShowList,Sharing) VALUES('175426593923768','185703692781321','Dyes Pigments','','','','Moderator','|2|,|3|,|1|,|4|','|2|,|3|,|4|','','','|2|','0','0','0','2000','1','1')
INSERT INTO CategoriesModules (UniqueID,CatID,ModuleID) VALUES('138953003884735','175426593923768','20')
INSERT INTO CategoriesPortals (UniqueID,CatID,PortalID) VALUES('112267214762872','175426593923768','0')
INSERT INTO Categories (CatID,ListUnder,CategoryName,Description,Keywords,CatType,Moderator,AccessKeys,WriteKeys,SEODescription,SEOPageTitle,ManageKeys,AccessHide,WriteHide,ExcPortalSecurity,Weight,ShowList,Sharing) VALUES('189323443997473','830096638971954','Dyestuffs Inks','','','','Moderator','|2|,|3|,|1|,|4|','|2|,|3|,|4|','','','|2|','0','0','0','2000','1','1')
INSERT INTO CategoriesModules (UniqueID,CatID,ModuleID) VALUES('102700103798736','189323443997473','20')
INSERT INTO CategoriesPortals (UniqueID,CatID,PortalID) VALUES('132153162756445','189323443997473','0')
INSERT INTO Categories (CatID,ListUnder,CategoryName,Description,Keywords,CatType,Moderator,AccessKeys,WriteKeys,SEODescription,SEOPageTitle,ManageKeys,AccessHide,WriteHide,ExcPortalSecurity,Weight,ShowList,Sharing) VALUES('261557782931359','565581992163321','Earthmoving','','','','Moderator','|2|,|3|,|1|,|4|','|2|,|3|,|4|','','','|2|','0','0','0','2000','1','1')
INSERT INTO CategoriesModules (UniqueID,CatID,ModuleID) VALUES('146862556583615','261557782931359','20')
INSERT INTO CategoriesPortals (UniqueID,CatID,PortalID) VALUES('198885274615631','261557782931359','0')
INSERT INTO Categories (CatID,ListUnder,CategoryName,Description,Keywords,CatType,Moderator,AccessKeys,WriteKeys,SEODescription,SEOPageTitle,ManageKeys,AccessHide,WriteHide,ExcPortalSecurity,Weight,ShowList,Sharing) VALUES('141269203678417','151892552522651','EasyLanguage','','','','Moderator','|2|,|3|,|1|,|4|','|2|,|3|,|4|','','','|2|','0','0','0','2000','1','1')
INSERT INTO CategoriesModules (UniqueID,CatID,ModuleID) VALUES('322546500286577','141269203678417','20')
INSERT INTO CategoriesPortals (UniqueID,CatID,PortalID) VALUES('208889973508076','141269203678417','0')
INSERT INTO Categories (CatID,ListUnder,CategoryName,Description,Keywords,CatType,Moderator,AccessKeys,WriteKeys,SEODescription,SEOPageTitle,ManageKeys,AccessHide,WriteHide,ExcPortalSecurity,Weight,ShowList,Sharing) VALUES('926958022387637','0','E-Commerce','','','','Moderator','|2|,|3|,|1|,|4|','|2|,|3|,|4|','','','|2|','0','0','0','2000','1','1')
INSERT INTO CategoriesModules (UniqueID,CatID,ModuleID) VALUES('128372796322984','926958022387637','20')
INSERT INTO CategoriesPortals (UniqueID,CatID,PortalID) VALUES('174545600856715','926958022387637','0')
INSERT INTO Categories (CatID,ListUnder,CategoryName,Description,Keywords,CatType,Moderator,AccessKeys,WriteKeys,SEODescription,SEOPageTitle,ManageKeys,AccessHide,WriteHide,ExcPortalSecurity,Weight,ShowList,Sharing) VALUES('114639302958955','158169661671233','Economic Development Agencies','','','','Moderator','|2|,|3|,|1|,|4|','|2|,|3|,|4|','','','|2|','0','0','0','2000','1','1')
INSERT INTO CategoriesModules (UniqueID,CatID,ModuleID) VALUES('211395122662288','114639302958955','20')
INSERT INTO CategoriesPortals (UniqueID,CatID,PortalID) VALUES('112547365075314','114639302958955','0')
INSERT INTO Categories (CatID,ListUnder,CategoryName,Description,Keywords,CatType,Moderator,AccessKeys,WriteKeys,SEODescription,SEOPageTitle,ManageKeys,AccessHide,WriteHide,ExcPortalSecurity,Weight,ShowList,Sharing) VALUES('718330640278194','948121932567286','Education','','','','Moderator','|2|,|3|,|1|,|4|','|2|,|3|,|4|','','','|2|','0','0','0','2000','1','1')
INSERT INTO CategoriesModules (UniqueID,CatID,ModuleID) VALUES('181526415921452','718330640278194','20')
INSERT INTO CategoriesPortals (UniqueID,CatID,PortalID) VALUES('125973873282281','718330640278194','0')
INSERT INTO Categories (CatID,ListUnder,CategoryName,Description,Keywords,CatType,Moderator,AccessKeys,WriteKeys,SEODescription,SEOPageTitle,ManageKeys,AccessHide,WriteHide,ExcPortalSecurity,Weight,ShowList,Sharing) VALUES('158794572065854','468964763450112','Education Seminars','','','','Moderator','|2|,|3|,|1|,|4|','|2|,|3|,|4|','','','|2|','0','0','0','2000','1','1')
INSERT INTO CategoriesModules (UniqueID,CatID,ModuleID) VALUES('563239617690478','158794572065854','20')
INSERT INTO CategoriesPortals (UniqueID,CatID,PortalID) VALUES('199330606825454','158794572065854','0')
INSERT INTO Categories (CatID,ListUnder,CategoryName,Description,Keywords,CatType,Moderator,AccessKeys,WriteKeys,SEODescription,SEOPageTitle,ManageKeys,AccessHide,WriteHide,ExcPortalSecurity,Weight,ShowList,Sharing) VALUES('161532901275848','183131383188741','Education Training','','','','Moderator','|2|,|3|,|1|,|4|','|2|,|3|,|4|','','','|2|','0','0','0','2000','1','1')
INSERT INTO CategoriesModules (UniqueID,CatID,ModuleID) VALUES('191606615588814','161532901275848','20')
INSERT INTO CategoriesPortals (UniqueID,CatID,PortalID) VALUES('180435665847891','161532901275848','0')
INSERT INTO Categories (CatID,ListUnder,CategoryName,Description,Keywords,CatType,Moderator,AccessKeys,WriteKeys,SEODescription,SEOPageTitle,ManageKeys,AccessHide,WriteHide,ExcPortalSecurity,Weight,ShowList,Sharing) VALUES('158387187662955','138401084934556','Education Training','','','','Moderator','|2|,|3|,|1|,|4|','|2|,|3|,|4|','','','|2|','0','0','0','2000','1','1')
INSERT INTO CategoriesModules (UniqueID,CatID,ModuleID) VALUES('588889378375744','158387187662955','20')
INSERT INTO CategoriesPortals (UniqueID,CatID,PortalID) VALUES('198306952263205','158387187662955','0')
INSERT INTO Categories (CatID,ListUnder,CategoryName,Description,Keywords,CatType,Moderator,AccessKeys,WriteKeys,SEODescription,SEOPageTitle,ManageKeys,AccessHide,WriteHide,ExcPortalSecurity,Weight,ShowList,Sharing) VALUES('165666670880185','166717347983737','Education Training','','','','Moderator','|2|,|3|,|1|,|4|','|2|,|3|,|4|','','','|2|','0','0','0','2000','1','1')
INSERT INTO CategoriesModules (UniqueID,CatID,ModuleID) VALUES('499144026656712','165666670880185','20')
INSERT INTO CategoriesPortals (UniqueID,CatID,PortalID) VALUES('561766956343144','165666670880185','0')
INSERT INTO Categories (CatID,ListUnder,CategoryName,Description,Keywords,CatType,Moderator,AccessKeys,WriteKeys,SEODescription,SEOPageTitle,ManageKeys,AccessHide,WriteHide,ExcPortalSecurity,Weight,ShowList,Sharing) VALUES('178718094114764','293246790583114','Education Training','','','','Moderator','|2|,|3|,|1|,|4|','|2|,|3|,|4|','','','|2|','0','0','0','2000','1','1')
INSERT INTO CategoriesModules (UniqueID,CatID,ModuleID) VALUES('132519183737880','178718094114764','20')
INSERT INTO CategoriesPortals (UniqueID,CatID,PortalID) VALUES('112139711841906','178718094114764','0')
INSERT INTO Categories (CatID,ListUnder,CategoryName,Description,Keywords,CatType,Moderator,AccessKeys,WriteKeys,SEODescription,SEOPageTitle,ManageKeys,AccessHide,WriteHide,ExcPortalSecurity,Weight,ShowList,Sharing) VALUES('189379665620842','181537501518755','Education Training','','','','Moderator','|2|,|3|,|1|,|4|','|2|,|3|,|4|','','','|2|','0','0','0','2000','1','1')
INSERT INTO CategoriesModules (UniqueID,CatID,ModuleID) VALUES('188549115960071','189379665620842','20')
INSERT INTO CategoriesPortals (UniqueID,CatID,PortalID) VALUES('154103146631700','189379665620842','0')
INSERT INTO Categories (CatID,ListUnder,CategoryName,Description,Keywords,CatType,Moderator,AccessKeys,WriteKeys,SEODescription,SEOPageTitle,ManageKeys,AccessHide,WriteHide,ExcPortalSecurity,Weight,ShowList,Sharing) VALUES('183249184515444','158828387513175','Education Training','','','','Moderator','|2|,|3|,|1|,|4|','|2|,|3|,|4|','','','|2|','0','0','0','2000','1','1')
INSERT INTO CategoriesModules (UniqueID,CatID,ModuleID) VALUES('567215873854470','183249184515444','20')
INSERT INTO CategoriesPortals (UniqueID,CatID,PortalID) VALUES('207958770831745','183249184515444','0')
INSERT INTO Categories (CatID,ListUnder,CategoryName,Description,Keywords,CatType,Moderator,AccessKeys,WriteKeys,SEODescription,SEOPageTitle,ManageKeys,AccessHide,WriteHide,ExcPortalSecurity,Weight,ShowList,Sharing) VALUES('205935710875838','174578511035830','Education Training','','','','Moderator','|2|,|3|,|1|,|4|','|2|,|3|,|4|','','','|2|','0','0','0','2000','1','1')
INSERT INTO CategoriesModules (UniqueID,CatID,ModuleID) VALUES('587538879441568','205935710875838','20')
INSERT INTO CategoriesPortals (UniqueID,CatID,PortalID) VALUES('100081012953779','205935710875838','0')
INSERT INTO Categories (CatID,ListUnder,CategoryName,Description,Keywords,CatType,Moderator,AccessKeys,WriteKeys,SEODescription,SEOPageTitle,ManageKeys,AccessHide,WriteHide,ExcPortalSecurity,Weight,ShowList,Sharing) VALUES('205978447773784','161898503042338','Education Training','','','','Moderator','|2|,|3|,|1|,|4|','|2|,|3|,|4|','','','|2|','0','0','0','2000','1','1')
INSERT INTO CategoriesModules (UniqueID,CatID,ModuleID) VALUES('467458556308022','205978447773784','20')
INSERT INTO CategoriesPortals (UniqueID,CatID,PortalID) VALUES('206962438665757','205978447773784','0')
INSERT INTO Categories (CatID,ListUnder,CategoryName,Description,Keywords,CatType,Moderator,AccessKeys,WriteKeys,SEODescription,SEOPageTitle,ManageKeys,AccessHide,WriteHide,ExcPortalSecurity,Weight,ShowList,Sharing) VALUES('193906235735344','140394717342354','Education Training','','','','Moderator','|2|,|3|,|1|,|4|','|2|,|3|,|4|','','','|2|','0','0','0','2000','1','1')
INSERT INTO CategoriesModules (UniqueID,CatID,ModuleID) VALUES('133013605105911','193906235735344','20')
INSERT INTO CategoriesPortals (UniqueID,CatID,PortalID) VALUES('188957593046587','193906235735344','0')
INSERT INTO Categories (CatID,ListUnder,CategoryName,Description,Keywords,CatType,Moderator,AccessKeys,WriteKeys,SEODescription,SEOPageTitle,ManageKeys,AccessHide,WriteHide,ExcPortalSecurity,Weight,ShowList,Sharing) VALUES('198716648005025','144601480828687','Education Training','','','','Moderator','|2|,|3|,|1|,|4|','|2|,|3|,|4|','','','|2|','0','0','0','2000','1','1')
INSERT INTO CategoriesModules (UniqueID,CatID,ModuleID) VALUES('828437500989577','198716648005025','20')
INSERT INTO CategoriesPortals (UniqueID,CatID,PortalID) VALUES('834256031757158','198716648005025','0')
INSERT INTO Categories (CatID,ListUnder,CategoryName,Description,Keywords,CatType,Moderator,AccessKeys,WriteKeys,SEODescription,SEOPageTitle,ManageKeys,AccessHide,WriteHide,ExcPortalSecurity,Weight,ShowList,Sharing) VALUES('198404541217781','194091967154117','Education Training','','','','Moderator','|2|,|3|,|1|,|4|','|2|,|3|,|4|','','','|2|','0','0','0','2000','1','1')
INSERT INTO CategoriesModules (UniqueID,CatID,ModuleID) VALUES('184892813948178','198404541217781','20')
INSERT INTO CategoriesPortals (UniqueID,CatID,PortalID) VALUES('885417076119516','198404541217781','0')
INSERT INTO Categories (CatID,ListUnder,CategoryName,Description,Keywords,CatType,Moderator,AccessKeys,WriteKeys,SEODescription,SEOPageTitle,ManageKeys,AccessHide,WriteHide,ExcPortalSecurity,Weight,ShowList,Sharing) VALUES('115575446154379','329372151341555','Education Training','','','','Moderator','|2|,|3|,|1|,|4|','|2|,|3|,|4|','','','|2|','0','0','0','2000','1','1')
INSERT INTO CategoriesModules (UniqueID,CatID,ModuleID) VALUES('176810571317109','115575446154379','20')
INSERT INTO CategoriesPortals (UniqueID,CatID,PortalID) VALUES('213385845756788','115575446154379','0')
INSERT INTO Categories (CatID,ListUnder,CategoryName,Description,Keywords,CatType,Moderator,AccessKeys,WriteKeys,SEODescription,SEOPageTitle,ManageKeys,AccessHide,WriteHide,ExcPortalSecurity,Weight,ShowList,Sharing) VALUES('136924325444150','120268798198852','Education Training','','','','Moderator','|2|,|3|,|1|,|4|','|2|,|3|,|4|','','','|2|','0','0','0','2000','1','1')
INSERT INTO CategoriesModules (UniqueID,CatID,ModuleID) VALUES('185758930205586','136924325444150','20')
INSERT INTO CategoriesPortals (UniqueID,CatID,PortalID) VALUES('210930966188164','136924325444150','0')
INSERT INTO Categories (CatID,ListUnder,CategoryName,Description,Keywords,CatType,Moderator,AccessKeys,WriteKeys,SEODescription,SEOPageTitle,ManageKeys,AccessHide,WriteHide,ExcPortalSecurity,Weight,ShowList,Sharing) VALUES('128289315663113','214300976326282','Education Training','','','','Moderator','|2|,|3|,|1|,|4|','|2|,|3|,|4|','','','|2|','0','0','0','2000','1','1')
INSERT INTO CategoriesModules (UniqueID,CatID,ModuleID) VALUES('672460090154485','128289315663113','20')
INSERT INTO CategoriesPortals (UniqueID,CatID,PortalID) VALUES('125328528982436','128289315663113','0')
INSERT INTO Categories (CatID,ListUnder,CategoryName,Description,Keywords,CatType,Moderator,AccessKeys,WriteKeys,SEODescription,SEOPageTitle,ManageKeys,AccessHide,WriteHide,ExcPortalSecurity,Weight,ShowList,Sharing) VALUES('127989134682441','158188270226404','Education Training','','','','Moderator','|2|,|3|,|1|,|4|','|2|,|3|,|4|','','','|2|','0','0','0','2000','1','1')
INSERT INTO CategoriesModules (UniqueID,CatID,ModuleID) VALUES('709337243218566','127989134682441','20')
INSERT INTO CategoriesPortals (UniqueID,CatID,PortalID) VALUES('140892446682199','127989134682441','0')
INSERT INTO Categories (CatID,ListUnder,CategoryName,Description,Keywords,CatType,Moderator,AccessKeys,WriteKeys,SEODescription,SEOPageTitle,ManageKeys,AccessHide,WriteHide,ExcPortalSecurity,Weight,ShowList,Sharing) VALUES('133192607076173','256574178544781','Education Training','','','','Moderator','|2|,|3|,|1|,|4|','|2|,|3|,|4|','','','|2|','0','0','0','2000','1','1')
INSERT INTO CategoriesModules (UniqueID,CatID,ModuleID) VALUES('159339423815061','133192607076173','20')
INSERT INTO CategoriesPortals (UniqueID,CatID,PortalID) VALUES('563317723720543','133192607076173','0')
INSERT INTO Categories (CatID,ListUnder,CategoryName,Description,Keywords,CatType,Moderator,AccessKeys,WriteKeys,SEODescription,SEOPageTitle,ManageKeys,AccessHide,WriteHide,ExcPortalSecurity,Weight,ShowList,Sharing) VALUES('735199680528010','154437582882648','Education Training','','','','Moderator','|2|,|3|,|1|,|4|','|2|,|3|,|4|','','','|2|','0','0','0','2000','1','1')
INSERT INTO CategoriesModules (UniqueID,CatID,ModuleID) VALUES('172430136562043','735199680528010','20')
INSERT INTO CategoriesPortals (UniqueID,CatID,PortalID) VALUES('172358215615487','735199680528010','0')
INSERT INTO Categories (CatID,ListUnder,CategoryName,Description,Keywords,CatType,Moderator,AccessKeys,WriteKeys,SEODescription,SEOPageTitle,ManageKeys,AccessHide,WriteHide,ExcPortalSecurity,Weight,ShowList,Sharing) VALUES('808866822447121','994172267781614','Education Training','','','','Moderator','|2|,|3|,|1|,|4|','|2|,|3|,|4|','','','|2|','0','0','0','2000','1','1')
INSERT INTO CategoriesModules (UniqueID,CatID,ModuleID) VALUES('105672981275618','808866822447121','20')
INSERT INTO CategoriesPortals (UniqueID,CatID,PortalID) VALUES('356031267874473','808866822447121','0')
INSERT INTO Categories (CatID,ListUnder,CategoryName,Description,Keywords,CatType,Moderator,AccessKeys,WriteKeys,SEODescription,SEOPageTitle,ManageKeys,AccessHide,WriteHide,ExcPortalSecurity,Weight,ShowList,Sharing) VALUES('800618319562627','152656969788212','Education Training','','','','Moderator','|2|,|3|,|1|,|4|','|2|,|3|,|4|','','','|2|','0','0','0','2000','1','1')
INSERT INTO CategoriesModules (UniqueID,CatID,ModuleID) VALUES('664158545883664','800618319562627','20')
INSERT INTO CategoriesPortals (UniqueID,CatID,PortalID) VALUES('630367809741315','800618319562627','0')
INSERT INTO Categories (CatID,ListUnder,CategoryName,Description,Keywords,CatType,Moderator,AccessKeys,WriteKeys,SEODescription,SEOPageTitle,ManageKeys,AccessHide,WriteHide,ExcPortalSecurity,Weight,ShowList,Sharing) VALUES('948121932567286','0','Education Training','','','','Moderator','|2|,|3|,|1|,|4|','|2|,|3|,|4|','','','|2|','0','0','0','2000','1','1')
INSERT INTO CategoriesModules (UniqueID,CatID,ModuleID) VALUES('300102441113381','948121932567286','20')
INSERT INTO CategoriesPortals (UniqueID,CatID,PortalID) VALUES('118233873682024','948121932567286','0')
INSERT INTO Categories (CatID,ListUnder,CategoryName,Description,Keywords,CatType,Moderator,AccessKeys,WriteKeys,SEODescription,SEOPageTitle,ManageKeys,AccessHide,WriteHide,ExcPortalSecurity,Weight,ShowList,Sharing) VALUES('950902700456538','412429472676434','Education Training','','','','Moderator','|2|,|3|,|1|,|4|','|2|,|3|,|4|','','','|2|','0','0','0','2000','1','1')
INSERT INTO CategoriesModules (UniqueID,CatID,ModuleID) VALUES('394337353165622','950902700456538','20')
INSERT INTO CategoriesPortals (UniqueID,CatID,PortalID) VALUES('297054497045803','950902700456538','0')
INSERT INTO Categories (CatID,ListUnder,CategoryName,Description,Keywords,CatType,Moderator,AccessKeys,WriteKeys,SEODescription,SEOPageTitle,ManageKeys,AccessHide,WriteHide,ExcPortalSecurity,Weight,ShowList,Sharing) VALUES('214775532705849','845494891751785','Education Training','','','','Moderator','|2|,|3|,|1|,|4|','|2|,|3|,|4|','','','|2|','0','0','0','2000','1','1')
INSERT INTO CategoriesModules (UniqueID,CatID,ModuleID) VALUES('124752007986811','214775532705849','20')
INSERT INTO CategoriesPortals (UniqueID,CatID,PortalID) VALUES('626681229811416','214775532705849','0')
INSERT INTO Categories (CatID,ListUnder,CategoryName,Description,Keywords,CatType,Moderator,AccessKeys,WriteKeys,SEODescription,SEOPageTitle,ManageKeys,AccessHide,WriteHide,ExcPortalSecurity,Weight,ShowList,Sharing) VALUES('208800038768271','926958022387637','Education Training','','','','Moderator','|2|,|3|,|1|,|4|','|2|,|3|,|4|','','','|2|','0','0','0','2000','1','1')
INSERT INTO CategoriesModules (UniqueID,CatID,ModuleID) VALUES('128914715217617','208800038768271','20')
INSERT INTO CategoriesPortals (UniqueID,CatID,PortalID) VALUES('118510273845897','208800038768271','0')
INSERT INTO Categories (CatID,ListUnder,CategoryName,Description,Keywords,CatType,Moderator,AccessKeys,WriteKeys,SEODescription,SEOPageTitle,ManageKeys,AccessHide,WriteHide,ExcPortalSecurity,Weight,ShowList,Sharing) VALUES('312868678088123','109065509875610','Education Training','','','','Moderator','|2|,|3|,|1|,|4|','|2|,|3|,|4|','','','|2|','0','0','0','2000','1','1')
INSERT INTO CategoriesModules (UniqueID,CatID,ModuleID) VALUES('208034531457175','312868678088123','20')
INSERT INTO CategoriesPortals (UniqueID,CatID,PortalID) VALUES('198451593884854','312868678088123','0')
INSERT INTO Categories (CatID,ListUnder,CategoryName,Description,Keywords,CatType,Moderator,AccessKeys,WriteKeys,SEODescription,SEOPageTitle,ManageKeys,AccessHide,WriteHide,ExcPortalSecurity,Weight,ShowList,Sharing) VALUES('546673575482152','475614912861318','Education Training','','','','Moderator','|2|,|3|,|1|,|4|','|2|,|3|,|4|','','','|2|','0','0','0','2000','1','1')
INSERT INTO CategoriesModules (UniqueID,CatID,ModuleID) VALUES('177954872114381','546673575482152','20')
INSERT INTO CategoriesPortals (UniqueID,CatID,PortalID) VALUES('425793325222343','546673575482152','0')
INSERT INTO Categories (CatID,ListUnder,CategoryName,Description,Keywords,CatType,Moderator,AccessKeys,WriteKeys,SEODescription,SEOPageTitle,ManageKeys,AccessHide,WriteHide,ExcPortalSecurity,Weight,ShowList,Sharing) VALUES('564677489721380','518067943485998','Education Training','','','','Moderator','|2|,|3|,|1|,|4|','|2|,|3|,|4|','','','|2|','0','0','0','2000','1','1')
INSERT INTO CategoriesModules (UniqueID,CatID,ModuleID) VALUES('146952189711134','564677489721380','20')
INSERT INTO CategoriesPortals (UniqueID,CatID,PortalID) VALUES('819872530915775','564677489721380','0')
INSERT INTO Categories (CatID,ListUnder,CategoryName,Description,Keywords,CatType,Moderator,AccessKeys,WriteKeys,SEODescription,SEOPageTitle,ManageKeys,AccessHide,WriteHide,ExcPortalSecurity,Weight,ShowList,Sharing) VALUES('571534317749111','197531586023575','Education Training','','','','Moderator','|2|,|3|,|1|,|4|','|2|,|3|,|4|','','','|2|','0','0','0','2000','1','1')
INSERT INTO CategoriesModules (UniqueID,CatID,ModuleID) VALUES('211618679677250','571534317749111','20')
INSERT INTO CategoriesPortals (UniqueID,CatID,PortalID) VALUES('276773299726242','571534317749111','0')
INSERT INTO Categories (CatID,ListUnder,CategoryName,Description,Keywords,CatType,Moderator,AccessKeys,WriteKeys,SEODescription,SEOPageTitle,ManageKeys,AccessHide,WriteHide,ExcPortalSecurity,Weight,ShowList,Sharing) VALUES('631181925323885','211779882274336','Education Training','','','','Moderator','|2|,|3|,|1|,|4|','|2|,|3|,|4|','','','|2|','0','0','0','2000','1','1')
INSERT INTO CategoriesModules (UniqueID,CatID,ModuleID) VALUES('194932945635368','631181925323885','20')
INSERT INTO CategoriesPortals (UniqueID,CatID,PortalID) VALUES('128346195851678','631181925323885','0')
INSERT INTO Categories (CatID,ListUnder,CategoryName,Description,Keywords,CatType,Moderator,AccessKeys,WriteKeys,SEODescription,SEOPageTitle,ManageKeys,AccessHide,WriteHide,ExcPortalSecurity,Weight,ShowList,Sharing) VALUES('501376847811710','144315891422463','Education Training','','','','Moderator','|2|,|3|,|1|,|4|','|2|,|3|,|4|','','','|2|','0','0','0','2000','1','1')
INSERT INTO CategoriesModules (UniqueID,CatID,ModuleID) VALUES('107202290984321','501376847811710','20')
INSERT INTO CategoriesPortals (UniqueID,CatID,PortalID) VALUES('316799500278328','501376847811710','0')
INSERT INTO Categories (CatID,ListUnder,CategoryName,Description,Keywords,CatType,Moderator,AccessKeys,WriteKeys,SEODescription,SEOPageTitle,ManageKeys,AccessHide,WriteHide,ExcPortalSecurity,Weight,ShowList,Sharing) VALUES('514149734852435','445336333851184','Education Training','','','','Moderator','|2|,|3|,|1|,|4|','|2|,|3|,|4|','','','|2|','0','0','0','2000','1','1')
INSERT INTO CategoriesModules (UniqueID,CatID,ModuleID) VALUES('118126176218988','514149734852435','20')
INSERT INTO CategoriesPortals (UniqueID,CatID,PortalID) VALUES('165627252821852','514149734852435','0')
INSERT INTO Categories (CatID,ListUnder,CategoryName,Description,Keywords,CatType,Moderator,AccessKeys,WriteKeys,SEODescription,SEOPageTitle,ManageKeys,AccessHide,WriteHide,ExcPortalSecurity,Weight,ShowList,Sharing) VALUES('177273973021624','301518407739005','Educational','','','','Moderator','|2|,|3|,|1|,|4|','|2|,|3|,|4|','','','|2|','0','0','0','2000','1','1')
INSERT INTO CategoriesModules (UniqueID,CatID,ModuleID) VALUES('311016819865801','177273973021624','20')
INSERT INTO CategoriesPortals (UniqueID,CatID,PortalID) VALUES('200130423633364','177273973021624','0')
INSERT INTO Categories (CatID,ListUnder,CategoryName,Description,Keywords,CatType,Moderator,AccessKeys,WriteKeys,SEODescription,SEOPageTitle,ManageKeys,AccessHide,WriteHide,ExcPortalSecurity,Weight,ShowList,Sharing) VALUES('166011255678556','956111916864929','Electric','','','','Moderator','|2|,|3|,|1|,|4|','|2|,|3|,|4|','','','|2|','0','0','0','2000','1','1')
INSERT INTO CategoriesModules (UniqueID,CatID,ModuleID) VALUES('113564029145178','166011255678556','20')
INSERT INTO CategoriesPortals (UniqueID,CatID,PortalID) VALUES('189901969243653','166011255678556','0')
INSERT INTO Categories (CatID,ListUnder,CategoryName,Description,Keywords,CatType,Moderator,AccessKeys,WriteKeys,SEODescription,SEOPageTitle,ManageKeys,AccessHide,WriteHide,ExcPortalSecurity,Weight,ShowList,Sharing) VALUES('984633003060343','116414705839970','Electric Motors','','','','Moderator','|2|,|3|,|1|,|4|','|2|,|3|,|4|','','','|2|','0','0','0','2000','1','1')
INSERT INTO CategoriesModules (UniqueID,CatID,ModuleID) VALUES('139738655527031','984633003060343','20')
INSERT INTO CategoriesPortals (UniqueID,CatID,PortalID) VALUES('938730648366582','984633003060343','0')
INSERT INTO Categories (CatID,ListUnder,CategoryName,Description,Keywords,CatType,Moderator,AccessKeys,WriteKeys,SEODescription,SEOPageTitle,ManageKeys,AccessHide,WriteHide,ExcPortalSecurity,Weight,ShowList,Sharing) VALUES('597300362548268','187495860612871','Electrical','','','','Moderator','|2|,|3|,|1|,|4|','|2|,|3|,|4|','','','|2|','0','0','0','2000','1','1')
INSERT INTO CategoriesModules (UniqueID,CatID,ModuleID) VALUES('647043791625686','597300362548268','20')
INSERT INTO CategoriesPortals (UniqueID,CatID,PortalID) VALUES('137205693618343','597300362548268','0')
INSERT INTO Categories (CatID,ListUnder,CategoryName,Description,Keywords,CatType,Moderator,AccessKeys,WriteKeys,SEODescription,SEOPageTitle,ManageKeys,AccessHide,WriteHide,ExcPortalSecurity,Weight,ShowList,Sharing) VALUES('276591836929670','877724855173932','Electrical','','','','Moderator','|2|,|3|,|1|,|4|','|2|,|3|,|4|','','','|2|','0','0','0','2000','1','1')
INSERT INTO CategoriesModules (UniqueID,CatID,ModuleID) VALUES('652496679008617','276591836929670','20')
INSERT INTO CategoriesPortals (UniqueID,CatID,PortalID) VALUES('223909758587082','276591836929670','0')
INSERT INTO Categories (CatID,ListUnder,CategoryName,Description,Keywords,CatType,Moderator,AccessKeys,WriteKeys,SEODescription,SEOPageTitle,ManageKeys,AccessHide,WriteHide,ExcPortalSecurity,Weight,ShowList,Sharing) VALUES('140448839633852','265537542464772','Electrical','','','','Moderator','|2|,|3|,|1|,|4|','|2|,|3|,|4|','','','|2|','0','0','0','2000','1','1')
INSERT INTO CategoriesModules (UniqueID,CatID,ModuleID) VALUES('107731614641346','140448839633852','20')
INSERT INTO CategoriesPortals (UniqueID,CatID,PortalID) VALUES('504964805903222','140448839633852','0')
INSERT INTO Categories (CatID,ListUnder,CategoryName,Description,Keywords,CatType,Moderator,AccessKeys,WriteKeys,SEODescription,SEOPageTitle,ManageKeys,AccessHide,WriteHide,ExcPortalSecurity,Weight,ShowList,Sharing) VALUES('135351638913149','284131841433627','Electrical Panel Builders','','','','Moderator','|2|,|3|,|1|,|4|','|2|,|3|,|4|','','','|2|','0','0','0','2000','1','1')
INSERT INTO CategoriesModules (UniqueID,CatID,ModuleID) VALUES('664074875184757','135351638913149','20')
INSERT INTO CategoriesPortals (UniqueID,CatID,PortalID) VALUES('211795452634221','135351638913149','0')
INSERT INTO Categories (CatID,ListUnder,CategoryName,Description,Keywords,CatType,Moderator,AccessKeys,WriteKeys,SEODescription,SEOPageTitle,ManageKeys,AccessHide,WriteHide,ExcPortalSecurity,Weight,ShowList,Sharing) VALUES('795905828380115','963175640290570','Electrical Test','','','','Moderator','|2|,|3|,|1|,|4|','|2|,|3|,|4|','','','|2|','0','0','0','2000','1','1')
INSERT INTO CategoriesModules (UniqueID,CatID,ModuleID) VALUES('774345218628826','795905828380115','20')
INSERT INTO CategoriesPortals (UniqueID,CatID,PortalID) VALUES('137611867667318','795905828380115','0')
INSERT INTO Categories (CatID,ListUnder,CategoryName,Description,Keywords,CatType,Moderator,AccessKeys,WriteKeys,SEODescription,SEOPageTitle,ManageKeys,AccessHide,WriteHide,ExcPortalSecurity,Weight,ShowList,Sharing) VALUES('106491169447471','136878005372291','Electricity','','','','Moderator','|2|,|3|,|1|,|4|','|2|,|3|,|4|','','','|2|','0','0','0','2000','1','1')
INSERT INTO CategoriesModules (UniqueID,CatID,ModuleID) VALUES('238066820183633','106491169447471','20')
INSERT INTO CategoriesPortals (UniqueID,CatID,PortalID) VALUES('176456472387638','106491169447471','0')
INSERT INTO Categories (CatID,ListUnder,CategoryName,Description,Keywords,CatType,Moderator,AccessKeys,WriteKeys,SEODescription,SEOPageTitle,ManageKeys,AccessHide,WriteHide,ExcPortalSecurity,Weight,ShowList,Sharing) VALUES('116414705839970','161898503042338','Electromechanical','','','','Moderator','|2|,|3|,|1|,|4|','|2|,|3|,|4|','','','|2|','0','0','0','2000','1','1')
INSERT INTO CategoriesModules (UniqueID,CatID,ModuleID) VALUES('278508893824449','116414705839970','20')
INSERT INTO CategoriesPortals (UniqueID,CatID,PortalID) VALUES('954579048718541','116414705839970','0')
INSERT INTO Categories (CatID,ListUnder,CategoryName,Description,Keywords,CatType,Moderator,AccessKeys,WriteKeys,SEODescription,SEOPageTitle,ManageKeys,AccessHide,WriteHide,ExcPortalSecurity,Weight,ShowList,Sharing) VALUES('203649601537726','158188270226404','Electronic','','','','Moderator','|2|,|3|,|1|,|4|','|2|,|3|,|4|','','','|2|','0','0','0','2000','1','1')
INSERT INTO CategoriesModules (UniqueID,CatID,ModuleID) VALUES('848973295032288','203649601537726','20')
INSERT INTO CategoriesPortals (UniqueID,CatID,PortalID) VALUES('153860686428297','203649601537726','0')
INSERT INTO Categories (CatID,ListUnder,CategoryName,Description,Keywords,CatType,Moderator,AccessKeys,WriteKeys,SEODescription,SEOPageTitle,ManageKeys,AccessHide,WriteHide,ExcPortalSecurity,Weight,ShowList,Sharing) VALUES('906631401043447','746298399382528','Electronic Shelf Labels','','','','Moderator','|2|,|3|,|1|,|4|','|2|,|3|,|4|','','','|2|','0','0','0','2000','1','1')
INSERT INTO CategoriesModules (UniqueID,CatID,ModuleID) VALUES('134797848773052','906631401043447','20')
INSERT INTO CategoriesPortals (UniqueID,CatID,PortalID) VALUES('795469092334044','906631401043447','0')
INSERT INTO Categories (CatID,ListUnder,CategoryName,Description,Keywords,CatType,Moderator,AccessKeys,WriteKeys,SEODescription,SEOPageTitle,ManageKeys,AccessHide,WriteHide,ExcPortalSecurity,Weight,ShowList,Sharing) VALUES('105602546166534','337252452252724','Electronics','','','','Moderator','|2|,|3|,|1|,|4|','|2|,|3|,|4|','','','|2|','0','0','0','2000','1','1')
INSERT INTO CategoriesModules (UniqueID,CatID,ModuleID) VALUES('420891781752254','105602546166534','20')
INSERT INTO CategoriesPortals (UniqueID,CatID,PortalID) VALUES('209624986262344','105602546166534','0')
INSERT INTO Categories (CatID,ListUnder,CategoryName,Description,Keywords,CatType,Moderator,AccessKeys,WriteKeys,SEODescription,SEOPageTitle,ManageKeys,AccessHide,WriteHide,ExcPortalSecurity,Weight,ShowList,Sharing) VALUES('161898503042338','0','Electronics Electrical','','','','Moderator','|2|,|3|,|1|,|4|','|2|,|3|,|4|','','','|2|','0','0','0','2000','1','1')
INSERT INTO CategoriesModules (UniqueID,CatID,ModuleID) VALUES('276751926271670','161898503042338','20')
INSERT INTO CategoriesPortals (UniqueID,CatID,PortalID) VALUES('212938059025761','161898503042338','0')
INSERT INTO Categories (CatID,ListUnder,CategoryName,Description,Keywords,CatType,Moderator,AccessKeys,WriteKeys,SEODescription,SEOPageTitle,ManageKeys,AccessHide,WriteHide,ExcPortalSecurity,Weight,ShowList,Sharing) VALUES('209829840438605','187495860612871','Elevators Escalators','','','','Moderator','|2|,|3|,|1|,|4|','|2|,|3|,|4|','','','|2|','0','0','0','2000','1','1')
INSERT INTO CategoriesModules (UniqueID,CatID,ModuleID) VALUES('181051684288556','209829840438605','20')
INSERT INTO CategoriesPortals (UniqueID,CatID,PortalID) VALUES('140828781512224','209829840438605','0')
INSERT INTO Categories (CatID,ListUnder,CategoryName,Description,Keywords,CatType,Moderator,AccessKeys,WriteKeys,SEODescription,SEOPageTitle,ManageKeys,AccessHide,WriteHide,ExcPortalSecurity,Weight,ShowList,Sharing) VALUES('178558315269128','153991554677553','Emergency','','','','Moderator','|2|,|3|,|1|,|4|','|2|,|3|,|4|','','','|2|','0','0','0','2000','1','1')
INSERT INTO CategoriesModules (UniqueID,CatID,ModuleID) VALUES('187841853985850','178558315269128','20')
INSERT INTO CategoriesPortals (UniqueID,CatID,PortalID) VALUES('404322140273041','178558315269128','0')
INSERT INTO Categories (CatID,ListUnder,CategoryName,Description,Keywords,CatType,Moderator,AccessKeys,WriteKeys,SEODescription,SEOPageTitle,ManageKeys,AccessHide,WriteHide,ExcPortalSecurity,Weight,ShowList,Sharing) VALUES('176261651658351','166717347983737','Employee Relations','','','','Moderator','|2|,|3|,|1|,|4|','|2|,|3|,|4|','','','|2|','0','0','0','2000','1','1')
INSERT INTO CategoriesModules (UniqueID,CatID,ModuleID) VALUES('412127322647834','176261651658351','20')
INSERT INTO CategoriesPortals (UniqueID,CatID,PortalID) VALUES('225494858614874','176261651658351','0')
INSERT INTO Categories (CatID,ListUnder,CategoryName,Description,Keywords,CatType,Moderator,AccessKeys,WriteKeys,SEODescription,SEOPageTitle,ManageKeys,AccessHide,WriteHide,ExcPortalSecurity,Weight,ShowList,Sharing) VALUES('176226757046146','174107091852658','Employment','','','','Moderator','|2|,|3|,|1|,|4|','|2|,|3|,|4|','','','|2|','0','0','0','2000','1','1')
INSERT INTO CategoriesModules (UniqueID,CatID,ModuleID) VALUES('212055878811535','176226757046146','20')
INSERT INTO CategoriesPortals (UniqueID,CatID,PortalID) VALUES('156395666759468','176226757046146','0')
INSERT INTO Categories (CatID,ListUnder,CategoryName,Description,Keywords,CatType,Moderator,AccessKeys,WriteKeys,SEODescription,SEOPageTitle,ManageKeys,AccessHide,WriteHide,ExcPortalSecurity,Weight,ShowList,Sharing) VALUES('173083426615760','344209413176037','Employment','','','','Moderator','|2|,|3|,|1|,|4|','|2|,|3|,|4|','','','|2|','0','0','0','2000','1','1')
INSERT INTO CategoriesModules (UniqueID,CatID,ModuleID) VALUES('814312443322953','173083426615760','20')
INSERT INTO CategoriesPortals (UniqueID,CatID,PortalID) VALUES('116929259788756','173083426615760','0')
INSERT INTO Categories (CatID,ListUnder,CategoryName,Description,Keywords,CatType,Moderator,AccessKeys,WriteKeys,SEODescription,SEOPageTitle,ManageKeys,AccessHide,WriteHide,ExcPortalSecurity,Weight,ShowList,Sharing) VALUES('170165247473568','0','Employment','','','','Moderator','|2|,|3|,|1|,|4|','|2|,|3|,|4|','','','|2|','0','0','0','2000','1','1')
INSERT INTO CategoriesModules (UniqueID,CatID,ModuleID) VALUES('123238011366724','170165247473568','20')
INSERT INTO CategoriesPortals (UniqueID,CatID,PortalID) VALUES('181608152858125','170165247473568','0')
INSERT INTO Categories (CatID,ListUnder,CategoryName,Description,Keywords,CatType,Moderator,AccessKeys,WriteKeys,SEODescription,SEOPageTitle,ManageKeys,AccessHide,WriteHide,ExcPortalSecurity,Weight,ShowList,Sharing) VALUES('170343434172363','166717347983737','Employment','','','','Moderator','|2|,|3|,|1|,|4|','|2|,|3|,|4|','','','|2|','0','0','0','2000','1','1')
INSERT INTO CategoriesModules (UniqueID,CatID,ModuleID) VALUES('937980931434836','170343434172363','20')
INSERT INTO CategoriesPortals (UniqueID,CatID,PortalID) VALUES('962800779742892','170343434172363','0')
INSERT INTO Categories (CatID,ListUnder,CategoryName,Description,Keywords,CatType,Moderator,AccessKeys,WriteKeys,SEODescription,SEOPageTitle,ManageKeys,AccessHide,WriteHide,ExcPortalSecurity,Weight,ShowList,Sharing) VALUES('166079061185545','650231146710765','Employment','','','','Moderator','|2|,|3|,|1|,|4|','|2|,|3|,|4|','','','|2|','0','0','0','2000','1','1')
INSERT INTO CategoriesModules (UniqueID,CatID,ModuleID) VALUES('152375048357466','166079061185545','20')
INSERT INTO CategoriesPortals (UniqueID,CatID,PortalID) VALUES('222812875184947','166079061185545','0')
INSERT INTO Categories (CatID,ListUnder,CategoryName,Description,Keywords,CatType,Moderator,AccessKeys,WriteKeys,SEODescription,SEOPageTitle,ManageKeys,AccessHide,WriteHide,ExcPortalSecurity,Weight,ShowList,Sharing) VALUES('168073725752514','180637350615341','Employment','','','','Moderator','|2|,|3|,|1|,|4|','|2|,|3|,|4|','','','|2|','0','0','0','2000','1','1')
INSERT INTO CategoriesModules (UniqueID,CatID,ModuleID) VALUES('197497230623403','168073725752514','20')
INSERT INTO CategoriesPortals (UniqueID,CatID,PortalID) VALUES('171172012884184','168073725752514','0')
INSERT INTO Categories (CatID,ListUnder,CategoryName,Description,Keywords,CatType,Moderator,AccessKeys,WriteKeys,SEODescription,SEOPageTitle,ManageKeys,AccessHide,WriteHide,ExcPortalSecurity,Weight,ShowList,Sharing) VALUES('168165598833188','185728045685285','Employment','','','','Moderator','|2|,|3|,|1|,|4|','|2|,|3|,|4|','','','|2|','0','0','0','2000','1','1')
INSERT INTO CategoriesModules (UniqueID,CatID,ModuleID) VALUES('206024988851845','168165598833188','20')
INSERT INTO CategoriesPortals (UniqueID,CatID,PortalID) VALUES('207454471577062','168165598833188','0')
INSERT INTO Categories (CatID,ListUnder,CategoryName,Description,Keywords,CatType,Moderator,AccessKeys,WriteKeys,SEODescription,SEOPageTitle,ManageKeys,AccessHide,WriteHide,ExcPortalSecurity,Weight,ShowList,Sharing) VALUES('162660296356506','154437582882648','Employment','','','','Moderator','|2|,|3|,|1|,|4|','|2|,|3|,|4|','','','|2|','0','0','0','2000','1','1')
INSERT INTO CategoriesModules (UniqueID,CatID,ModuleID) VALUES('625574921528431','162660296356506','20')
INSERT INTO CategoriesPortals (UniqueID,CatID,PortalID) VALUES('153083926801287','162660296356506','0')
INSERT INTO Categories (CatID,ListUnder,CategoryName,Description,Keywords,CatType,Moderator,AccessKeys,WriteKeys,SEODescription,SEOPageTitle,ManageKeys,AccessHide,WriteHide,ExcPortalSecurity,Weight,ShowList,Sharing) VALUES('203018438836846','186370497978018','Employment','','','','Moderator','|2|,|3|,|1|,|4|','|2|,|3|,|4|','','','|2|','0','0','0','2000','1','1')
INSERT INTO CategoriesModules (UniqueID,CatID,ModuleID) VALUES('253083189401485','203018438836846','20')
INSERT INTO CategoriesPortals (UniqueID,CatID,PortalID) VALUES('163244782049119','203018438836846','0')
INSERT INTO Categories (CatID,ListUnder,CategoryName,Description,Keywords,CatType,Moderator,AccessKeys,WriteKeys,SEODescription,SEOPageTitle,ManageKeys,AccessHide,WriteHide,ExcPortalSecurity,Weight,ShowList,Sharing) VALUES('207173892136443','214300976326282','Employment','','','','Moderator','|2|,|3|,|1|,|4|','|2|,|3|,|4|','','','|2|','0','0','0','2000','1','1')
INSERT INTO CategoriesModules (UniqueID,CatID,ModuleID) VALUES('130527915836314','207173892136443','20')
INSERT INTO CategoriesPortals (UniqueID,CatID,PortalID) VALUES('644622391786340','207173892136443','0')
INSERT INTO Categories (CatID,ListUnder,CategoryName,Description,Keywords,CatType,Moderator,AccessKeys,WriteKeys,SEODescription,SEOPageTitle,ManageKeys,AccessHide,WriteHide,ExcPortalSecurity,Weight,ShowList,Sharing) VALUES('198545987035190','518067943485998','Employment','','','','Moderator','|2|,|3|,|1|,|4|','|2|,|3|,|4|','','','|2|','0','0','0','2000','1','1')
INSERT INTO CategoriesModules (UniqueID,CatID,ModuleID) VALUES('550960339654777','198545987035190','20')
INSERT INTO CategoriesPortals (UniqueID,CatID,PortalID) VALUES('112880079613315','198545987035190','0')
INSERT INTO Categories (CatID,ListUnder,CategoryName,Description,Keywords,CatType,Moderator,AccessKeys,WriteKeys,SEODescription,SEOPageTitle,ManageKeys,AccessHide,WriteHide,ExcPortalSecurity,Weight,ShowList,Sharing) VALUES('188364984968680','281579693301792','Employment','','','','Moderator','|2|,|3|,|1|,|4|','|2|,|3|,|4|','','','|2|','0','0','0','2000','1','1')
INSERT INTO CategoriesModules (UniqueID,CatID,ModuleID) VALUES('102169559344384','188364984968680','20')
INSERT INTO CategoriesPortals (UniqueID,CatID,PortalID) VALUES('116862948085787','188364984968680','0')
INSERT INTO Categories (CatID,ListUnder,CategoryName,Description,Keywords,CatType,Moderator,AccessKeys,WriteKeys,SEODescription,SEOPageTitle,ManageKeys,AccessHide,WriteHide,ExcPortalSecurity,Weight,ShowList,Sharing) VALUES('193100023173231','293246790583114','Employment','','','','Moderator','|2|,|3|,|1|,|4|','|2|,|3|,|4|','','','|2|','0','0','0','2000','1','1')
INSERT INTO CategoriesModules (UniqueID,CatID,ModuleID) VALUES('703047644011718','193100023173231','20')
INSERT INTO CategoriesPortals (UniqueID,CatID,PortalID) VALUES('182659022560847','193100023173231','0')
INSERT INTO Categories (CatID,ListUnder,CategoryName,Description,Keywords,CatType,Moderator,AccessKeys,WriteKeys,SEODescription,SEOPageTitle,ManageKeys,AccessHide,WriteHide,ExcPortalSecurity,Weight,ShowList,Sharing) VALUES('191105683963404','197531586023575','Employment','','','','Moderator','|2|,|3|,|1|,|4|','|2|,|3|,|4|','','','|2|','0','0','0','2000','1','1')
INSERT INTO CategoriesModules (UniqueID,CatID,ModuleID) VALUES('813360169262130','191105683963404','20')
INSERT INTO CategoriesPortals (UniqueID,CatID,PortalID) VALUES('156406361462610','191105683963404','0')
[[GO]]
INSERT INTO Categories (CatID,ListUnder,CategoryName,Description,Keywords,CatType,Moderator,AccessKeys,WriteKeys,SEODescription,SEOPageTitle,ManageKeys,AccessHide,WriteHide,ExcPortalSecurity,Weight,ShowList,Sharing) VALUES('115851547108313','138401084934556','Employment','','','','Moderator','|2|,|3|,|1|,|4|','|2|,|3|,|4|','','','|2|','0','0','0','2000','1','1')
INSERT INTO CategoriesModules (UniqueID,CatID,ModuleID) VALUES('191480533576717','115851547108313','20')
INSERT INTO CategoriesPortals (UniqueID,CatID,PortalID) VALUES('476378819428515','115851547108313','0')
INSERT INTO Categories (CatID,ListUnder,CategoryName,Description,Keywords,CatType,Moderator,AccessKeys,WriteKeys,SEODescription,SEOPageTitle,ManageKeys,AccessHide,WriteHide,ExcPortalSecurity,Weight,ShowList,Sharing) VALUES('121944212767283','696248301012678','Employment','','','','Moderator','|2|,|3|,|1|,|4|','|2|,|3|,|4|','','','|2|','0','0','0','2000','1','1')
INSERT INTO CategoriesModules (UniqueID,CatID,ModuleID) VALUES('138059649832482','121944212767283','20')
INSERT INTO CategoriesPortals (UniqueID,CatID,PortalID) VALUES('201348436027447','121944212767283','0')
INSERT INTO Categories (CatID,ListUnder,CategoryName,Description,Keywords,CatType,Moderator,AccessKeys,WriteKeys,SEODescription,SEOPageTitle,ManageKeys,AccessHide,WriteHide,ExcPortalSecurity,Weight,ShowList,Sharing) VALUES('126545038853303','194091967154117','Employment','','','','Moderator','|2|,|3|,|1|,|4|','|2|,|3|,|4|','','','|2|','0','0','0','2000','1','1')
INSERT INTO CategoriesModules (UniqueID,CatID,ModuleID) VALUES('428568519576649','126545038853303','20')
INSERT INTO CategoriesPortals (UniqueID,CatID,PortalID) VALUES('169838150637207','126545038853303','0')
INSERT INTO Categories (CatID,ListUnder,CategoryName,Description,Keywords,CatType,Moderator,AccessKeys,WriteKeys,SEODescription,SEOPageTitle,ManageKeys,AccessHide,WriteHide,ExcPortalSecurity,Weight,ShowList,Sharing) VALUES('134379682163130','471824969823582','Employment','','','','Moderator','|2|,|3|,|1|,|4|','|2|,|3|,|4|','','','|2|','0','0','0','2000','1','1')
INSERT INTO CategoriesModules (UniqueID,CatID,ModuleID) VALUES('201954442742396','134379682163130','20')
INSERT INTO CategoriesPortals (UniqueID,CatID,PortalID) VALUES('157090377067156','134379682163130','0')
INSERT INTO Categories (CatID,ListUnder,CategoryName,Description,Keywords,CatType,Moderator,AccessKeys,WriteKeys,SEODescription,SEOPageTitle,ManageKeys,AccessHide,WriteHide,ExcPortalSecurity,Weight,ShowList,Sharing) VALUES('143963359651023','152656969788212','Employment','','','','Moderator','|2|,|3|,|1|,|4|','|2|,|3|,|4|','','','|2|','0','0','0','2000','1','1')
INSERT INTO CategoriesModules (UniqueID,CatID,ModuleID) VALUES('135354308395886','143963359651023','20')
INSERT INTO CategoriesPortals (UniqueID,CatID,PortalID) VALUES('359125733848528','143963359651023','0')
INSERT INTO Categories (CatID,ListUnder,CategoryName,Description,Keywords,CatType,Moderator,AccessKeys,WriteKeys,SEODescription,SEOPageTitle,ManageKeys,AccessHide,WriteHide,ExcPortalSecurity,Weight,ShowList,Sharing) VALUES('146234329865701','120268798198852','Employment','','','','Moderator','|2|,|3|,|1|,|4|','|2|,|3|,|4|','','','|2|','0','0','0','2000','1','1')
INSERT INTO CategoriesModules (UniqueID,CatID,ModuleID) VALUES('167564776393515','146234329865701','20')
INSERT INTO CategoriesPortals (UniqueID,CatID,PortalID) VALUES('618523274345387','146234329865701','0')
INSERT INTO Categories (CatID,ListUnder,CategoryName,Description,Keywords,CatType,Moderator,AccessKeys,WriteKeys,SEODescription,SEOPageTitle,ManageKeys,AccessHide,WriteHide,ExcPortalSecurity,Weight,ShowList,Sharing) VALUES('147878819176747','161898503042338','Employment','','','','Moderator','|2|,|3|,|1|,|4|','|2|,|3|,|4|','','','|2|','0','0','0','2000','1','1')
INSERT INTO CategoriesModules (UniqueID,CatID,ModuleID) VALUES('141765146485325','147878819176747','20')
INSERT INTO CategoriesPortals (UniqueID,CatID,PortalID) VALUES('767857918173632','147878819176747','0')
INSERT INTO Categories (CatID,ListUnder,CategoryName,Description,Keywords,CatType,Moderator,AccessKeys,WriteKeys,SEODescription,SEOPageTitle,ManageKeys,AccessHide,WriteHide,ExcPortalSecurity,Weight,ShowList,Sharing) VALUES('149933894671876','926958022387637','Employment','','','','Moderator','|2|,|3|,|1|,|4|','|2|,|3|,|4|','','','|2|','0','0','0','2000','1','1')
INSERT INTO CategoriesModules (UniqueID,CatID,ModuleID) VALUES('173734110302405','149933894671876','20')
INSERT INTO CategoriesPortals (UniqueID,CatID,PortalID) VALUES('194504136322482','149933894671876','0')
INSERT INTO Categories (CatID,ListUnder,CategoryName,Description,Keywords,CatType,Moderator,AccessKeys,WriteKeys,SEODescription,SEOPageTitle,ManageKeys,AccessHide,WriteHide,ExcPortalSecurity,Weight,ShowList,Sharing) VALUES('249395509893323','114176321849964','Employment','','','','Moderator','|2|,|3|,|1|,|4|','|2|,|3|,|4|','','','|2|','0','0','0','2000','1','1')
INSERT INTO CategoriesModules (UniqueID,CatID,ModuleID) VALUES('374064910782552','249395509893323','20')
INSERT INTO CategoriesPortals (UniqueID,CatID,PortalID) VALUES('107606386512733','249395509893323','0')
INSERT INTO Categories (CatID,ListUnder,CategoryName,Description,Keywords,CatType,Moderator,AccessKeys,WriteKeys,SEODescription,SEOPageTitle,ManageKeys,AccessHide,WriteHide,ExcPortalSecurity,Weight,ShowList,Sharing) VALUES('217940181652062','321882154814874','Employment','','','','Moderator','|2|,|3|,|1|,|4|','|2|,|3|,|4|','','','|2|','0','0','0','2000','1','1')
INSERT INTO CategoriesModules (UniqueID,CatID,ModuleID) VALUES('200103298438114','217940181652062','20')
INSERT INTO CategoriesPortals (UniqueID,CatID,PortalID) VALUES('198079679135813','217940181652062','0')
INSERT INTO Categories (CatID,ListUnder,CategoryName,Description,Keywords,CatType,Moderator,AccessKeys,WriteKeys,SEODescription,SEOPageTitle,ManageKeys,AccessHide,WriteHide,ExcPortalSecurity,Weight,ShowList,Sharing) VALUES('239944083777637','137369301724224','Employment','','','','Moderator','|2|,|3|,|1|,|4|','|2|,|3|,|4|','','','|2|','0','0','0','2000','1','1')
INSERT INTO CategoriesModules (UniqueID,CatID,ModuleID) VALUES('127425310626917','239944083777637','20')
INSERT INTO CategoriesPortals (UniqueID,CatID,PortalID) VALUES('195599036856341','239944083777637','0')
INSERT INTO Categories (CatID,ListUnder,CategoryName,Description,Keywords,CatType,Moderator,AccessKeys,WriteKeys,SEODescription,SEOPageTitle,ManageKeys,AccessHide,WriteHide,ExcPortalSecurity,Weight,ShowList,Sharing) VALUES('321332041958372','546733937596261','Employment','','','','Moderator','|2|,|3|,|1|,|4|','|2|,|3|,|4|','','','|2|','0','0','0','2000','1','1')
INSERT INTO CategoriesModules (UniqueID,CatID,ModuleID) VALUES('453633224925129','321332041958372','20')
INSERT INTO CategoriesPortals (UniqueID,CatID,PortalID) VALUES('610659126321656','321332041958372','0')
INSERT INTO Categories (CatID,ListUnder,CategoryName,Description,Keywords,CatType,Moderator,AccessKeys,WriteKeys,SEODescription,SEOPageTitle,ManageKeys,AccessHide,WriteHide,ExcPortalSecurity,Weight,ShowList,Sharing) VALUES('298675401713583','500531127112354','Employment','','','','Moderator','|2|,|3|,|1|,|4|','|2|,|3|,|4|','','','|2|','0','0','0','2000','1','1')
INSERT INTO CategoriesModules (UniqueID,CatID,ModuleID) VALUES('137179032107348','298675401713583','20')
INSERT INTO CategoriesPortals (UniqueID,CatID,PortalID) VALUES('820568934571107','298675401713583','0')
INSERT INTO Categories (CatID,ListUnder,CategoryName,Description,Keywords,CatType,Moderator,AccessKeys,WriteKeys,SEODescription,SEOPageTitle,ManageKeys,AccessHide,WriteHide,ExcPortalSecurity,Weight,ShowList,Sharing) VALUES('383661212996441','183210105936633','Employment','','','','Moderator','|2|,|3|,|1|,|4|','|2|,|3|,|4|','','','|2|','0','0','0','2000','1','1')
INSERT INTO CategoriesModules (UniqueID,CatID,ModuleID) VALUES('350665159367226','383661212996441','20')
INSERT INTO CategoriesPortals (UniqueID,CatID,PortalID) VALUES('110593981713711','383661212996441','0')
INSERT INTO Categories (CatID,ListUnder,CategoryName,Description,Keywords,CatType,Moderator,AccessKeys,WriteKeys,SEODescription,SEOPageTitle,ManageKeys,AccessHide,WriteHide,ExcPortalSecurity,Weight,ShowList,Sharing) VALUES('648987616887343','118889601541204','Employment','','','','Moderator','|2|,|3|,|1|,|4|','|2|,|3|,|4|','','','|2|','0','0','0','2000','1','1')
INSERT INTO CategoriesModules (UniqueID,CatID,ModuleID) VALUES('202218125386854','648987616887343','20')
INSERT INTO CategoriesPortals (UniqueID,CatID,PortalID) VALUES('194971641754654','648987616887343','0')
INSERT INTO Categories (CatID,ListUnder,CategoryName,Description,Keywords,CatType,Moderator,AccessKeys,WriteKeys,SEODescription,SEOPageTitle,ManageKeys,AccessHide,WriteHide,ExcPortalSecurity,Weight,ShowList,Sharing) VALUES('667063127757362','209036145783248','Employment','','','','Moderator','|2|,|3|,|1|,|4|','|2|,|3|,|4|','','','|2|','0','0','0','2000','1','1')
INSERT INTO CategoriesModules (UniqueID,CatID,ModuleID) VALUES('111379391759154','667063127757362','20')
INSERT INTO CategoriesPortals (UniqueID,CatID,PortalID) VALUES('186727050043743','667063127757362','0')
INSERT INTO Categories (CatID,ListUnder,CategoryName,Description,Keywords,CatType,Moderator,AccessKeys,WriteKeys,SEODescription,SEOPageTitle,ManageKeys,AccessHide,WriteHide,ExcPortalSecurity,Weight,ShowList,Sharing) VALUES('583522601805895','845494891751785','Employment','','','','Moderator','|2|,|3|,|1|,|4|','|2|,|3|,|4|','','','|2|','0','0','0','2000','1','1')
INSERT INTO CategoriesModules (UniqueID,CatID,ModuleID) VALUES('189449188919807','583522601805895','20')
INSERT INTO CategoriesPortals (UniqueID,CatID,PortalID) VALUES('125121371844843','583522601805895','0')
INSERT INTO Categories (CatID,ListUnder,CategoryName,Description,Keywords,CatType,Moderator,AccessKeys,WriteKeys,SEODescription,SEOPageTitle,ManageKeys,AccessHide,WriteHide,ExcPortalSecurity,Weight,ShowList,Sharing) VALUES('586429740707257','152296721796111','Employment','','','','Moderator','|2|,|3|,|1|,|4|','|2|,|3|,|4|','','','|2|','0','0','0','2000','1','1')
INSERT INTO CategoriesModules (UniqueID,CatID,ModuleID) VALUES('167571397045407','586429740707257','20')
INSERT INTO CategoriesPortals (UniqueID,CatID,PortalID) VALUES('191024264370228','586429740707257','0')
INSERT INTO Categories (CatID,ListUnder,CategoryName,Description,Keywords,CatType,Moderator,AccessKeys,WriteKeys,SEODescription,SEOPageTitle,ManageKeys,AccessHide,WriteHide,ExcPortalSecurity,Weight,ShowList,Sharing) VALUES('537600177112662','877724855173932','Employment','','','','Moderator','|2|,|3|,|1|,|4|','|2|,|3|,|4|','','','|2|','0','0','0','2000','1','1')
INSERT INTO CategoriesModules (UniqueID,CatID,ModuleID) VALUES('165082199918574','537600177112662','20')
INSERT INTO CategoriesPortals (UniqueID,CatID,PortalID) VALUES('750505291449878','537600177112662','0')
INSERT INTO Categories (CatID,ListUnder,CategoryName,Description,Keywords,CatType,Moderator,AccessKeys,WriteKeys,SEODescription,SEOPageTitle,ManageKeys,AccessHide,WriteHide,ExcPortalSecurity,Weight,ShowList,Sharing) VALUES('540584033104514','295137684464675','Employment','','','','Moderator','|2|,|3|,|1|,|4|','|2|,|3|,|4|','','','|2|','0','0','0','2000','1','1')
INSERT INTO CategoriesModules (UniqueID,CatID,ModuleID) VALUES('125871059458551','540584033104514','20')
INSERT INTO CategoriesPortals (UniqueID,CatID,PortalID) VALUES('194914255722523','540584033104514','0')
INSERT INTO Categories (CatID,ListUnder,CategoryName,Description,Keywords,CatType,Moderator,AccessKeys,WriteKeys,SEODescription,SEOPageTitle,ManageKeys,AccessHide,WriteHide,ExcPortalSecurity,Weight,ShowList,Sharing) VALUES('563436508452811','213563058167417','Employment','','','','Moderator','|2|,|3|,|1|,|4|','|2|,|3|,|4|','','','|2|','0','0','0','2000','1','1')
INSERT INTO CategoriesModules (UniqueID,CatID,ModuleID) VALUES('203329131156444','563436508452811','20')
INSERT INTO CategoriesPortals (UniqueID,CatID,PortalID) VALUES('460118683281835','563436508452811','0')
INSERT INTO Categories (CatID,ListUnder,CategoryName,Description,Keywords,CatType,Moderator,AccessKeys,WriteKeys,SEODescription,SEOPageTitle,ManageKeys,AccessHide,WriteHide,ExcPortalSecurity,Weight,ShowList,Sharing) VALUES('902193958283188','102651687824638','Employment','','','','Moderator','|2|,|3|,|1|,|4|','|2|,|3|,|4|','','','|2|','0','0','0','2000','1','1')
INSERT INTO CategoriesModules (UniqueID,CatID,ModuleID) VALUES('178286642019865','902193958283188','20')
INSERT INTO CategoriesPortals (UniqueID,CatID,PortalID) VALUES('211485829317897','902193958283188','0')
INSERT INTO Categories (CatID,ListUnder,CategoryName,Description,Keywords,CatType,Moderator,AccessKeys,WriteKeys,SEODescription,SEOPageTitle,ManageKeys,AccessHide,WriteHide,ExcPortalSecurity,Weight,ShowList,Sharing) VALUES('927176564658260','138186154628395','Employment','','','','Moderator','|2|,|3|,|1|,|4|','|2|,|3|,|4|','','','|2|','0','0','0','2000','1','1')
INSERT INTO CategoriesModules (UniqueID,CatID,ModuleID) VALUES('146912659442743','927176564658260','20')
INSERT INTO CategoriesPortals (UniqueID,CatID,PortalID) VALUES('407285740202635','927176564658260','0')
INSERT INTO Categories (CatID,ListUnder,CategoryName,Description,Keywords,CatType,Moderator,AccessKeys,WriteKeys,SEODescription,SEOPageTitle,ManageKeys,AccessHide,WriteHide,ExcPortalSecurity,Weight,ShowList,Sharing) VALUES('953743156296476','144178437512810','Employment','','','','Moderator','|2|,|3|,|1|,|4|','|2|,|3|,|4|','','','|2|','0','0','0','2000','1','1')
INSERT INTO CategoriesModules (UniqueID,CatID,ModuleID) VALUES('558028802718108','953743156296476','20')
INSERT INTO CategoriesPortals (UniqueID,CatID,PortalID) VALUES('112829133589657','953743156296476','0')
INSERT INTO Categories (CatID,ListUnder,CategoryName,Description,Keywords,CatType,Moderator,AccessKeys,WriteKeys,SEODescription,SEOPageTitle,ManageKeys,AccessHide,WriteHide,ExcPortalSecurity,Weight,ShowList,Sharing) VALUES('841126260922563','412429472676434','Employment','','','','Moderator','|2|,|3|,|1|,|4|','|2|,|3|,|4|','','','|2|','0','0','0','2000','1','1')
INSERT INTO CategoriesModules (UniqueID,CatID,ModuleID) VALUES('679267368727690','841126260922563','20')
INSERT INTO CategoriesPortals (UniqueID,CatID,PortalID) VALUES('213420378468534','841126260922563','0')
INSERT INTO Categories (CatID,ListUnder,CategoryName,Description,Keywords,CatType,Moderator,AccessKeys,WriteKeys,SEODescription,SEOPageTitle,ManageKeys,AccessHide,WriteHide,ExcPortalSecurity,Weight,ShowList,Sharing) VALUES('145906981235533','209067587733668','Energy Bars Gels','','','','Moderator','|2|,|3|,|1|,|4|','|2|,|3|,|4|','','','|2|','0','0','0','2000','1','1')
INSERT INTO CategoriesModules (UniqueID,CatID,ModuleID) VALUES('132832658565586','145906981235533','20')
INSERT INTO CategoriesPortals (UniqueID,CatID,PortalID) VALUES('750806050081315','145906981235533','0')
INSERT INTO Categories (CatID,ListUnder,CategoryName,Description,Keywords,CatType,Moderator,AccessKeys,WriteKeys,SEODescription,SEOPageTitle,ManageKeys,AccessHide,WriteHide,ExcPortalSecurity,Weight,ShowList,Sharing) VALUES('136878005372291','0','Energy Environment','','','','Moderator','|2|,|3|,|1|,|4|','|2|,|3|,|4|','','','|2|','0','0','0','2000','1','1')
INSERT INTO CategoriesModules (UniqueID,CatID,ModuleID) VALUES('179275059307743','136878005372291','20')
INSERT INTO CategoriesPortals (UniqueID,CatID,PortalID) VALUES('472513760042651','136878005372291','0')
INSERT INTO Categories (CatID,ListUnder,CategoryName,Description,Keywords,CatType,Moderator,AccessKeys,WriteKeys,SEODescription,SEOPageTitle,ManageKeys,AccessHide,WriteHide,ExcPortalSecurity,Weight,ShowList,Sharing) VALUES('150145187361126','284131841433627','Engineering','','','','Moderator','|2|,|3|,|1|,|4|','|2|,|3|,|4|','','','|2|','0','0','0','2000','1','1')
INSERT INTO CategoriesModules (UniqueID,CatID,ModuleID) VALUES('136591942378007','150145187361126','20')
INSERT INTO CategoriesPortals (UniqueID,CatID,PortalID) VALUES('173995558273738','150145187361126','0')
INSERT INTO Categories (CatID,ListUnder,CategoryName,Description,Keywords,CatType,Moderator,AccessKeys,WriteKeys,SEODescription,SEOPageTitle,ManageKeys,AccessHide,WriteHide,ExcPortalSecurity,Weight,ShowList,Sharing) VALUES('123250276945924','183210105936633','Engineering','','','','Moderator','|2|,|3|,|1|,|4|','|2|,|3|,|4|','','','|2|','0','0','0','2000','1','1')
INSERT INTO CategoriesModules (UniqueID,CatID,ModuleID) VALUES('128431329377869','123250276945924','20')
INSERT INTO CategoriesPortals (UniqueID,CatID,PortalID) VALUES('109668866573476','123250276945924','0')
INSERT INTO Categories (CatID,ListUnder,CategoryName,Description,Keywords,CatType,Moderator,AccessKeys,WriteKeys,SEODescription,SEOPageTitle,ManageKeys,AccessHide,WriteHide,ExcPortalSecurity,Weight,ShowList,Sharing) VALUES('165245889534554','155144268747187','Engineering','','','','Moderator','|2|,|3|,|1|,|4|','|2|,|3|,|4|','','','|2|','0','0','0','2000','1','1')
INSERT INTO CategoriesModules (UniqueID,CatID,ModuleID) VALUES('136543351945758','165245889534554','20')
INSERT INTO CategoriesPortals (UniqueID,CatID,PortalID) VALUES('858293428286515','165245889534554','0')
INSERT INTO Categories (CatID,ListUnder,CategoryName,Description,Keywords,CatType,Moderator,AccessKeys,WriteKeys,SEODescription,SEOPageTitle,ManageKeys,AccessHide,WriteHide,ExcPortalSecurity,Weight,ShowList,Sharing) VALUES('174107091852658','161898503042338','Engineering','','','','Moderator','|2|,|3|,|1|,|4|','|2|,|3|,|4|','','','|2|','0','0','0','2000','1','1')
INSERT INTO CategoriesModules (UniqueID,CatID,ModuleID) VALUES('157616310427061','174107091852658','20')
INSERT INTO CategoriesPortals (UniqueID,CatID,PortalID) VALUES('531619579306489','174107091852658','0')
INSERT INTO Categories (CatID,ListUnder,CategoryName,Description,Keywords,CatType,Moderator,AccessKeys,WriteKeys,SEODescription,SEOPageTitle,ManageKeys,AccessHide,WriteHide,ExcPortalSecurity,Weight,ShowList,Sharing) VALUES('554805700212245','655618163243369','Engineering','','','','Moderator','|2|,|3|,|1|,|4|','|2|,|3|,|4|','','','|2|','0','0','0','2000','1','1')
INSERT INTO CategoriesModules (UniqueID,CatID,ModuleID) VALUES('949431547350028','554805700212245','20')
INSERT INTO CategoriesPortals (UniqueID,CatID,PortalID) VALUES('977816743869546','554805700212245','0')
INSERT INTO Categories (CatID,ListUnder,CategoryName,Description,Keywords,CatType,Moderator,AccessKeys,WriteKeys,SEODescription,SEOPageTitle,ManageKeys,AccessHide,WriteHide,ExcPortalSecurity,Weight,ShowList,Sharing) VALUES('523662727316876','167827787849526','Engineering','','','','Moderator','|2|,|3|,|1|,|4|','|2|,|3|,|4|','','','|2|','0','0','0','2000','1','1')
INSERT INTO CategoriesModules (UniqueID,CatID,ModuleID) VALUES('150668992594505','523662727316876','20')
INSERT INTO CategoriesPortals (UniqueID,CatID,PortalID) VALUES('202454985850122','523662727316876','0')
INSERT INTO Categories (CatID,ListUnder,CategoryName,Description,Keywords,CatType,Moderator,AccessKeys,WriteKeys,SEODescription,SEOPageTitle,ManageKeys,AccessHide,WriteHide,ExcPortalSecurity,Weight,ShowList,Sharing) VALUES('500531127112354','169231777657067','Engineering','','','','Moderator','|2|,|3|,|1|,|4|','|2|,|3|,|4|','','','|2|','0','0','0','2000','1','1')
INSERT INTO CategoriesModules (UniqueID,CatID,ModuleID) VALUES('586708724727605','500531127112354','20')
INSERT INTO CategoriesPortals (UniqueID,CatID,PortalID) VALUES('199330696802446','500531127112354','0')
INSERT INTO Categories (CatID,ListUnder,CategoryName,Description,Keywords,CatType,Moderator,AccessKeys,WriteKeys,SEODescription,SEOPageTitle,ManageKeys,AccessHide,WriteHide,ExcPortalSecurity,Weight,ShowList,Sharing) VALUES('428999645314085','144178437512810','Engineering','','','','Moderator','|2|,|3|,|1|,|4|','|2|,|3|,|4|','','','|2|','0','0','0','2000','1','1')
INSERT INTO CategoriesModules (UniqueID,CatID,ModuleID) VALUES('962962833162786','428999645314085','20')
INSERT INTO CategoriesPortals (UniqueID,CatID,PortalID) VALUES('903317056444533','428999645314085','0')
INSERT INTO Categories (CatID,ListUnder,CategoryName,Description,Keywords,CatType,Moderator,AccessKeys,WriteKeys,SEODescription,SEOPageTitle,ManageKeys,AccessHide,WriteHide,ExcPortalSecurity,Weight,ShowList,Sharing) VALUES('321882154814874','141294954067458','Engineering','','','','Moderator','|2|,|3|,|1|,|4|','|2|,|3|,|4|','','','|2|','0','0','0','2000','1','1')
INSERT INTO CategoriesModules (UniqueID,CatID,ModuleID) VALUES('560228022293672','321882154814874','20')
INSERT INTO CategoriesPortals (UniqueID,CatID,PortalID) VALUES('149204620994203','321882154814874','0')
INSERT INTO Categories (CatID,ListUnder,CategoryName,Description,Keywords,CatType,Moderator,AccessKeys,WriteKeys,SEODescription,SEOPageTitle,ManageKeys,AccessHide,WriteHide,ExcPortalSecurity,Weight,ShowList,Sharing) VALUES('136269719361176','446387467305917','Engineering Services','','','','Moderator','|2|,|3|,|1|,|4|','|2|,|3|,|4|','','','|2|','0','0','0','2000','1','1')
INSERT INTO CategoriesModules (UniqueID,CatID,ModuleID) VALUES('101516995029134','136269719361176','20')
INSERT INTO CategoriesPortals (UniqueID,CatID,PortalID) VALUES('184567859663454','136269719361176','0')
INSERT INTO Categories (CatID,ListUnder,CategoryName,Description,Keywords,CatType,Moderator,AccessKeys,WriteKeys,SEODescription,SEOPageTitle,ManageKeys,AccessHide,WriteHide,ExcPortalSecurity,Weight,ShowList,Sharing) VALUES('121331447911315','956111916864929','Engravers','','','','Moderator','|2|,|3|,|1|,|4|','|2|,|3|,|4|','','','|2|','0','0','0','2000','1','1')
INSERT INTO CategoriesModules (UniqueID,CatID,ModuleID) VALUES('168833404622420','121331447911315','20')
INSERT INTO CategoriesPortals (UniqueID,CatID,PortalID) VALUES('114831410446689','121331447911315','0')
INSERT INTO Categories (CatID,ListUnder,CategoryName,Description,Keywords,CatType,Moderator,AccessKeys,WriteKeys,SEODescription,SEOPageTitle,ManageKeys,AccessHide,WriteHide,ExcPortalSecurity,Weight,ShowList,Sharing) VALUES('987260821153138','963588723547575','Entertainment','','','','Moderator','|2|,|3|,|1|,|4|','|2|,|3|,|4|','','','|2|','0','0','0','2000','1','1')
INSERT INTO CategoriesModules (UniqueID,CatID,ModuleID) VALUES('159247189644948','987260821153138','20')
INSERT INTO CategoriesPortals (UniqueID,CatID,PortalID) VALUES('117154899519565','987260821153138','0')
INSERT INTO Categories (CatID,ListUnder,CategoryName,Description,Keywords,CatType,Moderator,AccessKeys,WriteKeys,SEODescription,SEOPageTitle,ManageKeys,AccessHide,WriteHide,ExcPortalSecurity,Weight,ShowList,Sharing) VALUES('969556631900203','676715459041125','Entertainment','','','','Moderator','|2|,|3|,|1|,|4|','|2|,|3|,|4|','','','|2|','0','0','0','2000','1','1')
INSERT INTO CategoriesModules (UniqueID,CatID,ModuleID) VALUES('315304457848330','969556631900203','20')
INSERT INTO CategoriesPortals (UniqueID,CatID,PortalID) VALUES('156490736481474','969556631900203','0')
INSERT INTO Categories (CatID,ListUnder,CategoryName,Description,Keywords,CatType,Moderator,AccessKeys,WriteKeys,SEODescription,SEOPageTitle,ManageKeys,AccessHide,WriteHide,ExcPortalSecurity,Weight,ShowList,Sharing) VALUES('160391479647856','454474966627687','Envelopes','','','','Moderator','|2|,|3|,|1|,|4|','|2|,|3|,|4|','','','|2|','0','0','0','2000','1','1')
INSERT INTO CategoriesModules (UniqueID,CatID,ModuleID) VALUES('856582393024052','160391479647856','20')
INSERT INTO CategoriesPortals (UniqueID,CatID,PortalID) VALUES('162102795341671','160391479647856','0')
INSERT INTO Categories (CatID,ListUnder,CategoryName,Description,Keywords,CatType,Moderator,AccessKeys,WriteKeys,SEODescription,SEOPageTitle,ManageKeys,AccessHide,WriteHide,ExcPortalSecurity,Weight,ShowList,Sharing) VALUES('183210105936633','136878005372291','Environment','','','','Moderator','|2|,|3|,|1|,|4|','|2|,|3|,|4|','','','|2|','0','0','0','2000','1','1')
INSERT INTO CategoriesModules (UniqueID,CatID,ModuleID) VALUES('100369222252741','183210105936633','20')
INSERT INTO CategoriesPortals (UniqueID,CatID,PortalID) VALUES('413041675529463','183210105936633','0')
INSERT INTO Categories (CatID,ListUnder,CategoryName,Description,Keywords,CatType,Moderator,AccessKeys,WriteKeys,SEODescription,SEOPageTitle,ManageKeys,AccessHide,WriteHide,ExcPortalSecurity,Weight,ShowList,Sharing) VALUES('102524375542928','144315891422463','Environmental','','','','Moderator','|2|,|3|,|1|,|4|','|2|,|3|,|4|','','','|2|','0','0','0','2000','1','1')
INSERT INTO CategoriesModules (UniqueID,CatID,ModuleID) VALUES('312115257521556','102524375542928','20')
INSERT INTO CategoriesPortals (UniqueID,CatID,PortalID) VALUES('188196677831627','102524375542928','0')
INSERT INTO Categories (CatID,ListUnder,CategoryName,Description,Keywords,CatType,Moderator,AccessKeys,WriteKeys,SEODescription,SEOPageTitle,ManageKeys,AccessHide,WriteHide,ExcPortalSecurity,Weight,ShowList,Sharing) VALUES('207745960023967','137369301724224','Environmental Alternative Applications','','','','Moderator','|2|,|3|,|1|,|4|','|2|,|3|,|4|','','','|2|','0','0','0','2000','1','1')
INSERT INTO CategoriesModules (UniqueID,CatID,ModuleID) VALUES('189079868557107','207745960023967','20')
INSERT INTO CategoriesPortals (UniqueID,CatID,PortalID) VALUES('109988922574421','207745960023967','0')
INSERT INTO Categories (CatID,ListUnder,CategoryName,Description,Keywords,CatType,Moderator,AccessKeys,WriteKeys,SEODescription,SEOPageTitle,ManageKeys,AccessHide,WriteHide,ExcPortalSecurity,Weight,ShowList,Sharing) VALUES('721303708365236','183210105936633','Environmental Compliance','','','','Moderator','|2|,|3|,|1|,|4|','|2|,|3|,|4|','','','|2|','0','0','0','2000','1','1')
INSERT INTO CategoriesModules (UniqueID,CatID,ModuleID) VALUES('900137231761488','721303708365236','20')
INSERT INTO CategoriesPortals (UniqueID,CatID,PortalID) VALUES('220578412373063','721303708365236','0')
INSERT INTO Categories (CatID,ListUnder,CategoryName,Description,Keywords,CatType,Moderator,AccessKeys,WriteKeys,SEODescription,SEOPageTitle,ManageKeys,AccessHide,WriteHide,ExcPortalSecurity,Weight,ShowList,Sharing) VALUES('141263202541580','183210105936633','Environmental Management Systems - ISO 14000','','','','Moderator','|2|,|3|,|1|,|4|','|2|,|3|,|4|','','','|2|','0','0','0','2000','1','1')
INSERT INTO CategoriesModules (UniqueID,CatID,ModuleID) VALUES('911568095949438','141263202541580','20')
INSERT INTO CategoriesPortals (UniqueID,CatID,PortalID) VALUES('104256916539798','141263202541580','0')
INSERT INTO Categories (CatID,ListUnder,CategoryName,Description,Keywords,CatType,Moderator,AccessKeys,WriteKeys,SEODescription,SEOPageTitle,ManageKeys,AccessHide,WriteHide,ExcPortalSecurity,Weight,ShowList,Sharing) VALUES('108252963737673','963175640290570','Environmental Test Chambers','','','','Moderator','|2|,|3|,|1|,|4|','|2|,|3|,|4|','','','|2|','0','0','0','2000','1','1')
INSERT INTO CategoriesModules (UniqueID,CatID,ModuleID) VALUES('106770392475960','108252963737673','20')
INSERT INTO CategoriesPortals (UniqueID,CatID,PortalID) VALUES('125031189782321','108252963737673','0')
INSERT INTO Categories (CatID,ListUnder,CategoryName,Description,Keywords,CatType,Moderator,AccessKeys,WriteKeys,SEODescription,SEOPageTitle,ManageKeys,AccessHide,WriteHide,ExcPortalSecurity,Weight,ShowList,Sharing) VALUES('103317715946854','131617887013514','Equipment','','','','Moderator','|2|,|3|,|1|,|4|','|2|,|3|,|4|','','','|2|','0','0','0','2000','1','1')
INSERT INTO CategoriesModules (UniqueID,CatID,ModuleID) VALUES('100716205622832','103317715946854','20')
INSERT INTO CategoriesPortals (UniqueID,CatID,PortalID) VALUES('186233562856671','103317715946854','0')
INSERT INTO Categories (CatID,ListUnder,CategoryName,Description,Keywords,CatType,Moderator,AccessKeys,WriteKeys,SEODescription,SEOPageTitle,ManageKeys,AccessHide,WriteHide,ExcPortalSecurity,Weight,ShowList,Sharing) VALUES('120416024381856','197042017854268','Equipment','','','','Moderator','|2|,|3|,|1|,|4|','|2|,|3|,|4|','','','|2|','0','0','0','2000','1','1')
INSERT INTO CategoriesModules (UniqueID,CatID,ModuleID) VALUES('283947000824774','120416024381856','20')
INSERT INTO CategoriesPortals (UniqueID,CatID,PortalID) VALUES('115420630172231','120416024381856','0')
INSERT INTO Categories (CatID,ListUnder,CategoryName,Description,Keywords,CatType,Moderator,AccessKeys,WriteKeys,SEODescription,SEOPageTitle,ManageKeys,AccessHide,WriteHide,ExcPortalSecurity,Weight,ShowList,Sharing) VALUES('117762017205282','138154400322839','Equipment','','','','Moderator','|2|,|3|,|1|,|4|','|2|,|3|,|4|','','','|2|','0','0','0','2000','1','1')
INSERT INTO CategoriesModules (UniqueID,CatID,ModuleID) VALUES('140580776544547','117762017205282','20')
INSERT INTO CategoriesPortals (UniqueID,CatID,PortalID) VALUES('191212636426395','117762017205282','0')
INSERT INTO Categories (CatID,ListUnder,CategoryName,Description,Keywords,CatType,Moderator,AccessKeys,WriteKeys,SEODescription,SEOPageTitle,ManageKeys,AccessHide,WriteHide,ExcPortalSecurity,Weight,ShowList,Sharing) VALUES('130831385435737','167545442532340','Equipment','','','','Moderator','|2|,|3|,|1|,|4|','|2|,|3|,|4|','','','|2|','0','0','0','2000','1','1')
INSERT INTO CategoriesModules (UniqueID,CatID,ModuleID) VALUES('660060380442530','130831385435737','20')
INSERT INTO CategoriesPortals (UniqueID,CatID,PortalID) VALUES('962070932225182','130831385435737','0')
INSERT INTO Categories (CatID,ListUnder,CategoryName,Description,Keywords,CatType,Moderator,AccessKeys,WriteKeys,SEODescription,SEOPageTitle,ManageKeys,AccessHide,WriteHide,ExcPortalSecurity,Weight,ShowList,Sharing) VALUES('147863025440658','186032997883175','Equipment','','','','Moderator','|2|,|3|,|1|,|4|','|2|,|3|,|4|','','','|2|','0','0','0','2000','1','1')
INSERT INTO CategoriesModules (UniqueID,CatID,ModuleID) VALUES('150161470974627','147863025440658','20')
INSERT INTO CategoriesPortals (UniqueID,CatID,PortalID) VALUES('377211157086635','147863025440658','0')
INSERT INTO Categories (CatID,ListUnder,CategoryName,Description,Keywords,CatType,Moderator,AccessKeys,WriteKeys,SEODescription,SEOPageTitle,ManageKeys,AccessHide,WriteHide,ExcPortalSecurity,Weight,ShowList,Sharing) VALUES('207494574995551','197531586023575','Equipment','','','','Moderator','|2|,|3|,|1|,|4|','|2|,|3|,|4|','','','|2|','0','0','0','2000','1','1')
INSERT INTO CategoriesModules (UniqueID,CatID,ModuleID) VALUES('111097209925517','207494574995551','20')
INSERT INTO CategoriesPortals (UniqueID,CatID,PortalID) VALUES('135073301245388','207494574995551','0')
INSERT INTO Categories (CatID,ListUnder,CategoryName,Description,Keywords,CatType,Moderator,AccessKeys,WriteKeys,SEODescription,SEOPageTitle,ManageKeys,AccessHide,WriteHide,ExcPortalSecurity,Weight,ShowList,Sharing) VALUES('156805594529233','216037974577765','Equipment','','','','Moderator','|2|,|3|,|1|,|4|','|2|,|3|,|4|','','','|2|','0','0','0','2000','1','1')
INSERT INTO CategoriesModules (UniqueID,CatID,ModuleID) VALUES('182407714027676','156805594529233','20')
INSERT INTO CategoriesPortals (UniqueID,CatID,PortalID) VALUES('116340466276547','156805594529233','0')
INSERT INTO Categories (CatID,ListUnder,CategoryName,Description,Keywords,CatType,Moderator,AccessKeys,WriteKeys,SEODescription,SEOPageTitle,ManageKeys,AccessHide,WriteHide,ExcPortalSecurity,Weight,ShowList,Sharing) VALUES('408800918877810','298288999359661','Equipment','','','','Moderator','|2|,|3|,|1|,|4|','|2|,|3|,|4|','','','|2|','0','0','0','2000','1','1')
INSERT INTO CategoriesModules (UniqueID,CatID,ModuleID) VALUES('166129158275628','408800918877810','20')
INSERT INTO CategoriesPortals (UniqueID,CatID,PortalID) VALUES('175388591043888','408800918877810','0')
INSERT INTO Categories (CatID,ListUnder,CategoryName,Description,Keywords,CatType,Moderator,AccessKeys,WriteKeys,SEODescription,SEOPageTitle,ManageKeys,AccessHide,WriteHide,ExcPortalSecurity,Weight,ShowList,Sharing) VALUES('416938792384208','187495860612871','Equipment','','','','Moderator','|2|,|3|,|1|,|4|','|2|,|3|,|4|','','','|2|','0','0','0','2000','1','1')
INSERT INTO CategoriesModules (UniqueID,CatID,ModuleID) VALUES('170589526074783','416938792384208','20')
INSERT INTO CategoriesPortals (UniqueID,CatID,PortalID) VALUES('162082513138071','416938792384208','0')
INSERT INTO Categories (CatID,ListUnder,CategoryName,Description,Keywords,CatType,Moderator,AccessKeys,WriteKeys,SEODescription,SEOPageTitle,ManageKeys,AccessHide,WriteHide,ExcPortalSecurity,Weight,ShowList,Sharing) VALUES('134568926178291','178809874261928','Equipment Suppliers','','','','Moderator','|2|,|3|,|1|,|4|','|2|,|3|,|4|','','','|2|','0','0','0','2000','1','1')
INSERT INTO CategoriesModules (UniqueID,CatID,ModuleID) VALUES('194877724016022','134568926178291','20')
INSERT INTO CategoriesPortals (UniqueID,CatID,PortalID) VALUES('118625591666007','134568926178291','0')
INSERT INTO Categories (CatID,ListUnder,CategoryName,Description,Keywords,CatType,Moderator,AccessKeys,WriteKeys,SEODescription,SEOPageTitle,ManageKeys,AccessHide,WriteHide,ExcPortalSecurity,Weight,ShowList,Sharing) VALUES('132318943036755','214300976326282','Equipment Supplies','','','','Moderator','|2|,|3|,|1|,|4|','|2|,|3|,|4|','','','|2|','0','0','0','2000','1','1')
INSERT INTO CategoriesModules (UniqueID,CatID,ModuleID) VALUES('949355385857794','132318943036755','20')
INSERT INTO CategoriesPortals (UniqueID,CatID,PortalID) VALUES('199949699521301','132318943036755','0')
INSERT INTO Categories (CatID,ListUnder,CategoryName,Description,Keywords,CatType,Moderator,AccessKeys,WriteKeys,SEODescription,SEOPageTitle,ManageKeys,AccessHide,WriteHide,ExcPortalSecurity,Weight,ShowList,Sharing) VALUES('182412681774313','154437582882648','Equipment Supplies','','','','Moderator','|2|,|3|,|1|,|4|','|2|,|3|,|4|','','','|2|','0','0','0','2000','1','1')
INSERT INTO CategoriesModules (UniqueID,CatID,ModuleID) VALUES('865902941285082','182412681774313','20')
INSERT INTO CategoriesPortals (UniqueID,CatID,PortalID) VALUES('237955678081424','182412681774313','0')
INSERT INTO Categories (CatID,ListUnder,CategoryName,Description,Keywords,CatType,Moderator,AccessKeys,WriteKeys,SEODescription,SEOPageTitle,ManageKeys,AccessHide,WriteHide,ExcPortalSecurity,Weight,ShowList,Sharing) VALUES('578463442162431','102651687824638','Equipment Supplies','','','','Moderator','|2|,|3|,|1|,|4|','|2|,|3|,|4|','','','|2|','0','0','0','2000','1','1')
INSERT INTO CategoriesModules (UniqueID,CatID,ModuleID) VALUES('180054263921752','578463442162431','20')
INSERT INTO CategoriesPortals (UniqueID,CatID,PortalID) VALUES('501029717348675','578463442162431','0')
INSERT INTO Categories (CatID,ListUnder,CategoryName,Description,Keywords,CatType,Moderator,AccessKeys,WriteKeys,SEODescription,SEOPageTitle,ManageKeys,AccessHide,WriteHide,ExcPortalSecurity,Weight,ShowList,Sharing) VALUES('853827937214333','175127912074352','Equipment Supplies','','','','Moderator','|2|,|3|,|1|,|4|','|2|,|3|,|4|','','','|2|','0','0','0','2000','1','1')
INSERT INTO CategoriesModules (UniqueID,CatID,ModuleID) VALUES('171180199938315','853827937214333','20')
INSERT INTO CategoriesPortals (UniqueID,CatID,PortalID) VALUES('146417616581249','853827937214333','0')
INSERT INTO Categories (CatID,ListUnder,CategoryName,Description,Keywords,CatType,Moderator,AccessKeys,WriteKeys,SEODescription,SEOPageTitle,ManageKeys,AccessHide,WriteHide,ExcPortalSecurity,Weight,ShowList,Sharing) VALUES('195502811431115','210756158054894','Equities','','','','Moderator','|2|,|3|,|1|,|4|','|2|,|3|,|4|','','','|2|','0','0','0','2000','1','1')
INSERT INTO CategoriesModules (UniqueID,CatID,ModuleID) VALUES('208915594146237','195502811431115','20')
INSERT INTO CategoriesPortals (UniqueID,CatID,PortalID) VALUES('160684008984946','195502811431115','0')
INSERT INTO Categories (CatID,ListUnder,CategoryName,Description,Keywords,CatType,Moderator,AccessKeys,WriteKeys,SEODescription,SEOPageTitle,ManageKeys,AccessHide,WriteHide,ExcPortalSecurity,Weight,ShowList,Sharing) VALUES('134462900942545','118549889292021','Escrow Services','','','','Moderator','|2|,|3|,|1|,|4|','|2|,|3|,|4|','','','|2|','0','0','0','2000','1','1')
INSERT INTO CategoriesModules (UniqueID,CatID,ModuleID) VALUES('494713594620557','134462900942545','20')
INSERT INTO CategoriesPortals (UniqueID,CatID,PortalID) VALUES('454915258382671','134462900942545','0')
INSERT INTO Categories (CatID,ListUnder,CategoryName,Description,Keywords,CatType,Moderator,AccessKeys,WriteKeys,SEODescription,SEOPageTitle,ManageKeys,AccessHide,WriteHide,ExcPortalSecurity,Weight,ShowList,Sharing) VALUES('103787772841798','204395579406718','Estate Planning','','','','Moderator','|2|,|3|,|1|,|4|','|2|,|3|,|4|','','','|2|','0','0','0','2000','1','1')
INSERT INTO CategoriesModules (UniqueID,CatID,ModuleID) VALUES('199165066572877','103787772841798','20')
INSERT INTO CategoriesPortals (UniqueID,CatID,PortalID) VALUES('241494804211873','103787772841798','0')
INSERT INTO Categories (CatID,ListUnder,CategoryName,Description,Keywords,CatType,Moderator,AccessKeys,WriteKeys,SEODescription,SEOPageTitle,ManageKeys,AccessHide,WriteHide,ExcPortalSecurity,Weight,ShowList,Sharing) VALUES('989179285177798','144315891422463','Estimating','','','','Moderator','|2|,|3|,|1|,|4|','|2|,|3|,|4|','','','|2|','0','0','0','2000','1','1')
INSERT INTO CategoriesModules (UniqueID,CatID,ModuleID) VALUES('277817577386158','989179285177798','20')
INSERT INTO CategoriesPortals (UniqueID,CatID,PortalID) VALUES('696333335475528','989179285177798','0')
INSERT INTO Categories (CatID,ListUnder,CategoryName,Description,Keywords,CatType,Moderator,AccessKeys,WriteKeys,SEODescription,SEOPageTitle,ManageKeys,AccessHide,WriteHide,ExcPortalSecurity,Weight,ShowList,Sharing) VALUES('639581984380854','144315891422463','Estimating','','','','Moderator','|2|,|3|,|1|,|4|','|2|,|3|,|4|','','','|2|','0','0','0','2000','1','1')
INSERT INTO CategoriesModules (UniqueID,CatID,ModuleID) VALUES('206615407205255','639581984380854','20')
INSERT INTO CategoriesPortals (UniqueID,CatID,PortalID) VALUES('121849195938824','639581984380854','0')
INSERT INTO Categories (CatID,ListUnder,CategoryName,Description,Keywords,CatType,Moderator,AccessKeys,WriteKeys,SEODescription,SEOPageTitle,ManageKeys,AccessHide,WriteHide,ExcPortalSecurity,Weight,ShowList,Sharing) VALUES('139191428964921','138186154628395','Etching Embossing Marking','','','','Moderator','|2|,|3|,|1|,|4|','|2|,|3|,|4|','','','|2|','0','0','0','2000','1','1')
INSERT INTO CategoriesModules (UniqueID,CatID,ModuleID) VALUES('188011595193558','139191428964921','20')
INSERT INTO CategoriesPortals (UniqueID,CatID,PortalID) VALUES('193017121436003','139191428964921','0')
INSERT INTO Categories (CatID,ListUnder,CategoryName,Description,Keywords,CatType,Moderator,AccessKeys,WriteKeys,SEODescription,SEOPageTitle,ManageKeys,AccessHide,WriteHide,ExcPortalSecurity,Weight,ShowList,Sharing) VALUES('103944232097688','138401084934556','Ethics','','','','Moderator','|2|,|3|,|1|,|4|','|2|,|3|,|4|','','','|2|','0','0','0','2000','1','1')
INSERT INTO CategoriesModules (UniqueID,CatID,ModuleID) VALUES('471295351404297','103944232097688','20')
INSERT INTO CategoriesPortals (UniqueID,CatID,PortalID) VALUES('130199386434141','103944232097688','0')
INSERT INTO Categories (CatID,ListUnder,CategoryName,Description,Keywords,CatType,Moderator,AccessKeys,WriteKeys,SEODescription,SEOPageTitle,ManageKeys,AccessHide,WriteHide,ExcPortalSecurity,Weight,ShowList,Sharing) VALUES('251881410725149','897429343313311','Europe','','','','Moderator','|2|,|3|,|1|,|4|','|2|,|3|,|4|','','','|2|','0','0','0','2000','1','1')
INSERT INTO CategoriesModules (UniqueID,CatID,ModuleID) VALUES('166143109711456','251881410725149','20')
INSERT INTO CategoriesPortals (UniqueID,CatID,PortalID) VALUES('195698351149412','251881410725149','0')
INSERT INTO Categories (CatID,ListUnder,CategoryName,Description,Keywords,CatType,Moderator,AccessKeys,WriteKeys,SEODescription,SEOPageTitle,ManageKeys,AccessHide,WriteHide,ExcPortalSecurity,Weight,ShowList,Sharing) VALUES('696079882128540','130715260441650','Event Planning','','','','Moderator','|2|,|3|,|1|,|4|','|2|,|3|,|4|','','','|2|','0','0','0','2000','1','1')
INSERT INTO CategoriesModules (UniqueID,CatID,ModuleID) VALUES('112401339548037','696079882128540','20')
INSERT INTO CategoriesPortals (UniqueID,CatID,PortalID) VALUES('173979852592712','696079882128540','0')
INSERT INTO Categories (CatID,ListUnder,CategoryName,Description,Keywords,CatType,Moderator,AccessKeys,WriteKeys,SEODescription,SEOPageTitle,ManageKeys,AccessHide,WriteHide,ExcPortalSecurity,Weight,ShowList,Sharing) VALUES('676715459041125','183131383188741','Event Planning Production','','','','Moderator','|2|,|3|,|1|,|4|','|2|,|3|,|4|','','','|2|','0','0','0','2000','1','1')
INSERT INTO CategoriesModules (UniqueID,CatID,ModuleID) VALUES('509538136122086','676715459041125','20')
INSERT INTO CategoriesPortals (UniqueID,CatID,PortalID) VALUES('789702197211455','676715459041125','0')
INSERT INTO Categories (CatID,ListUnder,CategoryName,Description,Keywords,CatType,Moderator,AccessKeys,WriteKeys,SEODescription,SEOPageTitle,ManageKeys,AccessHide,WriteHide,ExcPortalSecurity,Weight,ShowList,Sharing) VALUES('427669378846615','118889601541204','Event Planning Production','','','','Moderator','|2|,|3|,|1|,|4|','|2|,|3|,|4|','','','|2|','0','0','0','2000','1','1')
INSERT INTO CategoriesModules (UniqueID,CatID,ModuleID) VALUES('119311034604746','427669378846615','20')
INSERT INTO CategoriesPortals (UniqueID,CatID,PortalID) VALUES('209335465437414','427669378846615','0')
INSERT INTO Categories (CatID,ListUnder,CategoryName,Description,Keywords,CatType,Moderator,AccessKeys,WriteKeys,SEODescription,SEOPageTitle,ManageKeys,AccessHide,WriteHide,ExcPortalSecurity,Weight,ShowList,Sharing) VALUES('130772492002813','265537542464772','Excavation','','','','Moderator','|2|,|3|,|1|,|4|','|2|,|3|,|4|','','','|2|','0','0','0','2000','1','1')
INSERT INTO CategoriesModules (UniqueID,CatID,ModuleID) VALUES('129083757913345','130772492002813','20')
INSERT INTO CategoriesPortals (UniqueID,CatID,PortalID) VALUES('103403673756789','130772492002813','0')
INSERT INTO Categories (CatID,ListUnder,CategoryName,Description,Keywords,CatType,Moderator,AccessKeys,WriteKeys,SEODescription,SEOPageTitle,ManageKeys,AccessHide,WriteHide,ExcPortalSecurity,Weight,ShowList,Sharing) VALUES('143288872903817','210756158054894','Exchanges','','','','Moderator','|2|,|3|,|1|,|4|','|2|,|3|,|4|','','','|2|','0','0','0','2000','1','1')
INSERT INTO CategoriesModules (UniqueID,CatID,ModuleID) VALUES('133097152430721','143288872903817','20')
INSERT INTO CategoriesPortals (UniqueID,CatID,PortalID) VALUES('201153707842469','143288872903817','0')
INSERT INTO Categories (CatID,ListUnder,CategoryName,Description,Keywords,CatType,Moderator,AccessKeys,WriteKeys,SEODescription,SEOPageTitle,ManageKeys,AccessHide,WriteHide,ExcPortalSecurity,Weight,ShowList,Sharing) VALUES('163053717386115','181537501518755','Exchanges','','','','Moderator','|2|,|3|,|1|,|4|','|2|,|3|,|4|','','','|2|','0','0','0','2000','1','1')
INSERT INTO CategoriesModules (UniqueID,CatID,ModuleID) VALUES('964126551422476','163053717386115','20')
INSERT INTO CategoriesPortals (UniqueID,CatID,PortalID) VALUES('129260074107573','163053717386115','0')
INSERT INTO Categories (CatID,ListUnder,CategoryName,Description,Keywords,CatType,Moderator,AccessKeys,WriteKeys,SEODescription,SEOPageTitle,ManageKeys,AccessHide,WriteHide,ExcPortalSecurity,Weight,ShowList,Sharing) VALUES('332003334321626','174578511035830','Exchanges','','','','Moderator','|2|,|3|,|1|,|4|','|2|,|3|,|4|','','','|2|','0','0','0','2000','1','1')
INSERT INTO CategoriesModules (UniqueID,CatID,ModuleID) VALUES('150779700257549','332003334321626','20')
INSERT INTO CategoriesPortals (UniqueID,CatID,PortalID) VALUES('193137084858883','332003334321626','0')
INSERT INTO Categories (CatID,ListUnder,CategoryName,Description,Keywords,CatType,Moderator,AccessKeys,WriteKeys,SEODescription,SEOPageTitle,ManageKeys,AccessHide,WriteHide,ExcPortalSecurity,Weight,ShowList,Sharing) VALUES('279263056281895','938877619938672','Exchanges','','','','Moderator','|2|,|3|,|1|,|4|','|2|,|3|,|4|','','','|2|','0','0','0','2000','1','1')
INSERT INTO CategoriesModules (UniqueID,CatID,ModuleID) VALUES('851792403796382','279263056281895','20')
INSERT INTO CategoriesPortals (UniqueID,CatID,PortalID) VALUES('355763856773331','279263056281895','0')
INSERT INTO Categories (CatID,ListUnder,CategoryName,Description,Keywords,CatType,Moderator,AccessKeys,WriteKeys,SEODescription,SEOPageTitle,ManageKeys,AccessHide,WriteHide,ExcPortalSecurity,Weight,ShowList,Sharing) VALUES('446480322842573','109065509875610','Executive','','','','Moderator','|2|,|3|,|1|,|4|','|2|,|3|,|4|','','','|2|','0','0','0','2000','1','1')
INSERT INTO CategoriesModules (UniqueID,CatID,ModuleID) VALUES('180625185313482','446480322842573','20')
INSERT INTO CategoriesPortals (UniqueID,CatID,PortalID) VALUES('658827377134873','446480322842573','0')
INSERT INTO Categories (CatID,ListUnder,CategoryName,Description,Keywords,CatType,Moderator,AccessKeys,WriteKeys,SEODescription,SEOPageTitle,ManageKeys,AccessHide,WriteHide,ExcPortalSecurity,Weight,ShowList,Sharing) VALUES('666782044422102','133617310848882','Executive','','','','Moderator','|2|,|3|,|1|,|4|','|2|,|3|,|4|','','','|2|','0','0','0','2000','1','1')
INSERT INTO CategoriesModules (UniqueID,CatID,ModuleID) VALUES('138185253315673','666782044422102','20')
INSERT INTO CategoriesPortals (UniqueID,CatID,PortalID) VALUES('182069784322343','666782044422102','0')
INSERT INTO Categories (CatID,ListUnder,CategoryName,Description,Keywords,CatType,Moderator,AccessKeys,WriteKeys,SEODescription,SEOPageTitle,ManageKeys,AccessHide,WriteHide,ExcPortalSecurity,Weight,ShowList,Sharing) VALUES('211956228381902','155284617534687','Executive Coaching','','','','Moderator','|2|,|3|,|1|,|4|','|2|,|3|,|4|','','','|2|','0','0','0','2000','1','1')
INSERT INTO CategoriesModules (UniqueID,CatID,ModuleID) VALUES('110676144256325','211956228381902','20')
INSERT INTO CategoriesPortals (UniqueID,CatID,PortalID) VALUES('888993299117983','211956228381902','0')
INSERT INTO Categories (CatID,ListUnder,CategoryName,Description,Keywords,CatType,Moderator,AccessKeys,WriteKeys,SEODescription,SEOPageTitle,ManageKeys,AccessHide,WriteHide,ExcPortalSecurity,Weight,ShowList,Sharing) VALUES('375259904372152','149933894671876','Executive Search','','','','Moderator','|2|,|3|,|1|,|4|','|2|,|3|,|4|','','','|2|','0','0','0','2000','1','1')
INSERT INTO CategoriesModules (UniqueID,CatID,ModuleID) VALUES('162996712218881','375259904372152','20')
INSERT INTO CategoriesPortals (UniqueID,CatID,PortalID) VALUES('262591451884784','375259904372152','0')
INSERT INTO Categories (CatID,ListUnder,CategoryName,Description,Keywords,CatType,Moderator,AccessKeys,WriteKeys,SEODescription,SEOPageTitle,ManageKeys,AccessHide,WriteHide,ExcPortalSecurity,Weight,ShowList,Sharing) VALUES('127260472348183','369761046869198','Exotic','','','','Moderator','|2|,|3|,|1|,|4|','|2|,|3|,|4|','','','|2|','0','0','0','2000','1','1')
INSERT INTO CategoriesModules (UniqueID,CatID,ModuleID) VALUES('203143207978361','127260472348183','20')
INSERT INTO CategoriesPortals (UniqueID,CatID,PortalID) VALUES('515506129686148','127260472348183','0')
INSERT INTO Categories (CatID,ListUnder,CategoryName,Description,Keywords,CatType,Moderator,AccessKeys,WriteKeys,SEODescription,SEOPageTitle,ManageKeys,AccessHide,WriteHide,ExcPortalSecurity,Weight,ShowList,Sharing) VALUES('146831439320203','133529660719882','Exploration Development','','','','Moderator','|2|,|3|,|1|,|4|','|2|,|3|,|4|','','','|2|','0','0','0','2000','1','1')
INSERT INTO CategoriesModules (UniqueID,CatID,ModuleID) VALUES('111213701382651','146831439320203','20')
INSERT INTO CategoriesPortals (UniqueID,CatID,PortalID) VALUES('167150682285115','146831439320203','0')
INSERT INTO Categories (CatID,ListUnder,CategoryName,Description,Keywords,CatType,Moderator,AccessKeys,WriteKeys,SEODescription,SEOPageTitle,ManageKeys,AccessHide,WriteHide,ExcPortalSecurity,Weight,ShowList,Sharing) VALUES('175785903788133','183131383188741','Explosives','','','','Moderator','|2|,|3|,|1|,|4|','|2|,|3|,|4|','','','|2|','0','0','0','2000','1','1')
INSERT INTO CategoriesModules (UniqueID,CatID,ModuleID) VALUES('154633968722325','175785903788133','20')
INSERT INTO CategoriesPortals (UniqueID,CatID,PortalID) VALUES('117645452225555','175785903788133','0')
INSERT INTO Categories (CatID,ListUnder,CategoryName,Description,Keywords,CatType,Moderator,AccessKeys,WriteKeys,SEODescription,SEOPageTitle,ManageKeys,AccessHide,WriteHide,ExcPortalSecurity,Weight,ShowList,Sharing) VALUES('544937596037923','265537542464772','Exterior','','','','Moderator','|2|,|3|,|1|,|4|','|2|,|3|,|4|','','','|2|','0','0','0','2000','1','1')
INSERT INTO CategoriesModules (UniqueID,CatID,ModuleID) VALUES('179873333084492','544937596037923','20')
INSERT INTO CategoriesPortals (UniqueID,CatID,PortalID) VALUES('478820109769264','544937596037923','0')
INSERT INTO Categories (CatID,ListUnder,CategoryName,Description,Keywords,CatType,Moderator,AccessKeys,WriteKeys,SEODescription,SEOPageTitle,ManageKeys,AccessHide,WriteHide,ExcPortalSecurity,Weight,ShowList,Sharing) VALUES('124184588377440','337252452252724','Eyeglasses','','','','Moderator','|2|,|3|,|1|,|4|','|2|,|3|,|4|','','','|2|','0','0','0','2000','1','1')
INSERT INTO CategoriesModules (UniqueID,CatID,ModuleID) VALUES('128535636332288','124184588377440','20')
INSERT INTO CategoriesPortals (UniqueID,CatID,PortalID) VALUES('101862807568967','124184588377440','0')
INSERT INTO Categories (CatID,ListUnder,CategoryName,Description,Keywords,CatType,Moderator,AccessKeys,WriteKeys,SEODescription,SEOPageTitle,ManageKeys,AccessHide,WriteHide,ExcPortalSecurity,Weight,ShowList,Sharing) VALUES('130744782293582','337252452252724','Eyewear','','','','Moderator','|2|,|3|,|1|,|4|','|2|,|3|,|4|','','','|2|','0','0','0','2000','1','1')
INSERT INTO CategoriesModules (UniqueID,CatID,ModuleID) VALUES('895224795592111','130744782293582','20')
INSERT INTO CategoriesPortals (UniqueID,CatID,PortalID) VALUES('123625230527691','130744782293582','0')
INSERT INTO Categories (CatID,ListUnder,CategoryName,Description,Keywords,CatType,Moderator,AccessKeys,WriteKeys,SEODescription,SEOPageTitle,ManageKeys,AccessHide,WriteHide,ExcPortalSecurity,Weight,ShowList,Sharing) VALUES('111956413465675','208392173185557','Fabrics','','','','Moderator','|2|,|3|,|1|,|4|','|2|,|3|,|4|','','','|2|','0','0','0','2000','1','1')
INSERT INTO CategoriesModules (UniqueID,CatID,ModuleID) VALUES('211480204012824','111956413465675','20')
INSERT INTO CategoriesPortals (UniqueID,CatID,PortalID) VALUES('100825399356511','111956413465675','0')
INSERT INTO Categories (CatID,ListUnder,CategoryName,Description,Keywords,CatType,Moderator,AccessKeys,WriteKeys,SEODescription,SEOPageTitle,ManageKeys,AccessHide,WriteHide,ExcPortalSecurity,Weight,ShowList,Sharing) VALUES('105331707194654','118889601541204','Facilities','','','','Moderator','|2|,|3|,|1|,|4|','|2|,|3|,|4|','','','|2|','0','0','0','2000','1','1')
INSERT INTO CategoriesModules (UniqueID,CatID,ModuleID) VALUES('210439211498572','105331707194654','20')
INSERT INTO CategoriesPortals (UniqueID,CatID,PortalID) VALUES('734276896818736','105331707194654','0')
INSERT INTO Categories (CatID,ListUnder,CategoryName,Description,Keywords,CatType,Moderator,AccessKeys,WriteKeys,SEODescription,SEOPageTitle,ManageKeys,AccessHide,WriteHide,ExcPortalSecurity,Weight,ShowList,Sharing) VALUES('122327125679822','152296721796111','Facilities','','','','Moderator','|2|,|3|,|1|,|4|','|2|,|3|,|4|','','','|2|','0','0','0','2000','1','1')
INSERT INTO CategoriesModules (UniqueID,CatID,ModuleID) VALUES('683591395242171','122327125679822','20')
INSERT INTO CategoriesPortals (UniqueID,CatID,PortalID) VALUES('777536604685627','122327125679822','0')
INSERT INTO Categories (CatID,ListUnder,CategoryName,Description,Keywords,CatType,Moderator,AccessKeys,WriteKeys,SEODescription,SEOPageTitle,ManageKeys,AccessHide,WriteHide,ExcPortalSecurity,Weight,ShowList,Sharing) VALUES('152527935962637','144315891422463','Facilities Management','','','','Moderator','|2|,|3|,|1|,|4|','|2|,|3|,|4|','','','|2|','0','0','0','2000','1','1')
INSERT INTO CategoriesModules (UniqueID,CatID,ModuleID) VALUES('512671881354885','152527935962637','20')
INSERT INTO CategoriesPortals (UniqueID,CatID,PortalID) VALUES('193553294505403','152527935962637','0')
INSERT INTO Categories (CatID,ListUnder,CategoryName,Description,Keywords,CatType,Moderator,AccessKeys,WriteKeys,SEODescription,SEOPageTitle,ManageKeys,AccessHide,WriteHide,ExcPortalSecurity,Weight,ShowList,Sharing) VALUES('111642941129273','468964763450112','Facility Management','','','','Moderator','|2|,|3|,|1|,|4|','|2|,|3|,|4|','','','|2|','0','0','0','2000','1','1')
INSERT INTO CategoriesModules (UniqueID,CatID,ModuleID) VALUES('164949916718478','111642941129273','20')
INSERT INTO CategoriesPortals (UniqueID,CatID,PortalID) VALUES('129877924658464','111642941129273','0')
INSERT INTO Categories (CatID,ListUnder,CategoryName,Description,Keywords,CatType,Moderator,AccessKeys,WriteKeys,SEODescription,SEOPageTitle,ManageKeys,AccessHide,WriteHide,ExcPortalSecurity,Weight,ShowList,Sharing) VALUES('105343428414666','156050172656512','Factoring','','','','Moderator','|2|,|3|,|1|,|4|','|2|,|3|,|4|','','','|2|','0','0','0','2000','1','1')
INSERT INTO CategoriesModules (UniqueID,CatID,ModuleID) VALUES('144152851450541','105343428414666','20')
INSERT INTO CategoriesPortals (UniqueID,CatID,PortalID) VALUES('194267046548617','105343428414666','0')
INSERT INTO Categories (CatID,ListUnder,CategoryName,Description,Keywords,CatType,Moderator,AccessKeys,WriteKeys,SEODescription,SEOPageTitle,ManageKeys,AccessHide,WriteHide,ExcPortalSecurity,Weight,ShowList,Sharing) VALUES('958450126441562','169231777657067','Factory Automation','','','','Moderator','|2|,|3|,|1|,|4|','|2|,|3|,|4|','','','|2|','0','0','0','2000','1','1')
INSERT INTO CategoriesModules (UniqueID,CatID,ModuleID) VALUES('180289178347508','958450126441562','20')
INSERT INTO CategoriesPortals (UniqueID,CatID,PortalID) VALUES('586821522450746','958450126441562','0')
INSERT INTO Categories (CatID,ListUnder,CategoryName,Description,Keywords,CatType,Moderator,AccessKeys,WriteKeys,SEODescription,SEOPageTitle,ManageKeys,AccessHide,WriteHide,ExcPortalSecurity,Weight,ShowList,Sharing) VALUES('421098943348227','941546425030488','Family','','','','Moderator','|2|,|3|,|1|,|4|','|2|,|3|,|4|','','','|2|','0','0','0','2000','1','1')
INSERT INTO CategoriesModules (UniqueID,CatID,ModuleID) VALUES('176687476298268','421098943348227','20')
INSERT INTO CategoriesPortals (UniqueID,CatID,PortalID) VALUES('707149429632947','421098943348227','0')
INSERT INTO Categories (CatID,ListUnder,CategoryName,Description,Keywords,CatType,Moderator,AccessKeys,WriteKeys,SEODescription,SEOPageTitle,ManageKeys,AccessHide,WriteHide,ExcPortalSecurity,Weight,ShowList,Sharing) VALUES('187765570683573','102651687824638','Farm Real Estate','','','','Moderator','|2|,|3|,|1|,|4|','|2|,|3|,|4|','','','|2|','0','0','0','2000','1','1')
INSERT INTO CategoriesModules (UniqueID,CatID,ModuleID) VALUES('621069868898352','187765570683573','20')
INSERT INTO CategoriesPortals (UniqueID,CatID,PortalID) VALUES('460274355586825','187765570683573','0')
INSERT INTO Categories (CatID,ListUnder,CategoryName,Description,Keywords,CatType,Moderator,AccessKeys,WriteKeys,SEODescription,SEOPageTitle,ManageKeys,AccessHide,WriteHide,ExcPortalSecurity,Weight,ShowList,Sharing) VALUES('546733937596261','152296721796111','Fashion','','','','Moderator','|2|,|3|,|1|,|4|','|2|,|3|,|4|','','','|2|','0','0','0','2000','1','1')
INSERT INTO CategoriesModules (UniqueID,CatID,ModuleID) VALUES('720899225688174','546733937596261','20')
INSERT INTO CategoriesPortals (UniqueID,CatID,PortalID) VALUES('198202588374224','546733937596261','0')
INSERT INTO Categories (CatID,ListUnder,CategoryName,Description,Keywords,CatType,Moderator,AccessKeys,WriteKeys,SEODescription,SEOPageTitle,ManageKeys,AccessHide,WriteHide,ExcPortalSecurity,Weight,ShowList,Sharing) VALUES('203290416045513','180637350615341','Fats Oils','','','','Moderator','|2|,|3|,|1|,|4|','|2|,|3|,|4|','','','|2|','0','0','0','2000','1','1')
INSERT INTO CategoriesModules (UniqueID,CatID,ModuleID) VALUES('183833352758168','203290416045513','20')
INSERT INTO CategoriesPortals (UniqueID,CatID,PortalID) VALUES('568216179011227','203290416045513','0')
INSERT INTO Categories (CatID,ListUnder,CategoryName,Description,Keywords,CatType,Moderator,AccessKeys,WriteKeys,SEODescription,SEOPageTitle,ManageKeys,AccessHide,WriteHide,ExcPortalSecurity,Weight,ShowList,Sharing) VALUES('781113171227445','114176321849964','Feathers Down','','','','Moderator','|2|,|3|,|1|,|4|','|2|,|3|,|4|','','','|2|','0','0','0','2000','1','1')
INSERT INTO CategoriesModules (UniqueID,CatID,ModuleID) VALUES('113475930211716','781113171227445','20')
INSERT INTO CategoriesPortals (UniqueID,CatID,PortalID) VALUES('491781193411407','781113171227445','0')
INSERT INTO Categories (CatID,ListUnder,CategoryName,Description,Keywords,CatType,Moderator,AccessKeys,WriteKeys,SEODescription,SEOPageTitle,ManageKeys,AccessHide,WriteHide,ExcPortalSecurity,Weight,ShowList,Sharing) VALUES('176601573547042','178809874261928','Feeds','','','','Moderator','|2|,|3|,|1|,|4|','|2|,|3|,|4|','','','|2|','0','0','0','2000','1','1')
INSERT INTO CategoriesModules (UniqueID,CatID,ModuleID) VALUES('390919682228016','176601573547042','20')
INSERT INTO CategoriesPortals (UniqueID,CatID,PortalID) VALUES('126001239370515','176601573547042','0')
INSERT INTO Categories (CatID,ListUnder,CategoryName,Description,Keywords,CatType,Moderator,AccessKeys,WriteKeys,SEODescription,SEOPageTitle,ManageKeys,AccessHide,WriteHide,ExcPortalSecurity,Weight,ShowList,Sharing) VALUES('726589020733274','280965458060437','Feeds Minerals Supplements','','','','Moderator','|2|,|3|,|1|,|4|','|2|,|3|,|4|','','','|2|','0','0','0','2000','1','1')
INSERT INTO CategoriesModules (UniqueID,CatID,ModuleID) VALUES('643957967136744','726589020733274','20')
INSERT INTO CategoriesPortals (UniqueID,CatID,PortalID) VALUES('157454742282292','726589020733274','0')
INSERT INTO Categories (CatID,ListUnder,CategoryName,Description,Keywords,CatType,Moderator,AccessKeys,WriteKeys,SEODescription,SEOPageTitle,ManageKeys,AccessHide,WriteHide,ExcPortalSecurity,Weight,ShowList,Sharing) VALUES('127660992765397','102651687824638','Fencing','','','','Moderator','|2|,|3|,|1|,|4|','|2|,|3|,|4|','','','|2|','0','0','0','2000','1','1')
INSERT INTO CategoriesModules (UniqueID,CatID,ModuleID) VALUES('314066329368018','127660992765397','20')
INSERT INTO CategoriesPortals (UniqueID,CatID,PortalID) VALUES('172947987164719','127660992765397','0')
INSERT INTO Categories (CatID,ListUnder,CategoryName,Description,Keywords,CatType,Moderator,AccessKeys,WriteKeys,SEODescription,SEOPageTitle,ManageKeys,AccessHide,WriteHide,ExcPortalSecurity,Weight,ShowList,Sharing) VALUES('117448109053598','184812797232269','Ferrites Magnets','','','','Moderator','|2|,|3|,|1|,|4|','|2|,|3|,|4|','','','|2|','0','0','0','2000','1','1')
INSERT INTO CategoriesModules (UniqueID,CatID,ModuleID) VALUES('117367418952142','117448109053598','20')
INSERT INTO CategoriesPortals (UniqueID,CatID,PortalID) VALUES('475943699141521','117448109053598','0')
INSERT INTO Categories (CatID,ListUnder,CategoryName,Description,Keywords,CatType,Moderator,AccessKeys,WriteKeys,SEODescription,SEOPageTitle,ManageKeys,AccessHide,WriteHide,ExcPortalSecurity,Weight,ShowList,Sharing) VALUES('100333870916337','179029547427227','Fertilizers','','','','Moderator','|2|,|3|,|1|,|4|','|2|,|3|,|4|','','','|2|','0','0','0','2000','1','1')
INSERT INTO CategoriesModules (UniqueID,CatID,ModuleID) VALUES('109664007475055','100333870916337','20')
INSERT INTO CategoriesPortals (UniqueID,CatID,PortalID) VALUES('899168042717868','100333870916337','0')
INSERT INTO Categories (CatID,ListUnder,CategoryName,Description,Keywords,CatType,Moderator,AccessKeys,WriteKeys,SEODescription,SEOPageTitle,ManageKeys,AccessHide,WriteHide,ExcPortalSecurity,Weight,ShowList,Sharing) VALUES('234495699255760','517052103402379','Fiber Arts','','','','Moderator','|2|,|3|,|1|,|4|','|2|,|3|,|4|','','','|2|','0','0','0','2000','1','1')
INSERT INTO CategoriesModules (UniqueID,CatID,ModuleID) VALUES('762763628442878','234495699255760','20')
INSERT INTO CategoriesPortals (UniqueID,CatID,PortalID) VALUES('211597064576613','234495699255760','0')
INSERT INTO Categories (CatID,ListUnder,CategoryName,Description,Keywords,CatType,Moderator,AccessKeys,WriteKeys,SEODescription,SEOPageTitle,ManageKeys,AccessHide,WriteHide,ExcPortalSecurity,Weight,ShowList,Sharing) VALUES('678131355466795','114176321849964','Fibers','','','','Moderator','|2|,|3|,|1|,|4|','|2|,|3|,|4|','','','|2|','0','0','0','2000','1','1')
INSERT INTO CategoriesModules (UniqueID,CatID,ModuleID) VALUES('126219903898027','678131355466795','20')
INSERT INTO CategoriesPortals (UniqueID,CatID,PortalID) VALUES('629976809823383','678131355466795','0')
INSERT INTO Categories (CatID,ListUnder,CategoryName,Description,Keywords,CatType,Moderator,AccessKeys,WriteKeys,SEODescription,SEOPageTitle,ManageKeys,AccessHide,WriteHide,ExcPortalSecurity,Weight,ShowList,Sharing) VALUES('181907717088421','293246790583114','Field Service Companies','','','','Moderator','|2|,|3|,|1|,|4|','|2|,|3|,|4|','','','|2|','0','0','0','2000','1','1')
INSERT INTO CategoriesModules (UniqueID,CatID,ModuleID) VALUES('705560771212715','181907717088421','20')
INSERT INTO CategoriesPortals (UniqueID,CatID,PortalID) VALUES('134282811888661','181907717088421','0')
INSERT INTO Categories (CatID,ListUnder,CategoryName,Description,Keywords,CatType,Moderator,AccessKeys,WriteKeys,SEODescription,SEOPageTitle,ManageKeys,AccessHide,WriteHide,ExcPortalSecurity,Weight,ShowList,Sharing) VALUES('977638846438060','140394717342354','Film','','','','Moderator','|2|,|3|,|1|,|4|','|2|,|3|,|4|','','','|2|','0','0','0','2000','1','1')
INSERT INTO CategoriesModules (UniqueID,CatID,ModuleID) VALUES('166915233746727','977638846438060','20')
INSERT INTO CategoriesPortals (UniqueID,CatID,PortalID) VALUES('525777829282524','977638846438060','0')
INSERT INTO Categories (CatID,ListUnder,CategoryName,Description,Keywords,CatType,Moderator,AccessKeys,WriteKeys,SEODescription,SEOPageTitle,ManageKeys,AccessHide,WriteHide,ExcPortalSecurity,Weight,ShowList,Sharing) VALUES('200679664667608','586429740707257','Film Video','','','','Moderator','|2|,|3|,|1|,|4|','|2|,|3|,|4|','','','|2|','0','0','0','2000','1','1')
INSERT INTO CategoriesModules (UniqueID,CatID,ModuleID) VALUES('646911286477471','200679664667608','20')
INSERT INTO CategoriesPortals (UniqueID,CatID,PortalID) VALUES('692008312541849','200679664667608','0')
INSERT INTO Categories (CatID,ListUnder,CategoryName,Description,Keywords,CatType,Moderator,AccessKeys,WriteKeys,SEODescription,SEOPageTitle,ManageKeys,AccessHide,WriteHide,ExcPortalSecurity,Weight,ShowList,Sharing) VALUES('173749449164037','154294030131064','Filters','','','','Moderator','|2|,|3|,|1|,|4|','|2|,|3|,|4|','','','|2|','0','0','0','2000','1','1')
INSERT INTO CategoriesModules (UniqueID,CatID,ModuleID) VALUES('173860791827382','173749449164037','20')
INSERT INTO CategoriesPortals (UniqueID,CatID,PortalID) VALUES('281984931444184','173749449164037','0')
INSERT INTO Categories (CatID,ListUnder,CategoryName,Description,Keywords,CatType,Moderator,AccessKeys,WriteKeys,SEODescription,SEOPageTitle,ManageKeys,AccessHide,WriteHide,ExcPortalSecurity,Weight,ShowList,Sharing) VALUES('115323741010334','180077455433202','Filters','','','','Moderator','|2|,|3|,|1|,|4|','|2|,|3|,|4|','','','|2|','0','0','0','2000','1','1')
INSERT INTO CategoriesModules (UniqueID,CatID,ModuleID) VALUES('430263726618197','115323741010334','20')
INSERT INTO CategoriesPortals (UniqueID,CatID,PortalID) VALUES('191837797665173','115323741010334','0')
INSERT INTO Categories (CatID,ListUnder,CategoryName,Description,Keywords,CatType,Moderator,AccessKeys,WriteKeys,SEODescription,SEOPageTitle,ManageKeys,AccessHide,WriteHide,ExcPortalSecurity,Weight,ShowList,Sharing) VALUES('156550788915173','153991554677553','Filters Purifiers','','','','Moderator','|2|,|3|,|1|,|4|','|2|,|3|,|4|','','','|2|','0','0','0','2000','1','1')
INSERT INTO CategoriesModules (UniqueID,CatID,ModuleID) VALUES('342628438579963','156550788915173','20')
INSERT INTO CategoriesPortals (UniqueID,CatID,PortalID) VALUES('204001408569673','156550788915173','0')
INSERT INTO Categories (CatID,ListUnder,CategoryName,Description,Keywords,CatType,Moderator,AccessKeys,WriteKeys,SEODescription,SEOPageTitle,ManageKeys,AccessHide,WriteHide,ExcPortalSecurity,Weight,ShowList,Sharing) VALUES('146780451118946','183131383188741','Finance','','','','Moderator','|2|,|3|,|1|,|4|','|2|,|3|,|4|','','','|2|','0','0','0','2000','1','1')
INSERT INTO CategoriesModules (UniqueID,CatID,ModuleID) VALUES('809793007415159','146780451118946','20')
INSERT INTO CategoriesPortals (UniqueID,CatID,PortalID) VALUES('854003804103623','146780451118946','0')
INSERT INTO Categories (CatID,ListUnder,CategoryName,Description,Keywords,CatType,Moderator,AccessKeys,WriteKeys,SEODescription,SEOPageTitle,ManageKeys,AccessHide,WriteHide,ExcPortalSecurity,Weight,ShowList,Sharing) VALUES('287678398522712','203370697495731','Finance','','','','Moderator','|2|,|3|,|1|,|4|','|2|,|3|,|4|','','','|2|','0','0','0','2000','1','1')
INSERT INTO CategoriesModules (UniqueID,CatID,ModuleID) VALUES('143158271577142','287678398522712','20')
INSERT INTO CategoriesPortals (UniqueID,CatID,PortalID) VALUES('932505845646581','287678398522712','0')
INSERT INTO Categories (CatID,ListUnder,CategoryName,Description,Keywords,CatType,Moderator,AccessKeys,WriteKeys,SEODescription,SEOPageTitle,ManageKeys,AccessHide,WriteHide,ExcPortalSecurity,Weight,ShowList,Sharing) VALUES('566551207727105','144315891422463','Financial Consultants','','','','Moderator','|2|,|3|,|1|,|4|','|2|,|3|,|4|','','','|2|','0','0','0','2000','1','1')
INSERT INTO CategoriesModules (UniqueID,CatID,ModuleID) VALUES('105569962584134','566551207727105','20')
INSERT INTO CategoriesPortals (UniqueID,CatID,PortalID) VALUES('225124707159695','566551207727105','0')
INSERT INTO Categories (CatID,ListUnder,CategoryName,Description,Keywords,CatType,Moderator,AccessKeys,WriteKeys,SEODescription,SEOPageTitle,ManageKeys,AccessHide,WriteHide,ExcPortalSecurity,Weight,ShowList,Sharing) VALUES('670595789582888','518067943485998','Financial Guaranty','','','','Moderator','|2|,|3|,|1|,|4|','|2|,|3|,|4|','','','|2|','0','0','0','2000','1','1')
INSERT INTO CategoriesModules (UniqueID,CatID,ModuleID) VALUES('569555626278859','670595789582888','20')
INSERT INTO CategoriesPortals (UniqueID,CatID,PortalID) VALUES('140955617304874','670595789582888','0')
INSERT INTO Categories (CatID,ListUnder,CategoryName,Description,Keywords,CatType,Moderator,AccessKeys,WriteKeys,SEODescription,SEOPageTitle,ManageKeys,AccessHide,WriteHide,ExcPortalSecurity,Weight,ShowList,Sharing) VALUES('204395579406718','293246790583114','Financial Planning','','','','Moderator','|2|,|3|,|1|,|4|','|2|,|3|,|4|','','','|2|','0','0','0','2000','1','1')
INSERT INTO CategoriesModules (UniqueID,CatID,ModuleID) VALUES('757964347832564','204395579406718','20')
INSERT INTO CategoriesPortals (UniqueID,CatID,PortalID) VALUES('648693656182352','204395579406718','0')
INSERT INTO Categories (CatID,ListUnder,CategoryName,Description,Keywords,CatType,Moderator,AccessKeys,WriteKeys,SEODescription,SEOPageTitle,ManageKeys,AccessHide,WriteHide,ExcPortalSecurity,Weight,ShowList,Sharing) VALUES('293246790583114','0','Financial Services','','','','Moderator','|2|,|3|,|1|,|4|','|2|,|3|,|4|','','','|2|','0','0','0','2000','1','1')
INSERT INTO CategoriesModules (UniqueID,CatID,ModuleID) VALUES('155831623482641','293246790583114','20')
INSERT INTO CategoriesPortals (UniqueID,CatID,PortalID) VALUES('209289880358635','293246790583114','0')
INSERT INTO Categories (CatID,ListUnder,CategoryName,Description,Keywords,CatType,Moderator,AccessKeys,WriteKeys,SEODescription,SEOPageTitle,ManageKeys,AccessHide,WriteHide,ExcPortalSecurity,Weight,ShowList,Sharing) VALUES('128739631715322','142267519150532','Fine Arts','','','','Moderator','|2|,|3|,|1|,|4|','|2|,|3|,|4|','','','|2|','0','0','0','2000','1','1')
INSERT INTO CategoriesModules (UniqueID,CatID,ModuleID) VALUES('200552502761012','128739631715322','20')
INSERT INTO CategoriesPortals (UniqueID,CatID,PortalID) VALUES('171184734825881','128739631715322','0')
INSERT INTO Categories (CatID,ListUnder,CategoryName,Description,Keywords,CatType,Moderator,AccessKeys,WriteKeys,SEODescription,SEOPageTitle,ManageKeys,AccessHide,WriteHide,ExcPortalSecurity,Weight,ShowList,Sharing) VALUES('139395233969068','112191732677701','Fire Fighting','','','','Moderator','|2|,|3|,|1|,|4|','|2|,|3|,|4|','','','|2|','0','0','0','2000','1','1')
INSERT INTO CategoriesModules (UniqueID,CatID,ModuleID) VALUES('314709448286974','139395233969068','20')
INSERT INTO CategoriesPortals (UniqueID,CatID,PortalID) VALUES('393587745264824','139395233969068','0')
INSERT INTO Categories (CatID,ListUnder,CategoryName,Description,Keywords,CatType,Moderator,AccessKeys,WriteKeys,SEODescription,SEOPageTitle,ManageKeys,AccessHide,WriteHide,ExcPortalSecurity,Weight,ShowList,Sharing) VALUES('185026581318665','337252452252724','Firearms','','','','Moderator','|2|,|3|,|1|,|4|','|2|,|3|,|4|','','','|2|','0','0','0','2000','1','1')
INSERT INTO CategoriesModules (UniqueID,CatID,ModuleID) VALUES('224321146267584','185026581318665','20')
INSERT INTO CategoriesPortals (UniqueID,CatID,PortalID) VALUES('138443332784248','185026581318665','0')
INSERT INTO Categories (CatID,ListUnder,CategoryName,Description,Keywords,CatType,Moderator,AccessKeys,WriteKeys,SEODescription,SEOPageTitle,ManageKeys,AccessHide,WriteHide,ExcPortalSecurity,Weight,ShowList,Sharing) VALUES('133392973387749','471824969823582','Firms','','','','Moderator','|2|,|3|,|1|,|4|','|2|,|3|,|4|','','','|2|','0','0','0','2000','1','1')
INSERT INTO CategoriesModules (UniqueID,CatID,ModuleID) VALUES('138759646406176','133392973387749','20')
INSERT INTO CategoriesPortals (UniqueID,CatID,PortalID) VALUES('307313610416648','133392973387749','0')
INSERT INTO Categories (CatID,ListUnder,CategoryName,Description,Keywords,CatType,Moderator,AccessKeys,WriteKeys,SEODescription,SEOPageTitle,ManageKeys,AccessHide,WriteHide,ExcPortalSecurity,Weight,ShowList,Sharing) VALUES('891532073320769','208392173185557','Flags Banners','','','','Moderator','|2|,|3|,|1|,|4|','|2|,|3|,|4|','','','|2|','0','0','0','2000','1','1')
INSERT INTO CategoriesModules (UniqueID,CatID,ModuleID) VALUES('214395175151921','891532073320769','20')
INSERT INTO CategoriesPortals (UniqueID,CatID,PortalID) VALUES('298638998698638','891532073320769','0')
INSERT INTO Categories (CatID,ListUnder,CategoryName,Description,Keywords,CatType,Moderator,AccessKeys,WriteKeys,SEODescription,SEOPageTitle,ManageKeys,AccessHide,WriteHide,ExcPortalSecurity,Weight,ShowList,Sharing) VALUES('135035311237347','121052169707044','Flavors Extracts','','','','Moderator','|2|,|3|,|1|,|4|','|2|,|3|,|4|','','','|2|','0','0','0','2000','1','1')
INSERT INTO CategoriesModules (UniqueID,CatID,ModuleID) VALUES('167684617639084','135035311237347','20')
INSERT INTO CategoriesPortals (UniqueID,CatID,PortalID) VALUES('529919707433244','135035311237347','0')
INSERT INTO Categories (CatID,ListUnder,CategoryName,Description,Keywords,CatType,Moderator,AccessKeys,WriteKeys,SEODescription,SEOPageTitle,ManageKeys,AccessHide,WriteHide,ExcPortalSecurity,Weight,ShowList,Sharing) VALUES('849020107187753','454474966627687','Flexible','','','','Moderator','|2|,|3|,|1|,|4|','|2|,|3|,|4|','','','|2|','0','0','0','2000','1','1')
INSERT INTO CategoriesModules (UniqueID,CatID,ModuleID) VALUES('104975448676635','849020107187753','20')
INSERT INTO CategoriesPortals (UniqueID,CatID,PortalID) VALUES('134212276715915','849020107187753','0')
INSERT INTO Categories (CatID,ListUnder,CategoryName,Description,Keywords,CatType,Moderator,AccessKeys,WriteKeys,SEODescription,SEOPageTitle,ManageKeys,AccessHide,WriteHide,ExcPortalSecurity,Weight,ShowList,Sharing) VALUES('813095387847726','337252452252724','Floral','','','','Moderator','|2|,|3|,|1|,|4|','|2|,|3|,|4|','','','|2|','0','0','0','2000','1','1')
INSERT INTO CategoriesModules (UniqueID,CatID,ModuleID) VALUES('188043788538696','813095387847726','20')
INSERT INTO CategoriesPortals (UniqueID,CatID,PortalID) VALUES('190908915070215','813095387847726','0')
INSERT INTO Categories (CatID,ListUnder,CategoryName,Description,Keywords,CatType,Moderator,AccessKeys,WriteKeys,SEODescription,SEOPageTitle,ManageKeys,AccessHide,WriteHide,ExcPortalSecurity,Weight,ShowList,Sharing) VALUES('162808091146082','173025067117845','Floral','','','','Moderator','|2|,|3|,|1|,|4|','|2|,|3|,|4|','','','|2|','0','0','0','2000','1','1')
INSERT INTO CategoriesModules (UniqueID,CatID,ModuleID) VALUES('137853800287567','162808091146082','20')
INSERT INTO CategoriesPortals (UniqueID,CatID,PortalID) VALUES('868543964538603','162808091146082','0')
INSERT INTO Categories (CatID,ListUnder,CategoryName,Description,Keywords,CatType,Moderator,AccessKeys,WriteKeys,SEODescription,SEOPageTitle,ManageKeys,AccessHide,WriteHide,ExcPortalSecurity,Weight,ShowList,Sharing) VALUES('130440144588866','498359095706613','Flour Milled Products','','','','Moderator','|2|,|3|,|1|,|4|','|2|,|3|,|4|','','','|2|','0','0','0','2000','1','1')
INSERT INTO CategoriesModules (UniqueID,CatID,ModuleID) VALUES('803614309548723','130440144588866','20')
INSERT INTO CategoriesPortals (UniqueID,CatID,PortalID) VALUES('153014298183157','130440144588866','0')
INSERT INTO Categories (CatID,ListUnder,CategoryName,Description,Keywords,CatType,Moderator,AccessKeys,WriteKeys,SEODescription,SEOPageTitle,ManageKeys,AccessHide,WriteHide,ExcPortalSecurity,Weight,ShowList,Sharing) VALUES('415862698183281','167827787849526','Flow','','','','Moderator','|2|,|3|,|1|,|4|','|2|,|3|,|4|','','','|2|','0','0','0','2000','1','1')
INSERT INTO CategoriesModules (UniqueID,CatID,ModuleID) VALUES('153495970423057','415862698183281','20')
INSERT INTO CategoriesPortals (UniqueID,CatID,PortalID) VALUES('145433335217411','415862698183281','0')
INSERT INTO Categories (CatID,ListUnder,CategoryName,Description,Keywords,CatType,Moderator,AccessKeys,WriteKeys,SEODescription,SEOPageTitle,ManageKeys,AccessHide,WriteHide,ExcPortalSecurity,Weight,ShowList,Sharing) VALUES('102737997806298','167827787849526','Flow Detection Analysis','','','','Moderator','|2|,|3|,|1|,|4|','|2|,|3|,|4|','','','|2|','0','0','0','2000','1','1')
INSERT INTO CategoriesModules (UniqueID,CatID,ModuleID) VALUES('441337381684237','102737997806298','20')
INSERT INTO CategoriesPortals (UniqueID,CatID,PortalID) VALUES('174337314164063','102737997806298','0')
INSERT INTO Categories (CatID,ListUnder,CategoryName,Description,Keywords,CatType,Moderator,AccessKeys,WriteKeys,SEODescription,SEOPageTitle,ManageKeys,AccessHide,WriteHide,ExcPortalSecurity,Weight,ShowList,Sharing) VALUES('114244945029843','813095387847726','Flowers Foliages','','','','Moderator','|2|,|3|,|1|,|4|','|2|,|3|,|4|','','','|2|','0','0','0','2000','1','1')
INSERT INTO CategoriesModules (UniqueID,CatID,ModuleID) VALUES('873481518811770','114244945029843','20')
INSERT INTO CategoriesPortals (UniqueID,CatID,PortalID) VALUES('122089557429353','114244945029843','0')
INSERT INTO Categories (CatID,ListUnder,CategoryName,Description,Keywords,CatType,Moderator,AccessKeys,WriteKeys,SEODescription,SEOPageTitle,ManageKeys,AccessHide,WriteHide,ExcPortalSecurity,Weight,ShowList,Sharing) VALUES('727012399526175','169231777657067','Fluid Gas Control','','','','Moderator','|2|,|3|,|1|,|4|','|2|,|3|,|4|','','','|2|','0','0','0','2000','1','1')
INSERT INTO CategoriesModules (UniqueID,CatID,ModuleID) VALUES('440607265056651','727012399526175','20')
INSERT INTO CategoriesPortals (UniqueID,CatID,PortalID) VALUES('167494932136897','727012399526175','0')
INSERT INTO Categories (CatID,ListUnder,CategoryName,Description,Keywords,CatType,Moderator,AccessKeys,WriteKeys,SEODescription,SEOPageTitle,ManageKeys,AccessHide,WriteHide,ExcPortalSecurity,Weight,ShowList,Sharing) VALUES('138248097140271','727012399526175','Fluid Power Components','','','','Moderator','|2|,|3|,|1|,|4|','|2|,|3|,|4|','','','|2|','0','0','0','2000','1','1')
INSERT INTO CategoriesModules (UniqueID,CatID,ModuleID) VALUES('199308903047027','138248097140271','20')
INSERT INTO CategoriesPortals (UniqueID,CatID,PortalID) VALUES('101076742653411','138248097140271','0')
INSERT INTO Categories (CatID,ListUnder,CategoryName,Description,Keywords,CatType,Moderator,AccessKeys,WriteKeys,SEODescription,SEOPageTitle,ManageKeys,AccessHide,WriteHide,ExcPortalSecurity,Weight,ShowList,Sharing) VALUES('783456582690477','121052169707044','Food Colors','','','','Moderator','|2|,|3|,|1|,|4|','|2|,|3|,|4|','','','|2|','0','0','0','2000','1','1')
INSERT INTO CategoriesModules (UniqueID,CatID,ModuleID) VALUES('140326347486895','783456582690477','20')
INSERT INTO CategoriesPortals (UniqueID,CatID,PortalID) VALUES('172891910490918','783456582690477','0')
INSERT INTO Categories (CatID,ListUnder,CategoryName,Description,Keywords,CatType,Moderator,AccessKeys,WriteKeys,SEODescription,SEOPageTitle,ManageKeys,AccessHide,WriteHide,ExcPortalSecurity,Weight,ShowList,Sharing) VALUES('115814264228046','963588723547575','Food Drink','','','','Moderator','|2|,|3|,|1|,|4|','|2|,|3|,|4|','','','|2|','0','0','0','2000','1','1')
INSERT INTO CategoriesModules (UniqueID,CatID,ModuleID) VALUES('177205243050653','115814264228046','20')
INSERT INTO CategoriesPortals (UniqueID,CatID,PortalID) VALUES('198202759994146','115814264228046','0')
INSERT INTO Categories (CatID,ListUnder,CategoryName,Description,Keywords,CatType,Moderator,AccessKeys,WriteKeys,SEODescription,SEOPageTitle,ManageKeys,AccessHide,WriteHide,ExcPortalSecurity,Weight,ShowList,Sharing) VALUES('180637350615341','0','Food Production','','','','Moderator','|2|,|3|,|1|,|4|','|2|,|3|,|4|','','','|2|','0','0','0','2000','1','1')
INSERT INTO CategoriesModules (UniqueID,CatID,ModuleID) VALUES('181235939601804','180637350615341','20')
INSERT INTO CategoriesPortals (UniqueID,CatID,PortalID) VALUES('479509312531242','180637350615341','0')
INSERT INTO Categories (CatID,ListUnder,CategoryName,Description,Keywords,CatType,Moderator,AccessKeys,WriteKeys,SEODescription,SEOPageTitle,ManageKeys,AccessHide,WriteHide,ExcPortalSecurity,Weight,ShowList,Sharing) VALUES('206467698366494','170532550168044','Food Safety','','','','Moderator','|2|,|3|,|1|,|4|','|2|,|3|,|4|','','','|2|','0','0','0','2000','1','1')
INSERT INTO CategoriesModules (UniqueID,CatID,ModuleID) VALUES('119579241764660','206467698366494','20')
INSERT INTO CategoriesPortals (UniqueID,CatID,PortalID) VALUES('207701741934317','206467698366494','0')
INSERT INTO Categories (CatID,ListUnder,CategoryName,Description,Keywords,CatType,Moderator,AccessKeys,WriteKeys,SEODescription,SEOPageTitle,ManageKeys,AccessHide,WriteHide,ExcPortalSecurity,Weight,ShowList,Sharing) VALUES('377508838087964','152656969788212','Food Service','','','','Moderator','|2|,|3|,|1|,|4|','|2|,|3|,|4|','','','|2|','0','0','0','2000','1','1')
INSERT INTO CategoriesModules (UniqueID,CatID,ModuleID) VALUES('173981753754627','377508838087964','20')
INSERT INTO CategoriesPortals (UniqueID,CatID,PortalID) VALUES('153987059625418','377508838087964','0')
INSERT INTO Categories (CatID,ListUnder,CategoryName,Description,Keywords,CatType,Moderator,AccessKeys,WriteKeys,SEODescription,SEOPageTitle,ManageKeys,AccessHide,WriteHide,ExcPortalSecurity,Weight,ShowList,Sharing) VALUES('174978407676878','170532550168044','Food Stylists','','','','Moderator','|2|,|3|,|1|,|4|','|2|,|3|,|4|','','','|2|','0','0','0','2000','1','1')
INSERT INTO CategoriesModules (UniqueID,CatID,ModuleID) VALUES('661235447483843','174978407676878','20')
INSERT INTO CategoriesPortals (UniqueID,CatID,PortalID) VALUES('905993358364355','174978407676878','0')
INSERT INTO Categories (CatID,ListUnder,CategoryName,Description,Keywords,CatType,Moderator,AccessKeys,WriteKeys,SEODescription,SEOPageTitle,ManageKeys,AccessHide,WriteHide,ExcPortalSecurity,Weight,ShowList,Sharing) VALUES('137907597582675','167827787849526','Force Weight Torque','','','','Moderator','|2|,|3|,|1|,|4|','|2|,|3|,|4|','','','|2|','0','0','0','2000','1','1')
INSERT INTO CategoriesModules (UniqueID,CatID,ModuleID) VALUES('119150298115970','137907597582675','20')
INSERT INTO CategoriesPortals (UniqueID,CatID,PortalID) VALUES('161851706922455','137907597582675','0')
INSERT INTO Categories (CatID,ListUnder,CategoryName,Description,Keywords,CatType,Moderator,AccessKeys,WriteKeys,SEODescription,SEOPageTitle,ManageKeys,AccessHide,WriteHide,ExcPortalSecurity,Weight,ShowList,Sharing) VALUES('215229615587047','157714611147670','Foreclosures','','','','Moderator','|2|,|3|,|1|,|4|','|2|,|3|,|4|','','','|2|','0','0','0','2000','1','1')
INSERT INTO CategoriesModules (UniqueID,CatID,ModuleID) VALUES('128644977271245','215229615587047','20')
INSERT INTO CategoriesPortals (UniqueID,CatID,PortalID) VALUES('180772106388863','215229615587047','0')
INSERT INTO Categories (CatID,ListUnder,CategoryName,Description,Keywords,CatType,Moderator,AccessKeys,WriteKeys,SEODescription,SEOPageTitle,ManageKeys,AccessHide,WriteHide,ExcPortalSecurity,Weight,ShowList,Sharing) VALUES('247748825861753','174578511035830','Foreclosures','','','','Moderator','|2|,|3|,|1|,|4|','|2|,|3|,|4|','','','|2|','0','0','0','2000','1','1')
INSERT INTO CategoriesModules (UniqueID,CatID,ModuleID) VALUES('179570367609616','247748825861753','20')
INSERT INTO CategoriesPortals (UniqueID,CatID,PortalID) VALUES('751877791888963','247748825861753','0')
INSERT INTO Categories (CatID,ListUnder,CategoryName,Description,Keywords,CatType,Moderator,AccessKeys,WriteKeys,SEODescription,SEOPageTitle,ManageKeys,AccessHide,WriteHide,ExcPortalSecurity,Weight,ShowList,Sharing) VALUES('112191732677701','102651687824638','Forestry','','','','Moderator','|2|,|3|,|1|,|4|','|2|,|3|,|4|','','','|2|','0','0','0','2000','1','1')
INSERT INTO CategoriesModules (UniqueID,CatID,ModuleID) VALUES('117082474604175','112191732677701','20')
INSERT INTO CategoriesPortals (UniqueID,CatID,PortalID) VALUES('587545110283443','112191732677701','0')
INSERT INTO Categories (CatID,ListUnder,CategoryName,Description,Keywords,CatType,Moderator,AccessKeys,WriteKeys,SEODescription,SEOPageTitle,ManageKeys,AccessHide,WriteHide,ExcPortalSecurity,Weight,ShowList,Sharing) VALUES('342563131274739','938877619938672','Forex','','','','Moderator','|2|,|3|,|1|,|4|','|2|,|3|,|4|','','','|2|','0','0','0','2000','1','1')
INSERT INTO CategoriesModules (UniqueID,CatID,ModuleID) VALUES('912582163316417','342563131274739','20')
INSERT INTO CategoriesPortals (UniqueID,CatID,PortalID) VALUES('797560159397127','342563131274739','0')
INSERT INTO Categories (CatID,ListUnder,CategoryName,Description,Keywords,CatType,Moderator,AccessKeys,WriteKeys,SEODescription,SEOPageTitle,ManageKeys,AccessHide,WriteHide,ExcPortalSecurity,Weight,ShowList,Sharing) VALUES('918161008931235','565581992163321','Foundation','','','','Moderator','|2|,|3|,|1|,|4|','|2|,|3|,|4|','','','|2|','0','0','0','2000','1','1')
INSERT INTO CategoriesModules (UniqueID,CatID,ModuleID) VALUES('167937926356157','918161008931235','20')
INSERT INTO CategoriesPortals (UniqueID,CatID,PortalID) VALUES('261967422452241','918161008931235','0')
INSERT INTO Categories (CatID,ListUnder,CategoryName,Description,Keywords,CatType,Moderator,AccessKeys,WriteKeys,SEODescription,SEOPageTitle,ManageKeys,AccessHide,WriteHide,ExcPortalSecurity,Weight,ShowList,Sharing) VALUES('585073870815455','302144370971758','Foundries','','','','Moderator','|2|,|3|,|1|,|4|','|2|,|3|,|4|','','','|2|','0','0','0','2000','1','1')
INSERT INTO CategoriesModules (UniqueID,CatID,ModuleID) VALUES('213010889284820','585073870815455','20')
INSERT INTO CategoriesPortals (UniqueID,CatID,PortalID) VALUES('878863073258443','585073870815455','0')
INSERT INTO Categories (CatID,ListUnder,CategoryName,Description,Keywords,CatType,Moderator,AccessKeys,WriteKeys,SEODescription,SEOPageTitle,ManageKeys,AccessHide,WriteHide,ExcPortalSecurity,Weight,ShowList,Sharing) VALUES('117185699238363','369223682782626','Fragrances','','','','Moderator','|2|,|3|,|1|,|4|','|2|,|3|,|4|','','','|2|','0','0','0','2000','1','1')
INSERT INTO CategoriesModules (UniqueID,CatID,ModuleID) VALUES('662696725826874','117185699238363','20')
INSERT INTO CategoriesPortals (UniqueID,CatID,PortalID) VALUES('149703553611311','117185699238363','0')
INSERT INTO Categories (CatID,ListUnder,CategoryName,Description,Keywords,CatType,Moderator,AccessKeys,WriteKeys,SEODescription,SEOPageTitle,ManageKeys,AccessHide,WriteHide,ExcPortalSecurity,Weight,ShowList,Sharing) VALUES('119952970612338','121738407646224','Franchising','','','','Moderator','|2|,|3|,|1|,|4|','|2|,|3|,|4|','','','|2|','0','0','0','2000','1','1')
INSERT INTO CategoriesModules (UniqueID,CatID,ModuleID) VALUES('704338994543331','119952970612338','20')
INSERT INTO CategoriesPortals (UniqueID,CatID,PortalID) VALUES('102014080189188','119952970612338','0')
INSERT INTO Categories (CatID,ListUnder,CategoryName,Description,Keywords,CatType,Moderator,AccessKeys,WriteKeys,SEODescription,SEOPageTitle,ManageKeys,AccessHide,WriteHide,ExcPortalSecurity,Weight,ShowList,Sharing) VALUES('504593580127849','533666869140335','Freight Exchanges','','','','Moderator','|2|,|3|,|1|,|4|','|2|,|3|,|4|','','','|2|','0','0','0','2000','1','1')
INSERT INTO CategoriesModules (UniqueID,CatID,ModuleID) VALUES('210413913983742','504593580127849','20')
INSERT INTO CategoriesPortals (UniqueID,CatID,PortalID) VALUES('564948365370208','504593580127849','0')
INSERT INTO Categories (CatID,ListUnder,CategoryName,Description,Keywords,CatType,Moderator,AccessKeys,WriteKeys,SEODescription,SEOPageTitle,ManageKeys,AccessHide,WriteHide,ExcPortalSecurity,Weight,ShowList,Sharing) VALUES('703637837322756','205739367724222','Freight Forwarding','','','','Moderator','|2|,|3|,|1|,|4|','|2|,|3|,|4|','','','|2|','0','0','0','2000','1','1')
INSERT INTO CategoriesModules (UniqueID,CatID,ModuleID) VALUES('931427580797283','703637837322756','20')
INSERT INTO CategoriesPortals (UniqueID,CatID,PortalID) VALUES('443861717570746','703637837322756','0')
INSERT INTO Categories (CatID,ListUnder,CategoryName,Description,Keywords,CatType,Moderator,AccessKeys,WriteKeys,SEODescription,SEOPageTitle,ManageKeys,AccessHide,WriteHide,ExcPortalSecurity,Weight,ShowList,Sharing) VALUES('319706772103289','189238540572357','Frozen','','','','Moderator','|2|,|3|,|1|,|4|','|2|,|3|,|4|','','','|2|','0','0','0','2000','1','1')
INSERT INTO CategoriesModules (UniqueID,CatID,ModuleID) VALUES('169799630024554','319706772103289','20')
INSERT INTO CategoriesPortals (UniqueID,CatID,PortalID) VALUES('989428463353631','319706772103289','0')
INSERT INTO Categories (CatID,ListUnder,CategoryName,Description,Keywords,CatType,Moderator,AccessKeys,WriteKeys,SEODescription,SEOPageTitle,ManageKeys,AccessHide,WriteHide,ExcPortalSecurity,Weight,ShowList,Sharing) VALUES('143020654998608','180637350615341','Frozen','','','','Moderator','|2|,|3|,|1|,|4|','|2|,|3|,|4|','','','|2|','0','0','0','2000','1','1')
INSERT INTO CategoriesModules (UniqueID,CatID,ModuleID) VALUES('172524506294211','143020654998608','20')
INSERT INTO CategoriesPortals (UniqueID,CatID,PortalID) VALUES('561705696149826','143020654998608','0')
INSERT INTO Categories (CatID,ListUnder,CategoryName,Description,Keywords,CatType,Moderator,AccessKeys,WriteKeys,SEODescription,SEOPageTitle,ManageKeys,AccessHide,WriteHide,ExcPortalSecurity,Weight,ShowList,Sharing) VALUES('206185045784497','180965748237478','Frozen','','','','Moderator','|2|,|3|,|1|,|4|','|2|,|3|,|4|','','','|2|','0','0','0','2000','1','1')
INSERT INTO CategoriesModules (UniqueID,CatID,ModuleID) VALUES('179295928424336','206185045784497','20')
INSERT INTO CategoriesPortals (UniqueID,CatID,PortalID) VALUES('355858737468427','206185045784497','0')
INSERT INTO Categories (CatID,ListUnder,CategoryName,Description,Keywords,CatType,Moderator,AccessKeys,WriteKeys,SEODescription,SEOPageTitle,ManageKeys,AccessHide,WriteHide,ExcPortalSecurity,Weight,ShowList,Sharing) VALUES('158436581722252','173025067117845','Fruit Nut Stock','','','','Moderator','|2|,|3|,|1|,|4|','|2|,|3|,|4|','','','|2|','0','0','0','2000','1','1')
INSERT INTO CategoriesModules (UniqueID,CatID,ModuleID) VALUES('172784319986741','158436581722252','20')
INSERT INTO CategoriesPortals (UniqueID,CatID,PortalID) VALUES('202899354864887','158436581722252','0')
INSERT INTO Categories (CatID,ListUnder,CategoryName,Description,Keywords,CatType,Moderator,AccessKeys,WriteKeys,SEODescription,SEOPageTitle,ManageKeys,AccessHide,WriteHide,ExcPortalSecurity,Weight,ShowList,Sharing) VALUES('144775525011176','344209413176037','Fruits','','','','Moderator','|2|,|3|,|1|,|4|','|2|,|3|,|4|','','','|2|','0','0','0','2000','1','1')
INSERT INTO CategoriesModules (UniqueID,CatID,ModuleID) VALUES('296971650562110','144775525011176','20')
INSERT INTO CategoriesPortals (UniqueID,CatID,PortalID) VALUES('601410031722897','144775525011176','0')
INSERT INTO Categories (CatID,ListUnder,CategoryName,Description,Keywords,CatType,Moderator,AccessKeys,WriteKeys,SEODescription,SEOPageTitle,ManageKeys,AccessHide,WriteHide,ExcPortalSecurity,Weight,ShowList,Sharing) VALUES('943031119211812','189238540572357','Fruits','','','','Moderator','|2|,|3|,|1|,|4|','|2|,|3|,|4|','','','|2|','0','0','0','2000','1','1')
INSERT INTO CategoriesModules (UniqueID,CatID,ModuleID) VALUES('167176185831762','943031119211812','20')
INSERT INTO CategoriesPortals (UniqueID,CatID,PortalID) VALUES('591895367697280','943031119211812','0')
INSERT INTO Categories (CatID,ListUnder,CategoryName,Description,Keywords,CatType,Moderator,AccessKeys,WriteKeys,SEODescription,SEOPageTitle,ManageKeys,AccessHide,WriteHide,ExcPortalSecurity,Weight,ShowList,Sharing) VALUES('185502680782569','943998601411373','Full Service','','','','Moderator','|2|,|3|,|1|,|4|','|2|,|3|,|4|','','','|2|','0','0','0','2000','1','1')
INSERT INTO CategoriesModules (UniqueID,CatID,ModuleID) VALUES('561501545744264','185502680782569','20')
INSERT INTO CategoriesPortals (UniqueID,CatID,PortalID) VALUES('448853293736125','185502680782569','0')
INSERT INTO Categories (CatID,ListUnder,CategoryName,Description,Keywords,CatType,Moderator,AccessKeys,WriteKeys,SEODescription,SEOPageTitle,ManageKeys,AccessHide,WriteHide,ExcPortalSecurity,Weight,ShowList,Sharing) VALUES('697507587048669','105420242607528','Fund Groups','','','','Moderator','|2|,|3|,|1|,|4|','|2|,|3|,|4|','','','|2|','0','0','0','2000','1','1')
INSERT INTO CategoriesModules (UniqueID,CatID,ModuleID) VALUES('121726181112633','697507587048669','20')
INSERT INTO CategoriesPortals (UniqueID,CatID,PortalID) VALUES('963130172149437','697507587048669','0')
INSERT INTO Categories (CatID,ListUnder,CategoryName,Description,Keywords,CatType,Moderator,AccessKeys,WriteKeys,SEODescription,SEOPageTitle,ManageKeys,AccessHide,WriteHide,ExcPortalSecurity,Weight,ShowList,Sharing) VALUES('166862341867016','181537501518755','Funds','','','','Moderator','|2|,|3|,|1|,|4|','|2|,|3|,|4|','','','|2|','0','0','0','2000','1','1')
INSERT INTO CategoriesModules (UniqueID,CatID,ModuleID) VALUES('897735779645446','166862341867016','20')
INSERT INTO CategoriesPortals (UniqueID,CatID,PortalID) VALUES('170742381817808','166862341867016','0')
INSERT INTO Categories (CatID,ListUnder,CategoryName,Description,Keywords,CatType,Moderator,AccessKeys,WriteKeys,SEODescription,SEOPageTitle,ManageKeys,AccessHide,WriteHide,ExcPortalSecurity,Weight,ShowList,Sharing) VALUES('772341612256646','138186154628395','Furnaces Incinerators Kilns','','','','Moderator','|2|,|3|,|1|,|4|','|2|,|3|,|4|','','','|2|','0','0','0','2000','1','1')
INSERT INTO CategoriesModules (UniqueID,CatID,ModuleID) VALUES('180356509453171','772341612256646','20')
INSERT INTO CategoriesPortals (UniqueID,CatID,PortalID) VALUES('131863396661511','772341612256646','0')
INSERT INTO Categories (CatID,ListUnder,CategoryName,Description,Keywords,CatType,Moderator,AccessKeys,WriteKeys,SEODescription,SEOPageTitle,ManageKeys,AccessHide,WriteHide,ExcPortalSecurity,Weight,ShowList,Sharing) VALUES('175788848535557','187495860612871','Furnishings','','','','Moderator','|2|,|3|,|1|,|4|','|2|,|3|,|4|','','','|2|','0','0','0','2000','1','1')
INSERT INTO CategoriesModules (UniqueID,CatID,ModuleID) VALUES('117108916416764','175788848535557','20')
INSERT INTO CategoriesPortals (UniqueID,CatID,PortalID) VALUES('909963936580951','175788848535557','0')
INSERT INTO Categories (CatID,ListUnder,CategoryName,Description,Keywords,CatType,Moderator,AccessKeys,WriteKeys,SEODescription,SEOPageTitle,ManageKeys,AccessHide,WriteHide,ExcPortalSecurity,Weight,ShowList,Sharing) VALUES('181502784233793','624121968265929','Furniture','','','','Moderator','|2|,|3|,|1|,|4|','|2|,|3|,|4|','','','|2|','0','0','0','2000','1','1')
INSERT INTO CategoriesModules (UniqueID,CatID,ModuleID) VALUES('129843520157731','181502784233793','20')
INSERT INTO CategoriesPortals (UniqueID,CatID,PortalID) VALUES('196260793574868','181502784233793','0')
INSERT INTO Categories (CatID,ListUnder,CategoryName,Description,Keywords,CatType,Moderator,AccessKeys,WriteKeys,SEODescription,SEOPageTitle,ManageKeys,AccessHide,WriteHide,ExcPortalSecurity,Weight,ShowList,Sharing) VALUES('154350121691119','337252452252724','Furniture','','','','Moderator','|2|,|3|,|1|,|4|','|2|,|3|,|4|','','','|2|','0','0','0','2000','1','1')
INSERT INTO CategoriesModules (UniqueID,CatID,ModuleID) VALUES('432579827216813','154350121691119','20')
INSERT INTO CategoriesPortals (UniqueID,CatID,PortalID) VALUES('151927826559866','154350121691119','0')
INSERT INTO Categories (CatID,ListUnder,CategoryName,Description,Keywords,CatType,Moderator,AccessKeys,WriteKeys,SEODescription,SEOPageTitle,ManageKeys,AccessHide,WriteHide,ExcPortalSecurity,Weight,ShowList,Sharing) VALUES('176141499734456','276747700313167','Furniture Design','','','','Moderator','|2|,|3|,|1|,|4|','|2|,|3|,|4|','','','|2|','0','0','0','2000','1','1')
INSERT INTO CategoriesModules (UniqueID,CatID,ModuleID) VALUES('206916301252711','176141499734456','20')
INSERT INTO CategoriesPortals (UniqueID,CatID,PortalID) VALUES('371165172462659','176141499734456','0')
INSERT INTO Categories (CatID,ListUnder,CategoryName,Description,Keywords,CatType,Moderator,AccessKeys,WriteKeys,SEODescription,SEOPageTitle,ManageKeys,AccessHide,WriteHide,ExcPortalSecurity,Weight,ShowList,Sharing) VALUES('198782180615884','938877619938672','Futures','','','','Moderator','|2|,|3|,|1|,|4|','|2|,|3|,|4|','','','|2|','0','0','0','2000','1','1')
INSERT INTO CategoriesModules (UniqueID,CatID,ModuleID) VALUES('109665606578846','198782180615884','20')
INSERT INTO CategoriesPortals (UniqueID,CatID,PortalID) VALUES('361312295572469','198782180615884','0')
INSERT INTO Categories (CatID,ListUnder,CategoryName,Description,Keywords,CatType,Moderator,AccessKeys,WriteKeys,SEODescription,SEOPageTitle,ManageKeys,AccessHide,WriteHide,ExcPortalSecurity,Weight,ShowList,Sharing) VALUES('155398756323728','207459448845489','Games','','','','Moderator','|2|,|3|,|1|,|4|','|2|,|3|,|4|','','','|2|','0','0','0','2000','1','1')
INSERT INTO CategoriesModules (UniqueID,CatID,ModuleID) VALUES('189264772541424','155398756323728','20')
INSERT INTO CategoriesPortals (UniqueID,CatID,PortalID) VALUES('440322026558337','155398756323728','0')
INSERT INTO Categories (CatID,ListUnder,CategoryName,Description,Keywords,CatType,Moderator,AccessKeys,WriteKeys,SEODescription,SEOPageTitle,ManageKeys,AccessHide,WriteHide,ExcPortalSecurity,Weight,ShowList,Sharing) VALUES('122102886258689','181537501518755','Games','','','','Moderator','|2|,|3|,|1|,|4|','|2|,|3|,|4|','','','|2|','0','0','0','2000','1','1')
INSERT INTO CategoriesModules (UniqueID,CatID,ModuleID) VALUES('205750865346122','122102886258689','20')
INSERT INTO CategoriesPortals (UniqueID,CatID,PortalID) VALUES('180947149152734','122102886258689','0')
INSERT INTO Categories (CatID,ListUnder,CategoryName,Description,Keywords,CatType,Moderator,AccessKeys,WriteKeys,SEODescription,SEOPageTitle,ManageKeys,AccessHide,WriteHide,ExcPortalSecurity,Weight,ShowList,Sharing) VALUES('575161173578355','152296721796111','Gaming','','','','Moderator','|2|,|3|,|1|,|4|','|2|,|3|,|4|','','','|2|','0','0','0','2000','1','1')
INSERT INTO CategoriesModules (UniqueID,CatID,ModuleID) VALUES('796142419438832','575161173578355','20')
INSERT INTO CategoriesPortals (UniqueID,CatID,PortalID) VALUES('644364258885248','575161173578355','0')
[[GO]]
INSERT INTO Categories (CatID,ListUnder,CategoryName,Description,Keywords,CatType,Moderator,AccessKeys,WriteKeys,SEODescription,SEOPageTitle,ManageKeys,AccessHide,WriteHide,ExcPortalSecurity,Weight,ShowList,Sharing) VALUES('213757942313751','205363440123701','Garment Racks','','','','Moderator','|2|,|3|,|1|,|4|','|2|,|3|,|4|','','','|2|','0','0','0','2000','1','1')
INSERT INTO CategoriesModules (UniqueID,CatID,ModuleID) VALUES('160042556591635','213757942313751','20')
INSERT INTO CategoriesPortals (UniqueID,CatID,PortalID) VALUES('876571040170850','213757942313751','0')
INSERT INTO Categories (CatID,ListUnder,CategoryName,Description,Keywords,CatType,Moderator,AccessKeys,WriteKeys,SEODescription,SEOPageTitle,ManageKeys,AccessHide,WriteHide,ExcPortalSecurity,Weight,ShowList,Sharing) VALUES('490874127489819','131617887013514','Gas Electricity','','','','Moderator','|2|,|3|,|1|,|4|','|2|,|3|,|4|','','','|2|','0','0','0','2000','1','1')
INSERT INTO CategoriesModules (UniqueID,CatID,ModuleID) VALUES('914331998526063','490874127489819','20')
INSERT INTO CategoriesPortals (UniqueID,CatID,PortalID) VALUES('151376840330962','490874127489819','0')
INSERT INTO Categories (CatID,ListUnder,CategoryName,Description,Keywords,CatType,Moderator,AccessKeys,WriteKeys,SEODescription,SEOPageTitle,ManageKeys,AccessHide,WriteHide,ExcPortalSecurity,Weight,ShowList,Sharing) VALUES('137739079524844','185703692781321','Gases','','','','Moderator','|2|,|3|,|1|,|4|','|2|,|3|,|4|','','','|2|','0','0','0','2000','1','1')
INSERT INTO CategoriesModules (UniqueID,CatID,ModuleID) VALUES('213081315150172','137739079524844','20')
INSERT INTO CategoriesPortals (UniqueID,CatID,PortalID) VALUES('100573510274439','137739079524844','0')
INSERT INTO Categories (CatID,ListUnder,CategoryName,Description,Keywords,CatType,Moderator,AccessKeys,WriteKeys,SEODescription,SEOPageTitle,ManageKeys,AccessHide,WriteHide,ExcPortalSecurity,Weight,ShowList,Sharing) VALUES('535291367412624','727012399526175','Gaskets Seals','','','','Moderator','|2|,|3|,|1|,|4|','|2|,|3|,|4|','','','|2|','0','0','0','2000','1','1')
INSERT INTO CategoriesModules (UniqueID,CatID,ModuleID) VALUES('194698906288296','535291367412624','20')
INSERT INTO CategoriesPortals (UniqueID,CatID,PortalID) VALUES('968658598629558','535291367412624','0')
INSERT INTO Categories (CatID,ListUnder,CategoryName,Description,Keywords,CatType,Moderator,AccessKeys,WriteKeys,SEODescription,SEOPageTitle,ManageKeys,AccessHide,WriteHide,ExcPortalSecurity,Weight,ShowList,Sharing) VALUES('517435750931321','727012399526175','Gauges Meters','','','','Moderator','|2|,|3|,|1|,|4|','|2|,|3|,|4|','','','|2|','0','0','0','2000','1','1')
INSERT INTO CategoriesModules (UniqueID,CatID,ModuleID) VALUES('538885933864073','517435750931321','20')
INSERT INTO CategoriesPortals (UniqueID,CatID,PortalID) VALUES('497997772536116','517435750931321','0')
INSERT INTO Categories (CatID,ListUnder,CategoryName,Description,Keywords,CatType,Moderator,AccessKeys,WriteKeys,SEODescription,SEOPageTitle,ManageKeys,AccessHide,WriteHide,ExcPortalSecurity,Weight,ShowList,Sharing) VALUES('354370233868631','133529660719882','Gems Precious Stones','','','','Moderator','|2|,|3|,|1|,|4|','|2|,|3|,|4|','','','|2|','0','0','0','2000','1','1')
INSERT INTO CategoriesModules (UniqueID,CatID,ModuleID) VALUES('109647728922681','354370233868631','20')
INSERT INTO CategoriesPortals (UniqueID,CatID,PortalID) VALUES('114893930961881','354370233868631','0')
INSERT INTO Categories (CatID,ListUnder,CategoryName,Description,Keywords,CatType,Moderator,AccessKeys,WriteKeys,SEODescription,SEOPageTitle,ManageKeys,AccessHide,WriteHide,ExcPortalSecurity,Weight,ShowList,Sharing) VALUES('180669137631644','468964763450112','General Consulting','','','','Moderator','|2|,|3|,|1|,|4|','|2|,|3|,|4|','','','|2|','0','0','0','2000','1','1')
INSERT INTO CategoriesModules (UniqueID,CatID,ModuleID) VALUES('195963410554223','180669137631644','20')
INSERT INTO CategoriesPortals (UniqueID,CatID,PortalID) VALUES('236289435055268','180669137631644','0')
INSERT INTO Categories (CatID,ListUnder,CategoryName,Description,Keywords,CatType,Moderator,AccessKeys,WriteKeys,SEODescription,SEOPageTitle,ManageKeys,AccessHide,WriteHide,ExcPortalSecurity,Weight,ShowList,Sharing) VALUES('169684464194756','142267519150532','General Merch ise','','','','Moderator','|2|,|3|,|1|,|4|','|2|,|3|,|4|','','','|2|','0','0','0','2000','1','1')
INSERT INTO CategoriesModules (UniqueID,CatID,ModuleID) VALUES('120764445992548','169684464194756','20')
INSERT INTO CategoriesPortals (UniqueID,CatID,PortalID) VALUES('118545752219154','169684464194756','0')
INSERT INTO Categories (CatID,ListUnder,CategoryName,Description,Keywords,CatType,Moderator,AccessKeys,WriteKeys,SEODescription,SEOPageTitle,ManageKeys,AccessHide,WriteHide,ExcPortalSecurity,Weight,ShowList,Sharing) VALUES('192542880031825','608935416935494','General Transcription Word Processing','','','','Moderator','|2|,|3|,|1|,|4|','|2|,|3|,|4|','','','|2|','0','0','0','2000','1','1')
INSERT INTO CategoriesModules (UniqueID,CatID,ModuleID) VALUES('503921010270868','192542880031825','20')
INSERT INTO CategoriesPortals (UniqueID,CatID,PortalID) VALUES('136319984116271','192542880031825','0')
INSERT INTO Categories (CatID,ListUnder,CategoryName,Description,Keywords,CatType,Moderator,AccessKeys,WriteKeys,SEODescription,SEOPageTitle,ManageKeys,AccessHide,WriteHide,ExcPortalSecurity,Weight,ShowList,Sharing) VALUES('282945902411342','154294030131064','Generators','','','','Moderator','|2|,|3|,|1|,|4|','|2|,|3|,|4|','','','|2|','0','0','0','2000','1','1')
INSERT INTO CategoriesModules (UniqueID,CatID,ModuleID) VALUES('163762152941783','282945902411342','20')
INSERT INTO CategoriesPortals (UniqueID,CatID,PortalID) VALUES('193690448160440','282945902411342','0')
INSERT INTO Categories (CatID,ListUnder,CategoryName,Description,Keywords,CatType,Moderator,AccessKeys,WriteKeys,SEODescription,SEOPageTitle,ManageKeys,AccessHide,WriteHide,ExcPortalSecurity,Weight,ShowList,Sharing) VALUES('180750366276438','170532550168044','Genetically Modified Organisms','','','','Moderator','|2|,|3|,|1|,|4|','|2|,|3|,|4|','','','|2|','0','0','0','2000','1','1')
INSERT INTO CategoriesModules (UniqueID,CatID,ModuleID) VALUES('192278918077475','180750366276438','20')
INSERT INTO CategoriesPortals (UniqueID,CatID,PortalID) VALUES('154423342116431','180750366276438','0')
INSERT INTO Categories (CatID,ListUnder,CategoryName,Description,Keywords,CatType,Moderator,AccessKeys,WriteKeys,SEODescription,SEOPageTitle,ManageKeys,AccessHide,WriteHide,ExcPortalSecurity,Weight,ShowList,Sharing) VALUES('140605802734015','940557948960701','Geosynthetics Equipment','','','','Moderator','|2|,|3|,|1|,|4|','|2|,|3|,|4|','','','|2|','0','0','0','2000','1','1')
INSERT INTO CategoriesModules (UniqueID,CatID,ModuleID) VALUES('203408476099536','140605802734015','20')
INSERT INTO CategoriesPortals (UniqueID,CatID,PortalID) VALUES('127023963548745','140605802734015','0')
INSERT INTO Categories (CatID,ListUnder,CategoryName,Description,Keywords,CatType,Moderator,AccessKeys,WriteKeys,SEODescription,SEOPageTitle,ManageKeys,AccessHide,WriteHide,ExcPortalSecurity,Weight,ShowList,Sharing) VALUES('158932172064515','114176321849964','Geotechnical','','','','Moderator','|2|,|3|,|1|,|4|','|2|,|3|,|4|','','','|2|','0','0','0','2000','1','1')
INSERT INTO CategoriesModules (UniqueID,CatID,ModuleID) VALUES('436018949456212','158932172064515','20')
INSERT INTO CategoriesPortals (UniqueID,CatID,PortalID) VALUES('782950950516000','158932172064515','0')
INSERT INTO Categories (CatID,ListUnder,CategoryName,Description,Keywords,CatType,Moderator,AccessKeys,WriteKeys,SEODescription,SEOPageTitle,ManageKeys,AccessHide,WriteHide,ExcPortalSecurity,Weight,ShowList,Sharing) VALUES('144504101957374','863731361482620','Gift Baskets','','','','Moderator','|2|,|3|,|1|,|4|','|2|,|3|,|4|','','','|2|','0','0','0','2000','1','1')
INSERT INTO CategoriesModules (UniqueID,CatID,ModuleID) VALUES('191087502541031','144504101957374','20')
INSERT INTO CategoriesPortals (UniqueID,CatID,PortalID) VALUES('820235084125027','144504101957374','0')
INSERT INTO Categories (CatID,ListUnder,CategoryName,Description,Keywords,CatType,Moderator,AccessKeys,WriteKeys,SEODescription,SEOPageTitle,ManageKeys,AccessHide,WriteHide,ExcPortalSecurity,Weight,ShowList,Sharing) VALUES('124776372921587','863731361482620','Gift Wrap','','','','Moderator','|2|,|3|,|1|,|4|','|2|,|3|,|4|','','','|2|','0','0','0','2000','1','1')
INSERT INTO CategoriesModules (UniqueID,CatID,ModuleID) VALUES('852034358891863','124776372921587','20')
INSERT INTO CategoriesPortals (UniqueID,CatID,PortalID) VALUES('194388152446646','124776372921587','0')
INSERT INTO Categories (CatID,ListUnder,CategoryName,Description,Keywords,CatType,Moderator,AccessKeys,WriteKeys,SEODescription,SEOPageTitle,ManageKeys,AccessHide,WriteHide,ExcPortalSecurity,Weight,ShowList,Sharing) VALUES('863731361482620','337252452252724','Gifts','','','','Moderator','|2|,|3|,|1|,|4|','|2|,|3|,|4|','','','|2|','0','0','0','2000','1','1')
INSERT INTO CategoriesModules (UniqueID,CatID,ModuleID) VALUES('231265262233571','863731361482620','20')
INSERT INTO CategoriesPortals (UniqueID,CatID,PortalID) VALUES('487633620212752','863731361482620','0')
INSERT INTO Categories (CatID,ListUnder,CategoryName,Description,Keywords,CatType,Moderator,AccessKeys,WriteKeys,SEODescription,SEOPageTitle,ManageKeys,AccessHide,WriteHide,ExcPortalSecurity,Weight,ShowList,Sharing) VALUES('456972191990429','302144370971758','Glass','','','','Moderator','|2|,|3|,|1|,|4|','|2|,|3|,|4|','','','|2|','0','0','0','2000','1','1')
INSERT INTO CategoriesModules (UniqueID,CatID,ModuleID) VALUES('327409651766682','456972191990429','20')
INSERT INTO CategoriesPortals (UniqueID,CatID,PortalID) VALUES('607575487321935','456972191990429','0')
INSERT INTO Categories (CatID,ListUnder,CategoryName,Description,Keywords,CatType,Moderator,AccessKeys,WriteKeys,SEODescription,SEOPageTitle,ManageKeys,AccessHide,WriteHide,ExcPortalSecurity,Weight,ShowList,Sharing) VALUES('210112909548386','280965458060437','Goats','','','','Moderator','|2|,|3|,|1|,|4|','|2|,|3|,|4|','','','|2|','0','0','0','2000','1','1')
INSERT INTO CategoriesModules (UniqueID,CatID,ModuleID) VALUES('117057453753537','210112909548386','20')
INSERT INTO CategoriesPortals (UniqueID,CatID,PortalID) VALUES('117597638501031','210112909548386','0')
INSERT INTO Categories (CatID,ListUnder,CategoryName,Description,Keywords,CatType,Moderator,AccessKeys,WriteKeys,SEODescription,SEOPageTitle,ManageKeys,AccessHide,WriteHide,ExcPortalSecurity,Weight,ShowList,Sharing) VALUES('128159621250643','183131383188741','Government','','','','Moderator','|2|,|3|,|1|,|4|','|2|,|3|,|4|','','','|2|','0','0','0','2000','1','1')
INSERT INTO CategoriesModules (UniqueID,CatID,ModuleID) VALUES('473018627742517','128159621250643','20')
INSERT INTO CategoriesPortals (UniqueID,CatID,PortalID) VALUES('175656570611373','128159621250643','0')
INSERT INTO Categories (CatID,ListUnder,CategoryName,Description,Keywords,CatType,Moderator,AccessKeys,WriteKeys,SEODescription,SEOPageTitle,ManageKeys,AccessHide,WriteHide,ExcPortalSecurity,Weight,ShowList,Sharing) VALUES('522247157868233','166717347983737','Government Agencies','','','','Moderator','|2|,|3|,|1|,|4|','|2|,|3|,|4|','','','|2|','0','0','0','2000','1','1')
INSERT INTO CategoriesModules (UniqueID,CatID,ModuleID) VALUES('207588552349583','522247157868233','20')
INSERT INTO CategoriesPortals (UniqueID,CatID,PortalID) VALUES('210350973903716','522247157868233','0')
INSERT INTO Categories (CatID,ListUnder,CategoryName,Description,Keywords,CatType,Moderator,AccessKeys,WriteKeys,SEODescription,SEOPageTitle,ManageKeys,AccessHide,WriteHide,ExcPortalSecurity,Weight,ShowList,Sharing) VALUES('498359095706613','180637350615341','Grains Legumes','','','','Moderator','|2|,|3|,|1|,|4|','|2|,|3|,|4|','','','|2|','0','0','0','2000','1','1')
INSERT INTO CategoriesModules (UniqueID,CatID,ModuleID) VALUES('883220035628443','498359095706613','20')
INSERT INTO CategoriesPortals (UniqueID,CatID,PortalID) VALUES('135602788141577','498359095706613','0')
INSERT INTO Categories (CatID,ListUnder,CategoryName,Description,Keywords,CatType,Moderator,AccessKeys,WriteKeys,SEODescription,SEOPageTitle,ManageKeys,AccessHide,WriteHide,ExcPortalSecurity,Weight,ShowList,Sharing) VALUES('860435992957723','284316302752662','Grants Credits Assistance','','','','Moderator','|2|,|3|,|1|,|4|','|2|,|3|,|4|','','','|2|','0','0','0','2000','1','1')
INSERT INTO CategoriesModules (UniqueID,CatID,ModuleID) VALUES('139996002642679','860435992957723','20')
INSERT INTO CategoriesPortals (UniqueID,CatID,PortalID) VALUES('182984872566439','860435992957723','0')
INSERT INTO Categories (CatID,ListUnder,CategoryName,Description,Keywords,CatType,Moderator,AccessKeys,WriteKeys,SEODescription,SEOPageTitle,ManageKeys,AccessHide,WriteHide,ExcPortalSecurity,Weight,ShowList,Sharing) VALUES('110590957971259','183131383188741','Graphic Design','','','','Moderator','|2|,|3|,|1|,|4|','|2|,|3|,|4|','','','|2|','0','0','0','2000','1','1')
INSERT INTO CategoriesModules (UniqueID,CatID,ModuleID) VALUES('108551236556545','110590957971259','20')
INSERT INTO CategoriesPortals (UniqueID,CatID,PortalID) VALUES('701836845511292','110590957971259','0')
INSERT INTO Categories (CatID,ListUnder,CategoryName,Description,Keywords,CatType,Moderator,AccessKeys,WriteKeys,SEODescription,SEOPageTitle,ManageKeys,AccessHide,WriteHide,ExcPortalSecurity,Weight,ShowList,Sharing) VALUES('120134522631295','863731361482620','Greeting Cards','','','','Moderator','|2|,|3|,|1|,|4|','|2|,|3|,|4|','','','|2|','0','0','0','2000','1','1')
INSERT INTO CategoriesModules (UniqueID,CatID,ModuleID) VALUES('205588268005742','120134522631295','20')
INSERT INTO CategoriesPortals (UniqueID,CatID,PortalID) VALUES('214021726030563','120134522631295','0')
INSERT INTO Categories (CatID,ListUnder,CategoryName,Description,Keywords,CatType,Moderator,AccessKeys,WriteKeys,SEODescription,SEOPageTitle,ManageKeys,AccessHide,WriteHide,ExcPortalSecurity,Weight,ShowList,Sharing) VALUES('613491005536134','194091967154117','Ground Support','','','','Moderator','|2|,|3|,|1|,|4|','|2|,|3|,|4|','','','|2|','0','0','0','2000','1','1')
INSERT INTO CategoriesModules (UniqueID,CatID,ModuleID) VALUES('540569858203441','613491005536134','20')
INSERT INTO CategoriesPortals (UniqueID,CatID,PortalID) VALUES('127093737975194','613491005536134','0')
INSERT INTO Categories (CatID,ListUnder,CategoryName,Description,Keywords,CatType,Moderator,AccessKeys,WriteKeys,SEODescription,SEOPageTitle,ManageKeys,AccessHide,WriteHide,ExcPortalSecurity,Weight,ShowList,Sharing) VALUES('173025067117845','102651687824638','Growers','','','','Moderator','|2|,|3|,|1|,|4|','|2|,|3|,|4|','','','|2|','0','0','0','2000','1','1')
INSERT INTO CategoriesModules (UniqueID,CatID,ModuleID) VALUES('137064945737838','173025067117845','20')
INSERT INTO CategoriesPortals (UniqueID,CatID,PortalID) VALUES('212717243134047','173025067117845','0')
INSERT INTO Categories (CatID,ListUnder,CategoryName,Description,Keywords,CatType,Moderator,AccessKeys,WriteKeys,SEODescription,SEOPageTitle,ManageKeys,AccessHide,WriteHide,ExcPortalSecurity,Weight,ShowList,Sharing) VALUES('206378767012128','938877619938672','Guides','','','','Moderator','|2|,|3|,|1|,|4|','|2|,|3|,|4|','','','|2|','0','0','0','2000','1','1')
INSERT INTO CategoriesModules (UniqueID,CatID,ModuleID) VALUES('734111298851232','206378767012128','20')
INSERT INTO CategoriesPortals (UniqueID,CatID,PortalID) VALUES('858658874295018','206378767012128','0')
INSERT INTO Categories (CatID,ListUnder,CategoryName,Description,Keywords,CatType,Moderator,AccessKeys,WriteKeys,SEODescription,SEOPageTitle,ManageKeys,AccessHide,WriteHide,ExcPortalSecurity,Weight,ShowList,Sharing) VALUES('123890589835661','181537501518755','Guides','','','','Moderator','|2|,|3|,|1|,|4|','|2|,|3|,|4|','','','|2|','0','0','0','2000','1','1')
INSERT INTO CategoriesModules (UniqueID,CatID,ModuleID) VALUES('181753688995711','123890589835661','20')
INSERT INTO CategoriesPortals (UniqueID,CatID,PortalID) VALUES('112275875989388','123890589835661','0')
INSERT INTO Categories (CatID,ListUnder,CategoryName,Description,Keywords,CatType,Moderator,AccessKeys,WriteKeys,SEODescription,SEOPageTitle,ManageKeys,AccessHide,WriteHide,ExcPortalSecurity,Weight,ShowList,Sharing) VALUES('177331101259243','174578511035830','Guides Calculators','','','','Moderator','|2|,|3|,|1|,|4|','|2|,|3|,|4|','','','|2|','0','0','0','2000','1','1')
INSERT INTO CategoriesModules (UniqueID,CatID,ModuleID) VALUES('124863228971738','177331101259243','20')
INSERT INTO CategoriesPortals (UniqueID,CatID,PortalID) VALUES('758023303725481','177331101259243','0')
INSERT INTO Categories (CatID,ListUnder,CategoryName,Description,Keywords,CatType,Moderator,AccessKeys,WriteKeys,SEODescription,SEOPageTitle,ManageKeys,AccessHide,WriteHide,ExcPortalSecurity,Weight,ShowList,Sharing) VALUES('101722854603726','118549889292021','Guides Directories','','','','Moderator','|2|,|3|,|1|,|4|','|2|,|3|,|4|','','','|2|','0','0','0','2000','1','1')
INSERT INTO CategoriesModules (UniqueID,CatID,ModuleID) VALUES('255302029332867','101722854603726','20')
INSERT INTO CategoriesPortals (UniqueID,CatID,PortalID) VALUES('138527943743243','101722854603726','0')
INSERT INTO Categories (CatID,ListUnder,CategoryName,Description,Keywords,CatType,Moderator,AccessKeys,WriteKeys,SEODescription,SEOPageTitle,ManageKeys,AccessHide,WriteHide,ExcPortalSecurity,Weight,ShowList,Sharing) VALUES('823032723744810','146887866941263','Gum','','','','Moderator','|2|,|3|,|1|,|4|','|2|,|3|,|4|','','','|2|','0','0','0','2000','1','1')
INSERT INTO CategoriesModules (UniqueID,CatID,ModuleID) VALUES('718477965449283','823032723744810','20')
INSERT INTO CategoriesPortals (UniqueID,CatID,PortalID) VALUES('923174075558181','823032723744810','0')
INSERT INTO Categories (CatID,ListUnder,CategoryName,Description,Keywords,CatType,Moderator,AccessKeys,WriteKeys,SEODescription,SEOPageTitle,ManageKeys,AccessHide,WriteHide,ExcPortalSecurity,Weight,ShowList,Sharing) VALUES('391839710737395','121052169707044','Gums Hydrocolloids','','','','Moderator','|2|,|3|,|1|,|4|','|2|,|3|,|4|','','','|2|','0','0','0','2000','1','1')
INSERT INTO CategoriesModules (UniqueID,CatID,ModuleID) VALUES('108995918197749','391839710737395','20')
INSERT INTO CategoriesPortals (UniqueID,CatID,PortalID) VALUES('203563492278316','391839710737395','0')
INSERT INTO Categories (CatID,ListUnder,CategoryName,Description,Keywords,CatType,Moderator,AccessKeys,WriteKeys,SEODescription,SEOPageTitle,ManageKeys,AccessHide,WriteHide,ExcPortalSecurity,Weight,ShowList,Sharing) VALUES('173570436238934','826500906614541','H icrafts','','','','Moderator','|2|,|3|,|1|,|4|','|2|,|3|,|4|','','','|2|','0','0','0','2000','1','1')
INSERT INTO CategoriesModules (UniqueID,CatID,ModuleID) VALUES('185932632026416','173570436238934','20')
INSERT INTO CategoriesPortals (UniqueID,CatID,PortalID) VALUES('451491295460634','173570436238934','0')
INSERT INTO Categories (CatID,ListUnder,CategoryName,Description,Keywords,CatType,Moderator,AccessKeys,WriteKeys,SEODescription,SEOPageTitle,ManageKeys,AccessHide,WriteHide,ExcPortalSecurity,Weight,ShowList,Sharing) VALUES('765684016016169','369223682782626','Hair Care','','','','Moderator','|2|,|3|,|1|,|4|','|2|,|3|,|4|','','','|2|','0','0','0','2000','1','1')
INSERT INTO CategoriesModules (UniqueID,CatID,ModuleID) VALUES('146782261066461','765684016016169','20')
INSERT INTO CategoriesPortals (UniqueID,CatID,PortalID) VALUES('790353495380767','765684016016169','0')
INSERT INTO Categories (CatID,ListUnder,CategoryName,Description,Keywords,CatType,Moderator,AccessKeys,WriteKeys,SEODescription,SEOPageTitle,ManageKeys,AccessHide,WriteHide,ExcPortalSecurity,Weight,ShowList,Sharing) VALUES('930498403134777','369761046869198','Halal','','','','Moderator','|2|,|3|,|1|,|4|','|2|,|3|,|4|','','','|2|','0','0','0','2000','1','1')
INSERT INTO CategoriesModules (UniqueID,CatID,ModuleID) VALUES('864205437656246','930498403134777','20')
INSERT INTO CategoriesPortals (UniqueID,CatID,PortalID) VALUES('205878159528854','930498403134777','0')
INSERT INTO Categories (CatID,ListUnder,CategoryName,Description,Keywords,CatType,Moderator,AccessKeys,WriteKeys,SEODescription,SEOPageTitle,ManageKeys,AccessHide,WriteHide,ExcPortalSecurity,Weight,ShowList,Sharing) VALUES('929798384186508','116414705839970','Hardware','','','','Moderator','|2|,|3|,|1|,|4|','|2|,|3|,|4|','','','|2|','0','0','0','2000','1','1')
INSERT INTO CategoriesModules (UniqueID,CatID,ModuleID) VALUES('139523513342803','929798384186508','20')
INSERT INTO CategoriesPortals (UniqueID,CatID,PortalID) VALUES('611426163416458','929798384186508','0')
INSERT INTO Categories (CatID,ListUnder,CategoryName,Description,Keywords,CatType,Moderator,AccessKeys,WriteKeys,SEODescription,SEOPageTitle,ManageKeys,AccessHide,WriteHide,ExcPortalSecurity,Weight,ShowList,Sharing) VALUES('211288512993606','207494574995551','Hardware Accessories','','','','Moderator','|2|,|3|,|1|,|4|','|2|,|3|,|4|','','','|2|','0','0','0','2000','1','1')
INSERT INTO CategoriesModules (UniqueID,CatID,ModuleID) VALUES('130834871913862','211288512993606','20')
INSERT INTO CategoriesPortals (UniqueID,CatID,PortalID) VALUES('165305736926102','211288512993606','0')
INSERT INTO Categories (CatID,ListUnder,CategoryName,Description,Keywords,CatType,Moderator,AccessKeys,WriteKeys,SEODescription,SEOPageTitle,ManageKeys,AccessHide,WriteHide,ExcPortalSecurity,Weight,ShowList,Sharing) VALUES('685219692108381','284131841433627','Hazardous','','','','Moderator','|2|,|3|,|1|,|4|','|2|,|3|,|4|','','','|2|','0','0','0','2000','1','1')
INSERT INTO CategoriesModules (UniqueID,CatID,ModuleID) VALUES('776413682277448','685219692108381','20')
INSERT INTO CategoriesPortals (UniqueID,CatID,PortalID) VALUES('455337313493776','685219692108381','0')
INSERT INTO Categories (CatID,ListUnder,CategoryName,Description,Keywords,CatType,Moderator,AccessKeys,WriteKeys,SEODescription,SEOPageTitle,ManageKeys,AccessHide,WriteHide,ExcPortalSecurity,Weight,ShowList,Sharing) VALUES('289879512141966','207494574995551','Headsets H sets','','','','Moderator','|2|,|3|,|1|,|4|','|2|,|3|,|4|','','','|2|','0','0','0','2000','1','1')
INSERT INTO CategoriesModules (UniqueID,CatID,ModuleID) VALUES('419795502583437','289879512141966','20')
INSERT INTO CategoriesPortals (UniqueID,CatID,PortalID) VALUES('213703097057324','289879512141966','0')
INSERT INTO Categories (CatID,ListUnder,CategoryName,Description,Keywords,CatType,Moderator,AccessKeys,WriteKeys,SEODescription,SEOPageTitle,ManageKeys,AccessHide,WriteHide,ExcPortalSecurity,Weight,ShowList,Sharing) VALUES('258059058907317','301518407739005','Health','','','','Moderator','|2|,|3|,|1|,|4|','|2|,|3|,|4|','','','|2|','0','0','0','2000','1','1')
INSERT INTO CategoriesModules (UniqueID,CatID,ModuleID) VALUES('156154941782897','258059058907317','20')
INSERT INTO CategoriesPortals (UniqueID,CatID,PortalID) VALUES('175390739962719','258059058907317','0')
INSERT INTO Categories (CatID,ListUnder,CategoryName,Description,Keywords,CatType,Moderator,AccessKeys,WriteKeys,SEODescription,SEOPageTitle,ManageKeys,AccessHide,WriteHide,ExcPortalSecurity,Weight,ShowList,Sharing) VALUES('915392470283486','210033999318512','Health Welfare Plans','','','','Moderator','|2|,|3|,|1|,|4|','|2|,|3|,|4|','','','|2|','0','0','0','2000','1','1')
INSERT INTO CategoriesModules (UniqueID,CatID,ModuleID) VALUES('349131980875157','915392470283486','20')
INSERT INTO CategoriesPortals (UniqueID,CatID,PortalID) VALUES('994972255454432','915392470283486','0')
INSERT INTO Categories (CatID,ListUnder,CategoryName,Description,Keywords,CatType,Moderator,AccessKeys,WriteKeys,SEODescription,SEOPageTitle,ManageKeys,AccessHide,WriteHide,ExcPortalSecurity,Weight,ShowList,Sharing) VALUES('186370497978018','0','Healthcare','','','','Moderator','|2|,|3|,|1|,|4|','|2|,|3|,|4|','','','|2|','0','0','0','2000','1','1')
INSERT INTO CategoriesModules (UniqueID,CatID,ModuleID) VALUES('154063672401645','186370497978018','20')
INSERT INTO CategoriesPortals (UniqueID,CatID,PortalID) VALUES('449647909875673','186370497978018','0')
INSERT INTO Categories (CatID,ListUnder,CategoryName,Description,Keywords,CatType,Moderator,AccessKeys,WriteKeys,SEODescription,SEOPageTitle,ManageKeys,AccessHide,WriteHide,ExcPortalSecurity,Weight,ShowList,Sharing) VALUES('108843118081185','186370497978018','Healthcare Management','','','','Moderator','|2|,|3|,|1|,|4|','|2|,|3|,|4|','','','|2|','0','0','0','2000','1','1')
INSERT INTO CategoriesModules (UniqueID,CatID,ModuleID) VALUES('445226034157738','108843118081185','20')
INSERT INTO CategoriesPortals (UniqueID,CatID,PortalID) VALUES('448979289415376','108843118081185','0')
INSERT INTO Categories (CatID,ListUnder,CategoryName,Description,Keywords,CatType,Moderator,AccessKeys,WriteKeys,SEODescription,SEOPageTitle,ManageKeys,AccessHide,WriteHide,ExcPortalSecurity,Weight,ShowList,Sharing) VALUES('118297986612871','153991554677553','Hearing','','','','Moderator','|2|,|3|,|1|,|4|','|2|,|3|,|4|','','','|2|','0','0','0','2000','1','1')
INSERT INTO CategoriesModules (UniqueID,CatID,ModuleID) VALUES('303804822134346','118297986612871','20')
INSERT INTO CategoriesPortals (UniqueID,CatID,PortalID) VALUES('543927227721471','118297986612871','0')
INSERT INTO Categories (CatID,ListUnder,CategoryName,Description,Keywords,CatType,Moderator,AccessKeys,WriteKeys,SEODescription,SEOPageTitle,ManageKeys,AccessHide,WriteHide,ExcPortalSecurity,Weight,ShowList,Sharing) VALUES('329227523185257','161898503042338','Heating Cooling','','','','Moderator','|2|,|3|,|1|,|4|','|2|,|3|,|4|','','','|2|','0','0','0','2000','1','1')
INSERT INTO CategoriesModules (UniqueID,CatID,ModuleID) VALUES('543662540724806','329227523185257','20')
INSERT INTO CategoriesPortals (UniqueID,CatID,PortalID) VALUES('596043455487260','329227523185257','0')
INSERT INTO Categories (CatID,ListUnder,CategoryName,Description,Keywords,CatType,Moderator,AccessKeys,WriteKeys,SEODescription,SEOPageTitle,ManageKeys,AccessHide,WriteHide,ExcPortalSecurity,Weight,ShowList,Sharing) VALUES('194150760662381','210756158054894','Hedge Funds','','','','Moderator','|2|,|3|,|1|,|4|','|2|,|3|,|4|','','','|2|','0','0','0','2000','1','1')
INSERT INTO CategoriesModules (UniqueID,CatID,ModuleID) VALUES('143115909843860','194150760662381','20')
INSERT INTO CategoriesPortals (UniqueID,CatID,PortalID) VALUES('136925408948477','194150760662381','0')
INSERT INTO Categories (CatID,ListUnder,CategoryName,Description,Keywords,CatType,Moderator,AccessKeys,WriteKeys,SEODescription,SEOPageTitle,ManageKeys,AccessHide,WriteHide,ExcPortalSecurity,Weight,ShowList,Sharing) VALUES('787503959603443','194091967154117','Helicopters','','','','Moderator','|2|,|3|,|1|,|4|','|2|,|3|,|4|','','','|2|','0','0','0','2000','1','1')
INSERT INTO CategoriesModules (UniqueID,CatID,ModuleID) VALUES('752359398283541','787503959603443','20')
INSERT INTO CategoriesPortals (UniqueID,CatID,PortalID) VALUES('957890399371020','787503959603443','0')
INSERT INTO Categories (CatID,ListUnder,CategoryName,Description,Keywords,CatType,Moderator,AccessKeys,WriteKeys,SEODescription,SEOPageTitle,ManageKeys,AccessHide,WriteHide,ExcPortalSecurity,Weight,ShowList,Sharing) VALUES('253092318194874','655618163243369','High Voltage','','','','Moderator','|2|,|3|,|1|,|4|','|2|,|3|,|4|','','','|2|','0','0','0','2000','1','1')
INSERT INTO CategoriesModules (UniqueID,CatID,ModuleID) VALUES('111877490500247','253092318194874','20')
INSERT INTO CategoriesPortals (UniqueID,CatID,PortalID) VALUES('168648801338153','253092318194874','0')
INSERT INTO Categories (CatID,ListUnder,CategoryName,Description,Keywords,CatType,Moderator,AccessKeys,WriteKeys,SEODescription,SEOPageTitle,ManageKeys,AccessHide,WriteHide,ExcPortalSecurity,Weight,ShowList,Sharing) VALUES('439928597711328','963175640290570','High Voltage','','','','Moderator','|2|,|3|,|1|,|4|','|2|,|3|,|4|','','','|2|','0','0','0','2000','1','1')
INSERT INTO CategoriesModules (UniqueID,CatID,ModuleID) VALUES('766209197766434','439928597711328','20')
INSERT INTO CategoriesPortals (UniqueID,CatID,PortalID) VALUES('303758546564396','439928597711328','0')
INSERT INTO Categories (CatID,ListUnder,CategoryName,Description,Keywords,CatType,Moderator,AccessKeys,WriteKeys,SEODescription,SEOPageTitle,ManageKeys,AccessHide,WriteHide,ExcPortalSecurity,Weight,ShowList,Sharing) VALUES('447708306447377','202541788380967','History','','','','Moderator','|2|,|3|,|1|,|4|','|2|,|3|,|4|','','','|2|','0','0','0','2000','1','1')
INSERT INTO CategoriesModules (UniqueID,CatID,ModuleID) VALUES('432096868601555','447708306447377','20')
INSERT INTO CategoriesPortals (UniqueID,CatID,PortalID) VALUES('209731925187392','447708306447377','0')
INSERT INTO Categories (CatID,ListUnder,CategoryName,Description,Keywords,CatType,Moderator,AccessKeys,WriteKeys,SEODescription,SEOPageTitle,ManageKeys,AccessHide,WriteHide,ExcPortalSecurity,Weight,ShowList,Sharing) VALUES('194851342556864','154437582882648','History','','','','Moderator','|2|,|3|,|1|,|4|','|2|,|3|,|4|','','','|2|','0','0','0','2000','1','1')
INSERT INTO CategoriesModules (UniqueID,CatID,ModuleID) VALUES('145612796232893','194851342556864','20')
INSERT INTO CategoriesPortals (UniqueID,CatID,PortalID) VALUES('175767392507296','194851342556864','0')
INSERT INTO Categories (CatID,ListUnder,CategoryName,Description,Keywords,CatType,Moderator,AccessKeys,WriteKeys,SEODescription,SEOPageTitle,ManageKeys,AccessHide,WriteHide,ExcPortalSecurity,Weight,ShowList,Sharing) VALUES('117555319833188','185728045685285','History','','','','Moderator','|2|,|3|,|1|,|4|','|2|,|3|,|4|','','','|2|','0','0','0','2000','1','1')
INSERT INTO CategoriesModules (UniqueID,CatID,ModuleID) VALUES('113866078538818','117555319833188','20')
INSERT INTO CategoriesPortals (UniqueID,CatID,PortalID) VALUES('199545625558371','117555319833188','0')
INSERT INTO Categories (CatID,ListUnder,CategoryName,Description,Keywords,CatType,Moderator,AccessKeys,WriteKeys,SEODescription,SEOPageTitle,ManageKeys,AccessHide,WriteHide,ExcPortalSecurity,Weight,ShowList,Sharing) VALUES('126860941979379','167284961726467','History','','','','Moderator','|2|,|3|,|1|,|4|','|2|,|3|,|4|','','','|2|','0','0','0','2000','1','1')
INSERT INTO CategoriesModules (UniqueID,CatID,ModuleID) VALUES('133110799877418','126860941979379','20')
INSERT INTO CategoriesPortals (UniqueID,CatID,PortalID) VALUES('208916446460729','126860941979379','0')
INSERT INTO Categories (CatID,ListUnder,CategoryName,Description,Keywords,CatType,Moderator,AccessKeys,WriteKeys,SEODescription,SEOPageTitle,ManageKeys,AccessHide,WriteHide,ExcPortalSecurity,Weight,ShowList,Sharing) VALUES('180565297082656','518067943485998','Holding Companies','','','','Moderator','|2|,|3|,|1|,|4|','|2|,|3|,|4|','','','|2|','0','0','0','2000','1','1')
INSERT INTO CategoriesModules (UniqueID,CatID,ModuleID) VALUES('162690689631705','180565297082656','20')
INSERT INTO CategoriesPortals (UniqueID,CatID,PortalID) VALUES('200856338987600','180565297082656','0')
INSERT INTO Categories (CatID,ListUnder,CategoryName,Description,Keywords,CatType,Moderator,AccessKeys,WriteKeys,SEODescription,SEOPageTitle,ManageKeys,AccessHide,WriteHide,ExcPortalSecurity,Weight,ShowList,Sharing) VALUES('983119661743135','144315891422463','Holding Companies','','','','Moderator','|2|,|3|,|1|,|4|','|2|,|3|,|4|','','','|2|','0','0','0','2000','1','1')
INSERT INTO CategoriesModules (UniqueID,CatID,ModuleID) VALUES('154197726984652','983119661743135','20')
INSERT INTO CategoriesPortals (UniqueID,CatID,PortalID) VALUES('118048063427206','983119661743135','0')
INSERT INTO Categories (CatID,ListUnder,CategoryName,Description,Keywords,CatType,Moderator,AccessKeys,WriteKeys,SEODescription,SEOPageTitle,ManageKeys,AccessHide,WriteHide,ExcPortalSecurity,Weight,ShowList,Sharing) VALUES('129256522864635','337252452252724','Holidays','','','','Moderator','|2|,|3|,|1|,|4|','|2|,|3|,|4|','','','|2|','0','0','0','2000','1','1')
INSERT INTO CategoriesModules (UniqueID,CatID,ModuleID) VALUES('128749726779154','129256522864635','20')
INSERT INTO CategoriesPortals (UniqueID,CatID,PortalID) VALUES('170624712982883','129256522864635','0')
INSERT INTO Categories (CatID,ListUnder,CategoryName,Description,Keywords,CatType,Moderator,AccessKeys,WriteKeys,SEODescription,SEOPageTitle,ManageKeys,AccessHide,WriteHide,ExcPortalSecurity,Weight,ShowList,Sharing) VALUES('624121968265929','337252452252724','Home Garden','','','','Moderator','|2|,|3|,|1|,|4|','|2|,|3|,|4|','','','|2|','0','0','0','2000','1','1')
INSERT INTO CategoriesModules (UniqueID,CatID,ModuleID) VALUES('214490482434867','624121968265929','20')
INSERT INTO CategoriesPortals (UniqueID,CatID,PortalID) VALUES('759449831175458','624121968265929','0')
INSERT INTO Categories (CatID,ListUnder,CategoryName,Description,Keywords,CatType,Moderator,AccessKeys,WriteKeys,SEODescription,SEOPageTitle,ManageKeys,AccessHide,WriteHide,ExcPortalSecurity,Weight,ShowList,Sharing) VALUES('187524329455659','185896419053654','Home Theater','','','','Moderator','|2|,|3|,|1|,|4|','|2|,|3|,|4|','','','|2|','0','0','0','2000','1','1')
INSERT INTO CategoriesModules (UniqueID,CatID,ModuleID) VALUES('435159258656361','187524329455659','20')
INSERT INTO CategoriesPortals (UniqueID,CatID,PortalID) VALUES('904182249026447','187524329455659','0')
INSERT INTO Categories (CatID,ListUnder,CategoryName,Description,Keywords,CatType,Moderator,AccessKeys,WriteKeys,SEODescription,SEOPageTitle,ManageKeys,AccessHide,WriteHide,ExcPortalSecurity,Weight,ShowList,Sharing) VALUES('787364241431786','202184536792157','Honey','','','','Moderator','|2|,|3|,|1|,|4|','|2|,|3|,|4|','','','|2|','0','0','0','2000','1','1')
INSERT INTO CategoriesModules (UniqueID,CatID,ModuleID) VALUES('104184232471231','787364241431786','20')
INSERT INTO CategoriesPortals (UniqueID,CatID,PortalID) VALUES('169012539745727','787364241431786','0')
INSERT INTO Categories (CatID,ListUnder,CategoryName,Description,Keywords,CatType,Moderator,AccessKeys,WriteKeys,SEODescription,SEOPageTitle,ManageKeys,AccessHide,WriteHide,ExcPortalSecurity,Weight,ShowList,Sharing) VALUES('981753571167476','280965458060437','Horses Ponies','','','','Moderator','|2|,|3|,|1|,|4|','|2|,|3|,|4|','','','|2|','0','0','0','2000','1','1')
INSERT INTO CategoriesModules (UniqueID,CatID,ModuleID) VALUES('191208418630947','981753571167476','20')
INSERT INTO CategoriesPortals (UniqueID,CatID,PortalID) VALUES('822191851636155','981753571167476','0')
INSERT INTO Categories (CatID,ListUnder,CategoryName,Description,Keywords,CatType,Moderator,AccessKeys,WriteKeys,SEODescription,SEOPageTitle,ManageKeys,AccessHide,WriteHide,ExcPortalSecurity,Weight,ShowList,Sharing) VALUES('344209413176037','102651687824638','Horticulture','','','','Moderator','|2|,|3|,|1|,|4|','|2|,|3|,|4|','','','|2|','0','0','0','2000','1','1')
INSERT INTO CategoriesModules (UniqueID,CatID,ModuleID) VALUES('167198416027121','344209413176037','20')
INSERT INTO CategoriesPortals (UniqueID,CatID,PortalID) VALUES('874695535744521','344209413176037','0')
INSERT INTO Categories (CatID,ListUnder,CategoryName,Description,Keywords,CatType,Moderator,AccessKeys,WriteKeys,SEODescription,SEOPageTitle,ManageKeys,AccessHide,WriteHide,ExcPortalSecurity,Weight,ShowList,Sharing) VALUES('152656969788212','0','Hospitality','','','','Moderator','|2|,|3|,|1|,|4|','|2|,|3|,|4|','','','|2|','0','0','0','2000','1','1')
INSERT INTO CategoriesModules (UniqueID,CatID,ModuleID) VALUES('115018010811797','152656969788212','20')
INSERT INTO CategoriesPortals (UniqueID,CatID,PortalID) VALUES('211528530065261','152656969788212','0')
INSERT INTO Categories (CatID,ListUnder,CategoryName,Description,Keywords,CatType,Moderator,AccessKeys,WriteKeys,SEODescription,SEOPageTitle,ManageKeys,AccessHide,WriteHide,ExcPortalSecurity,Weight,ShowList,Sharing) VALUES('147634372334762','941546425030488','Hot Dogs','','','','Moderator','|2|,|3|,|1|,|4|','|2|,|3|,|4|','','','|2|','0','0','0','2000','1','1')
INSERT INTO CategoriesModules (UniqueID,CatID,ModuleID) VALUES('128311155901674','147634372334762','20')
INSERT INTO CategoriesPortals (UniqueID,CatID,PortalID) VALUES('126515226227902','147634372334762','0')
INSERT INTO Categories (CatID,ListUnder,CategoryName,Description,Keywords,CatType,Moderator,AccessKeys,WriteKeys,SEODescription,SEOPageTitle,ManageKeys,AccessHide,WriteHide,ExcPortalSecurity,Weight,ShowList,Sharing) VALUES('136018480437772','152656969788212','Hotels Motels','','','','Moderator','|2|,|3|,|1|,|4|','|2|,|3|,|4|','','','|2|','0','0','0','2000','1','1')
INSERT INTO CategoriesModules (UniqueID,CatID,ModuleID) VALUES('705551434261629','136018480437772','20')
INSERT INTO CategoriesPortals (UniqueID,CatID,PortalID) VALUES('105339815756481','136018480437772','0')
INSERT INTO Categories (CatID,ListUnder,CategoryName,Description,Keywords,CatType,Moderator,AccessKeys,WriteKeys,SEODescription,SEOPageTitle,ManageKeys,AccessHide,WriteHide,ExcPortalSecurity,Weight,ShowList,Sharing) VALUES('722876857728486','182970756871112','Housing Consultants','','','','Moderator','|2|,|3|,|1|,|4|','|2|,|3|,|4|','','','|2|','0','0','0','2000','1','1')
INSERT INTO CategoriesModules (UniqueID,CatID,ModuleID) VALUES('190615975824770','722876857728486','20')
INSERT INTO CategoriesPortals (UniqueID,CatID,PortalID) VALUES('135383967823632','722876857728486','0')
INSERT INTO Categories (CatID,ListUnder,CategoryName,Description,Keywords,CatType,Moderator,AccessKeys,WriteKeys,SEODescription,SEOPageTitle,ManageKeys,AccessHide,WriteHide,ExcPortalSecurity,Weight,ShowList,Sharing) VALUES('128830901160223','161898503042338','Human Interfaces','','','','Moderator','|2|,|3|,|1|,|4|','|2|,|3|,|4|','','','|2|','0','0','0','2000','1','1')
INSERT INTO CategoriesModules (UniqueID,CatID,ModuleID) VALUES('521330343323040','128830901160223','20')
INSERT INTO CategoriesPortals (UniqueID,CatID,PortalID) VALUES('881830255007843','128830901160223','0')
INSERT INTO Categories (CatID,ListUnder,CategoryName,Description,Keywords,CatType,Moderator,AccessKeys,WriteKeys,SEODescription,SEOPageTitle,ManageKeys,AccessHide,WriteHide,ExcPortalSecurity,Weight,ShowList,Sharing) VALUES('171055660730144','958450126441562','Human Interfaces','','','','Moderator','|2|,|3|,|1|,|4|','|2|,|3|,|4|','','','|2|','0','0','0','2000','1','1')
INSERT INTO CategoriesModules (UniqueID,CatID,ModuleID) VALUES('937565308649234','171055660730144','20')
INSERT INTO CategoriesPortals (UniqueID,CatID,PortalID) VALUES('179971135289174','171055660730144','0')
INSERT INTO Categories (CatID,ListUnder,CategoryName,Description,Keywords,CatType,Moderator,AccessKeys,WriteKeys,SEODescription,SEOPageTitle,ManageKeys,AccessHide,WriteHide,ExcPortalSecurity,Weight,ShowList,Sharing) VALUES('166717347983737','0','Human Resources','','','','Moderator','|2|,|3|,|1|,|4|','|2|,|3|,|4|','','','|2|','0','0','0','2000','1','1')
INSERT INTO CategoriesModules (UniqueID,CatID,ModuleID) VALUES('178052276591271','166717347983737','20')
INSERT INTO CategoriesPortals (UniqueID,CatID,PortalID) VALUES('678557144373786','166717347983737','0')
INSERT INTO Categories (CatID,ListUnder,CategoryName,Description,Keywords,CatType,Moderator,AccessKeys,WriteKeys,SEODescription,SEOPageTitle,ManageKeys,AccessHide,WriteHide,ExcPortalSecurity,Weight,ShowList,Sharing) VALUES('117188116030986','468964763450112','Human Resources','','','','Moderator','|2|,|3|,|1|,|4|','|2|,|3|,|4|','','','|2|','0','0','0','2000','1','1')
INSERT INTO CategoriesModules (UniqueID,CatID,ModuleID) VALUES('216504341826346','117188116030986','20')
INSERT INTO CategoriesPortals (UniqueID,CatID,PortalID) VALUES('854705420272552','117188116030986','0')
INSERT INTO Categories (CatID,ListUnder,CategoryName,Description,Keywords,CatType,Moderator,AccessKeys,WriteKeys,SEODescription,SEOPageTitle,ManageKeys,AccessHide,WriteHide,ExcPortalSecurity,Weight,ShowList,Sharing) VALUES('296027078033946','156563045016110','Human Resources','','','','Moderator','|2|,|3|,|1|,|4|','|2|,|3|,|4|','','','|2|','0','0','0','2000','1','1')
INSERT INTO CategoriesModules (UniqueID,CatID,ModuleID) VALUES('106310388512671','296027078033946','20')
INSERT INTO CategoriesPortals (UniqueID,CatID,PortalID) VALUES('773199399299320','296027078033946','0')
INSERT INTO Categories (CatID,ListUnder,CategoryName,Description,Keywords,CatType,Moderator,AccessKeys,WriteKeys,SEODescription,SEOPageTitle,ManageKeys,AccessHide,WriteHide,ExcPortalSecurity,Weight,ShowList,Sharing) VALUES('127015066376504','181537501518755','Humor','','','','Moderator','|2|,|3|,|1|,|4|','|2|,|3|,|4|','','','|2|','0','0','0','2000','1','1')
INSERT INTO CategoriesModules (UniqueID,CatID,ModuleID) VALUES('169130783234550','127015066376504','20')
INSERT INTO CategoriesPortals (UniqueID,CatID,PortalID) VALUES('247332126269621','127015066376504','0')
INSERT INTO Categories (CatID,ListUnder,CategoryName,Description,Keywords,CatType,Moderator,AccessKeys,WriteKeys,SEODescription,SEOPageTitle,ManageKeys,AccessHide,WriteHide,ExcPortalSecurity,Weight,ShowList,Sharing) VALUES('199837053965681','138186154628395','Hydraulic Pneumatic','','','','Moderator','|2|,|3|,|1|,|4|','|2|,|3|,|4|','','','|2|','0','0','0','2000','1','1')
INSERT INTO CategoriesModules (UniqueID,CatID,ModuleID) VALUES('844976662996602','199837053965681','20')
INSERT INTO CategoriesPortals (UniqueID,CatID,PortalID) VALUES('414698279366688','199837053965681','0')
INSERT INTO Categories (CatID,ListUnder,CategoryName,Description,Keywords,CatType,Moderator,AccessKeys,WriteKeys,SEODescription,SEOPageTitle,ManageKeys,AccessHide,WriteHide,ExcPortalSecurity,Weight,ShowList,Sharing) VALUES('377150724747656','700966963821894','Hydro','','','','Moderator','|2|,|3|,|1|,|4|','|2|,|3|,|4|','','','|2|','0','0','0','2000','1','1')
INSERT INTO CategoriesModules (UniqueID,CatID,ModuleID) VALUES('183278104865435','377150724747656','20')
INSERT INTO CategoriesPortals (UniqueID,CatID,PortalID) VALUES('853064450850725','377150724747656','0')
INSERT INTO Categories (CatID,ListUnder,CategoryName,Description,Keywords,CatType,Moderator,AccessKeys,WriteKeys,SEODescription,SEOPageTitle,ManageKeys,AccessHide,WriteHide,ExcPortalSecurity,Weight,ShowList,Sharing) VALUES('596528773340698','136878005372291','Hydrogen','','','','Moderator','|2|,|3|,|1|,|4|','|2|,|3|,|4|','','','|2|','0','0','0','2000','1','1')
INSERT INTO CategoriesModules (UniqueID,CatID,ModuleID) VALUES('171573158343961','596528773340698','20')
INSERT INTO CategoriesPortals (UniqueID,CatID,PortalID) VALUES('384123834487022','596528773340698','0')
INSERT INTO Categories (CatID,ListUnder,CategoryName,Description,Keywords,CatType,Moderator,AccessKeys,WriteKeys,SEODescription,SEOPageTitle,ManageKeys,AccessHide,WriteHide,ExcPortalSecurity,Weight,ShowList,Sharing) VALUES('158502858428626','153991554677553','Hygiene Disposables','','','','Moderator','|2|,|3|,|1|,|4|','|2|,|3|,|4|','','','|2|','0','0','0','2000','1','1')
INSERT INTO CategoriesModules (UniqueID,CatID,ModuleID) VALUES('182741243213523','158502858428626','20')
INSERT INTO CategoriesPortals (UniqueID,CatID,PortalID) VALUES('182212133432137','158502858428626','0')
INSERT INTO Categories (CatID,ListUnder,CategoryName,Description,Keywords,CatType,Moderator,AccessKeys,WriteKeys,SEODescription,SEOPageTitle,ManageKeys,AccessHide,WriteHide,ExcPortalSecurity,Weight,ShowList,Sharing) VALUES('395879286551492','153991554677553','Hyperbaric','','','','Moderator','|2|,|3|,|1|,|4|','|2|,|3|,|4|','','','|2|','0','0','0','2000','1','1')
INSERT INTO CategoriesModules (UniqueID,CatID,ModuleID) VALUES('367664970818334','395879286551492','20')
INSERT INTO CategoriesPortals (UniqueID,CatID,PortalID) VALUES('121308169588637','395879286551492','0')
INSERT INTO Categories (CatID,ListUnder,CategoryName,Description,Keywords,CatType,Moderator,AccessKeys,WriteKeys,SEODescription,SEOPageTitle,ManageKeys,AccessHide,WriteHide,ExcPortalSecurity,Weight,ShowList,Sharing) VALUES('204102764245890','120439851846156','Ice Cream','','','','Moderator','|2|,|3|,|1|,|4|','|2|,|3|,|4|','','','|2|','0','0','0','2000','1','1')
INSERT INTO CategoriesModules (UniqueID,CatID,ModuleID) VALUES('119636616359613','204102764245890','20')
INSERT INTO CategoriesPortals (UniqueID,CatID,PortalID) VALUES('210461082916417','204102764245890','0')
INSERT INTO Categories (CatID,ListUnder,CategoryName,Description,Keywords,CatType,Moderator,AccessKeys,WriteKeys,SEODescription,SEOPageTitle,ManageKeys,AccessHide,WriteHide,ExcPortalSecurity,Weight,ShowList,Sharing) VALUES('197879511003647','180965748237478','Ice Cream Cones','','','','Moderator','|2|,|3|,|1|,|4|','|2|,|3|,|4|','','','|2|','0','0','0','2000','1','1')
INSERT INTO CategoriesModules (UniqueID,CatID,ModuleID) VALUES('613920245521790','197879511003647','20')
INSERT INTO CategoriesPortals (UniqueID,CatID,PortalID) VALUES('163351205921486','197879511003647','0')
INSERT INTO Categories (CatID,ListUnder,CategoryName,Description,Keywords,CatType,Moderator,AccessKeys,WriteKeys,SEODescription,SEOPageTitle,ManageKeys,AccessHide,WriteHide,ExcPortalSecurity,Weight,ShowList,Sharing) VALUES('118037869625356','941546425030488','Ice Cream Yogurt','','','','Moderator','|2|,|3|,|1|,|4|','|2|,|3|,|4|','','','|2|','0','0','0','2000','1','1')
INSERT INTO CategoriesModules (UniqueID,CatID,ModuleID) VALUES('357546164738714','118037869625356','20')
INSERT INTO CategoriesPortals (UniqueID,CatID,PortalID) VALUES('141140464061798','118037869625356','0')
INSERT INTO Categories (CatID,ListUnder,CategoryName,Description,Keywords,CatType,Moderator,AccessKeys,WriteKeys,SEODescription,SEOPageTitle,ManageKeys,AccessHide,WriteHide,ExcPortalSecurity,Weight,ShowList,Sharing) VALUES('175046488640127','958450126441562','ID Video Labeling Equipment','','','','Moderator','|2|,|3|,|1|,|4|','|2|,|3|,|4|','','','|2|','0','0','0','2000','1','1')
INSERT INTO CategoriesModules (UniqueID,CatID,ModuleID) VALUES('768844797577657','175046488640127','20')
INSERT INTO CategoriesPortals (UniqueID,CatID,PortalID) VALUES('120842177125245','175046488640127','0')
INSERT INTO Categories (CatID,ListUnder,CategoryName,Description,Keywords,CatType,Moderator,AccessKeys,WriteKeys,SEODescription,SEOPageTitle,ManageKeys,AccessHide,WriteHide,ExcPortalSecurity,Weight,ShowList,Sharing) VALUES('972026887278628','468964763450112','Illumination Consultants','','','','Moderator','|2|,|3|,|1|,|4|','|2|,|3|,|4|','','','|2|','0','0','0','2000','1','1')
INSERT INTO CategoriesModules (UniqueID,CatID,ModuleID) VALUES('755300650337247','972026887278628','20')
INSERT INTO CategoriesPortals (UniqueID,CatID,PortalID) VALUES('169604506748927','972026887278628','0')
INSERT INTO Categories (CatID,ListUnder,CategoryName,Description,Keywords,CatType,Moderator,AccessKeys,WriteKeys,SEODescription,SEOPageTitle,ManageKeys,AccessHide,WriteHide,ExcPortalSecurity,Weight,ShowList,Sharing) VALUES('115943596598186','514484672265053','Illustration Rendering','','','','Moderator','|2|,|3|,|1|,|4|','|2|,|3|,|4|','','','|2|','0','0','0','2000','1','1')
INSERT INTO CategoriesModules (UniqueID,CatID,ModuleID) VALUES('765327579945263','115943596598186','20')
INSERT INTO CategoriesPortals (UniqueID,CatID,PortalID) VALUES('174160373412872','115943596598186','0')
INSERT INTO Categories (CatID,ListUnder,CategoryName,Description,Keywords,CatType,Moderator,AccessKeys,WriteKeys,SEODescription,SEOPageTitle,ManageKeys,AccessHide,WriteHide,ExcPortalSecurity,Weight,ShowList,Sharing) VALUES('177854293672392','182970756871112','Image Consultants','','','','Moderator','|2|,|3|,|1|,|4|','|2|,|3|,|4|','','','|2|','0','0','0','2000','1','1')
INSERT INTO CategoriesModules (UniqueID,CatID,ModuleID) VALUES('576381221755635','177854293672392','20')
INSERT INTO CategoriesPortals (UniqueID,CatID,PortalID) VALUES('990527155053403','177854293672392','0')
INSERT INTO Categories (CatID,ListUnder,CategoryName,Description,Keywords,CatType,Moderator,AccessKeys,WriteKeys,SEODescription,SEOPageTitle,ManageKeys,AccessHide,WriteHide,ExcPortalSecurity,Weight,ShowList,Sharing) VALUES('126067296292358','209036145783248','Imaging','','','','Moderator','|2|,|3|,|1|,|4|','|2|,|3|,|4|','','','|2|','0','0','0','2000','1','1')
INSERT INTO CategoriesModules (UniqueID,CatID,ModuleID) VALUES('109284369281660','126067296292358','20')
INSERT INTO CategoriesPortals (UniqueID,CatID,PortalID) VALUES('212403384158396','126067296292358','0')
INSERT INTO Categories (CatID,ListUnder,CategoryName,Description,Keywords,CatType,Moderator,AccessKeys,WriteKeys,SEODescription,SEOPageTitle,ManageKeys,AccessHide,WriteHide,ExcPortalSecurity,Weight,ShowList,Sharing) VALUES('121127403909487','161898503042338','Import Export','','','','Moderator','|2|,|3|,|1|,|4|','|2|,|3|,|4|','','','|2|','0','0','0','2000','1','1')
INSERT INTO CategoriesModules (UniqueID,CatID,ModuleID) VALUES('164925181226327','121127403909487','20')
INSERT INTO CategoriesPortals (UniqueID,CatID,PortalID) VALUES('165714478087118','121127403909487','0')
INSERT INTO Categories (CatID,ListUnder,CategoryName,Description,Keywords,CatType,Moderator,AccessKeys,WriteKeys,SEODescription,SEOPageTitle,ManageKeys,AccessHide,WriteHide,ExcPortalSecurity,Weight,ShowList,Sharing) VALUES('113821436243257','112619746118561','Import Export','','','','Moderator','|2|,|3|,|1|,|4|','|2|,|3|,|4|','','','|2|','0','0','0','2000','1','1')
INSERT INTO CategoriesModules (UniqueID,CatID,ModuleID) VALUES('968298965540068','113821436243257','20')
INSERT INTO CategoriesPortals (UniqueID,CatID,PortalID) VALUES('675078174421481','113821436243257','0')
INSERT INTO Categories (CatID,ListUnder,CategoryName,Description,Keywords,CatType,Moderator,AccessKeys,WriteKeys,SEODescription,SEOPageTitle,ManageKeys,AccessHide,WriteHide,ExcPortalSecurity,Weight,ShowList,Sharing) VALUES('118198213124725','178809874261928','Import Export','','','','Moderator','|2|,|3|,|1|,|4|','|2|,|3|,|4|','','','|2|','0','0','0','2000','1','1')
INSERT INTO CategoriesModules (UniqueID,CatID,ModuleID) VALUES('119515132807343','118198213124725','20')
INSERT INTO CategoriesPortals (UniqueID,CatID,PortalID) VALUES('645841951486627','118198213124725','0')
INSERT INTO Categories (CatID,ListUnder,CategoryName,Description,Keywords,CatType,Moderator,AccessKeys,WriteKeys,SEODescription,SEOPageTitle,ManageKeys,AccessHide,WriteHide,ExcPortalSecurity,Weight,ShowList,Sharing) VALUES('135443006846590','208392173185557','Import Export','','','','Moderator','|2|,|3|,|1|,|4|','|2|,|3|,|4|','','','|2|','0','0','0','2000','1','1')
INSERT INTO CategoriesModules (UniqueID,CatID,ModuleID) VALUES('100279088832775','135443006846590','20')
INSERT INTO CategoriesPortals (UniqueID,CatID,PortalID) VALUES('163036821828787','135443006846590','0')
INSERT INTO Categories (CatID,ListUnder,CategoryName,Description,Keywords,CatType,Moderator,AccessKeys,WriteKeys,SEODescription,SEOPageTitle,ManageKeys,AccessHide,WriteHide,ExcPortalSecurity,Weight,ShowList,Sharing) VALUES('140079066763157','141294954067458','Import Export','','','','Moderator','|2|,|3|,|1|,|4|','|2|,|3|,|4|','','','|2|','0','0','0','2000','1','1')
INSERT INTO CategoriesModules (UniqueID,CatID,ModuleID) VALUES('183602643940027','140079066763157','20')
INSERT INTO CategoriesPortals (UniqueID,CatID,PortalID) VALUES('183839597791156','140079066763157','0')
INSERT INTO Categories (CatID,ListUnder,CategoryName,Description,Keywords,CatType,Moderator,AccessKeys,WriteKeys,SEODescription,SEOPageTitle,ManageKeys,AccessHide,WriteHide,ExcPortalSecurity,Weight,ShowList,Sharing) VALUES('162452726099676','112191732677701','Import Export','','','','Moderator','|2|,|3|,|1|,|4|','|2|,|3|,|4|','','','|2|','0','0','0','2000','1','1')
INSERT INTO CategoriesModules (UniqueID,CatID,ModuleID) VALUES('173807634782775','162452726099676','20')
INSERT INTO CategoriesPortals (UniqueID,CatID,PortalID) VALUES('104065090952313','162452726099676','0')
INSERT INTO Categories (CatID,ListUnder,CategoryName,Description,Keywords,CatType,Moderator,AccessKeys,WriteKeys,SEODescription,SEOPageTitle,ManageKeys,AccessHide,WriteHide,ExcPortalSecurity,Weight,ShowList,Sharing) VALUES('192573287082586','144315891422463','Import Export','','','','Moderator','|2|,|3|,|1|,|4|','|2|,|3|,|4|','','','|2|','0','0','0','2000','1','1')
INSERT INTO CategoriesModules (UniqueID,CatID,ModuleID) VALUES('160336672419075','192573287082586','20')
INSERT INTO CategoriesPortals (UniqueID,CatID,PortalID) VALUES('494084983807662','192573287082586','0')
INSERT INTO Categories (CatID,ListUnder,CategoryName,Description,Keywords,CatType,Moderator,AccessKeys,WriteKeys,SEODescription,SEOPageTitle,ManageKeys,AccessHide,WriteHide,ExcPortalSecurity,Weight,ShowList,Sharing) VALUES('681871823356405','102651687824638','Import Export','','','','Moderator','|2|,|3|,|1|,|4|','|2|,|3|,|4|','','','|2|','0','0','0','2000','1','1')
INSERT INTO CategoriesModules (UniqueID,CatID,ModuleID) VALUES('989556996184768','681871823356405','20')
INSERT INTO CategoriesPortals (UniqueID,CatID,PortalID) VALUES('176939146555151','681871823356405','0')
INSERT INTO Categories (CatID,ListUnder,CategoryName,Description,Keywords,CatType,Moderator,AccessKeys,WriteKeys,SEODescription,SEOPageTitle,ManageKeys,AccessHide,WriteHide,ExcPortalSecurity,Weight,ShowList,Sharing) VALUES('826500906614541','145561398531063','Import Export','','','','Moderator','|2|,|3|,|1|,|4|','|2|,|3|,|4|','','','|2|','0','0','0','2000','1','1')
INSERT INTO CategoriesModules (UniqueID,CatID,ModuleID) VALUES('152237713364264','826500906614541','20')
INSERT INTO CategoriesPortals (UniqueID,CatID,PortalID) VALUES('434025287274873','826500906614541','0')
INSERT INTO Categories (CatID,ListUnder,CategoryName,Description,Keywords,CatType,Moderator,AccessKeys,WriteKeys,SEODescription,SEOPageTitle,ManageKeys,AccessHide,WriteHide,ExcPortalSecurity,Weight,ShowList,Sharing) VALUES('325623899837336','180637350615341','Import Export','','','','Moderator','|2|,|3|,|1|,|4|','|2|,|3|,|4|','','','|2|','0','0','0','2000','1','1')
INSERT INTO CategoriesModules (UniqueID,CatID,ModuleID) VALUES('567474157827929','325623899837336','20')
INSERT INTO CategoriesPortals (UniqueID,CatID,PortalID) VALUES('128259207501425','325623899837336','0')
INSERT INTO Categories (CatID,ListUnder,CategoryName,Description,Keywords,CatType,Moderator,AccessKeys,WriteKeys,SEODescription,SEOPageTitle,ManageKeys,AccessHide,WriteHide,ExcPortalSecurity,Weight,ShowList,Sharing) VALUES('335786589508992','830096638971954','Import Export','','','','Moderator','|2|,|3|,|1|,|4|','|2|,|3|,|4|','','','|2|','0','0','0','2000','1','1')
INSERT INTO CategoriesModules (UniqueID,CatID,ModuleID) VALUES('137544750126574','335786589508992','20')
INSERT INTO CategoriesPortals (UniqueID,CatID,PortalID) VALUES('160740847177304','335786589508992','0')
INSERT INTO Categories (CatID,ListUnder,CategoryName,Description,Keywords,CatType,Moderator,AccessKeys,WriteKeys,SEODescription,SEOPageTitle,ManageKeys,AccessHide,WriteHide,ExcPortalSecurity,Weight,ShowList,Sharing) VALUES('411679183029177','630326987373262','Import Export','','','','Moderator','|2|,|3|,|1|,|4|','|2|,|3|,|4|','','','|2|','0','0','0','2000','1','1')
INSERT INTO CategoriesModules (UniqueID,CatID,ModuleID) VALUES('853508432763810','411679183029177','20')
INSERT INTO CategoriesPortals (UniqueID,CatID,PortalID) VALUES('377881809227885','411679183029177','0')
INSERT INTO Categories (CatID,ListUnder,CategoryName,Description,Keywords,CatType,Moderator,AccessKeys,WriteKeys,SEODescription,SEOPageTitle,ManageKeys,AccessHide,WriteHide,ExcPortalSecurity,Weight,ShowList,Sharing) VALUES('512718207440862','877724855173932','Import Export','','','','Moderator','|2|,|3|,|1|,|4|','|2|,|3|,|4|','','','|2|','0','0','0','2000','1','1')
INSERT INTO CategoriesModules (UniqueID,CatID,ModuleID) VALUES('571843883471262','512718207440862','20')
INSERT INTO CategoriesPortals (UniqueID,CatID,PortalID) VALUES('867859998253834','512718207440862','0')
INSERT INTO Categories (CatID,ListUnder,CategoryName,Description,Keywords,CatType,Moderator,AccessKeys,WriteKeys,SEODescription,SEOPageTitle,ManageKeys,AccessHide,WriteHide,ExcPortalSecurity,Weight,ShowList,Sharing) VALUES('507773137149865','179029547427227','Import Export','','','','Moderator','|2|,|3|,|1|,|4|','|2|,|3|,|4|','','','|2|','0','0','0','2000','1','1')
INSERT INTO CategoriesModules (UniqueID,CatID,ModuleID) VALUES('143853433956185','507773137149865','20')
INSERT INTO CategoriesPortals (UniqueID,CatID,PortalID) VALUES('960079964568955','507773137149865','0')
INSERT INTO Categories (CatID,ListUnder,CategoryName,Description,Keywords,CatType,Moderator,AccessKeys,WriteKeys,SEODescription,SEOPageTitle,ManageKeys,AccessHide,WriteHide,ExcPortalSecurity,Weight,ShowList,Sharing) VALUES('378600482032531','424416946702259','Incubators','','','','Moderator','|2|,|3|,|1|,|4|','|2|,|3|,|4|','','','|2|','0','0','0','2000','1','1')
INSERT INTO CategoriesModules (UniqueID,CatID,ModuleID) VALUES('165406882657462','378600482032531','20')
INSERT INTO CategoriesPortals (UniqueID,CatID,PortalID) VALUES('335981326672435','378600482032531','0')
INSERT INTO Categories (CatID,ListUnder,CategoryName,Description,Keywords,CatType,Moderator,AccessKeys,WriteKeys,SEODescription,SEOPageTitle,ManageKeys,AccessHide,WriteHide,ExcPortalSecurity,Weight,ShowList,Sharing) VALUES('390602007038477','586429740707257','Individual Resumes','','','','Moderator','|2|,|3|,|1|,|4|','|2|,|3|,|4|','','','|2|','0','0','0','2000','1','1')
INSERT INTO CategoriesModules (UniqueID,CatID,ModuleID) VALUES('161202867364222','390602007038477','20')
INSERT INTO CategoriesPortals (UniqueID,CatID,PortalID) VALUES('148805957186747','390602007038477','0')
INSERT INTO Categories (CatID,ListUnder,CategoryName,Description,Keywords,CatType,Moderator,AccessKeys,WriteKeys,SEODescription,SEOPageTitle,ManageKeys,AccessHide,WriteHide,ExcPortalSecurity,Weight,ShowList,Sharing) VALUES('557254364096565','185728045685285','Indoor Advertising','','','','Moderator','|2|,|3|,|1|,|4|','|2|,|3|,|4|','','','|2|','0','0','0','2000','1','1')
INSERT INTO CategoriesModules (UniqueID,CatID,ModuleID) VALUES('222949935358830','557254364096565','20')
INSERT INTO CategoriesPortals (UniqueID,CatID,PortalID) VALUES('114470337398349','557254364096565','0')
INSERT INTO Categories (CatID,ListUnder,CategoryName,Description,Keywords,CatType,Moderator,AccessKeys,WriteKeys,SEODescription,SEOPageTitle,ManageKeys,AccessHide,WriteHide,ExcPortalSecurity,Weight,ShowList,Sharing) VALUES('123719526826731','184812797232269','Inductors Coils','','','','Moderator','|2|,|3|,|1|,|4|','|2|,|3|,|4|','','','|2|','0','0','0','2000','1','1')
INSERT INTO CategoriesModules (UniqueID,CatID,ModuleID) VALUES('169547312181589','123719526826731','20')
INSERT INTO CategoriesPortals (UniqueID,CatID,PortalID) VALUES('133086016602328','123719526826731','0')
INSERT INTO Categories (CatID,ListUnder,CategoryName,Description,Keywords,CatType,Moderator,AccessKeys,WriteKeys,SEODescription,SEOPageTitle,ManageKeys,AccessHide,WriteHide,ExcPortalSecurity,Weight,ShowList,Sharing) VALUES('102753094963670','284131841433627','Industrial','','','','Moderator','|2|,|3|,|1|,|4|','|2|,|3|,|4|','','','|2|','0','0','0','2000','1','1')
INSERT INTO CategoriesModules (UniqueID,CatID,ModuleID) VALUES('690986454848071','102753094963670','20')
INSERT INTO CategoriesPortals (UniqueID,CatID,PortalID) VALUES('135377300251233','102753094963670','0')
INSERT INTO Categories (CatID,ListUnder,CategoryName,Description,Keywords,CatType,Moderator,AccessKeys,WriteKeys,SEODescription,SEOPageTitle,ManageKeys,AccessHide,WriteHide,ExcPortalSecurity,Weight,ShowList,Sharing) VALUES('148887652086456','500531127112354','Industrial','','','','Moderator','|2|,|3|,|1|,|4|','|2|,|3|,|4|','','','|2|','0','0','0','2000','1','1')
INSERT INTO CategoriesModules (UniqueID,CatID,ModuleID) VALUES('950891304946743','148887652086456','20')
INSERT INTO CategoriesPortals (UniqueID,CatID,PortalID) VALUES('538685483316739','148887652086456','0')
INSERT INTO Categories (CatID,ListUnder,CategoryName,Description,Keywords,CatType,Moderator,AccessKeys,WriteKeys,SEODescription,SEOPageTitle,ManageKeys,AccessHide,WriteHide,ExcPortalSecurity,Weight,ShowList,Sharing) VALUES('201897992608436','533666869140335','Industrial','','','','Moderator','|2|,|3|,|1|,|4|','|2|,|3|,|4|','','','|2|','0','0','0','2000','1','1')
INSERT INTO CategoriesModules (UniqueID,CatID,ModuleID) VALUES('148035053801297','201897992608436','20')
INSERT INTO CategoriesPortals (UniqueID,CatID,PortalID) VALUES('125651084687829','201897992608436','0')
INSERT INTO Categories (CatID,ListUnder,CategoryName,Description,Keywords,CatType,Moderator,AccessKeys,WriteKeys,SEODescription,SEOPageTitle,ManageKeys,AccessHide,WriteHide,ExcPortalSecurity,Weight,ShowList,Sharing) VALUES('105725091313655','207494574995551','Industrial Data','','','','Moderator','|2|,|3|,|1|,|4|','|2|,|3|,|4|','','','|2|','0','0','0','2000','1','1')
INSERT INTO CategoriesModules (UniqueID,CatID,ModuleID) VALUES('117885501508744','105725091313655','20')
INSERT INTO CategoriesPortals (UniqueID,CatID,PortalID) VALUES('165724244232413','105725091313655','0')
INSERT INTO Categories (CatID,ListUnder,CategoryName,Description,Keywords,CatType,Moderator,AccessKeys,WriteKeys,SEODescription,SEOPageTitle,ManageKeys,AccessHide,WriteHide,ExcPortalSecurity,Weight,ShowList,Sharing) VALUES('156376218821455','302144370971758','Industrial Forging','','','','Moderator','|2|,|3|,|1|,|4|','|2|,|3|,|4|','','','|2|','0','0','0','2000','1','1')
INSERT INTO CategoriesModules (UniqueID,CatID,ModuleID) VALUES('929224987045672','156376218821455','20')
INSERT INTO CategoriesPortals (UniqueID,CatID,PortalID) VALUES('112708700969637','156376218821455','0')
INSERT INTO Categories (CatID,ListUnder,CategoryName,Description,Keywords,CatType,Moderator,AccessKeys,WriteKeys,SEODescription,SEOPageTitle,ManageKeys,AccessHide,WriteHide,ExcPortalSecurity,Weight,ShowList,Sharing) VALUES('197137074877143','183210105936633','Industrial Health Safety','','','','Moderator','|2|,|3|,|1|,|4|','|2|,|3|,|4|','','','|2|','0','0','0','2000','1','1')
INSERT INTO CategoriesModules (UniqueID,CatID,ModuleID) VALUES('132548376157233','197137074877143','20')
INSERT INTO CategoriesPortals (UniqueID,CatID,PortalID) VALUES('123298023053655','197137074877143','0')
INSERT INTO Categories (CatID,ListUnder,CategoryName,Description,Keywords,CatType,Moderator,AccessKeys,WriteKeys,SEODescription,SEOPageTitle,ManageKeys,AccessHide,WriteHide,ExcPortalSecurity,Weight,ShowList,Sharing) VALUES('765618039601443','102651687824638','Industrial Hemp','','','','Moderator','|2|,|3|,|1|,|4|','|2|,|3|,|4|','','','|2|','0','0','0','2000','1','1')
INSERT INTO CategoriesModules (UniqueID,CatID,ModuleID) VALUES('779303524588937','765618039601443','20')
INSERT INTO CategoriesPortals (UniqueID,CatID,PortalID) VALUES('187810489345657','765618039601443','0')
INSERT INTO Categories (CatID,ListUnder,CategoryName,Description,Keywords,CatType,Moderator,AccessKeys,WriteKeys,SEODescription,SEOPageTitle,ManageKeys,AccessHide,WriteHide,ExcPortalSecurity,Weight,ShowList,Sharing) VALUES('186409847159103','138186154628395','Industrial Metrology','','','','Moderator','|2|,|3|,|1|,|4|','|2|,|3|,|4|','','','|2|','0','0','0','2000','1','1')
INSERT INTO CategoriesModules (UniqueID,CatID,ModuleID) VALUES('197246798963365','186409847159103','20')
INSERT INTO CategoriesPortals (UniqueID,CatID,PortalID) VALUES('796008649778621','186409847159103','0')
INSERT INTO Categories (CatID,ListUnder,CategoryName,Description,Keywords,CatType,Moderator,AccessKeys,WriteKeys,SEODescription,SEOPageTitle,ManageKeys,AccessHide,WriteHide,ExcPortalSecurity,Weight,ShowList,Sharing) VALUES('204986138831379','133529660719882','Industrial Minerals','','','','Moderator','|2|,|3|,|1|,|4|','|2|,|3|,|4|','','','|2|','0','0','0','2000','1','1')
INSERT INTO CategoriesModules (UniqueID,CatID,ModuleID) VALUES('136459129431003','204986138831379','20')
INSERT INTO CategoriesPortals (UniqueID,CatID,PortalID) VALUES('965421507985875','204986138831379','0')
INSERT INTO Categories (CatID,ListUnder,CategoryName,Description,Keywords,CatType,Moderator,AccessKeys,WriteKeys,SEODescription,SEOPageTitle,ManageKeys,AccessHide,WriteHide,ExcPortalSecurity,Weight,ShowList,Sharing) VALUES('179833348128831','826500906614541','Industrial Products','','','','Moderator','|2|,|3|,|1|,|4|','|2|,|3|,|4|','','','|2|','0','0','0','2000','1','1')
INSERT INTO CategoriesModules (UniqueID,CatID,ModuleID) VALUES('140287561424483','179833348128831','20')
INSERT INTO CategoriesPortals (UniqueID,CatID,PortalID) VALUES('208566712957151','179833348128831','0')
INSERT INTO Categories (CatID,ListUnder,CategoryName,Description,Keywords,CatType,Moderator,AccessKeys,WriteKeys,SEODescription,SEOPageTitle,ManageKeys,AccessHide,WriteHide,ExcPortalSecurity,Weight,ShowList,Sharing) VALUES('169231777657067','0','Industrial Services','','','','Moderator','|2|,|3|,|1|,|4|','|2|,|3|,|4|','','','|2|','0','0','0','2000','1','1')
INSERT INTO CategoriesModules (UniqueID,CatID,ModuleID) VALUES('164137771964434','169231777657067','20')
INSERT INTO CategoriesPortals (UniqueID,CatID,PortalID) VALUES('978824456178780','169231777657067','0')
INSERT INTO Categories (CatID,ListUnder,CategoryName,Description,Keywords,CatType,Moderator,AccessKeys,WriteKeys,SEODescription,SEOPageTitle,ManageKeys,AccessHide,WriteHide,ExcPortalSecurity,Weight,ShowList,Sharing) VALUES('154294030131064','169231777657067','Industrial Supply','','','','Moderator','|2|,|3|,|1|,|4|','|2|,|3|,|4|','','','|2|','0','0','0','2000','1','1')
INSERT INTO CategoriesModules (UniqueID,CatID,ModuleID) VALUES('122135490136557','154294030131064','20')
INSERT INTO CategoriesPortals (UniqueID,CatID,PortalID) VALUES('212057415620440','154294030131064','0')
INSERT INTO Categories (CatID,ListUnder,CategoryName,Description,Keywords,CatType,Moderator,AccessKeys,WriteKeys,SEODescription,SEOPageTitle,ManageKeys,AccessHide,WriteHide,ExcPortalSecurity,Weight,ShowList,Sharing) VALUES('126219373520539','114176321849964','Industrial Yarns Sewing Threads','','','','Moderator','|2|,|3|,|1|,|4|','|2|,|3|,|4|','','','|2|','0','0','0','2000','1','1')
INSERT INTO CategoriesModules (UniqueID,CatID,ModuleID) VALUES('124729568557087','126219373520539','20')
INSERT INTO CategoriesPortals (UniqueID,CatID,PortalID) VALUES('452552113427281','126219373520539','0')
INSERT INTO Categories (CatID,ListUnder,CategoryName,Description,Keywords,CatType,Moderator,AccessKeys,WriteKeys,SEODescription,SEOPageTitle,ManageKeys,AccessHide,WriteHide,ExcPortalSecurity,Weight,ShowList,Sharing) VALUES('704049396562595','118503179432622','Industry Analysts','','','','Moderator','|2|,|3|,|1|,|4|','|2|,|3|,|4|','','','|2|','0','0','0','2000','1','1')
INSERT INTO CategoriesModules (UniqueID,CatID,ModuleID) VALUES('148093498075901','704049396562595','20')
INSERT INTO CategoriesPortals (UniqueID,CatID,PortalID) VALUES('929020108276316','704049396562595','0')
INSERT INTO Categories (CatID,ListUnder,CategoryName,Description,Keywords,CatType,Moderator,AccessKeys,WriteKeys,SEODescription,SEOPageTitle,ManageKeys,AccessHide,WriteHide,ExcPortalSecurity,Weight,ShowList,Sharing) VALUES('172083937642853','424416946702259','Industry Focus','','','','Moderator','|2|,|3|,|1|,|4|','|2|,|3|,|4|','','','|2|','0','0','0','2000','1','1')
INSERT INTO CategoriesModules (UniqueID,CatID,ModuleID) VALUES('937606253178286','172083937642853','20')
INSERT INTO CategoriesPortals (UniqueID,CatID,PortalID) VALUES('577888076047366','172083937642853','0')
INSERT INTO Categories (CatID,ListUnder,CategoryName,Description,Keywords,CatType,Moderator,AccessKeys,WriteKeys,SEODescription,SEOPageTitle,ManageKeys,AccessHide,WriteHide,ExcPortalSecurity,Weight,ShowList,Sharing) VALUES('118768434818798','137369301724224','Industry Resources','','','','Moderator','|2|,|3|,|1|,|4|','|2|,|3|,|4|','','','|2|','0','0','0','2000','1','1')
INSERT INTO CategoriesModules (UniqueID,CatID,ModuleID) VALUES('996231196399422','118768434818798','20')
INSERT INTO CategoriesPortals (UniqueID,CatID,PortalID) VALUES('154928505535583','118768434818798','0')
INSERT INTO Categories (CatID,ListUnder,CategoryName,Description,Keywords,CatType,Moderator,AccessKeys,WriteKeys,SEODescription,SEOPageTitle,ManageKeys,AccessHide,WriteHide,ExcPortalSecurity,Weight,ShowList,Sharing) VALUES('141285125856523','483932662101247','Information','','','','Moderator','|2|,|3|,|1|,|4|','|2|,|3|,|4|','','','|2|','0','0','0','2000','1','1')
INSERT INTO CategoriesModules (UniqueID,CatID,ModuleID) VALUES('432677687984737','141285125856523','20')
INSERT INTO CategoriesPortals (UniqueID,CatID,PortalID) VALUES('137480958613423','141285125856523','0')
INSERT INTO Categories (CatID,ListUnder,CategoryName,Description,Keywords,CatType,Moderator,AccessKeys,WriteKeys,SEODescription,SEOPageTitle,ManageKeys,AccessHide,WriteHide,ExcPortalSecurity,Weight,ShowList,Sharing) VALUES('127021621742274','137369301724224','Information Technology','','','','Moderator','|2|,|3|,|1|,|4|','|2|,|3|,|4|','','','|2|','0','0','0','2000','1','1')
INSERT INTO CategoriesModules (UniqueID,CatID,ModuleID) VALUES('161522069024657','127021621742274','20')
INSERT INTO CategoriesPortals (UniqueID,CatID,PortalID) VALUES('195323839870174','127021621742274','0')
INSERT INTO Categories (CatID,ListUnder,CategoryName,Description,Keywords,CatType,Moderator,AccessKeys,WriteKeys,SEODescription,SEOPageTitle,ManageKeys,AccessHide,WriteHide,ExcPortalSecurity,Weight,ShowList,Sharing) VALUES('209036145783248','0','Information Technology','','','','Moderator','|2|,|3|,|1|,|4|','|2|,|3|,|4|','','','|2|','0','0','0','2000','1','1')
INSERT INTO CategoriesModules (UniqueID,CatID,ModuleID) VALUES('182215142781795','209036145783248','20')
INSERT INTO CategoriesPortals (UniqueID,CatID,PortalID) VALUES('988633217561978','209036145783248','0')
INSERT INTO Categories (CatID,ListUnder,CategoryName,Description,Keywords,CatType,Moderator,AccessKeys,WriteKeys,SEODescription,SEOPageTitle,ManageKeys,AccessHide,WriteHide,ExcPortalSecurity,Weight,ShowList,Sharing) VALUES('133979172204486','170532550168044','Ingredient Formulation','','','','Moderator','|2|,|3|,|1|,|4|','|2|,|3|,|4|','','','|2|','0','0','0','2000','1','1')
INSERT INTO CategoriesModules (UniqueID,CatID,ModuleID) VALUES('126063458598272','133979172204486','20')
INSERT INTO CategoriesPortals (UniqueID,CatID,PortalID) VALUES('229889828852519','133979172204486','0')
INSERT INTO Categories (CatID,ListUnder,CategoryName,Description,Keywords,CatType,Moderator,AccessKeys,WriteKeys,SEODescription,SEOPageTitle,ManageKeys,AccessHide,WriteHide,ExcPortalSecurity,Weight,ShowList,Sharing) VALUES('234033312567158','185703692781321','Inorganic','','','','Moderator','|2|,|3|,|1|,|4|','|2|,|3|,|4|','','','|2|','0','0','0','2000','1','1')
INSERT INTO CategoriesModules (UniqueID,CatID,ModuleID) VALUES('515169784488436','234033312567158','20')
INSERT INTO CategoriesPortals (UniqueID,CatID,PortalID) VALUES('169241604623788','234033312567158','0')
INSERT INTO Categories (CatID,ListUnder,CategoryName,Description,Keywords,CatType,Moderator,AccessKeys,WriteKeys,SEODescription,SEOPageTitle,ManageKeys,AccessHide,WriteHide,ExcPortalSecurity,Weight,ShowList,Sharing) VALUES('201025899203049','412429472676434','Inspection','','','','Moderator','|2|,|3|,|1|,|4|','|2|,|3|,|4|','','','|2|','0','0','0','2000','1','1')
INSERT INTO CategoriesModules (UniqueID,CatID,ModuleID) VALUES('175466418014693','201025899203049','20')
INSERT INTO CategoriesPortals (UniqueID,CatID,PortalID) VALUES('898368602472448','201025899203049','0')
INSERT INTO Categories (CatID,ListUnder,CategoryName,Description,Keywords,CatType,Moderator,AccessKeys,WriteKeys,SEODescription,SEOPageTitle,ManageKeys,AccessHide,WriteHide,ExcPortalSecurity,Weight,ShowList,Sharing) VALUES('112122677257978','468964763450112','Inspection Maintenance','','','','Moderator','|2|,|3|,|1|,|4|','|2|,|3|,|4|','','','|2|','0','0','0','2000','1','1')
INSERT INTO CategoriesModules (UniqueID,CatID,ModuleID) VALUES('650233637749282','112122677257978','20')
INSERT INTO CategoriesPortals (UniqueID,CatID,PortalID) VALUES('214498285828335','112122677257978','0')
INSERT INTO Categories (CatID,ListUnder,CategoryName,Description,Keywords,CatType,Moderator,AccessKeys,WriteKeys,SEODescription,SEOPageTitle,ManageKeys,AccessHide,WriteHide,ExcPortalSecurity,Weight,ShowList,Sharing) VALUES('999751024856682','169980540672786','Institutes Schools','','','','Moderator','|2|,|3|,|1|,|4|','|2|,|3|,|4|','','','|2|','0','0','0','2000','1','1')
INSERT INTO CategoriesModules (UniqueID,CatID,ModuleID) VALUES('140831301935684','999751024856682','20')
INSERT INTO CategoriesPortals (UniqueID,CatID,PortalID) VALUES('796205553746602','999751024856682','0')
INSERT INTO Categories (CatID,ListUnder,CategoryName,Description,Keywords,CatType,Moderator,AccessKeys,WriteKeys,SEODescription,SEOPageTitle,ManageKeys,AccessHide,WriteHide,ExcPortalSecurity,Weight,ShowList,Sharing) VALUES('167827787849526','161898503042338','Instrumentation','','','','Moderator','|2|,|3|,|1|,|4|','|2|,|3|,|4|','','','|2|','0','0','0','2000','1','1')
INSERT INTO CategoriesModules (UniqueID,CatID,ModuleID) VALUES('115043230219651','167827787849526','20')
INSERT INTO CategoriesPortals (UniqueID,CatID,PortalID) VALUES('176563129833443','167827787849526','0')
INSERT INTO Categories (CatID,ListUnder,CategoryName,Description,Keywords,CatType,Moderator,AccessKeys,WriteKeys,SEODescription,SEOPageTitle,ManageKeys,AccessHide,WriteHide,ExcPortalSecurity,Weight,ShowList,Sharing) VALUES('117786310371313','214300976326282','Insurance','','','','Moderator','|2|,|3|,|1|,|4|','|2|,|3|,|4|','','','|2|','0','0','0','2000','1','1')
INSERT INTO CategoriesModules (UniqueID,CatID,ModuleID) VALUES('923127638385081','117786310371313','20')
INSERT INTO CategoriesPortals (UniqueID,CatID,PortalID) VALUES('593224727181414','117786310371313','0')
INSERT INTO Categories (CatID,ListUnder,CategoryName,Description,Keywords,CatType,Moderator,AccessKeys,WriteKeys,SEODescription,SEOPageTitle,ManageKeys,AccessHide,WriteHide,ExcPortalSecurity,Weight,ShowList,Sharing) VALUES('518067943485998','293246790583114','Insurance','','','','Moderator','|2|,|3|,|1|,|4|','|2|,|3|,|4|','','','|2|','0','0','0','2000','1','1')
INSERT INTO CategoriesModules (UniqueID,CatID,ModuleID) VALUES('320356495431179','518067943485998','20')
INSERT INTO CategoriesPortals (UniqueID,CatID,PortalID) VALUES('276498818724746','518067943485998','0')
INSERT INTO Categories (CatID,ListUnder,CategoryName,Description,Keywords,CatType,Moderator,AccessKeys,WriteKeys,SEODescription,SEOPageTitle,ManageKeys,AccessHide,WriteHide,ExcPortalSecurity,Weight,ShowList,Sharing) VALUES('205170201988868','958450126441562','Integrators','','','','Moderator','|2|,|3|,|1|,|4|','|2|,|3|,|4|','','','|2|','0','0','0','2000','1','1')
INSERT INTO CategoriesModules (UniqueID,CatID,ModuleID) VALUES('120730258670196','205170201988868','20')
INSERT INTO CategoriesPortals (UniqueID,CatID,PortalID) VALUES('207750057233842','205170201988868','0')
INSERT INTO Categories (CatID,ListUnder,CategoryName,Description,Keywords,CatType,Moderator,AccessKeys,WriteKeys,SEODescription,SEOPageTitle,ManageKeys,AccessHide,WriteHide,ExcPortalSecurity,Weight,ShowList,Sharing) VALUES('857137400834865','150741235458101','Intelligent Systems','','','','Moderator','|2|,|3|,|1|,|4|','|2|,|3|,|4|','','','|2|','0','0','0','2000','1','1')
INSERT INTO CategoriesModules (UniqueID,CatID,ModuleID) VALUES('371526719592313','857137400834865','20')
INSERT INTO CategoriesPortals (UniqueID,CatID,PortalID) VALUES('152314699561583','857137400834865','0')
INSERT INTO Categories (CatID,ListUnder,CategoryName,Description,Keywords,CatType,Moderator,AccessKeys,WriteKeys,SEODescription,SEOPageTitle,ManageKeys,AccessHide,WriteHide,ExcPortalSecurity,Weight,ShowList,Sharing) VALUES('220581147133903','265537542464772','Interior','','','','Moderator','|2|,|3|,|1|,|4|','|2|,|3|,|4|','','','|2|','0','0','0','2000','1','1')
INSERT INTO CategoriesModules (UniqueID,CatID,ModuleID) VALUES('183194902176951','220581147133903','20')
INSERT INTO CategoriesPortals (UniqueID,CatID,PortalID) VALUES('800622980281378','220581147133903','0')
INSERT INTO Categories (CatID,ListUnder,CategoryName,Description,Keywords,CatType,Moderator,AccessKeys,WriteKeys,SEODescription,SEOPageTitle,ManageKeys,AccessHide,WriteHide,ExcPortalSecurity,Weight,ShowList,Sharing) VALUES('111840679887363','514484672265053','Interior Designers','','','','Moderator','|2|,|3|,|1|,|4|','|2|,|3|,|4|','','','|2|','0','0','0','2000','1','1')
INSERT INTO CategoriesModules (UniqueID,CatID,ModuleID) VALUES('145117517391822','111840679887363','20')
INSERT INTO CategoriesPortals (UniqueID,CatID,PortalID) VALUES('124063443882264','111840679887363','0')
INSERT INTO Categories (CatID,ListUnder,CategoryName,Description,Keywords,CatType,Moderator,AccessKeys,WriteKeys,SEODescription,SEOPageTitle,ManageKeys,AccessHide,WriteHide,ExcPortalSecurity,Weight,ShowList,Sharing) VALUES('145561398531063','0','International Business Trade','','','','Moderator','|2|,|3|,|1|,|4|','|2|,|3|,|4|','','','|2|','0','0','0','2000','1','1')
INSERT INTO CategoriesModules (UniqueID,CatID,ModuleID) VALUES('367733761659586','145561398531063','20')
INSERT INTO CategoriesPortals (UniqueID,CatID,PortalID) VALUES('192641847082315','145561398531063','0')
INSERT INTO Categories (CatID,ListUnder,CategoryName,Description,Keywords,CatType,Moderator,AccessKeys,WriteKeys,SEODescription,SEOPageTitle,ManageKeys,AccessHide,WriteHide,ExcPortalSecurity,Weight,ShowList,Sharing) VALUES('210718162761263','145561398531063','International Organization for Stardization - ISO','','','','Moderator','|2|,|3|,|1|,|4|','|2|,|3|,|4|','','','|2|','0','0','0','2000','1','1')
INSERT INTO CategoriesModules (UniqueID,CatID,ModuleID) VALUES('210511716778225','210718162761263','20')
INSERT INTO CategoriesPortals (UniqueID,CatID,PortalID) VALUES('190290855683455','210718162761263','0')
INSERT INTO Categories (CatID,ListUnder,CategoryName,Description,Keywords,CatType,Moderator,AccessKeys,WriteKeys,SEODescription,SEOPageTitle,ManageKeys,AccessHide,WriteHide,ExcPortalSecurity,Weight,ShowList,Sharing) VALUES('966127739679243','145561398531063','International Taxation','','','','Moderator','|2|,|3|,|1|,|4|','|2|,|3|,|4|','','','|2|','0','0','0','2000','1','1')
INSERT INTO CategoriesModules (UniqueID,CatID,ModuleID) VALUES('183244509647377','966127739679243','20')
INSERT INTO CategoriesPortals (UniqueID,CatID,PortalID) VALUES('182871788654147','966127739679243','0')
INSERT INTO Categories (CatID,ListUnder,CategoryName,Description,Keywords,CatType,Moderator,AccessKeys,WriteKeys,SEODescription,SEOPageTitle,ManageKeys,AccessHide,WriteHide,ExcPortalSecurity,Weight,ShowList,Sharing) VALUES('183504873225057','170532550168044','International Trade','','','','Moderator','|2|,|3|,|1|,|4|','|2|,|3|,|4|','','','|2|','0','0','0','2000','1','1')
INSERT INTO CategoriesModules (UniqueID,CatID,ModuleID) VALUES('178143568759737','183504873225057','20')
INSERT INTO CategoriesPortals (UniqueID,CatID,PortalID) VALUES('682415547042114','183504873225057','0')
INSERT INTO Categories (CatID,ListUnder,CategoryName,Description,Keywords,CatType,Moderator,AccessKeys,WriteKeys,SEODescription,SEOPageTitle,ManageKeys,AccessHide,WriteHide,ExcPortalSecurity,Weight,ShowList,Sharing) VALUES('185911882666342','206314713517386','Internet','','','','Moderator','|2|,|3|,|1|,|4|','|2|,|3|,|4|','','','|2|','0','0','0','2000','1','1')
INSERT INTO CategoriesModules (UniqueID,CatID,ModuleID) VALUES('989251900854887','185911882666342','20')
INSERT INTO CategoriesPortals (UniqueID,CatID,PortalID) VALUES('192438668054878','185911882666342','0')
INSERT INTO Categories (CatID,ListUnder,CategoryName,Description,Keywords,CatType,Moderator,AccessKeys,WriteKeys,SEODescription,SEOPageTitle,ManageKeys,AccessHide,WriteHide,ExcPortalSecurity,Weight,ShowList,Sharing) VALUES('463872615556238','213563058167417','Internet Marketing','','','','Moderator','|2|,|3|,|1|,|4|','|2|,|3|,|4|','','','|2|','0','0','0','2000','1','1')
INSERT INTO CategoriesModules (UniqueID,CatID,ModuleID) VALUES('747302702146077','463872615556238','20')
INSERT INTO CategoriesPortals (UniqueID,CatID,PortalID) VALUES('891310612755856','463872615556238','0')
INSERT INTO Categories (CatID,ListUnder,CategoryName,Description,Keywords,CatType,Moderator,AccessKeys,WriteKeys,SEODescription,SEOPageTitle,ManageKeys,AccessHide,WriteHide,ExcPortalSecurity,Weight,ShowList,Sharing) VALUES('407246154476726','121738407646224','Inventions','','','','Moderator','|2|,|3|,|1|,|4|','|2|,|3|,|4|','','','|2|','0','0','0','2000','1','1')
INSERT INTO CategoriesModules (UniqueID,CatID,ModuleID) VALUES('416659426123521','407246154476726','20')
INSERT INTO CategoriesPortals (UniqueID,CatID,PortalID) VALUES('192234472811323','407246154476726','0')
INSERT INTO Categories (CatID,ListUnder,CategoryName,Description,Keywords,CatType,Moderator,AccessKeys,WriteKeys,SEODescription,SEOPageTitle,ManageKeys,AccessHide,WriteHide,ExcPortalSecurity,Weight,ShowList,Sharing) VALUES('576315782503880','407246154476726','Inventions for Sale','','','','Moderator','|2|,|3|,|1|,|4|','|2|,|3|,|4|','','','|2|','0','0','0','2000','1','1')
INSERT INTO CategoriesModules (UniqueID,CatID,ModuleID) VALUES('722451611254721','576315782503880','20')
INSERT INTO CategoriesPortals (UniqueID,CatID,PortalID) VALUES('121705370762156','576315782503880','0')
INSERT INTO Categories (CatID,ListUnder,CategoryName,Description,Keywords,CatType,Moderator,AccessKeys,WriteKeys,SEODescription,SEOPageTitle,ManageKeys,AccessHide,WriteHide,ExcPortalSecurity,Weight,ShowList,Sharing) VALUES('196318011684813','655618163243369','Inverters','','','','Moderator','|2|,|3|,|1|,|4|','|2|,|3|,|4|','','','|2|','0','0','0','2000','1','1')
INSERT INTO CategoriesModules (UniqueID,CatID,ModuleID) VALUES('974641510680268','196318011684813','20')
INSERT INTO CategoriesPortals (UniqueID,CatID,PortalID) VALUES('872273390268543','196318011684813','0')
INSERT INTO Categories (CatID,ListUnder,CategoryName,Description,Keywords,CatType,Moderator,AccessKeys,WriteKeys,SEODescription,SEOPageTitle,ManageKeys,AccessHide,WriteHide,ExcPortalSecurity,Weight,ShowList,Sharing) VALUES('181537501518755','0','Investing','','','','Moderator','|2|,|3|,|1|,|4|','|2|,|3|,|4|','','','|2|','0','0','0','2000','1','1')
INSERT INTO CategoriesModules (UniqueID,CatID,ModuleID) VALUES('507635390838356','181537501518755','20')
INSERT INTO CategoriesPortals (UniqueID,CatID,PortalID) VALUES('960466585125585','181537501518755','0')
INSERT INTO Categories (CatID,ListUnder,CategoryName,Description,Keywords,CatType,Moderator,AccessKeys,WriteKeys,SEODescription,SEOPageTitle,ManageKeys,AccessHide,WriteHide,ExcPortalSecurity,Weight,ShowList,Sharing) VALUES('200924879680627','293246790583114','Investment Banks','','','','Moderator','|2|,|3|,|1|,|4|','|2|,|3|,|4|','','','|2|','0','0','0','2000','1','1')
INSERT INTO CategoriesModules (UniqueID,CatID,ModuleID) VALUES('171118032878822','200924879680627','20')
INSERT INTO CategoriesPortals (UniqueID,CatID,PortalID) VALUES('280821139172555','200924879680627','0')
INSERT INTO Categories (CatID,ListUnder,CategoryName,Description,Keywords,CatType,Moderator,AccessKeys,WriteKeys,SEODescription,SEOPageTitle,ManageKeys,AccessHide,WriteHide,ExcPortalSecurity,Weight,ShowList,Sharing) VALUES('946926125151364','504358599663048','Investment Models','','','','Moderator','|2|,|3|,|1|,|4|','|2|,|3|,|4|','','','|2|','0','0','0','2000','1','1')
INSERT INTO CategoriesModules (UniqueID,CatID,ModuleID) VALUES('192853776654214','946926125151364','20')
INSERT INTO CategoriesPortals (UniqueID,CatID,PortalID) VALUES('870971216881368','946926125151364','0')
INSERT INTO Categories (CatID,ListUnder,CategoryName,Description,Keywords,CatType,Moderator,AccessKeys,WriteKeys,SEODescription,SEOPageTitle,ManageKeys,AccessHide,WriteHide,ExcPortalSecurity,Weight,ShowList,Sharing) VALUES('190583628232526','106491169447471','IPP-Merchant Power','','','','Moderator','|2|,|3|,|1|,|4|','|2|,|3|,|4|','','','|2|','0','0','0','2000','1','1')
INSERT INTO CategoriesModules (UniqueID,CatID,ModuleID) VALUES('213367650849754','190583628232526','20')
INSERT INTO CategoriesPortals (UniqueID,CatID,PortalID) VALUES('146312188308526','190583628232526','0')
INSERT INTO Categories (CatID,ListUnder,CategoryName,Description,Keywords,CatType,Moderator,AccessKeys,WriteKeys,SEODescription,SEOPageTitle,ManageKeys,AccessHide,WriteHide,ExcPortalSecurity,Weight,ShowList,Sharing) VALUES('161535912238688','210718162761263','ISO 17025','','','','Moderator','|2|,|3|,|1|,|4|','|2|,|3|,|4|','','','|2|','0','0','0','2000','1','1')
INSERT INTO CategoriesModules (UniqueID,CatID,ModuleID) VALUES('597861729544921','161535912238688','20')
INSERT INTO CategoriesPortals (UniqueID,CatID,PortalID) VALUES('126863747819675','161535912238688','0')
INSERT INTO Categories (CatID,ListUnder,CategoryName,Description,Keywords,CatType,Moderator,AccessKeys,WriteKeys,SEODescription,SEOPageTitle,ManageKeys,AccessHide,WriteHide,ExcPortalSecurity,Weight,ShowList,Sharing) VALUES('109395339140306','210718162761263','ISO 9000','','','','Moderator','|2|,|3|,|1|,|4|','|2|,|3|,|4|','','','|2|','0','0','0','2000','1','1')
INSERT INTO CategoriesModules (UniqueID,CatID,ModuleID) VALUES('308480782651143','109395339140306','20')
INSERT INTO CategoriesPortals (UniqueID,CatID,PortalID) VALUES('575711253346276','109395339140306','0')
INSERT INTO Categories (CatID,ListUnder,CategoryName,Description,Keywords,CatType,Moderator,AccessKeys,WriteKeys,SEODescription,SEOPageTitle,ManageKeys,AccessHide,WriteHide,ExcPortalSecurity,Weight,ShowList,Sharing) VALUES('493091231748173','210718162761263','ISO 9001','','','','Moderator','|2|,|3|,|1|,|4|','|2|,|3|,|4|','','','|2|','0','0','0','2000','1','1')
INSERT INTO CategoriesModules (UniqueID,CatID,ModuleID) VALUES('153810451035205','493091231748173','20')
INSERT INTO CategoriesPortals (UniqueID,CatID,PortalID) VALUES('195748310029873','493091231748173','0')
INSERT INTO Categories (CatID,ListUnder,CategoryName,Description,Keywords,CatType,Moderator,AccessKeys,WriteKeys,SEODescription,SEOPageTitle,ManageKeys,AccessHide,WriteHide,ExcPortalSecurity,Weight,ShowList,Sharing) VALUES('166710265394011','941546425030488','Italian','','','','Moderator','|2|,|3|,|1|,|4|','|2|,|3|,|4|','','','|2|','0','0','0','2000','1','1')
INSERT INTO CategoriesModules (UniqueID,CatID,ModuleID) VALUES('150783365043641','166710265394011','20')
INSERT INTO CategoriesPortals (UniqueID,CatID,PortalID) VALUES('173666048677685','166710265394011','0')
INSERT INTO Categories (CatID,ListUnder,CategoryName,Description,Keywords,CatType,Moderator,AccessKeys,WriteKeys,SEODescription,SEOPageTitle,ManageKeys,AccessHide,WriteHide,ExcPortalSecurity,Weight,ShowList,Sharing) VALUES('186958915863768','850669979518259','Janitorial','','','','Moderator','|2|,|3|,|1|,|4|','|2|,|3|,|4|','','','|2|','0','0','0','2000','1','1')
INSERT INTO CategoriesModules (UniqueID,CatID,ModuleID) VALUES('110599050231684','186958915863768','20')
INSERT INTO CategoriesPortals (UniqueID,CatID,PortalID) VALUES('101834512465415','186958915863768','0')
INSERT INTO Categories (CatID,ListUnder,CategoryName,Description,Keywords,CatType,Moderator,AccessKeys,WriteKeys,SEODescription,SEOPageTitle,ManageKeys,AccessHide,WriteHide,ExcPortalSecurity,Weight,ShowList,Sharing) VALUES('126619076066084','941546425030488','Japanese','','','','Moderator','|2|,|3|,|1|,|4|','|2|,|3|,|4|','','','|2|','0','0','0','2000','1','1')
INSERT INTO CategoriesModules (UniqueID,CatID,ModuleID) VALUES('169731403077287','126619076066084','20')
INSERT INTO CategoriesPortals (UniqueID,CatID,PortalID) VALUES('406728573812936','126619076066084','0')
INSERT INTO Categories (CatID,ListUnder,CategoryName,Description,Keywords,CatType,Moderator,AccessKeys,WriteKeys,SEODescription,SEOPageTitle,ManageKeys,AccessHide,WriteHide,ExcPortalSecurity,Weight,ShowList,Sharing) VALUES('161240180898887','337252452252724','Jewelry','','','','Moderator','|2|,|3|,|1|,|4|','|2|,|3|,|4|','','','|2|','0','0','0','2000','1','1')
INSERT INTO CategoriesModules (UniqueID,CatID,ModuleID) VALUES('667111096113382','161240180898887','20')
INSERT INTO CategoriesPortals (UniqueID,CatID,PortalID) VALUES('132147331681747','161240180898887','0')
INSERT INTO Categories (CatID,ListUnder,CategoryName,Description,Keywords,CatType,Moderator,AccessKeys,WriteKeys,SEODescription,SEOPageTitle,ManageKeys,AccessHide,WriteHide,ExcPortalSecurity,Weight,ShowList,Sharing) VALUES('169457723355755','902193958283188','Job Search','','','','Moderator','|2|,|3|,|1|,|4|','|2|,|3|,|4|','','','|2|','0','0','0','2000','1','1')
INSERT INTO CategoriesModules (UniqueID,CatID,ModuleID) VALUES('344962405494207','169457723355755','20')
INSERT INTO CategoriesPortals (UniqueID,CatID,PortalID) VALUES('134220268381915','169457723355755','0')
INSERT INTO Categories (CatID,ListUnder,CategoryName,Description,Keywords,CatType,Moderator,AccessKeys,WriteKeys,SEODescription,SEOPageTitle,ManageKeys,AccessHide,WriteHide,ExcPortalSecurity,Weight,ShowList,Sharing) VALUES('190158446248242','193100023173231','Job Search','','','','Moderator','|2|,|3|,|1|,|4|','|2|,|3|,|4|','','','|2|','0','0','0','2000','1','1')
INSERT INTO CategoriesModules (UniqueID,CatID,ModuleID) VALUES('226395417481631','190158446248242','20')
INSERT INTO CategoriesPortals (UniqueID,CatID,PortalID) VALUES('140148992915400','190158446248242','0')
INSERT INTO Categories (CatID,ListUnder,CategoryName,Description,Keywords,CatType,Moderator,AccessKeys,WriteKeys,SEODescription,SEOPageTitle,ManageKeys,AccessHide,WriteHide,ExcPortalSecurity,Weight,ShowList,Sharing) VALUES('202435884020895','563436508452811','Job Search','','','','Moderator','|2|,|3|,|1|,|4|','|2|,|3|,|4|','','','|2|','0','0','0','2000','1','1')
INSERT INTO CategoriesModules (UniqueID,CatID,ModuleID) VALUES('146264458351659','202435884020895','20')
INSERT INTO CategoriesPortals (UniqueID,CatID,PortalID) VALUES('105829103866633','202435884020895','0')
INSERT INTO Categories (CatID,ListUnder,CategoryName,Description,Keywords,CatType,Moderator,AccessKeys,WriteKeys,SEODescription,SEOPageTitle,ManageKeys,AccessHide,WriteHide,ExcPortalSecurity,Weight,ShowList,Sharing) VALUES('943070937812285','667063127757362','Job Search','','','','Moderator','|2|,|3|,|1|,|4|','|2|,|3|,|4|','','','|2|','0','0','0','2000','1','1')
INSERT INTO CategoriesModules (UniqueID,CatID,ModuleID) VALUES('729349863472401','943070937812285','20')
INSERT INTO CategoriesPortals (UniqueID,CatID,PortalID) VALUES('100294168632298','943070937812285','0')
INSERT INTO Categories (CatID,ListUnder,CategoryName,Description,Keywords,CatType,Moderator,AccessKeys,WriteKeys,SEODescription,SEOPageTitle,ManageKeys,AccessHide,WriteHide,ExcPortalSecurity,Weight,ShowList,Sharing) VALUES('411756411781332','189238540572357','Juice','','','','Moderator','|2|,|3|,|1|,|4|','|2|,|3|,|4|','','','|2|','0','0','0','2000','1','1')
INSERT INTO CategoriesModules (UniqueID,CatID,ModuleID) VALUES('188141236825616','411756411781332','20')
INSERT INTO CategoriesPortals (UniqueID,CatID,PortalID) VALUES('232377718926097','411756411781332','0')
INSERT INTO Categories (CatID,ListUnder,CategoryName,Description,Keywords,CatType,Moderator,AccessKeys,WriteKeys,SEODescription,SEOPageTitle,ManageKeys,AccessHide,WriteHide,ExcPortalSecurity,Weight,ShowList,Sharing) VALUES('208388901221457','877724855173932','Kit Cars Replicas','','','','Moderator','|2|,|3|,|1|,|4|','|2|,|3|,|4|','','','|2|','0','0','0','2000','1','1')
INSERT INTO CategoriesModules (UniqueID,CatID,ModuleID) VALUES('129876406971269','208388901221457','20')
INSERT INTO CategoriesPortals (UniqueID,CatID,PortalID) VALUES('162686633053186','208388901221457','0')
INSERT INTO Categories (CatID,ListUnder,CategoryName,Description,Keywords,CatType,Moderator,AccessKeys,WriteKeys,SEODescription,SEOPageTitle,ManageKeys,AccessHide,WriteHide,ExcPortalSecurity,Weight,ShowList,Sharing) VALUES('895916845054377','514484672265053','Kitchen Bath','','','','Moderator','|2|,|3|,|1|,|4|','|2|,|3|,|4|','','','|2|','0','0','0','2000','1','1')
INSERT INTO CategoriesModules (UniqueID,CatID,ModuleID) VALUES('361243289311458','895916845054377','20')
INSERT INTO CategoriesPortals (UniqueID,CatID,PortalID) VALUES('622053971387387','895916845054377','0')
INSERT INTO Categories (CatID,ListUnder,CategoryName,Description,Keywords,CatType,Moderator,AccessKeys,WriteKeys,SEODescription,SEOPageTitle,ManageKeys,AccessHide,WriteHide,ExcPortalSecurity,Weight,ShowList,Sharing) VALUES('174466389175867','216037974577765','L fills','','','','Moderator','|2|,|3|,|1|,|4|','|2|,|3|,|4|','','','|2|','0','0','0','2000','1','1')
INSERT INTO CategoriesModules (UniqueID,CatID,ModuleID) VALUES('374191138272679','174466389175867','20')
INSERT INTO CategoriesPortals (UniqueID,CatID,PortalID) VALUES('325480871467006','174466389175867','0')
INSERT INTO Categories (CatID,ListUnder,CategoryName,Description,Keywords,CatType,Moderator,AccessKeys,WriteKeys,SEODescription,SEOPageTitle,ManageKeys,AccessHide,WriteHide,ExcPortalSecurity,Weight,ShowList,Sharing) VALUES('842007442761918','144315891422463','L scaping','','','','Moderator','|2|,|3|,|1|,|4|','|2|,|3|,|4|','','','|2|','0','0','0','2000','1','1')
INSERT INTO CategoriesModules (UniqueID,CatID,ModuleID) VALUES('155022292446636','842007442761918','20')
INSERT INTO CategoriesPortals (UniqueID,CatID,PortalID) VALUES('900872120442024','842007442761918','0')
INSERT INTO Categories (CatID,ListUnder,CategoryName,Description,Keywords,CatType,Moderator,AccessKeys,WriteKeys,SEODescription,SEOPageTitle,ManageKeys,AccessHide,WriteHide,ExcPortalSecurity,Weight,ShowList,Sharing) VALUES('769958921441546','546733937596261','Labels','','','','Moderator','|2|,|3|,|1|,|4|','|2|,|3|,|4|','','','|2|','0','0','0','2000','1','1')
INSERT INTO CategoriesModules (UniqueID,CatID,ModuleID) VALUES('909959358156147','769958921441546','20')
INSERT INTO CategoriesPortals (UniqueID,CatID,PortalID) VALUES('810371657427365','769958921441546','0')
INSERT INTO Categories (CatID,ListUnder,CategoryName,Description,Keywords,CatType,Moderator,AccessKeys,WriteKeys,SEODescription,SEOPageTitle,ManageKeys,AccessHide,WriteHide,ExcPortalSecurity,Weight,ShowList,Sharing) VALUES('137004133557453','205742372458738','Labels','','','','Moderator','|2|,|3|,|1|,|4|','|2|,|3|,|4|','','','|2|','0','0','0','2000','1','1')
INSERT INTO CategoriesModules (UniqueID,CatID,ModuleID) VALUES('109221108093528','137004133557453','20')
INSERT INTO CategoriesPortals (UniqueID,CatID,PortalID) VALUES('152930949754357','137004133557453','0')
INSERT INTO Categories (CatID,ListUnder,CategoryName,Description,Keywords,CatType,Moderator,AccessKeys,WriteKeys,SEODescription,SEOPageTitle,ManageKeys,AccessHide,WriteHide,ExcPortalSecurity,Weight,ShowList,Sharing) VALUES('203664810205797','180077455433202','Lamps Indicators','','','','Moderator','|2|,|3|,|1|,|4|','|2|,|3|,|4|','','','|2|','0','0','0','2000','1','1')
INSERT INTO CategoriesModules (UniqueID,CatID,ModuleID) VALUES('152397644654467','203664810205797','20')
INSERT INTO CategoriesPortals (UniqueID,CatID,PortalID) VALUES('143796936256554','203664810205797','0')
INSERT INTO Categories (CatID,ListUnder,CategoryName,Description,Keywords,CatType,Moderator,AccessKeys,WriteKeys,SEODescription,SEOPageTitle,ManageKeys,AccessHide,WriteHide,ExcPortalSecurity,Weight,ShowList,Sharing) VALUES('446457412570053','170779964580587','Lasers','','','','Moderator','|2|,|3|,|1|,|4|','|2|,|3|,|4|','','','|2|','0','0','0','2000','1','1')
INSERT INTO CategoriesModules (UniqueID,CatID,ModuleID) VALUES('951917423003736','446457412570053','20')
INSERT INTO CategoriesPortals (UniqueID,CatID,PortalID) VALUES('581598813740543','446457412570053','0')
INSERT INTO Categories (CatID,ListUnder,CategoryName,Description,Keywords,CatType,Moderator,AccessKeys,WriteKeys,SEODescription,SEOPageTitle,ManageKeys,AccessHide,WriteHide,ExcPortalSecurity,Weight,ShowList,Sharing) VALUES('212023357416034','473858599133467','Launch','','','','Moderator','|2|,|3|,|1|,|4|','|2|,|3|,|4|','','','|2|','0','0','0','2000','1','1')
INSERT INTO CategoriesModules (UniqueID,CatID,ModuleID) VALUES('272654216887660','212023357416034','20')
INSERT INTO CategoriesPortals (UniqueID,CatID,PortalID) VALUES('835884967449484','212023357416034','0')
[[GO]]
INSERT INTO Categories (CatID,ListUnder,CategoryName,Description,Keywords,CatType,Moderator,AccessKeys,WriteKeys,SEODescription,SEOPageTitle,ManageKeys,AccessHide,WriteHide,ExcPortalSecurity,Weight,ShowList,Sharing) VALUES('109065509875610','138401084934556','Leadership','','','','Moderator','|2|,|3|,|1|,|4|','|2|,|3|,|4|','','','|2|','0','0','0','2000','1','1')
INSERT INTO CategoriesModules (UniqueID,CatID,ModuleID) VALUES('177166276306367','109065509875610','20')
INSERT INTO CategoriesPortals (UniqueID,CatID,PortalID) VALUES('160440389426149','109065509875610','0')
INSERT INTO Categories (CatID,ListUnder,CategoryName,Description,Keywords,CatType,Moderator,AccessKeys,WriteKeys,SEODescription,SEOPageTitle,ManageKeys,AccessHide,WriteHide,ExcPortalSecurity,Weight,ShowList,Sharing) VALUES('212403002657418','293246790583114','Leasing Services','','','','Moderator','|2|,|3|,|1|,|4|','|2|,|3|,|4|','','','|2|','0','0','0','2000','1','1')
INSERT INTO CategoriesModules (UniqueID,CatID,ModuleID) VALUES('788507874093972','212403002657418','20')
INSERT INTO CategoriesPortals (UniqueID,CatID,PortalID) VALUES('149324938666410','212403002657418','0')
INSERT INTO Categories (CatID,ListUnder,CategoryName,Description,Keywords,CatType,Moderator,AccessKeys,WriteKeys,SEODescription,SEOPageTitle,ManageKeys,AccessHide,WriteHide,ExcPortalSecurity,Weight,ShowList,Sharing) VALUES('150356798521804','876783193816423','Leather','','','','Moderator','|2|,|3|,|1|,|4|','|2|,|3|,|4|','','','|2|','0','0','0','2000','1','1')
INSERT INTO CategoriesModules (UniqueID,CatID,ModuleID) VALUES('147577912431711','150356798521804','20')
INSERT INTO CategoriesPortals (UniqueID,CatID,PortalID) VALUES('134468830393683','150356798521804','0')
INSERT INTO Categories (CatID,ListUnder,CategoryName,Description,Keywords,CatType,Moderator,AccessKeys,WriteKeys,SEODescription,SEOPageTitle,ManageKeys,AccessHide,WriteHide,ExcPortalSecurity,Weight,ShowList,Sharing) VALUES('630326987373262','114176321849964','Leathers','','','','Moderator','|2|,|3|,|1|,|4|','|2|,|3|,|4|','','','|2|','0','0','0','2000','1','1')
INSERT INTO CategoriesModules (UniqueID,CatID,ModuleID) VALUES('157576658235885','630326987373262','20')
INSERT INTO CategoriesPortals (UniqueID,CatID,PortalID) VALUES('491468839327707','630326987373262','0')
INSERT INTO Categories (CatID,ListUnder,CategoryName,Description,Keywords,CatType,Moderator,AccessKeys,WriteKeys,SEODescription,SEOPageTitle,ManageKeys,AccessHide,WriteHide,ExcPortalSecurity,Weight,ShowList,Sharing) VALUES('167849644039027','138186154628395','Leatherworking Machinery','','','','Moderator','|2|,|3|,|1|,|4|','|2|,|3|,|4|','','','|2|','0','0','0','2000','1','1')
INSERT INTO CategoriesModules (UniqueID,CatID,ModuleID) VALUES('114501942312442','167849644039027','20')
INSERT INTO CategoriesPortals (UniqueID,CatID,PortalID) VALUES('947470131102413','167849644039027','0')
INSERT INTO Categories (CatID,ListUnder,CategoryName,Description,Keywords,CatType,Moderator,AccessKeys,WriteKeys,SEODescription,SEOPageTitle,ManageKeys,AccessHide,WriteHide,ExcPortalSecurity,Weight,ShowList,Sharing) VALUES('683437408298332','412429472676434','Legal','','','','Moderator','|2|,|3|,|1|,|4|','|2|,|3|,|4|','','','|2|','0','0','0','2000','1','1')
INSERT INTO CategoriesModules (UniqueID,CatID,ModuleID) VALUES('263942631196218','683437408298332','20')
INSERT INTO CategoriesPortals (UniqueID,CatID,PortalID) VALUES('964877640208357','683437408298332','0')
INSERT INTO Categories (CatID,ListUnder,CategoryName,Description,Keywords,CatType,Moderator,AccessKeys,WriteKeys,SEODescription,SEOPageTitle,ManageKeys,AccessHide,WriteHide,ExcPortalSecurity,Weight,ShowList,Sharing) VALUES('156095461057576','158169661671233','Lenders','','','','Moderator','|2|,|3|,|1|,|4|','|2|,|3|,|4|','','','|2|','0','0','0','2000','1','1')
INSERT INTO CategoriesModules (UniqueID,CatID,ModuleID) VALUES('149905552481871','156095461057576','20')
INSERT INTO CategoriesPortals (UniqueID,CatID,PortalID) VALUES('176802008074783','156095461057576','0')
INSERT INTO Categories (CatID,ListUnder,CategoryName,Description,Keywords,CatType,Moderator,AccessKeys,WriteKeys,SEODescription,SEOPageTitle,ManageKeys,AccessHide,WriteHide,ExcPortalSecurity,Weight,ShowList,Sharing) VALUES('106965589015828','446387467305917','Lens Design','','','','Moderator','|2|,|3|,|1|,|4|','|2|,|3|,|4|','','','|2|','0','0','0','2000','1','1')
INSERT INTO CategoriesModules (UniqueID,CatID,ModuleID) VALUES('712868880228406','106965589015828','20')
INSERT INTO CategoriesPortals (UniqueID,CatID,PortalID) VALUES('191785463112412','106965589015828','0')
INSERT INTO Categories (CatID,ListUnder,CategoryName,Description,Keywords,CatType,Moderator,AccessKeys,WriteKeys,SEODescription,SEOPageTitle,ManageKeys,AccessHide,WriteHide,ExcPortalSecurity,Weight,ShowList,Sharing) VALUES('103228901233472','167827787849526','Level','','','','Moderator','|2|,|3|,|1|,|4|','|2|,|3|,|4|','','','|2|','0','0','0','2000','1','1')
INSERT INTO CategoriesModules (UniqueID,CatID,ModuleID) VALUES('774173816837712','103228901233472','20')
INSERT INTO CategoriesPortals (UniqueID,CatID,PortalID) VALUES('119826709730788','103228901233472','0')
INSERT INTO Categories (CatID,ListUnder,CategoryName,Description,Keywords,CatType,Moderator,AccessKeys,WriteKeys,SEODescription,SEOPageTitle,ManageKeys,AccessHide,WriteHide,ExcPortalSecurity,Weight,ShowList,Sharing) VALUES('123513737744455','518067943485998','Life Health','','','','Moderator','|2|,|3|,|1|,|4|','|2|,|3|,|4|','','','|2|','0','0','0','2000','1','1')
INSERT INTO CategoriesModules (UniqueID,CatID,ModuleID) VALUES('762307073419639','123513737744455','20')
INSERT INTO CategoriesPortals (UniqueID,CatID,PortalID) VALUES('570270688266742','123513737744455','0')
INSERT INTO Categories (CatID,ListUnder,CategoryName,Description,Keywords,CatType,Moderator,AccessKeys,WriteKeys,SEODescription,SEOPageTitle,ManageKeys,AccessHide,WriteHide,ExcPortalSecurity,Weight,ShowList,Sharing) VALUES('277995385479525','142267519150532','Liquidators','','','','Moderator','|2|,|3|,|1|,|4|','|2|,|3|,|4|','','','|2|','0','0','0','2000','1','1')
INSERT INTO CategoriesModules (UniqueID,CatID,ModuleID) VALUES('207545166481862','277995385479525','20')
INSERT INTO CategoriesPortals (UniqueID,CatID,PortalID) VALUES('693790075246794','277995385479525','0')
INSERT INTO Categories (CatID,ListUnder,CategoryName,Description,Keywords,CatType,Moderator,AccessKeys,WriteKeys,SEODescription,SEOPageTitle,ManageKeys,AccessHide,WriteHide,ExcPortalSecurity,Weight,ShowList,Sharing) VALUES('157394485693402','940769377248751','Liquor','','','','Moderator','|2|,|3|,|1|,|4|','|2|,|3|,|4|','','','|2|','0','0','0','2000','1','1')
INSERT INTO CategoriesModules (UniqueID,CatID,ModuleID) VALUES('100495328651846','157394485693402','20')
INSERT INTO CategoriesPortals (UniqueID,CatID,PortalID) VALUES('206015078295434','157394485693402','0')
INSERT INTO Categories (CatID,ListUnder,CategoryName,Description,Keywords,CatType,Moderator,AccessKeys,WriteKeys,SEODescription,SEOPageTitle,ManageKeys,AccessHide,WriteHide,ExcPortalSecurity,Weight,ShowList,Sharing) VALUES('785634422058137','158188270226404','Literary Agents','','','','Moderator','|2|,|3|,|1|,|4|','|2|,|3|,|4|','','','|2|','0','0','0','2000','1','1')
INSERT INTO CategoriesModules (UniqueID,CatID,ModuleID) VALUES('204572127924573','785634422058137','20')
INSERT INTO CategoriesPortals (UniqueID,CatID,PortalID) VALUES('158294599241118','785634422058137','0')
INSERT INTO Categories (CatID,ListUnder,CategoryName,Description,Keywords,CatType,Moderator,AccessKeys,WriteKeys,SEODescription,SEOPageTitle,ManageKeys,AccessHide,WriteHide,ExcPortalSecurity,Weight,ShowList,Sharing) VALUES('813095747491826','344209413176037','Live Plants','','','','Moderator','|2|,|3|,|1|,|4|','|2|,|3|,|4|','','','|2|','0','0','0','2000','1','1')
INSERT INTO CategoriesModules (UniqueID,CatID,ModuleID) VALUES('111634776804713','813095747491826','20')
INSERT INTO CategoriesPortals (UniqueID,CatID,PortalID) VALUES('113900912737472','813095747491826','0')
INSERT INTO Categories (CatID,ListUnder,CategoryName,Description,Keywords,CatType,Moderator,AccessKeys,WriteKeys,SEODescription,SEOPageTitle,ManageKeys,AccessHide,WriteHide,ExcPortalSecurity,Weight,ShowList,Sharing) VALUES('280965458060437','102651687824638','Livestock','','','','Moderator','|2|,|3|,|1|,|4|','|2|,|3|,|4|','','','|2|','0','0','0','2000','1','1')
INSERT INTO CategoriesModules (UniqueID,CatID,ModuleID) VALUES('160039773577307','280965458060437','20')
INSERT INTO CategoriesPortals (UniqueID,CatID,PortalID) VALUES('430422545118417','280965458060437','0')
INSERT INTO Categories (CatID,ListUnder,CategoryName,Description,Keywords,CatType,Moderator,AccessKeys,WriteKeys,SEODescription,SEOPageTitle,ManageKeys,AccessHide,WriteHide,ExcPortalSecurity,Weight,ShowList,Sharing) VALUES('114920625952363','293246790583114','Loans','','','','Moderator','|2|,|3|,|1|,|4|','|2|,|3|,|4|','','','|2|','0','0','0','2000','1','1')
INSERT INTO CategoriesModules (UniqueID,CatID,ModuleID) VALUES('104408155221054','114920625952363','20')
INSERT INTO CategoriesPortals (UniqueID,CatID,PortalID) VALUES('419623951208984','114920625952363','0')
INSERT INTO Categories (CatID,ListUnder,CategoryName,Description,Keywords,CatType,Moderator,AccessKeys,WriteKeys,SEODescription,SEOPageTitle,ManageKeys,AccessHide,WriteHide,ExcPortalSecurity,Weight,ShowList,Sharing) VALUES('141611858431176','159517564575154','Localized Service Providers','','','','Moderator','|2|,|3|,|1|,|4|','|2|,|3|,|4|','','','|2|','0','0','0','2000','1','1')
INSERT INTO CategoriesModules (UniqueID,CatID,ModuleID) VALUES('967578995183765','141611858431176','20')
INSERT INTO CategoriesPortals (UniqueID,CatID,PortalID) VALUES('197905485376866','141611858431176','0')
INSERT INTO Categories (CatID,ListUnder,CategoryName,Description,Keywords,CatType,Moderator,AccessKeys,WriteKeys,SEODescription,SEOPageTitle,ManageKeys,AccessHide,WriteHide,ExcPortalSecurity,Weight,ShowList,Sharing) VALUES('169781724351921','197531586023575','Location Tracking','','','','Moderator','|2|,|3|,|1|,|4|','|2|,|3|,|4|','','','|2|','0','0','0','2000','1','1')
INSERT INTO CategoriesModules (UniqueID,CatID,ModuleID) VALUES('515423017784810','169781724351921','20')
INSERT INTO CategoriesPortals (UniqueID,CatID,PortalID) VALUES('135289806884684','169781724351921','0')
INSERT INTO Categories (CatID,ListUnder,CategoryName,Description,Keywords,CatType,Moderator,AccessKeys,WriteKeys,SEODescription,SEOPageTitle,ManageKeys,AccessHide,WriteHide,ExcPortalSecurity,Weight,ShowList,Sharing) VALUES('188413834313743','212938597608811','Logistics','','','','Moderator','|2|,|3|,|1|,|4|','|2|,|3|,|4|','','','|2|','0','0','0','2000','1','1')
INSERT INTO CategoriesModules (UniqueID,CatID,ModuleID) VALUES('298683975644361','188413834313743','20')
INSERT INTO CategoriesPortals (UniqueID,CatID,PortalID) VALUES('122181449882672','188413834313743','0')
INSERT INTO Categories (CatID,ListUnder,CategoryName,Description,Keywords,CatType,Moderator,AccessKeys,WriteKeys,SEODescription,SEOPageTitle,ManageKeys,AccessHide,WriteHide,ExcPortalSecurity,Weight,ShowList,Sharing) VALUES('720433761558292','845494891751785','Loss Prevention','','','','Moderator','|2|,|3|,|1|,|4|','|2|,|3|,|4|','','','|2|','0','0','0','2000','1','1')
INSERT INTO CategoriesModules (UniqueID,CatID,ModuleID) VALUES('880690647377468','720433761558292','20')
INSERT INTO CategoriesPortals (UniqueID,CatID,PortalID) VALUES('702559233672662','720433761558292','0')
INSERT INTO Categories (CatID,ListUnder,CategoryName,Description,Keywords,CatType,Moderator,AccessKeys,WriteKeys,SEODescription,SEOPageTitle,ManageKeys,AccessHide,WriteHide,ExcPortalSecurity,Weight,ShowList,Sharing) VALUES('155457958125457','876783193816423','Luggage','','','','Moderator','|2|,|3|,|1|,|4|','|2|,|3|,|4|','','','|2|','0','0','0','2000','1','1')
INSERT INTO CategoriesModules (UniqueID,CatID,ModuleID) VALUES('233672603588539','155457958125457','20')
INSERT INTO CategoriesPortals (UniqueID,CatID,PortalID) VALUES('757314639067814','155457958125457','0')
INSERT INTO Categories (CatID,ListUnder,CategoryName,Description,Keywords,CatType,Moderator,AccessKeys,WriteKeys,SEODescription,SEOPageTitle,ManageKeys,AccessHide,WriteHide,ExcPortalSecurity,Weight,ShowList,Sharing) VALUES('876783193816423','337252452252724','Luggage Bags','','','','Moderator','|2|,|3|,|1|,|4|','|2|,|3|,|4|','','','|2|','0','0','0','2000','1','1')
INSERT INTO CategoriesModules (UniqueID,CatID,ModuleID) VALUES('489445379678115','876783193816423','20')
INSERT INTO CategoriesPortals (UniqueID,CatID,PortalID) VALUES('732701887765344','876783193816423','0')
INSERT INTO Categories (CatID,ListUnder,CategoryName,Description,Keywords,CatType,Moderator,AccessKeys,WriteKeys,SEODescription,SEOPageTitle,ManageKeys,AccessHide,WriteHide,ExcPortalSecurity,Weight,ShowList,Sharing) VALUES('835137392965775','826500906614541','Luxury Specialty','','','','Moderator','|2|,|3|,|1|,|4|','|2|,|3|,|4|','','','|2|','0','0','0','2000','1','1')
INSERT INTO CategoriesModules (UniqueID,CatID,ModuleID) VALUES('118694687566377','835137392965775','20')
INSERT INTO CategoriesPortals (UniqueID,CatID,PortalID) VALUES('856403198660146','835137392965775','0')
INSERT INTO Categories (CatID,ListUnder,CategoryName,Description,Keywords,CatType,Moderator,AccessKeys,WriteKeys,SEODescription,SEOPageTitle,ManageKeys,AccessHide,WriteHide,ExcPortalSecurity,Weight,ShowList,Sharing) VALUES('150198719321693','167827787849526','LVDT','','','','Moderator','|2|,|3|,|1|,|4|','|2|,|3|,|4|','','','|2|','0','0','0','2000','1','1')
INSERT INTO CategoriesModules (UniqueID,CatID,ModuleID) VALUES('177112739716768','150198719321693','20')
INSERT INTO CategoriesPortals (UniqueID,CatID,PortalID) VALUES('195634858426549','150198719321693','0')
INSERT INTO Categories (CatID,ListUnder,CategoryName,Description,Keywords,CatType,Moderator,AccessKeys,WriteKeys,SEODescription,SEOPageTitle,ManageKeys,AccessHide,WriteHide,ExcPortalSecurity,Weight,ShowList,Sharing) VALUES('110764520687224','302144370971758','Machine Shops','','','','Moderator','|2|,|3|,|1|,|4|','|2|,|3|,|4|','','','|2|','0','0','0','2000','1','1')
INSERT INTO CategoriesModules (UniqueID,CatID,ModuleID) VALUES('210553552532781','110764520687224','20')
INSERT INTO CategoriesPortals (UniqueID,CatID,PortalID) VALUES('130708374482553','110764520687224','0')
INSERT INTO Categories (CatID,ListUnder,CategoryName,Description,Keywords,CatType,Moderator,AccessKeys,WriteKeys,SEODescription,SEOPageTitle,ManageKeys,AccessHide,WriteHide,ExcPortalSecurity,Weight,ShowList,Sharing) VALUES('158237391660851','826500906614541','Machinery Equipment','','','','Moderator','|2|,|3|,|1|,|4|','|2|,|3|,|4|','','','|2|','0','0','0','2000','1','1')
INSERT INTO CategoriesModules (UniqueID,CatID,ModuleID) VALUES('155458762547438','158237391660851','20')
INSERT INTO CategoriesPortals (UniqueID,CatID,PortalID) VALUES('174319844015799','158237391660851','0')
INSERT INTO Categories (CatID,ListUnder,CategoryName,Description,Keywords,CatType,Moderator,AccessKeys,WriteKeys,SEODescription,SEOPageTitle,ManageKeys,AccessHide,WriteHide,ExcPortalSecurity,Weight,ShowList,Sharing) VALUES('835543009293650','112619746118561','Machinery Equipment','','','','Moderator','|2|,|3|,|1|,|4|','|2|,|3|,|4|','','','|2|','0','0','0','2000','1','1')
INSERT INTO CategoriesModules (UniqueID,CatID,ModuleID) VALUES('194066989811254','835543009293650','20')
INSERT INTO CategoriesPortals (UniqueID,CatID,PortalID) VALUES('207860426370677','835543009293650','0')
INSERT INTO Categories (CatID,ListUnder,CategoryName,Description,Keywords,CatType,Moderator,AccessKeys,WriteKeys,SEODescription,SEOPageTitle,ManageKeys,AccessHide,WriteHide,ExcPortalSecurity,Weight,ShowList,Sharing) VALUES('940557948960701','114176321849964','Machinery Equipment','','','','Moderator','|2|,|3|,|1|,|4|','|2|,|3|,|4|','','','|2|','0','0','0','2000','1','1')
INSERT INTO CategoriesModules (UniqueID,CatID,ModuleID) VALUES('907995741526915','940557948960701','20')
INSERT INTO CategoriesPortals (UniqueID,CatID,PortalID) VALUES('237890704713243','940557948960701','0')
INSERT INTO Categories (CatID,ListUnder,CategoryName,Description,Keywords,CatType,Moderator,AccessKeys,WriteKeys,SEODescription,SEOPageTitle,ManageKeys,AccessHide,WriteHide,ExcPortalSecurity,Weight,ShowList,Sharing) VALUES('370512480957179','454474966627687','Machinery Equipment','','','','Moderator','|2|,|3|,|1|,|4|','|2|,|3|,|4|','','','|2|','0','0','0','2000','1','1')
INSERT INTO CategoriesModules (UniqueID,CatID,ModuleID) VALUES('109832653277104','370512480957179','20')
INSERT INTO CategoriesPortals (UniqueID,CatID,PortalID) VALUES('711446574392571','370512480957179','0')
INSERT INTO Categories (CatID,ListUnder,CategoryName,Description,Keywords,CatType,Moderator,AccessKeys,WriteKeys,SEODescription,SEOPageTitle,ManageKeys,AccessHide,WriteHide,ExcPortalSecurity,Weight,ShowList,Sharing) VALUES('521173859635114','208392173185557','Machinery Equipment','','','','Moderator','|2|,|3|,|1|,|4|','|2|,|3|,|4|','','','|2|','0','0','0','2000','1','1')
INSERT INTO CategoriesModules (UniqueID,CatID,ModuleID) VALUES('173864218015872','521173859635114','20')
INSERT INTO CategoriesPortals (UniqueID,CatID,PortalID) VALUES('130298805989674','521173859635114','0')
INSERT INTO Categories (CatID,ListUnder,CategoryName,Description,Keywords,CatType,Moderator,AccessKeys,WriteKeys,SEODescription,SEOPageTitle,ManageKeys,AccessHide,WriteHide,ExcPortalSecurity,Weight,ShowList,Sharing) VALUES('771008459064489','120268798198852','Machinery Tools','','','','Moderator','|2|,|3|,|1|,|4|','|2|,|3|,|4|','','','|2|','0','0','0','2000','1','1')
INSERT INTO CategoriesModules (UniqueID,CatID,ModuleID) VALUES('532824891376926','771008459064489','20')
INSERT INTO CategoriesPortals (UniqueID,CatID,PortalID) VALUES('115466072927154','771008459064489','0')
INSERT INTO Categories (CatID,ListUnder,CategoryName,Description,Keywords,CatType,Moderator,AccessKeys,WriteKeys,SEODescription,SEOPageTitle,ManageKeys,AccessHide,WriteHide,ExcPortalSecurity,Weight,ShowList,Sharing) VALUES('138186154628395','169231777657067','Machinery Tools','','','','Moderator','|2|,|3|,|1|,|4|','|2|,|3|,|4|','','','|2|','0','0','0','2000','1','1')
INSERT INTO CategoriesModules (UniqueID,CatID,ModuleID) VALUES('190720069464442','138186154628395','20')
INSERT INTO CategoriesPortals (UniqueID,CatID,PortalID) VALUES('168168245442578','138186154628395','0')
INSERT INTO Categories (CatID,ListUnder,CategoryName,Description,Keywords,CatType,Moderator,AccessKeys,WriteKeys,SEODescription,SEOPageTitle,ManageKeys,AccessHide,WriteHide,ExcPortalSecurity,Weight,ShowList,Sharing) VALUES('106523100228551','186117298227345','Magazines','','','','Moderator','|2|,|3|,|1|,|4|','|2|,|3|,|4|','','','|2|','0','0','0','2000','1','1')
INSERT INTO CategoriesModules (UniqueID,CatID,ModuleID) VALUES('609375836687887','106523100228551','20')
INSERT INTO CategoriesPortals (UniqueID,CatID,PortalID) VALUES('640413118476760','106523100228551','0')
INSERT INTO Categories (CatID,ListUnder,CategoryName,Description,Keywords,CatType,Moderator,AccessKeys,WriteKeys,SEODescription,SEOPageTitle,ManageKeys,AccessHide,WriteHide,ExcPortalSecurity,Weight,ShowList,Sharing) VALUES('125391494126352','158188270226404','Magazines','','','','Moderator','|2|,|3|,|1|,|4|','|2|,|3|,|4|','','','|2|','0','0','0','2000','1','1')
INSERT INTO CategoriesModules (UniqueID,CatID,ModuleID) VALUES('644200798473973','125391494126352','20')
INSERT INTO CategoriesPortals (UniqueID,CatID,PortalID) VALUES('290653047457672','125391494126352','0')
INSERT INTO Categories (CatID,ListUnder,CategoryName,Description,Keywords,CatType,Moderator,AccessKeys,WriteKeys,SEODescription,SEOPageTitle,ManageKeys,AccessHide,WriteHide,ExcPortalSecurity,Weight,ShowList,Sharing) VALUES('109287713916645','184812797232269','Magnetic Heads','','','','Moderator','|2|,|3|,|1|,|4|','|2|,|3|,|4|','','','|2|','0','0','0','2000','1','1')
INSERT INTO CategoriesModules (UniqueID,CatID,ModuleID) VALUES('769695552226828','109287713916645','20')
INSERT INTO CategoriesPortals (UniqueID,CatID,PortalID) VALUES('585321065114208','109287713916645','0')
INSERT INTO Categories (CatID,ListUnder,CategoryName,Description,Keywords,CatType,Moderator,AccessKeys,WriteKeys,SEODescription,SEOPageTitle,ManageKeys,AccessHide,WriteHide,ExcPortalSecurity,Weight,ShowList,Sharing) VALUES('297809372388316','154294030131064','Magnets','','','','Moderator','|2|,|3|,|1|,|4|','|2|,|3|,|4|','','','|2|','0','0','0','2000','1','1')
INSERT INTO CategoriesModules (UniqueID,CatID,ModuleID) VALUES('127410319152856','297809372388316','20')
INSERT INTO CategoriesPortals (UniqueID,CatID,PortalID) VALUES('187886777614256','297809372388316','0')
INSERT INTO Categories (CatID,ListUnder,CategoryName,Description,Keywords,CatType,Moderator,AccessKeys,WriteKeys,SEODescription,SEOPageTitle,ManageKeys,AccessHide,WriteHide,ExcPortalSecurity,Weight,ShowList,Sharing) VALUES('595625953723373','608935416935494','Mail','','','','Moderator','|2|,|3|,|1|,|4|','|2|,|3|,|4|','','','|2|','0','0','0','2000','1','1')
INSERT INTO CategoriesModules (UniqueID,CatID,ModuleID) VALUES('210229818232135','595625953723373','20')
INSERT INTO CategoriesPortals (UniqueID,CatID,PortalID) VALUES('166694404018572','595625953723373','0')
INSERT INTO Categories (CatID,ListUnder,CategoryName,Description,Keywords,CatType,Moderator,AccessKeys,WriteKeys,SEODescription,SEOPageTitle,ManageKeys,AccessHide,WriteHide,ExcPortalSecurity,Weight,ShowList,Sharing) VALUES('753404173668871','557531039724881','Mail H ling Sorting','','','','Moderator','|2|,|3|,|1|,|4|','|2|,|3|,|4|','','','|2|','0','0','0','2000','1','1')
INSERT INTO CategoriesModules (UniqueID,CatID,ModuleID) VALUES('170212441676422','753404173668871','20')
INSERT INTO CategoriesPortals (UniqueID,CatID,PortalID) VALUES('133388121281681','753404173668871','0')
INSERT INTO Categories (CatID,ListUnder,CategoryName,Description,Keywords,CatType,Moderator,AccessKeys,WriteKeys,SEODescription,SEOPageTitle,ManageKeys,AccessHide,WriteHide,ExcPortalSecurity,Weight,ShowList,Sharing) VALUES('526379052481662','105769206542669','Mailing Lists','','','','Moderator','|2|,|3|,|1|,|4|','|2|,|3|,|4|','','','|2|','0','0','0','2000','1','1')
INSERT INTO CategoriesModules (UniqueID,CatID,ModuleID) VALUES('176328269181846','526379052481662','20')
INSERT INTO CategoriesPortals (UniqueID,CatID,PortalID) VALUES('124378144023337','526379052481662','0')
INSERT INTO Categories (CatID,ListUnder,CategoryName,Description,Keywords,CatType,Moderator,AccessKeys,WriteKeys,SEODescription,SEOPageTitle,ManageKeys,AccessHide,WriteHide,ExcPortalSecurity,Weight,ShowList,Sharing) VALUES('779208241593654','265537542464772','Maintenance','','','','Moderator','|2|,|3|,|1|,|4|','|2|,|3|,|4|','','','|2|','0','0','0','2000','1','1')
INSERT INTO CategoriesModules (UniqueID,CatID,ModuleID) VALUES('126384226073452','779208241593654','20')
INSERT INTO CategoriesPortals (UniqueID,CatID,PortalID) VALUES('131904796525628','779208241593654','0')
INSERT INTO Categories (CatID,ListUnder,CategoryName,Description,Keywords,CatType,Moderator,AccessKeys,WriteKeys,SEODescription,SEOPageTitle,ManageKeys,AccessHide,WriteHide,ExcPortalSecurity,Weight,ShowList,Sharing) VALUES('850669979518259','144315891422463','Maintenance','','','','Moderator','|2|,|3|,|1|,|4|','|2|,|3|,|4|','','','|2|','0','0','0','2000','1','1')
INSERT INTO CategoriesModules (UniqueID,CatID,ModuleID) VALUES('193066350027627','850669979518259','20')
INSERT INTO CategoriesPortals (UniqueID,CatID,PortalID) VALUES('117817726622154','850669979518259','0')
INSERT INTO Categories (CatID,ListUnder,CategoryName,Description,Keywords,CatType,Moderator,AccessKeys,WriteKeys,SEODescription,SEOPageTitle,ManageKeys,AccessHide,WriteHide,ExcPortalSecurity,Weight,ShowList,Sharing) VALUES('190759406108077','940557948960701','Maintenance Repair','','','','Moderator','|2|,|3|,|1|,|4|','|2|,|3|,|4|','','','|2|','0','0','0','2000','1','1')
INSERT INTO CategoriesModules (UniqueID,CatID,ModuleID) VALUES('199236780716787','190759406108077','20')
INSERT INTO CategoriesPortals (UniqueID,CatID,PortalID) VALUES('209703407414549','190759406108077','0')
INSERT INTO Categories (CatID,ListUnder,CategoryName,Description,Keywords,CatType,Moderator,AccessKeys,WriteKeys,SEODescription,SEOPageTitle,ManageKeys,AccessHide,WriteHide,ExcPortalSecurity,Weight,ShowList,Sharing) VALUES('108119690088681','138154400322839','Maintenance Repairs','','','','Moderator','|2|,|3|,|1|,|4|','|2|,|3|,|4|','','','|2|','0','0','0','2000','1','1')
INSERT INTO CategoriesModules (UniqueID,CatID,ModuleID) VALUES('116505341355244','108119690088681','20')
INSERT INTO CategoriesPortals (UniqueID,CatID,PortalID) VALUES('154938919365140','108119690088681','0')
INSERT INTO Categories (CatID,ListUnder,CategoryName,Description,Keywords,CatType,Moderator,AccessKeys,WriteKeys,SEODescription,SEOPageTitle,ManageKeys,AccessHide,WriteHide,ExcPortalSecurity,Weight,ShowList,Sharing) VALUES('436976411412977','0','Major Companies','','','','Moderator','|2|,|3|,|1|,|4|','|2|,|3|,|4|','','','|2|','0','0','0','2000','1','1')
INSERT INTO CategoriesModules (UniqueID,CatID,ModuleID) VALUES('879614785952574','436976411412977','20')
INSERT INTO CategoriesPortals (UniqueID,CatID,PortalID) VALUES('174784238276943','436976411412977','0')
INSERT INTO Categories (CatID,ListUnder,CategoryName,Description,Keywords,CatType,Moderator,AccessKeys,WriteKeys,SEODescription,SEOPageTitle,ManageKeys,AccessHide,WriteHide,ExcPortalSecurity,Weight,ShowList,Sharing) VALUES('180277305137726','926958022387637','Managed Sites','','','','Moderator','|2|,|3|,|1|,|4|','|2|,|3|,|4|','','','|2|','0','0','0','2000','1','1')
INSERT INTO CategoriesModules (UniqueID,CatID,ModuleID) VALUES('166089501363877','180277305137726','20')
INSERT INTO CategoriesPortals (UniqueID,CatID,PortalID) VALUES('205821093627241','180277305137726','0')
INSERT INTO Categories (CatID,ListUnder,CategoryName,Description,Keywords,CatType,Moderator,AccessKeys,WriteKeys,SEODescription,SEOPageTitle,ManageKeys,AccessHide,WriteHide,ExcPortalSecurity,Weight,ShowList,Sharing) VALUES('156617128715692','152296721796111','Management','','','','Moderator','|2|,|3|,|1|,|4|','|2|,|3|,|4|','','','|2|','0','0','0','2000','1','1')
INSERT INTO CategoriesModules (UniqueID,CatID,ModuleID) VALUES('187164714256031','156617128715692','20')
INSERT INTO CategoriesPortals (UniqueID,CatID,PortalID) VALUES('194033748527622','156617128715692','0')
INSERT INTO Categories (CatID,ListUnder,CategoryName,Description,Keywords,CatType,Moderator,AccessKeys,WriteKeys,SEODescription,SEOPageTitle,ManageKeys,AccessHide,WriteHide,ExcPortalSecurity,Weight,ShowList,Sharing) VALUES('103162095297395','265537542464772','Management','','','','Moderator','|2|,|3|,|1|,|4|','|2|,|3|,|4|','','','|2|','0','0','0','2000','1','1')
INSERT INTO CategoriesModules (UniqueID,CatID,ModuleID) VALUES('854268272390380','103162095297395','20')
INSERT INTO CategoriesPortals (UniqueID,CatID,PortalID) VALUES('976206760865895','103162095297395','0')
INSERT INTO Categories (CatID,ListUnder,CategoryName,Description,Keywords,CatType,Moderator,AccessKeys,WriteKeys,SEODescription,SEOPageTitle,ManageKeys,AccessHide,WriteHide,ExcPortalSecurity,Weight,ShowList,Sharing) VALUES('121535295642612','136878005372291','Management','','','','Moderator','|2|,|3|,|1|,|4|','|2|,|3|,|4|','','','|2|','0','0','0','2000','1','1')
INSERT INTO CategoriesModules (UniqueID,CatID,ModuleID) VALUES('548059207158382','121535295642612','20')
INSERT INTO CategoriesPortals (UniqueID,CatID,PortalID) VALUES('642078351232740','121535295642612','0')
INSERT INTO Categories (CatID,ListUnder,CategoryName,Description,Keywords,CatType,Moderator,AccessKeys,WriteKeys,SEODescription,SEOPageTitle,ManageKeys,AccessHide,WriteHide,ExcPortalSecurity,Weight,ShowList,Sharing) VALUES('138401084934556','0','Management','','','','Moderator','|2|,|3|,|1|,|4|','|2|,|3|,|4|','','','|2|','0','0','0','2000','1','1')
INSERT INTO CategoriesModules (UniqueID,CatID,ModuleID) VALUES('195611993241272','138401084934556','20')
INSERT INTO CategoriesPortals (UniqueID,CatID,PortalID) VALUES('458940563394625','138401084934556','0')
INSERT INTO Categories (CatID,ListUnder,CategoryName,Description,Keywords,CatType,Moderator,AccessKeys,WriteKeys,SEODescription,SEOPageTitle,ManageKeys,AccessHide,WriteHide,ExcPortalSecurity,Weight,ShowList,Sharing) VALUES('642519434216212','156563045016110','Management','','','','Moderator','|2|,|3|,|1|,|4|','|2|,|3|,|4|','','','|2|','0','0','0','2000','1','1')
INSERT INTO CategoriesModules (UniqueID,CatID,ModuleID) VALUES('949416597456512','642519434216212','20')
INSERT INTO CategoriesPortals (UniqueID,CatID,PortalID) VALUES('768655636415186','642519434216212','0')
INSERT INTO Categories (CatID,ListUnder,CategoryName,Description,Keywords,CatType,Moderator,AccessKeys,WriteKeys,SEODescription,SEOPageTitle,ManageKeys,AccessHide,WriteHide,ExcPortalSecurity,Weight,ShowList,Sharing) VALUES('103483704808471','169980540672786','Management Information Systems','','','','Moderator','|2|,|3|,|1|,|4|','|2|,|3|,|4|','','','|2|','0','0','0','2000','1','1')
INSERT INTO CategoriesModules (UniqueID,CatID,ModuleID) VALUES('200136155828058','103483704808471','20')
INSERT INTO CategoriesPortals (UniqueID,CatID,PortalID) VALUES('140262136277044','103483704808471','0')
INSERT INTO Categories (CatID,ListUnder,CategoryName,Description,Keywords,CatType,Moderator,AccessKeys,WriteKeys,SEODescription,SEOPageTitle,ManageKeys,AccessHide,WriteHide,ExcPortalSecurity,Weight,ShowList,Sharing) VALUES('104405007601436','167284961726467','Management Resources','','','','Moderator','|2|,|3|,|1|,|4|','|2|,|3|,|4|','','','|2|','0','0','0','2000','1','1')
INSERT INTO CategoriesModules (UniqueID,CatID,ModuleID) VALUES('152083567166150','104405007601436','20')
INSERT INTO CategoriesPortals (UniqueID,CatID,PortalID) VALUES('396958735512630','104405007601436','0')
INSERT INTO Categories (CatID,ListUnder,CategoryName,Description,Keywords,CatType,Moderator,AccessKeys,WriteKeys,SEODescription,SEOPageTitle,ManageKeys,AccessHide,WriteHide,ExcPortalSecurity,Weight,ShowList,Sharing) VALUES('169980540672786','138401084934556','Management Science','','','','Moderator','|2|,|3|,|1|,|4|','|2|,|3|,|4|','','','|2|','0','0','0','2000','1','1')
INSERT INTO CategoriesModules (UniqueID,CatID,ModuleID) VALUES('801711123001264','169980540672786','20')
INSERT INTO CategoriesPortals (UniqueID,CatID,PortalID) VALUES('648724753067919','169980540672786','0')
INSERT INTO Categories (CatID,ListUnder,CategoryName,Description,Keywords,CatType,Moderator,AccessKeys,WriteKeys,SEODescription,SEOPageTitle,ManageKeys,AccessHide,WriteHide,ExcPortalSecurity,Weight,ShowList,Sharing) VALUES('823691712413648','938877619938672','Managers','','','','Moderator','|2|,|3|,|1|,|4|','|2|,|3|,|4|','','','|2|','0','0','0','2000','1','1')
INSERT INTO CategoriesModules (UniqueID,CatID,ModuleID) VALUES('201737658957173','823691712413648','20')
INSERT INTO CategoriesPortals (UniqueID,CatID,PortalID) VALUES('643104200138243','823691712413648','0')
INSERT INTO Categories (CatID,ListUnder,CategoryName,Description,Keywords,CatType,Moderator,AccessKeys,WriteKeys,SEODescription,SEOPageTitle,ManageKeys,AccessHide,WriteHide,ExcPortalSecurity,Weight,ShowList,Sharing) VALUES('110084225225776','678131355466795','Man-made','','','','Moderator','|2|,|3|,|1|,|4|','|2|,|3|,|4|','','','|2|','0','0','0','2000','1','1')
INSERT INTO CategoriesModules (UniqueID,CatID,ModuleID) VALUES('106577112743512','110084225225776','20')
INSERT INTO CategoriesPortals (UniqueID,CatID,PortalID) VALUES('135160611216584','110084225225776','0')
INSERT INTO Categories (CatID,ListUnder,CategoryName,Description,Keywords,CatType,Moderator,AccessKeys,WriteKeys,SEODescription,SEOPageTitle,ManageKeys,AccessHide,WriteHide,ExcPortalSecurity,Weight,ShowList,Sharing) VALUES('158612599932186','205363440123701','Mannequins','','','','Moderator','|2|,|3|,|1|,|4|','|2|,|3|,|4|','','','|2|','0','0','0','2000','1','1')
INSERT INTO CategoriesModules (UniqueID,CatID,ModuleID) VALUES('204573717454213','158612599932186','20')
INSERT INTO CategoriesPortals (UniqueID,CatID,PortalID) VALUES('146782582066952','158612599932186','0')
INSERT INTO Categories (CatID,ListUnder,CategoryName,Description,Keywords,CatType,Moderator,AccessKeys,WriteKeys,SEODescription,SEOPageTitle,ManageKeys,AccessHide,WriteHide,ExcPortalSecurity,Weight,ShowList,Sharing) VALUES('137358897107153','165450741316604','Manufactured','','','','Moderator','|2|,|3|,|1|,|4|','|2|,|3|,|4|','','','|2|','0','0','0','2000','1','1')
INSERT INTO CategoriesModules (UniqueID,CatID,ModuleID) VALUES('827567968734615','137358897107153','20')
INSERT INTO CategoriesPortals (UniqueID,CatID,PortalID) VALUES('703565368497078','137358897107153','0')
INSERT INTO Categories (CatID,ListUnder,CategoryName,Description,Keywords,CatType,Moderator,AccessKeys,WriteKeys,SEODescription,SEOPageTitle,ManageKeys,AccessHide,WriteHide,ExcPortalSecurity,Weight,ShowList,Sharing) VALUES('715118920151386','963588723547575','Manufacturers','','','','Moderator','|2|,|3|,|1|,|4|','|2|,|3|,|4|','','','|2|','0','0','0','2000','1','1')
INSERT INTO CategoriesModules (UniqueID,CatID,ModuleID) VALUES('658681317291816','715118920151386','20')
INSERT INTO CategoriesPortals (UniqueID,CatID,PortalID) VALUES('671595515092513','715118920151386','0')
INSERT INTO Categories (CatID,ListUnder,CategoryName,Description,Keywords,CatType,Moderator,AccessKeys,WriteKeys,SEODescription,SEOPageTitle,ManageKeys,AccessHide,WriteHide,ExcPortalSecurity,Weight,ShowList,Sharing) VALUES('211148332819874','138154400322839','Manufacturers','','','','Moderator','|2|,|3|,|1|,|4|','|2|,|3|,|4|','','','|2|','0','0','0','2000','1','1')
INSERT INTO CategoriesModules (UniqueID,CatID,ModuleID) VALUES('471443083551884','211148332819874','20')
INSERT INTO CategoriesPortals (UniqueID,CatID,PortalID) VALUES('126188019173435','211148332819874','0')
INSERT INTO Categories (CatID,ListUnder,CategoryName,Description,Keywords,CatType,Moderator,AccessKeys,WriteKeys,SEODescription,SEOPageTitle,ManageKeys,AccessHide,WriteHide,ExcPortalSecurity,Weight,ShowList,Sharing) VALUES('190101038885431','958450126441562','Manufacturers Representatives','','','','Moderator','|2|,|3|,|1|,|4|','|2|,|3|,|4|','','','|2|','0','0','0','2000','1','1')
INSERT INTO CategoriesModules (UniqueID,CatID,ModuleID) VALUES('154827344662392','190101038885431','20')
INSERT INTO CategoriesPortals (UniqueID,CatID,PortalID) VALUES('123444956675532','190101038885431','0')
INSERT INTO Categories (CatID,ListUnder,CategoryName,Description,Keywords,CatType,Moderator,AccessKeys,WriteKeys,SEODescription,SEOPageTitle,ManageKeys,AccessHide,WriteHide,ExcPortalSecurity,Weight,ShowList,Sharing) VALUES('206872338837534','161898503042338','Manufacturers Representatives','','','','Moderator','|2|,|3|,|1|,|4|','|2|,|3|,|4|','','','|2|','0','0','0','2000','1','1')
INSERT INTO CategoriesModules (UniqueID,CatID,ModuleID) VALUES('456215942437107','206872338837534','20')
INSERT INTO CategoriesPortals (UniqueID,CatID,PortalID) VALUES('705346282832383','206872338837534','0')
INSERT INTO Categories (CatID,ListUnder,CategoryName,Description,Keywords,CatType,Moderator,AccessKeys,WriteKeys,SEODescription,SEOPageTitle,ManageKeys,AccessHide,WriteHide,ExcPortalSecurity,Weight,ShowList,Sharing) VALUES('190722067484939','167827787849526','Manufactures Representatives','','','','Moderator','|2|,|3|,|1|,|4|','|2|,|3|,|4|','','','|2|','0','0','0','2000','1','1')
INSERT INTO CategoriesModules (UniqueID,CatID,ModuleID) VALUES('201236661869353','190722067484939','20')
INSERT INTO CategoriesPortals (UniqueID,CatID,PortalID) VALUES('187435468291654','190722067484939','0')
INSERT INTO Categories (CatID,ListUnder,CategoryName,Description,Keywords,CatType,Moderator,AccessKeys,WriteKeys,SEODescription,SEOPageTitle,ManageKeys,AccessHide,WriteHide,ExcPortalSecurity,Weight,ShowList,Sharing) VALUES('453979275182042','120268798198852','Manufacturing','','','','Moderator','|2|,|3|,|1|,|4|','|2|,|3|,|4|','','','|2|','0','0','0','2000','1','1')
INSERT INTO CategoriesModules (UniqueID,CatID,ModuleID) VALUES('192979371564224','453979275182042','20')
INSERT INTO CategoriesPortals (UniqueID,CatID,PortalID) VALUES('156132382616382','453979275182042','0')
INSERT INTO Categories (CatID,ListUnder,CategoryName,Description,Keywords,CatType,Moderator,AccessKeys,WriteKeys,SEODescription,SEOPageTitle,ManageKeys,AccessHide,WriteHide,ExcPortalSecurity,Weight,ShowList,Sharing) VALUES('164331809541280','167827787849526','Manufacturing Services','','','','Moderator','|2|,|3|,|1|,|4|','|2|,|3|,|4|','','','|2|','0','0','0','2000','1','1')
INSERT INTO CategoriesModules (UniqueID,CatID,ModuleID) VALUES('154703862821270','164331809541280','20')
INSERT INTO CategoriesPortals (UniqueID,CatID,PortalID) VALUES('201987561265867','164331809541280','0')
INSERT INTO Categories (CatID,ListUnder,CategoryName,Description,Keywords,CatType,Moderator,AccessKeys,WriteKeys,SEODescription,SEOPageTitle,ManageKeys,AccessHide,WriteHide,ExcPortalSecurity,Weight,ShowList,Sharing) VALUES('107263321287622','202184536792157','Maple Syrup','','','','Moderator','|2|,|3|,|1|,|4|','|2|,|3|,|4|','','','|2|','0','0','0','2000','1','1')
INSERT INTO CategoriesModules (UniqueID,CatID,ModuleID) VALUES('147820622047786','107263321287622','20')
INSERT INTO CategoriesPortals (UniqueID,CatID,PortalID) VALUES('227528969311878','107263321287622','0')
INSERT INTO Categories (CatID,ListUnder,CategoryName,Description,Keywords,CatType,Moderator,AccessKeys,WriteKeys,SEODescription,SEOPageTitle,ManageKeys,AccessHide,WriteHide,ExcPortalSecurity,Weight,ShowList,Sharing) VALUES('214300976326282','205739367724222','Maritime','','','','Moderator','|2|,|3|,|1|,|4|','|2|,|3|,|4|','','','|2|','0','0','0','2000','1','1')
INSERT INTO CategoriesModules (UniqueID,CatID,ModuleID) VALUES('178812434813569','214300976326282','20')
INSERT INTO CategoriesPortals (UniqueID,CatID,PortalID) VALUES('195171668668846','214300976326282','0')
INSERT INTO Categories (CatID,ListUnder,CategoryName,Description,Keywords,CatType,Moderator,AccessKeys,WriteKeys,SEODescription,SEOPageTitle,ManageKeys,AccessHide,WriteHide,ExcPortalSecurity,Weight,ShowList,Sharing) VALUES('191470972277361','214300976326282','Maritime Administrations','','','','Moderator','|2|,|3|,|1|,|4|','|2|,|3|,|4|','','','|2|','0','0','0','2000','1','1')
INSERT INTO CategoriesModules (UniqueID,CatID,ModuleID) VALUES('195975617954627','191470972277361','20')
INSERT INTO CategoriesPortals (UniqueID,CatID,PortalID) VALUES('133237054151387','191470972277361','0')
INSERT INTO Categories (CatID,ListUnder,CategoryName,Description,Keywords,CatType,Moderator,AccessKeys,WriteKeys,SEODescription,SEOPageTitle,ManageKeys,AccessHide,WriteHide,ExcPortalSecurity,Weight,ShowList,Sharing) VALUES('192878825416664','213563058167417','Market Research','','','','Moderator','|2|,|3|,|1|,|4|','|2|,|3|,|4|','','','|2|','0','0','0','2000','1','1')
INSERT INTO CategoriesModules (UniqueID,CatID,ModuleID) VALUES('230460626621363','192878825416664','20')
INSERT INTO CategoriesPortals (UniqueID,CatID,PortalID) VALUES('145903572559144','192878825416664','0')
INSERT INTO Categories (CatID,ListUnder,CategoryName,Description,Keywords,CatType,Moderator,AccessKeys,WriteKeys,SEODescription,SEOPageTitle,ManageKeys,AccessHide,WriteHide,ExcPortalSecurity,Weight,ShowList,Sharing) VALUES('478311429192493','463872615556238','Market Research','','','','Moderator','|2|,|3|,|1|,|4|','|2|,|3|,|4|','','','|2|','0','0','0','2000','1','1')
INSERT INTO CategoriesModules (UniqueID,CatID,ModuleID) VALUES('308322227860186','478311429192493','20')
INSERT INTO CategoriesPortals (UniqueID,CatID,PortalID) VALUES('162741117154588','478311429192493','0')
INSERT INTO Categories (CatID,ListUnder,CategoryName,Description,Keywords,CatType,Moderator,AccessKeys,WriteKeys,SEODescription,SEOPageTitle,ManageKeys,AccessHide,WriteHide,ExcPortalSecurity,Weight,ShowList,Sharing) VALUES('213563058167417','0','Marketing','','','','Moderator','|2|,|3|,|1|,|4|','|2|,|3|,|4|','','','|2|','0','0','0','2000','1','1')
INSERT INTO CategoriesModules (UniqueID,CatID,ModuleID) VALUES('807106104636259','213563058167417','20')
INSERT INTO CategoriesPortals (UniqueID,CatID,PortalID) VALUES('109221614688828','213563058167417','0')
INSERT INTO Categories (CatID,ListUnder,CategoryName,Description,Keywords,CatType,Moderator,AccessKeys,WriteKeys,SEODescription,SEOPageTitle,ManageKeys,AccessHide,WriteHide,ExcPortalSecurity,Weight,ShowList,Sharing) VALUES('137088415844699','483932662101247','Marketing','','','','Moderator','|2|,|3|,|1|,|4|','|2|,|3|,|4|','','','|2|','0','0','0','2000','1','1')
INSERT INTO CategoriesModules (UniqueID,CatID,ModuleID) VALUES('168423264765376','137088415844699','20')
INSERT INTO CategoriesPortals (UniqueID,CatID,PortalID) VALUES('130211990664138','137088415844699','0')
INSERT INTO Categories (CatID,ListUnder,CategoryName,Description,Keywords,CatType,Moderator,AccessKeys,WriteKeys,SEODescription,SEOPageTitle,ManageKeys,AccessHide,WriteHide,ExcPortalSecurity,Weight,ShowList,Sharing) VALUES('153795406076827','158188270226404','Marketing Advertising','','','','Moderator','|2|,|3|,|1|,|4|','|2|,|3|,|4|','','','|2|','0','0','0','2000','1','1')
INSERT INTO CategoriesModules (UniqueID,CatID,ModuleID) VALUES('427955739426612','153795406076827','20')
INSERT INTO CategoriesPortals (UniqueID,CatID,PortalID) VALUES('683835456191505','153795406076827','0')
INSERT INTO Categories (CatID,ListUnder,CategoryName,Description,Keywords,CatType,Moderator,AccessKeys,WriteKeys,SEODescription,SEOPageTitle,ManageKeys,AccessHide,WriteHide,ExcPortalSecurity,Weight,ShowList,Sharing) VALUES('103320626243215','169231777657067','Marketing Advertising','','','','Moderator','|2|,|3|,|1|,|4|','|2|,|3|,|4|','','','|2|','0','0','0','2000','1','1')
INSERT INTO CategoriesModules (UniqueID,CatID,ModuleID) VALUES('127195239784227','103320626243215','20')
INSERT INTO CategoriesPortals (UniqueID,CatID,PortalID) VALUES('104845930812497','103320626243215','0')
INSERT INTO Categories (CatID,ListUnder,CategoryName,Description,Keywords,CatType,Moderator,AccessKeys,WriteKeys,SEODescription,SEOPageTitle,ManageKeys,AccessHide,WriteHide,ExcPortalSecurity,Weight,ShowList,Sharing) VALUES('120880911243412','152656969788212','Marketing Advertising','','','','Moderator','|2|,|3|,|1|,|4|','|2|,|3|,|4|','','','|2|','0','0','0','2000','1','1')
INSERT INTO CategoriesModules (UniqueID,CatID,ModuleID) VALUES('448909340136665','120880911243412','20')
INSERT INTO CategoriesPortals (UniqueID,CatID,PortalID) VALUES('601923952208133','120880911243412','0')
INSERT INTO Categories (CatID,ListUnder,CategoryName,Description,Keywords,CatType,Moderator,AccessKeys,WriteKeys,SEODescription,SEOPageTitle,ManageKeys,AccessHide,WriteHide,ExcPortalSecurity,Weight,ShowList,Sharing) VALUES('206314713517386','412429472676434','Marketing Advertising','','','','Moderator','|2|,|3|,|1|,|4|','|2|,|3|,|4|','','','|2|','0','0','0','2000','1','1')
INSERT INTO CategoriesModules (UniqueID,CatID,ModuleID) VALUES('367385089486628','206314713517386','20')
INSERT INTO CategoriesPortals (UniqueID,CatID,PortalID) VALUES('142208569602677','206314713517386','0')
INSERT INTO Categories (CatID,ListUnder,CategoryName,Description,Keywords,CatType,Moderator,AccessKeys,WriteKeys,SEODescription,SEOPageTitle,ManageKeys,AccessHide,WriteHide,ExcPortalSecurity,Weight,ShowList,Sharing) VALUES('166936885805444','280965458060437','Marketing Advertising','','','','Moderator','|2|,|3|,|1|,|4|','|2|,|3|,|4|','','','|2|','0','0','0','2000','1','1')
INSERT INTO CategoriesModules (UniqueID,CatID,ModuleID) VALUES('184276649269397','166936885805444','20')
INSERT INTO CategoriesPortals (UniqueID,CatID,PortalID) VALUES('167142890922494','166936885805444','0')
INSERT INTO Categories (CatID,ListUnder,CategoryName,Description,Keywords,CatType,Moderator,AccessKeys,WriteKeys,SEODescription,SEOPageTitle,ManageKeys,AccessHide,WriteHide,ExcPortalSecurity,Weight,ShowList,Sharing) VALUES('166090063767967','845494891751785','Marketing Advertising','','','','Moderator','|2|,|3|,|1|,|4|','|2|,|3|,|4|','','','|2|','0','0','0','2000','1','1')
INSERT INTO CategoriesModules (UniqueID,CatID,ModuleID) VALUES('198256029211182','166090063767967','20')
INSERT INTO CategoriesPortals (UniqueID,CatID,PortalID) VALUES('101863955035034','166090063767967','0')
INSERT INTO Categories (CatID,ListUnder,CategoryName,Description,Keywords,CatType,Moderator,AccessKeys,WriteKeys,SEODescription,SEOPageTitle,ManageKeys,AccessHide,WriteHide,ExcPortalSecurity,Weight,ShowList,Sharing) VALUES('161249023583575','186370497978018','Marketing Advertising','','','','Moderator','|2|,|3|,|1|,|4|','|2|,|3|,|4|','','','|2|','0','0','0','2000','1','1')
INSERT INTO CategoriesModules (UniqueID,CatID,ModuleID) VALUES('134438819175069','161249023583575','20')
INSERT INTO CategoriesPortals (UniqueID,CatID,PortalID) VALUES('144345406864259','161249023583575','0')
INSERT INTO Categories (CatID,ListUnder,CategoryName,Description,Keywords,CatType,Moderator,AccessKeys,WriteKeys,SEODescription,SEOPageTitle,ManageKeys,AccessHide,WriteHide,ExcPortalSecurity,Weight,ShowList,Sharing) VALUES('178269442308049','194091967154117','Marketing Advertising','','','','Moderator','|2|,|3|,|1|,|4|','|2|,|3|,|4|','','','|2|','0','0','0','2000','1','1')
INSERT INTO CategoriesModules (UniqueID,CatID,ModuleID) VALUES('125141222556428','178269442308049','20')
INSERT INTO CategoriesPortals (UniqueID,CatID,PortalID) VALUES('135492680283827','178269442308049','0')
INSERT INTO Categories (CatID,ListUnder,CategoryName,Description,Keywords,CatType,Moderator,AccessKeys,WriteKeys,SEODescription,SEOPageTitle,ManageKeys,AccessHide,WriteHide,ExcPortalSecurity,Weight,ShowList,Sharing) VALUES('468986270345477','209036145783248','Marketing Advertising','','','','Moderator','|2|,|3|,|1|,|4|','|2|,|3|,|4|','','','|2|','0','0','0','2000','1','1')
INSERT INTO CategoriesModules (UniqueID,CatID,ModuleID) VALUES('200903825419543','468986270345477','20')
INSERT INTO CategoriesPortals (UniqueID,CatID,PortalID) VALUES('547753720418348','468986270345477','0')
INSERT INTO Categories (CatID,ListUnder,CategoryName,Description,Keywords,CatType,Moderator,AccessKeys,WriteKeys,SEODescription,SEOPageTitle,ManageKeys,AccessHide,WriteHide,ExcPortalSecurity,Weight,ShowList,Sharing) VALUES('493756795286186','158169661671233','Marketing Advertising','','','','Moderator','|2|,|3|,|1|,|4|','|2|,|3|,|4|','','','|2|','0','0','0','2000','1','1')
INSERT INTO CategoriesModules (UniqueID,CatID,ModuleID) VALUES('168943106859683','493756795286186','20')
INSERT INTO CategoriesPortals (UniqueID,CatID,PortalID) VALUES('206810996476829','493756795286186','0')
INSERT INTO Categories (CatID,ListUnder,CategoryName,Description,Keywords,CatType,Moderator,AccessKeys,WriteKeys,SEODescription,SEOPageTitle,ManageKeys,AccessHide,WriteHide,ExcPortalSecurity,Weight,ShowList,Sharing) VALUES('502297450482360','329372151341555','Marketing Advertising','','','','Moderator','|2|,|3|,|1|,|4|','|2|,|3|,|4|','','','|2|','0','0','0','2000','1','1')
INSERT INTO CategoriesModules (UniqueID,CatID,ModuleID) VALUES('130934776904378','502297450482360','20')
INSERT INTO CategoriesPortals (UniqueID,CatID,PortalID) VALUES('120551268284622','502297450482360','0')
INSERT INTO Categories (CatID,ListUnder,CategoryName,Description,Keywords,CatType,Moderator,AccessKeys,WriteKeys,SEODescription,SEOPageTitle,ManageKeys,AccessHide,WriteHide,ExcPortalSecurity,Weight,ShowList,Sharing) VALUES('427040628075166','144315891422463','Marketing Advertising','','','','Moderator','|2|,|3|,|1|,|4|','|2|,|3|,|4|','','','|2|','0','0','0','2000','1','1')
INSERT INTO CategoriesModules (UniqueID,CatID,ModuleID) VALUES('871162945618761','427040628075166','20')
INSERT INTO CategoriesPortals (UniqueID,CatID,PortalID) VALUES('154142861777222','427040628075166','0')
INSERT INTO Categories (CatID,ListUnder,CategoryName,Description,Keywords,CatType,Moderator,AccessKeys,WriteKeys,SEODescription,SEOPageTitle,ManageKeys,AccessHide,WriteHide,ExcPortalSecurity,Weight,ShowList,Sharing) VALUES('423975882353258','180637350615341','Marketing Advertising','','','','Moderator','|2|,|3|,|1|,|4|','|2|,|3|,|4|','','','|2|','0','0','0','2000','1','1')
INSERT INTO CategoriesModules (UniqueID,CatID,ModuleID) VALUES('126222956055494','423975882353258','20')
INSERT INTO CategoriesPortals (UniqueID,CatID,PortalID) VALUES('188822500268734','423975882353258','0')
INSERT INTO Categories (CatID,ListUnder,CategoryName,Description,Keywords,CatType,Moderator,AccessKeys,WriteKeys,SEODescription,SEOPageTitle,ManageKeys,AccessHide,WriteHide,ExcPortalSecurity,Weight,ShowList,Sharing) VALUES('584796944198208','284316302752662','Marketing Advertising','','','','Moderator','|2|,|3|,|1|,|4|','|2|,|3|,|4|','','','|2|','0','0','0','2000','1','1')
INSERT INTO CategoriesModules (UniqueID,CatID,ModuleID) VALUES('198235288654415','584796944198208','20')
INSERT INTO CategoriesPortals (UniqueID,CatID,PortalID) VALUES('347249674612754','584796944198208','0')
INSERT INTO Categories (CatID,ListUnder,CategoryName,Description,Keywords,CatType,Moderator,AccessKeys,WriteKeys,SEODescription,SEOPageTitle,ManageKeys,AccessHide,WriteHide,ExcPortalSecurity,Weight,ShowList,Sharing) VALUES('682135208246099','114176321849964','Marketing Advertising','','','','Moderator','|2|,|3|,|1|,|4|','|2|,|3|,|4|','','','|2|','0','0','0','2000','1','1')
INSERT INTO CategoriesModules (UniqueID,CatID,ModuleID) VALUES('914690710842423','682135208246099','20')
INSERT INTO CategoriesPortals (UniqueID,CatID,PortalID) VALUES('189279515812587','682135208246099','0')
INSERT INTO Categories (CatID,ListUnder,CategoryName,Description,Keywords,CatType,Moderator,AccessKeys,WriteKeys,SEODescription,SEOPageTitle,ManageKeys,AccessHide,WriteHide,ExcPortalSecurity,Weight,ShowList,Sharing) VALUES('769194532046757','197531586023575','Marketing Advertising','','','','Moderator','|2|,|3|,|1|,|4|','|2|,|3|,|4|','','','|2|','0','0','0','2000','1','1')
INSERT INTO CategoriesModules (UniqueID,CatID,ModuleID) VALUES('675491754881736','769194532046757','20')
INSERT INTO CategoriesPortals (UniqueID,CatID,PortalID) VALUES('528399222846247','769194532046757','0')
INSERT INTO Categories (CatID,ListUnder,CategoryName,Description,Keywords,CatType,Moderator,AccessKeys,WriteKeys,SEODescription,SEOPageTitle,ManageKeys,AccessHide,WriteHide,ExcPortalSecurity,Weight,ShowList,Sharing) VALUES('835842403872518','120268798198852','Marketing Advertising','','','','Moderator','|2|,|3|,|1|,|4|','|2|,|3|,|4|','','','|2|','0','0','0','2000','1','1')
INSERT INTO CategoriesModules (UniqueID,CatID,ModuleID) VALUES('162608142988123','835842403872518','20')
INSERT INTO CategoriesPortals (UniqueID,CatID,PortalID) VALUES('268401488411294','835842403872518','0')
INSERT INTO Categories (CatID,ListUnder,CategoryName,Description,Keywords,CatType,Moderator,AccessKeys,WriteKeys,SEODescription,SEOPageTitle,ManageKeys,AccessHide,WriteHide,ExcPortalSecurity,Weight,ShowList,Sharing) VALUES('832762534285606','293246790583114','Marketing Advertising','','','','Moderator','|2|,|3|,|1|,|4|','|2|,|3|,|4|','','','|2|','0','0','0','2000','1','1')
INSERT INTO CategoriesModules (UniqueID,CatID,ModuleID) VALUES('175206825818744','832762534285606','20')
INSERT INTO CategoriesPortals (UniqueID,CatID,PortalID) VALUES('540463731274638','832762534285606','0')
INSERT INTO Categories (CatID,ListUnder,CategoryName,Description,Keywords,CatType,Moderator,AccessKeys,WriteKeys,SEODescription,SEOPageTitle,ManageKeys,AccessHide,WriteHide,ExcPortalSecurity,Weight,ShowList,Sharing) VALUES('990567738740866','203370697495731','Marketing Advertising','','','','Moderator','|2|,|3|,|1|,|4|','|2|,|3|,|4|','','','|2|','0','0','0','2000','1','1')
INSERT INTO CategoriesModules (UniqueID,CatID,ModuleID) VALUES('483094963529524','990567738740866','20')
INSERT INTO CategoriesPortals (UniqueID,CatID,PortalID) VALUES('145655195986369','990567738740866','0')
INSERT INTO Categories (CatID,ListUnder,CategoryName,Description,Keywords,CatType,Moderator,AccessKeys,WriteKeys,SEODescription,SEOPageTitle,ManageKeys,AccessHide,WriteHide,ExcPortalSecurity,Weight,ShowList,Sharing) VALUES('143586662755458','463872615556238','Marketing Services','','','','Moderator','|2|,|3|,|1|,|4|','|2|,|3|,|4|','','','|2|','0','0','0','2000','1','1')
INSERT INTO CategoriesModules (UniqueID,CatID,ModuleID) VALUES('777821224939867','143586662755458','20')
INSERT INTO CategoriesPortals (UniqueID,CatID,PortalID) VALUES('205669702548493','143586662755458','0')
INSERT INTO Categories (CatID,ListUnder,CategoryName,Description,Keywords,CatType,Moderator,AccessKeys,WriteKeys,SEODescription,SEOPageTitle,ManageKeys,AccessHide,WriteHide,ExcPortalSecurity,Weight,ShowList,Sharing) VALUES('169857444504515','213563058167417','Marketing Support Services','','','','Moderator','|2|,|3|,|1|,|4|','|2|,|3|,|4|','','','|2|','0','0','0','2000','1','1')
INSERT INTO CategoriesModules (UniqueID,CatID,ModuleID) VALUES('315254361213777','169857444504515','20')
INSERT INTO CategoriesPortals (UniqueID,CatID,PortalID) VALUES('148172308138811','169857444504515','0')
INSERT INTO Categories (CatID,ListUnder,CategoryName,Description,Keywords,CatType,Moderator,AccessKeys,WriteKeys,SEODescription,SEOPageTitle,ManageKeys,AccessHide,WriteHide,ExcPortalSecurity,Weight,ShowList,Sharing) VALUES('162079207673779','940557948960701','Marketplaces','','','','Moderator','|2|,|3|,|1|,|4|','|2|,|3|,|4|','','','|2|','0','0','0','2000','1','1')
INSERT INTO CategoriesModules (UniqueID,CatID,ModuleID) VALUES('114552050845749','162079207673779','20')
INSERT INTO CategoriesPortals (UniqueID,CatID,PortalID) VALUES('592004487686321','162079207673779','0')
INSERT INTO Categories (CatID,ListUnder,CategoryName,Description,Keywords,CatType,Moderator,AccessKeys,WriteKeys,SEODescription,SEOPageTitle,ManageKeys,AccessHide,WriteHide,ExcPortalSecurity,Weight,ShowList,Sharing) VALUES('156956819398490','114176321849964','Marketplaces','','','','Moderator','|2|,|3|,|1|,|4|','|2|,|3|,|4|','','','|2|','0','0','0','2000','1','1')
INSERT INTO CategoriesModules (UniqueID,CatID,ModuleID) VALUES('173747190284773','156956819398490','20')
INSERT INTO CategoriesPortals (UniqueID,CatID,PortalID) VALUES('160487568048039','156956819398490','0')
INSERT INTO Categories (CatID,ListUnder,CategoryName,Description,Keywords,CatType,Moderator,AccessKeys,WriteKeys,SEODescription,SEOPageTitle,ManageKeys,AccessHide,WriteHide,ExcPortalSecurity,Weight,ShowList,Sharing) VALUES('137022038880062','630326987373262','Marketplaces','','','','Moderator','|2|,|3|,|1|,|4|','|2|,|3|,|4|','','','|2|','0','0','0','2000','1','1')
INSERT INTO CategoriesModules (UniqueID,CatID,ModuleID) VALUES('105447350865521','137022038880062','20')
INSERT INTO CategoriesPortals (UniqueID,CatID,PortalID) VALUES('571580465886476','137022038880062','0')
INSERT INTO Categories (CatID,ListUnder,CategoryName,Description,Keywords,CatType,Moderator,AccessKeys,WriteKeys,SEODescription,SEOPageTitle,ManageKeys,AccessHide,WriteHide,ExcPortalSecurity,Weight,ShowList,Sharing) VALUES('116098489223111','186370497978018','Marketplaces','','','','Moderator','|2|,|3|,|1|,|4|','|2|,|3|,|4|','','','|2|','0','0','0','2000','1','1')
INSERT INTO CategoriesModules (UniqueID,CatID,ModuleID) VALUES('208677031812685','116098489223111','20')
INSERT INTO CategoriesPortals (UniqueID,CatID,PortalID) VALUES('103144629179955','116098489223111','0')
INSERT INTO Categories (CatID,ListUnder,CategoryName,Description,Keywords,CatType,Moderator,AccessKeys,WriteKeys,SEODescription,SEOPageTitle,ManageKeys,AccessHide,WriteHide,ExcPortalSecurity,Weight,ShowList,Sharing) VALUES('119315981065943','565581992163321','Marketplaces','','','','Moderator','|2|,|3|,|1|,|4|','|2|,|3|,|4|','','','|2|','0','0','0','2000','1','1')
INSERT INTO CategoriesModules (UniqueID,CatID,ModuleID) VALUES('200808902736022','119315981065943','20')
INSERT INTO CategoriesPortals (UniqueID,CatID,PortalID) VALUES('759171327132548','119315981065943','0')
INSERT INTO Categories (CatID,ListUnder,CategoryName,Description,Keywords,CatType,Moderator,AccessKeys,WriteKeys,SEODescription,SEOPageTitle,ManageKeys,AccessHide,WriteHide,ExcPortalSecurity,Weight,ShowList,Sharing) VALUES('110636275101369','136878005372291','Marketplaces','','','','Moderator','|2|,|3|,|1|,|4|','|2|,|3|,|4|','','','|2|','0','0','0','2000','1','1')
INSERT INTO CategoriesModules (UniqueID,CatID,ModuleID) VALUES('130387666361466','110636275101369','20')
INSERT INTO CategoriesPortals (UniqueID,CatID,PortalID) VALUES('950733460571655','110636275101369','0')
INSERT INTO Categories (CatID,ListUnder,CategoryName,Description,Keywords,CatType,Moderator,AccessKeys,WriteKeys,SEODescription,SEOPageTitle,ManageKeys,AccessHide,WriteHide,ExcPortalSecurity,Weight,ShowList,Sharing) VALUES('682496135728237','180637350615341','Marketplaces','','','','Moderator','|2|,|3|,|1|,|4|','|2|,|3|,|4|','','','|2|','0','0','0','2000','1','1')
INSERT INTO CategoriesModules (UniqueID,CatID,ModuleID) VALUES('558612409335373','682496135728237','20')
INSERT INTO CategoriesPortals (UniqueID,CatID,PortalID) VALUES('124018489233652','682496135728237','0')
INSERT INTO Categories (CatID,ListUnder,CategoryName,Description,Keywords,CatType,Moderator,AccessKeys,WriteKeys,SEODescription,SEOPageTitle,ManageKeys,AccessHide,WriteHide,ExcPortalSecurity,Weight,ShowList,Sharing) VALUES('599633262470206','197531586023575','Marketplaces','','','','Moderator','|2|,|3|,|1|,|4|','|2|,|3|,|4|','','','|2|','0','0','0','2000','1','1')
INSERT INTO CategoriesModules (UniqueID,CatID,ModuleID) VALUES('796300321800339','599633262470206','20')
INSERT INTO CategoriesPortals (UniqueID,CatID,PortalID) VALUES('452984901501373','599633262470206','0')
INSERT INTO Categories (CatID,ListUnder,CategoryName,Description,Keywords,CatType,Moderator,AccessKeys,WriteKeys,SEODescription,SEOPageTitle,ManageKeys,AccessHide,WriteHide,ExcPortalSecurity,Weight,ShowList,Sharing) VALUES('598272709198623','137369301724224','Marketplaces','','','','Moderator','|2|,|3|,|1|,|4|','|2|,|3|,|4|','','','|2|','0','0','0','2000','1','1')
INSERT INTO CategoriesModules (UniqueID,CatID,ModuleID) VALUES('119691125853597','598272709198623','20')
INSERT INTO CategoriesPortals (UniqueID,CatID,PortalID) VALUES('522659712521398','598272709198623','0')
INSERT INTO Categories (CatID,ListUnder,CategoryName,Description,Keywords,CatType,Moderator,AccessKeys,WriteKeys,SEODescription,SEOPageTitle,ManageKeys,AccessHide,WriteHide,ExcPortalSecurity,Weight,ShowList,Sharing) VALUES('533666869140335','926958022387637','Marketplaces','','','','Moderator','|2|,|3|,|1|,|4|','|2|,|3|,|4|','','','|2|','0','0','0','2000','1','1')
INSERT INTO CategoriesModules (UniqueID,CatID,ModuleID) VALUES('182944218867625','533666869140335','20')
INSERT INTO CategoriesPortals (UniqueID,CatID,PortalID) VALUES('171385578524956','533666869140335','0')
INSERT INTO Categories (CatID,ListUnder,CategoryName,Description,Keywords,CatType,Moderator,AccessKeys,WriteKeys,SEODescription,SEOPageTitle,ManageKeys,AccessHide,WriteHide,ExcPortalSecurity,Weight,ShowList,Sharing) VALUES('662040678624683','102651687824638','Marketplaces','','','','Moderator','|2|,|3|,|1|,|4|','|2|,|3|,|4|','','','|2|','0','0','0','2000','1','1')
INSERT INTO CategoriesModules (UniqueID,CatID,ModuleID) VALUES('458448082255826','662040678624683','20')
INSERT INTO CategoriesPortals (UniqueID,CatID,PortalID) VALUES('209438996823276','662040678624683','0')
INSERT INTO Categories (CatID,ListUnder,CategoryName,Description,Keywords,CatType,Moderator,AccessKeys,WriteKeys,SEODescription,SEOPageTitle,ManageKeys,AccessHide,WriteHide,ExcPortalSecurity,Weight,ShowList,Sharing) VALUES('913924888098264','187495860612871','Masonry Stone','','','','Moderator','|2|,|3|,|1|,|4|','|2|,|3|,|4|','','','|2|','0','0','0','2000','1','1')
INSERT INTO CategoriesModules (UniqueID,CatID,ModuleID) VALUES('893463868372647','913924888098264','20')
INSERT INTO CategoriesPortals (UniqueID,CatID,PortalID) VALUES('199478957044734','913924888098264','0')
INSERT INTO Categories (CatID,ListUnder,CategoryName,Description,Keywords,CatType,Moderator,AccessKeys,WriteKeys,SEODescription,SEOPageTitle,ManageKeys,AccessHide,WriteHide,ExcPortalSecurity,Weight,ShowList,Sharing) VALUES('695610350379222','153991554677553','Massage','','','','Moderator','|2|,|3|,|1|,|4|','|2|,|3|,|4|','','','|2|','0','0','0','2000','1','1')
INSERT INTO CategoriesModules (UniqueID,CatID,ModuleID) VALUES('191513307352811','695610350379222','20')
INSERT INTO CategoriesPortals (UniqueID,CatID,PortalID) VALUES('473925997703151','695610350379222','0')
INSERT INTO Categories (CatID,ListUnder,CategoryName,Description,Keywords,CatType,Moderator,AccessKeys,WriteKeys,SEODescription,SEOPageTitle,ManageKeys,AccessHide,WriteHide,ExcPortalSecurity,Weight,ShowList,Sharing) VALUES('883483874849730','565581992163321','Material H ling','','','','Moderator','|2|,|3|,|1|,|4|','|2|,|3|,|4|','','','|2|','0','0','0','2000','1','1')
INSERT INTO CategoriesModules (UniqueID,CatID,ModuleID) VALUES('155602668725958','883483874849730','20')
INSERT INTO CategoriesPortals (UniqueID,CatID,PortalID) VALUES('516233290424958','883483874849730','0')
INSERT INTO Categories (CatID,ListUnder,CategoryName,Description,Keywords,CatType,Moderator,AccessKeys,WriteKeys,SEODescription,SEOPageTitle,ManageKeys,AccessHide,WriteHide,ExcPortalSecurity,Weight,ShowList,Sharing) VALUES('522844526019066','169231777657067','Materials','','','','Moderator','|2|,|3|,|1|,|4|','|2|,|3|,|4|','','','|2|','0','0','0','2000','1','1')
INSERT INTO CategoriesModules (UniqueID,CatID,ModuleID) VALUES('178138734564524','522844526019066','20')
INSERT INTO CategoriesPortals (UniqueID,CatID,PortalID) VALUES('106281279975529','522844526019066','0')
INSERT INTO Categories (CatID,ListUnder,CategoryName,Description,Keywords,CatType,Moderator,AccessKeys,WriteKeys,SEODescription,SEOPageTitle,ManageKeys,AccessHide,WriteHide,ExcPortalSecurity,Weight,ShowList,Sharing) VALUES('143557310728792','500531127112354','Materials','','','','Moderator','|2|,|3|,|1|,|4|','|2|,|3|,|4|','','','|2|','0','0','0','2000','1','1')
INSERT INTO CategoriesModules (UniqueID,CatID,ModuleID) VALUES('143274421897530','143557310728792','20')
INSERT INTO CategoriesPortals (UniqueID,CatID,PortalID) VALUES('196297656254962','143557310728792','0')
INSERT INTO Categories (CatID,ListUnder,CategoryName,Description,Keywords,CatType,Moderator,AccessKeys,WriteKeys,SEODescription,SEOPageTitle,ManageKeys,AccessHide,WriteHide,ExcPortalSecurity,Weight,ShowList,Sharing) VALUES('400605531591118','154294030131064','Materials H ling','','','','Moderator','|2|,|3|,|1|,|4|','|2|,|3|,|4|','','','|2|','0','0','0','2000','1','1')
INSERT INTO CategoriesModules (UniqueID,CatID,ModuleID) VALUES('201205568626912','400605531591118','20')
INSERT INTO CategoriesPortals (UniqueID,CatID,PortalID) VALUES('517548725224347','400605531591118','0')
INSERT INTO Categories (CatID,ListUnder,CategoryName,Description,Keywords,CatType,Moderator,AccessKeys,WriteKeys,SEODescription,SEOPageTitle,ManageKeys,AccessHide,WriteHide,ExcPortalSecurity,Weight,ShowList,Sharing) VALUES('731641946798359','842007442761918','Materials Supplies','','','','Moderator','|2|,|3|,|1|,|4|','|2|,|3|,|4|','','','|2|','0','0','0','2000','1','1')
INSERT INTO CategoriesModules (UniqueID,CatID,ModuleID) VALUES('162346538719615','731641946798359','20')
INSERT INTO CategoriesPortals (UniqueID,CatID,PortalID) VALUES('136379718514446','731641946798359','0')
INSERT INTO Categories (CatID,ListUnder,CategoryName,Description,Keywords,CatType,Moderator,AccessKeys,WriteKeys,SEODescription,SEOPageTitle,ManageKeys,AccessHide,WriteHide,ExcPortalSecurity,Weight,ShowList,Sharing) VALUES('827296443758321','211779882274336','Materials Supplies','','','','Moderator','|2|,|3|,|1|,|4|','|2|,|3|,|4|','','','|2|','0','0','0','2000','1','1')
INSERT INTO CategoriesModules (UniqueID,CatID,ModuleID) VALUES('134603261517911','827296443758321','20')
INSERT INTO CategoriesPortals (UniqueID,CatID,PortalID) VALUES('173731452213517','827296443758321','0')
INSERT INTO Categories (CatID,ListUnder,CategoryName,Description,Keywords,CatType,Moderator,AccessKeys,WriteKeys,SEODescription,SEOPageTitle,ManageKeys,AccessHide,WriteHide,ExcPortalSecurity,Weight,ShowList,Sharing) VALUES('103165790513879','158387187662955','Materials Supplies','','','','Moderator','|2|,|3|,|1|,|4|','|2|,|3|,|4|','','','|2|','0','0','0','2000','1','1')
INSERT INTO CategoriesModules (UniqueID,CatID,ModuleID) VALUES('127240641387431','103165790513879','20')
INSERT INTO CategoriesPortals (UniqueID,CatID,PortalID) VALUES('121739913561342','103165790513879','0')
INSERT INTO Categories (CatID,ListUnder,CategoryName,Description,Keywords,CatType,Moderator,AccessKeys,WriteKeys,SEODescription,SEOPageTitle,ManageKeys,AccessHide,WriteHide,ExcPortalSecurity,Weight,ShowList,Sharing) VALUES('105107073331342','344209413176037','Materials Supplies','','','','Moderator','|2|,|3|,|1|,|4|','|2|,|3|,|4|','','','|2|','0','0','0','2000','1','1')
INSERT INTO CategoriesModules (UniqueID,CatID,ModuleID) VALUES('302072554162659','105107073331342','20')
INSERT INTO CategoriesPortals (UniqueID,CatID,PortalID) VALUES('911011405735913','105107073331342','0')
INSERT INTO Categories (CatID,ListUnder,CategoryName,Description,Keywords,CatType,Moderator,AccessKeys,WriteKeys,SEODescription,SEOPageTitle,ManageKeys,AccessHide,WriteHide,ExcPortalSecurity,Weight,ShowList,Sharing) VALUES('114494898638516','337252452252724','Materials Supplies','','','','Moderator','|2|,|3|,|1|,|4|','|2|,|3|,|4|','','','|2|','0','0','0','2000','1','1')
INSERT INTO CategoriesModules (UniqueID,CatID,ModuleID) VALUES('163360938256865','114494898638516','20')
INSERT INTO CategoriesPortals (UniqueID,CatID,PortalID) VALUES('104413057890319','114494898638516','0')
INSERT INTO Categories (CatID,ListUnder,CategoryName,Description,Keywords,CatType,Moderator,AccessKeys,WriteKeys,SEODescription,SEOPageTitle,ManageKeys,AccessHide,WriteHide,ExcPortalSecurity,Weight,ShowList,Sharing) VALUES('187495860612871','144315891422463','Materials Supplies','','','','Moderator','|2|,|3|,|1|,|4|','|2|,|3|,|4|','','','|2|','0','0','0','2000','1','1')
INSERT INTO CategoriesModules (UniqueID,CatID,ModuleID) VALUES('124537288381062','187495860612871','20')
INSERT INTO CategoriesPortals (UniqueID,CatID,PortalID) VALUES('670377159478431','187495860612871','0')
INSERT INTO Categories (CatID,ListUnder,CategoryName,Description,Keywords,CatType,Moderator,AccessKeys,WriteKeys,SEODescription,SEOPageTitle,ManageKeys,AccessHide,WriteHide,ExcPortalSecurity,Weight,ShowList,Sharing) VALUES('864779357877304','157714611147670','Measurement Space Analysis','','','','Moderator','|2|,|3|,|1|,|4|','|2|,|3|,|4|','','','|2|','0','0','0','2000','1','1')
INSERT INTO CategoriesModules (UniqueID,CatID,ModuleID) VALUES('467619164685888','864779357877304','20')
INSERT INTO CategoriesPortals (UniqueID,CatID,PortalID) VALUES('178221744075069','864779357877304','0')
INSERT INTO Categories (CatID,ListUnder,CategoryName,Description,Keywords,CatType,Moderator,AccessKeys,WriteKeys,SEODescription,SEOPageTitle,ManageKeys,AccessHide,WriteHide,ExcPortalSecurity,Weight,ShowList,Sharing) VALUES('369761046869198','180637350615341','Meat Seafood','','','','Moderator','|2|,|3|,|1|,|4|','|2|,|3|,|4|','','','|2|','0','0','0','2000','1','1')
INSERT INTO CategoriesModules (UniqueID,CatID,ModuleID) VALUES('965369268001116','369761046869198','20')
INSERT INTO CategoriesPortals (UniqueID,CatID,PortalID) VALUES('754569685822425','369761046869198','0')
INSERT INTO Categories (CatID,ListUnder,CategoryName,Description,Keywords,CatType,Moderator,AccessKeys,WriteKeys,SEODescription,SEOPageTitle,ManageKeys,AccessHide,WriteHide,ExcPortalSecurity,Weight,ShowList,Sharing) VALUES('320411912645346','265537542464772','Mechanical','','','','Moderator','|2|,|3|,|1|,|4|','|2|,|3|,|4|','','','|2|','0','0','0','2000','1','1')
INSERT INTO CategoriesModules (UniqueID,CatID,ModuleID) VALUES('180992429377153','320411912645346','20')
INSERT INTO CategoriesPortals (UniqueID,CatID,PortalID) VALUES('120236541542288','320411912645346','0')
INSERT INTO Categories (CatID,ListUnder,CategoryName,Description,Keywords,CatType,Moderator,AccessKeys,WriteKeys,SEODescription,SEOPageTitle,ManageKeys,AccessHide,WriteHide,ExcPortalSecurity,Weight,ShowList,Sharing) VALUES('417717387564279','500531127112354','Mechanical','','','','Moderator','|2|,|3|,|1|,|4|','|2|,|3|,|4|','','','|2|','0','0','0','2000','1','1')
INSERT INTO CategoriesModules (UniqueID,CatID,ModuleID) VALUES('214271612645682','417717387564279','20')
INSERT INTO CategoriesPortals (UniqueID,CatID,PortalID) VALUES('101044918881322','417717387564279','0')
INSERT INTO Categories (CatID,ListUnder,CategoryName,Description,Keywords,CatType,Moderator,AccessKeys,WriteKeys,SEODescription,SEOPageTitle,ManageKeys,AccessHide,WriteHide,ExcPortalSecurity,Weight,ShowList,Sharing) VALUES('163698287493483','187495860612871','Mechanical','','','','Moderator','|2|,|3|,|1|,|4|','|2|,|3|,|4|','','','|2|','0','0','0','2000','1','1')
INSERT INTO CategoriesModules (UniqueID,CatID,ModuleID) VALUES('174096534464175','163698287493483','20')
INSERT INTO CategoriesPortals (UniqueID,CatID,PortalID) VALUES('951966100662624','163698287493483','0')
INSERT INTO Categories (CatID,ListUnder,CategoryName,Description,Keywords,CatType,Moderator,AccessKeys,WriteKeys,SEODescription,SEOPageTitle,ManageKeys,AccessHide,WriteHide,ExcPortalSecurity,Weight,ShowList,Sharing) VALUES('179141720542942','185728045685285','Media Buying Planning','','','','Moderator','|2|,|3|,|1|,|4|','|2|,|3|,|4|','','','|2|','0','0','0','2000','1','1')
INSERT INTO CategoriesModules (UniqueID,CatID,ModuleID) VALUES('212643116668241','179141720542942','20')
INSERT INTO CategoriesPortals (UniqueID,CatID,PortalID) VALUES('213862174217226','179141720542942','0')
INSERT INTO Categories (CatID,ListUnder,CategoryName,Description,Keywords,CatType,Moderator,AccessKeys,WriteKeys,SEODescription,SEOPageTitle,ManageKeys,AccessHide,WriteHide,ExcPortalSecurity,Weight,ShowList,Sharing) VALUES('758042103067618','152296721796111','Media Conglomerates','','','','Moderator','|2|,|3|,|1|,|4|','|2|,|3|,|4|','','','|2|','0','0','0','2000','1','1')
INSERT INTO CategoriesModules (UniqueID,CatID,ModuleID) VALUES('717981467084777','758042103067618','20')
INSERT INTO CategoriesPortals (UniqueID,CatID,PortalID) VALUES('165754178768234','758042103067618','0')
INSERT INTO Categories (CatID,ListUnder,CategoryName,Description,Keywords,CatType,Moderator,AccessKeys,WriteKeys,SEODescription,SEOPageTitle,ManageKeys,AccessHide,WriteHide,ExcPortalSecurity,Weight,ShowList,Sharing) VALUES('303471506433185','185728045685285','Media Production','','','','Moderator','|2|,|3|,|1|,|4|','|2|,|3|,|4|','','','|2|','0','0','0','2000','1','1')
INSERT INTO CategoriesModules (UniqueID,CatID,ModuleID) VALUES('784179205719232','303471506433185','20')
INSERT INTO CategoriesPortals (UniqueID,CatID,PortalID) VALUES('214211076505554','303471506433185','0')
INSERT INTO Categories (CatID,ListUnder,CategoryName,Description,Keywords,CatType,Moderator,AccessKeys,WriteKeys,SEODescription,SEOPageTitle,ManageKeys,AccessHide,WriteHide,ExcPortalSecurity,Weight,ShowList,Sharing) VALUES('140394717342354','152296721796111','Media Production','','','','Moderator','|2|,|3|,|1|,|4|','|2|,|3|,|4|','','','|2|','0','0','0','2000','1','1')
INSERT INTO CategoriesModules (UniqueID,CatID,ModuleID) VALUES('146714651367832','140394717342354','20')
INSERT INTO CategoriesPortals (UniqueID,CatID,PortalID) VALUES('163463466971847','140394717342354','0')
INSERT INTO Categories (CatID,ListUnder,CategoryName,Description,Keywords,CatType,Moderator,AccessKeys,WriteKeys,SEODescription,SEOPageTitle,ManageKeys,AccessHide,WriteHide,ExcPortalSecurity,Weight,ShowList,Sharing) VALUES('959814326939381','293246790583114','Medical Billing','','','','Moderator','|2|,|3|,|1|,|4|','|2|,|3|,|4|','','','|2|','0','0','0','2000','1','1')
INSERT INTO CategoriesModules (UniqueID,CatID,ModuleID) VALUES('433180813144104','959814326939381','20')
INSERT INTO CategoriesPortals (UniqueID,CatID,PortalID) VALUES('855160180644918','959814326939381','0')
INSERT INTO Categories (CatID,ListUnder,CategoryName,Description,Keywords,CatType,Moderator,AccessKeys,WriteKeys,SEODescription,SEOPageTitle,ManageKeys,AccessHide,WriteHide,ExcPortalSecurity,Weight,ShowList,Sharing) VALUES('207376738339407','153991554677553','Medical Equipment','','','','Moderator','|2|,|3|,|1|,|4|','|2|,|3|,|4|','','','|2|','0','0','0','2000','1','1')
INSERT INTO CategoriesModules (UniqueID,CatID,ModuleID) VALUES('515081008378639','207376738339407','20')
INSERT INTO CategoriesPortals (UniqueID,CatID,PortalID) VALUES('201923644786576','207376738339407','0')
INSERT INTO Categories (CatID,ListUnder,CategoryName,Description,Keywords,CatType,Moderator,AccessKeys,WriteKeys,SEODescription,SEOPageTitle,ManageKeys,AccessHide,WriteHide,ExcPortalSecurity,Weight,ShowList,Sharing) VALUES('932443364454754','182970756871112','Medical Life Sciences','','','','Moderator','|2|,|3|,|1|,|4|','|2|,|3|,|4|','','','|2|','0','0','0','2000','1','1')
INSERT INTO CategoriesModules (UniqueID,CatID,ModuleID) VALUES('202440113010463','932443364454754','20')
INSERT INTO CategoriesPortals (UniqueID,CatID,PortalID) VALUES('218726540323976','932443364454754','0')
INSERT INTO Categories (CatID,ListUnder,CategoryName,Description,Keywords,CatType,Moderator,AccessKeys,WriteKeys,SEODescription,SEOPageTitle,ManageKeys,AccessHide,WriteHide,ExcPortalSecurity,Weight,ShowList,Sharing) VALUES('103157847706851','153991554677553','Medical Scale Systems','','','','Moderator','|2|,|3|,|1|,|4|','|2|,|3|,|4|','','','|2|','0','0','0','2000','1','1')
INSERT INTO CategoriesModules (UniqueID,CatID,ModuleID) VALUES('573766033067694','103157847706851','20')
INSERT INTO CategoriesPortals (UniqueID,CatID,PortalID) VALUES('109356128173658','103157847706851','0')
INSERT INTO Categories (CatID,ListUnder,CategoryName,Description,Keywords,CatType,Moderator,AccessKeys,WriteKeys,SEODescription,SEOPageTitle,ManageKeys,AccessHide,WriteHide,ExcPortalSecurity,Weight,ShowList,Sharing) VALUES('156346883252265','216037974577765','Medical Waste','','','','Moderator','|2|,|3|,|1|,|4|','|2|,|3|,|4|','','','|2|','0','0','0','2000','1','1')
INSERT INTO CategoriesModules (UniqueID,CatID,ModuleID) VALUES('995257239139318','156346883252265','20')
INSERT INTO CategoriesPortals (UniqueID,CatID,PortalID) VALUES('108335669229353','156346883252265','0')
INSERT INTO Categories (CatID,ListUnder,CategoryName,Description,Keywords,CatType,Moderator,AccessKeys,WriteKeys,SEODescription,SEOPageTitle,ManageKeys,AccessHide,WriteHide,ExcPortalSecurity,Weight,ShowList,Sharing) VALUES('347373064894531','120268798198852','Medicinal Herbs','','','','Moderator','|2|,|3|,|1|,|4|','|2|,|3|,|4|','','','|2|','0','0','0','2000','1','1')
INSERT INTO CategoriesModules (UniqueID,CatID,ModuleID) VALUES('142987773651964','347373064894531','20')
INSERT INTO CategoriesPortals (UniqueID,CatID,PortalID) VALUES('177931129284633','347373064894531','0')
INSERT INTO Categories (CatID,ListUnder,CategoryName,Description,Keywords,CatType,Moderator,AccessKeys,WriteKeys,SEODescription,SEOPageTitle,ManageKeys,AccessHide,WriteHide,ExcPortalSecurity,Weight,ShowList,Sharing) VALUES('123408041982265','153991554677553','Mental Health','','','','Moderator','|2|,|3|,|1|,|4|','|2|,|3|,|4|','','','|2|','0','0','0','2000','1','1')
INSERT INTO CategoriesModules (UniqueID,CatID,ModuleID) VALUES('337670040158114','123408041982265','20')
INSERT INTO CategoriesPortals (UniqueID,CatID,PortalID) VALUES('835841457608707','123408041982265','0')
INSERT INTO Categories (CatID,ListUnder,CategoryName,Description,Keywords,CatType,Moderator,AccessKeys,WriteKeys,SEODescription,SEOPageTitle,ManageKeys,AccessHide,WriteHide,ExcPortalSecurity,Weight,ShowList,Sharing) VALUES('191565229964452','377508838087964','Menus','','','','Moderator','|2|,|3|,|1|,|4|','|2|,|3|,|4|','','','|2|','0','0','0','2000','1','1')
INSERT INTO CategoriesModules (UniqueID,CatID,ModuleID) VALUES('170855107218801','191565229964452','20')
INSERT INTO CategoriesPortals (UniqueID,CatID,PortalID) VALUES('568353059632743','191565229964452','0')
INSERT INTO Categories (CatID,ListUnder,CategoryName,Description,Keywords,CatType,Moderator,AccessKeys,WriteKeys,SEODescription,SEOPageTitle,ManageKeys,AccessHide,WriteHide,ExcPortalSecurity,Weight,ShowList,Sharing) VALUES('118549889292021','293246790583114','Merchant Services','','','','Moderator','|2|,|3|,|1|,|4|','|2|,|3|,|4|','','','|2|','0','0','0','2000','1','1')
INSERT INTO CategoriesModules (UniqueID,CatID,ModuleID) VALUES('336789756510462','118549889292021','20')
INSERT INTO CategoriesPortals (UniqueID,CatID,PortalID) VALUES('200389373729436','118549889292021','0')
INSERT INTO Categories (CatID,ListUnder,CategoryName,Description,Keywords,CatType,Moderator,AccessKeys,WriteKeys,SEODescription,SEOPageTitle,ManageKeys,AccessHide,WriteHide,ExcPortalSecurity,Weight,ShowList,Sharing) VALUES('213177596345510','207494574995551','Messaging','','','','Moderator','|2|,|3|,|1|,|4|','|2|,|3|,|4|','','','|2|','0','0','0','2000','1','1')
INSERT INTO CategoriesModules (UniqueID,CatID,ModuleID) VALUES('255788340723887','213177596345510','20')
INSERT INTO CategoriesPortals (UniqueID,CatID,PortalID) VALUES('203480749561364','213177596345510','0')
INSERT INTO Categories (CatID,ListUnder,CategoryName,Description,Keywords,CatType,Moderator,AccessKeys,WriteKeys,SEODescription,SEOPageTitle,ManageKeys,AccessHide,WriteHide,ExcPortalSecurity,Weight,ShowList,Sharing) VALUES('947178300427214','134301758144739','Messaging','','','','Moderator','|2|,|3|,|1|,|4|','|2|,|3|,|4|','','','|2|','0','0','0','2000','1','1')
INSERT INTO CategoriesModules (UniqueID,CatID,ModuleID) VALUES('331420522258266','947178300427214','20')
INSERT INTO CategoriesPortals (UniqueID,CatID,PortalID) VALUES('482857916387725','947178300427214','0')
INSERT INTO Categories (CatID,ListUnder,CategoryName,Description,Keywords,CatType,Moderator,AccessKeys,WriteKeys,SEODescription,SEOPageTitle,ManageKeys,AccessHide,WriteHide,ExcPortalSecurity,Weight,ShowList,Sharing) VALUES('205629980242470','265537542464772','Metal Fabrication','','','','Moderator','|2|,|3|,|1|,|4|','|2|,|3|,|4|','','','|2|','0','0','0','2000','1','1')
INSERT INTO CategoriesModules (UniqueID,CatID,ModuleID) VALUES('847459998343616','205629980242470','20')
INSERT INTO CategoriesPortals (UniqueID,CatID,PortalID) VALUES('112786094279982','205629980242470','0')
INSERT INTO Categories (CatID,ListUnder,CategoryName,Description,Keywords,CatType,Moderator,AccessKeys,WriteKeys,SEODescription,SEOPageTitle,ManageKeys,AccessHide,WriteHide,ExcPortalSecurity,Weight,ShowList,Sharing) VALUES('139264710521357','302144370971758','Metal Spinning','','','','Moderator','|2|,|3|,|1|,|4|','|2|,|3|,|4|','','','|2|','0','0','0','2000','1','1')
INSERT INTO CategoriesModules (UniqueID,CatID,ModuleID) VALUES('108492085528746','139264710521357','20')
INSERT INTO CategoriesPortals (UniqueID,CatID,PortalID) VALUES('122071325421933','139264710521357','0')
INSERT INTO Categories (CatID,ListUnder,CategoryName,Description,Keywords,CatType,Moderator,AccessKeys,WriteKeys,SEODescription,SEOPageTitle,ManageKeys,AccessHide,WriteHide,ExcPortalSecurity,Weight,ShowList,Sharing) VALUES('905067372334202','302144370971758','Metal Stamping','','','','Moderator','|2|,|3|,|1|,|4|','|2|,|3|,|4|','','','|2|','0','0','0','2000','1','1')
INSERT INTO CategoriesModules (UniqueID,CatID,ModuleID) VALUES('160518368167432','905067372334202','20')
INSERT INTO CategoriesPortals (UniqueID,CatID,PortalID) VALUES('210336756070395','905067372334202','0')
INSERT INTO Categories (CatID,ListUnder,CategoryName,Description,Keywords,CatType,Moderator,AccessKeys,WriteKeys,SEODescription,SEOPageTitle,ManageKeys,AccessHide,WriteHide,ExcPortalSecurity,Weight,ShowList,Sharing) VALUES('178231485493208','126219373520539','Metallized','','','','Moderator','|2|,|3|,|1|,|4|','|2|,|3|,|4|','','','|2|','0','0','0','2000','1','1')
INSERT INTO CategoriesModules (UniqueID,CatID,ModuleID) VALUES('651043997033127','178231485493208','20')
INSERT INTO CategoriesPortals (UniqueID,CatID,PortalID) VALUES('187821121540086','178231485493208','0')
INSERT INTO Categories (CatID,ListUnder,CategoryName,Description,Keywords,CatType,Moderator,AccessKeys,WriteKeys,SEODescription,SEOPageTitle,ManageKeys,AccessHide,WriteHide,ExcPortalSecurity,Weight,ShowList,Sharing) VALUES('199631455633247','522844526019066','Metals','','','','Moderator','|2|,|3|,|1|,|4|','|2|,|3|,|4|','','','|2|','0','0','0','2000','1','1')
INSERT INTO CategoriesModules (UniqueID,CatID,ModuleID) VALUES('112976435706478','199631455633247','20')
INSERT INTO CategoriesPortals (UniqueID,CatID,PortalID) VALUES('100563817837179','199631455633247','0')
INSERT INTO Categories (CatID,ListUnder,CategoryName,Description,Keywords,CatType,Moderator,AccessKeys,WriteKeys,SEODescription,SEOPageTitle,ManageKeys,AccessHide,WriteHide,ExcPortalSecurity,Weight,ShowList,Sharing) VALUES('120456311384879','187495860612871','Metals','','','','Moderator','|2|,|3|,|1|,|4|','|2|,|3|,|4|','','','|2|','0','0','0','2000','1','1')
INSERT INTO CategoriesModules (UniqueID,CatID,ModuleID) VALUES('690854807844861','120456311384879','20')
INSERT INTO CategoriesPortals (UniqueID,CatID,PortalID) VALUES('109487117168322','120456311384879','0')
INSERT INTO Categories (CatID,ListUnder,CategoryName,Description,Keywords,CatType,Moderator,AccessKeys,WriteKeys,SEODescription,SEOPageTitle,ManageKeys,AccessHide,WriteHide,ExcPortalSecurity,Weight,ShowList,Sharing) VALUES('142197488632747','500531127112354','Metalworking','','','','Moderator','|2|,|3|,|1|,|4|','|2|,|3|,|4|','','','|2|','0','0','0','2000','1','1')
INSERT INTO CategoriesModules (UniqueID,CatID,ModuleID) VALUES('775318393385909','142197488632747','20')
INSERT INTO CategoriesPortals (UniqueID,CatID,PortalID) VALUES('794274877537455','142197488632747','0')
INSERT INTO Categories (CatID,ListUnder,CategoryName,Description,Keywords,CatType,Moderator,AccessKeys,WriteKeys,SEODescription,SEOPageTitle,ManageKeys,AccessHide,WriteHide,ExcPortalSecurity,Weight,ShowList,Sharing) VALUES('124507956076152','941546425030488','Mexican','','','','Moderator','|2|,|3|,|1|,|4|','|2|,|3|,|4|','','','|2|','0','0','0','2000','1','1')
INSERT INTO CategoriesModules (UniqueID,CatID,ModuleID) VALUES('161246953635747','124507956076152','20')
INSERT INTO CategoriesPortals (UniqueID,CatID,PortalID) VALUES('183287197042518','124507956076152','0')
INSERT INTO Categories (CatID,ListUnder,CategoryName,Description,Keywords,CatType,Moderator,AccessKeys,WriteKeys,SEODescription,SEOPageTitle,ManageKeys,AccessHide,WriteHide,ExcPortalSecurity,Weight,ShowList,Sharing) VALUES('214004262556179','284131841433627','Microcontroller','','','','Moderator','|2|,|3|,|1|,|4|','|2|,|3|,|4|','','','|2|','0','0','0','2000','1','1')
INSERT INTO CategoriesModules (UniqueID,CatID,ModuleID) VALUES('356782766614673','214004262556179','20')
INSERT INTO CategoriesPortals (UniqueID,CatID,PortalID) VALUES('799071496487235','214004262556179','0')
INSERT INTO Categories (CatID,ListUnder,CategoryName,Description,Keywords,CatType,Moderator,AccessKeys,WriteKeys,SEODescription,SEOPageTitle,ManageKeys,AccessHide,WriteHide,ExcPortalSecurity,Weight,ShowList,Sharing) VALUES('884250683784582','213563058167417','Micromarketing','','','','Moderator','|2|,|3|,|1|,|4|','|2|,|3|,|4|','','','|2|','0','0','0','2000','1','1')
INSERT INTO CategoriesModules (UniqueID,CatID,ModuleID) VALUES('674485907111456','884250683784582','20')
INSERT INTO CategoriesPortals (UniqueID,CatID,PortalID) VALUES('882027346212605','884250683784582','0')
INSERT INTO Categories (CatID,ListUnder,CategoryName,Description,Keywords,CatType,Moderator,AccessKeys,WriteKeys,SEODescription,SEOPageTitle,ManageKeys,AccessHide,WriteHide,ExcPortalSecurity,Weight,ShowList,Sharing) VALUES('890335860742049','180077455433202','Microwave','','','','Moderator','|2|,|3|,|1|,|4|','|2|,|3|,|4|','','','|2|','0','0','0','2000','1','1')
INSERT INTO CategoriesModules (UniqueID,CatID,ModuleID) VALUES('568342699345200','890335860742049','20')
INSERT INTO CategoriesPortals (UniqueID,CatID,PortalID) VALUES('186540016143467','890335860742049','0')
INSERT INTO Categories (CatID,ListUnder,CategoryName,Description,Keywords,CatType,Moderator,AccessKeys,WriteKeys,SEODescription,SEOPageTitle,ManageKeys,AccessHide,WriteHide,ExcPortalSecurity,Weight,ShowList,Sharing) VALUES('597189461984968','207494574995551','Microwave','','','','Moderator','|2|,|3|,|1|,|4|','|2|,|3|,|4|','','','|2|','0','0','0','2000','1','1')
INSERT INTO CategoriesModules (UniqueID,CatID,ModuleID) VALUES('145671965656117','597189461984968','20')
INSERT INTO CategoriesPortals (UniqueID,CatID,PortalID) VALUES('141583029056236','597189461984968','0')
INSERT INTO Categories (CatID,ListUnder,CategoryName,Description,Keywords,CatType,Moderator,AccessKeys,WriteKeys,SEODescription,SEOPageTitle,ManageKeys,AccessHide,WriteHide,ExcPortalSecurity,Weight,ShowList,Sharing) VALUES('153856120759505','120439851846156','Milk','','','','Moderator','|2|,|3|,|1|,|4|','|2|,|3|,|4|','','','|2|','0','0','0','2000','1','1')
INSERT INTO CategoriesModules (UniqueID,CatID,ModuleID) VALUES('152741795628348','153856120759505','20')
INSERT INTO CategoriesPortals (UniqueID,CatID,PortalID) VALUES('136336751296485','153856120759505','0')
INSERT INTO Categories (CatID,ListUnder,CategoryName,Description,Keywords,CatType,Moderator,AccessKeys,WriteKeys,SEODescription,SEOPageTitle,ManageKeys,AccessHide,WriteHide,ExcPortalSecurity,Weight,ShowList,Sharing) VALUES('133529660719882','458171633668170','Mineral Exploration Extraction','','','','Moderator','|2|,|3|,|1|,|4|','|2|,|3|,|4|','','','|2|','0','0','0','2000','1','1')
INSERT INTO CategoriesModules (UniqueID,CatID,ModuleID) VALUES('962637773717135','133529660719882','20')
INSERT INTO CategoriesPortals (UniqueID,CatID,PortalID) VALUES('212611821206772','133529660719882','0')
INSERT INTO Categories (CatID,ListUnder,CategoryName,Description,Keywords,CatType,Moderator,AccessKeys,WriteKeys,SEODescription,SEOPageTitle,ManageKeys,AccessHide,WriteHide,ExcPortalSecurity,Weight,ShowList,Sharing) VALUES('458171633668170','0','Mining Drilling','','','','Moderator','|2|,|3|,|1|,|4|','|2|,|3|,|4|','','','|2|','0','0','0','2000','1','1')
INSERT INTO CategoriesModules (UniqueID,CatID,ModuleID) VALUES('164683220861757','458171633668170','20')
INSERT INTO CategoriesPortals (UniqueID,CatID,PortalID) VALUES('727127188554355','458171633668170','0')
INSERT INTO Categories (CatID,ListUnder,CategoryName,Description,Keywords,CatType,Moderator,AccessKeys,WriteKeys,SEODescription,SEOPageTitle,ManageKeys,AccessHide,WriteHide,ExcPortalSecurity,Weight,ShowList,Sharing) VALUES('363206614307875','108144337623717','Minority Women or Disabled Veteran Owned','','','','Moderator','|2|,|3|,|1|,|4|','|2|,|3|,|4|','','','|2|','0','0','0','2000','1','1')
INSERT INTO CategoriesModules (UniqueID,CatID,ModuleID) VALUES('138309955112626','363206614307875','20')
INSERT INTO CategoriesPortals (UniqueID,CatID,PortalID) VALUES('144542581427601','363206614307875','0')
INSERT INTO Categories (CatID,ListUnder,CategoryName,Description,Keywords,CatType,Moderator,AccessKeys,WriteKeys,SEODescription,SEOPageTitle,ManageKeys,AccessHide,WriteHide,ExcPortalSecurity,Weight,ShowList,Sharing) VALUES('550083240234747','146887866941263','Mints','','','','Moderator','|2|,|3|,|1|,|4|','|2|,|3|,|4|','','','|2|','0','0','0','2000','1','1')
INSERT INTO CategoriesModules (UniqueID,CatID,ModuleID) VALUES('184569549986666','550083240234747','20')
INSERT INTO CategoriesPortals (UniqueID,CatID,PortalID) VALUES('127695842772212','550083240234747','0')
INSERT INTO Categories (CatID,ListUnder,CategoryName,Description,Keywords,CatType,Moderator,AccessKeys,WriteKeys,SEODescription,SEOPageTitle,ManageKeys,AccessHide,WriteHide,ExcPortalSecurity,Weight,ShowList,Sharing) VALUES('866320884817455','126219373520539','Mixed Blends','','','','Moderator','|2|,|3|,|1|,|4|','|2|,|3|,|4|','','','|2|','0','0','0','2000','1','1')
INSERT INTO CategoriesModules (UniqueID,CatID,ModuleID) VALUES('175371959986321','866320884817455','20')
INSERT INTO CategoriesPortals (UniqueID,CatID,PortalID) VALUES('571108705517372','866320884817455','0')
INSERT INTO Categories (CatID,ListUnder,CategoryName,Description,Keywords,CatType,Moderator,AccessKeys,WriteKeys,SEODescription,SEOPageTitle,ManageKeys,AccessHide,WriteHide,ExcPortalSecurity,Weight,ShowList,Sharing) VALUES('116815672483265','180965748237478','Mixes Kits','','','','Moderator','|2|,|3|,|1|,|4|','|2|,|3|,|4|','','','|2|','0','0','0','2000','1','1')
INSERT INTO CategoriesModules (UniqueID,CatID,ModuleID) VALUES('858413653448500','116815672483265','20')
INSERT INTO CategoriesPortals (UniqueID,CatID,PortalID) VALUES('392790390717586','116815672483265','0')
INSERT INTO Categories (CatID,ListUnder,CategoryName,Description,Keywords,CatType,Moderator,AccessKeys,WriteKeys,SEODescription,SEOPageTitle,ManageKeys,AccessHide,WriteHide,ExcPortalSecurity,Weight,ShowList,Sharing) VALUES('182559901943021','186032997883175','Model Building','','','','Moderator','|2|,|3|,|1|,|4|','|2|,|3|,|4|','','','|2|','0','0','0','2000','1','1')
INSERT INTO CategoriesModules (UniqueID,CatID,ModuleID) VALUES('148513960198745','182559901943021','20')
INSERT INTO CategoriesPortals (UniqueID,CatID,PortalID) VALUES('191331466984256','182559901943021','0')
INSERT INTO Categories (CatID,ListUnder,CategoryName,Description,Keywords,CatType,Moderator,AccessKeys,WriteKeys,SEODescription,SEOPageTitle,ManageKeys,AccessHide,WriteHide,ExcPortalSecurity,Weight,ShowList,Sharing) VALUES('872712868471673','301518407739005','Modular','','','','Moderator','|2|,|3|,|1|,|4|','|2|,|3|,|4|','','','|2|','0','0','0','2000','1','1')
INSERT INTO CategoriesModules (UniqueID,CatID,ModuleID) VALUES('213349429013750','872712868471673','20')
INSERT INTO CategoriesPortals (UniqueID,CatID,PortalID) VALUES('187192786341816','872712868471673','0')
INSERT INTO Categories (CatID,ListUnder,CategoryName,Description,Keywords,CatType,Moderator,AccessKeys,WriteKeys,SEODescription,SEOPageTitle,ManageKeys,AccessHide,WriteHide,ExcPortalSecurity,Weight,ShowList,Sharing) VALUES('524026668404190','165450741316604','Modular','','','','Moderator','|2|,|3|,|1|,|4|','|2|,|3|,|4|','','','|2|','0','0','0','2000','1','1')
INSERT INTO CategoriesModules (UniqueID,CatID,ModuleID) VALUES('209810787392452','524026668404190','20')
INSERT INTO CategoriesPortals (UniqueID,CatID,PortalID) VALUES('588816136316611','524026668404190','0')
INSERT INTO Categories (CatID,ListUnder,CategoryName,Description,Keywords,CatType,Moderator,AccessKeys,WriteKeys,SEODescription,SEOPageTitle,ManageKeys,AccessHide,WriteHide,ExcPortalSecurity,Weight,ShowList,Sharing) VALUES('787606874677256','170779964580587','Modules','','','','Moderator','|2|,|3|,|1|,|4|','|2|,|3|,|4|','','','|2|','0','0','0','2000','1','1')
INSERT INTO CategoriesModules (UniqueID,CatID,ModuleID) VALUES('199789117390827','787606874677256','20')
INSERT INTO CategoriesPortals (UniqueID,CatID,PortalID) VALUES('345606427746388','787606874677256','0')
INSERT INTO Categories (CatID,ListUnder,CategoryName,Description,Keywords,CatType,Moderator,AccessKeys,WriteKeys,SEODescription,SEOPageTitle,ManageKeys,AccessHide,WriteHide,ExcPortalSecurity,Weight,ShowList,Sharing) VALUES('192029356348583','155435063371167','Mold Removal','','','','Moderator','|2|,|3|,|1|,|4|','|2|,|3|,|4|','','','|2|','0','0','0','2000','1','1')
INSERT INTO CategoriesModules (UniqueID,CatID,ModuleID) VALUES('128438815218623','192029356348583','20')
INSERT INTO CategoriesPortals (UniqueID,CatID,PortalID) VALUES('187264057485616','192029356348583','0')
INSERT INTO Categories (CatID,ListUnder,CategoryName,Description,Keywords,CatType,Moderator,AccessKeys,WriteKeys,SEODescription,SEOPageTitle,ManageKeys,AccessHide,WriteHide,ExcPortalSecurity,Weight,ShowList,Sharing) VALUES('167975067773124','557531039724881','Money Counting Sorting Equipment','','','','Moderator','|2|,|3|,|1|,|4|','|2|,|3|,|4|','','','|2|','0','0','0','2000','1','1')
INSERT INTO CategoriesModules (UniqueID,CatID,ModuleID) VALUES('191493641557580','167975067773124','20')
INSERT INTO CategoriesPortals (UniqueID,CatID,PortalID) VALUES('205409802159852','167975067773124','0')
INSERT INTO Categories (CatID,ListUnder,CategoryName,Description,Keywords,CatType,Moderator,AccessKeys,WriteKeys,SEODescription,SEOPageTitle,ManageKeys,AccessHide,WriteHide,ExcPortalSecurity,Weight,ShowList,Sharing) VALUES('845626744321782','181537501518755','Money Managers','','','','Moderator','|2|,|3|,|1|,|4|','|2|,|3|,|4|','','','|2|','0','0','0','2000','1','1')
INSERT INTO CategoriesModules (UniqueID,CatID,ModuleID) VALUES('737893249633837','845626744321782','20')
INSERT INTO CategoriesPortals (UniqueID,CatID,PortalID) VALUES('108095496212587','845626744321782','0')
INSERT INTO Categories (CatID,ListUnder,CategoryName,Description,Keywords,CatType,Moderator,AccessKeys,WriteKeys,SEODescription,SEOPageTitle,ManageKeys,AccessHide,WriteHide,ExcPortalSecurity,Weight,ShowList,Sharing) VALUES('100718555346740','126219373520539','Monofilaments','','','','Moderator','|2|,|3|,|1|,|4|','|2|,|3|,|4|','','','|2|','0','0','0','2000','1','1')
INSERT INTO CategoriesModules (UniqueID,CatID,ModuleID) VALUES('401593621282023','100718555346740','20')
INSERT INTO CategoriesPortals (UniqueID,CatID,PortalID) VALUES('213128600219764','100718555346740','0')
INSERT INTO Categories (CatID,ListUnder,CategoryName,Description,Keywords,CatType,Moderator,AccessKeys,WriteKeys,SEODescription,SEOPageTitle,ManageKeys,AccessHide,WriteHide,ExcPortalSecurity,Weight,ShowList,Sharing) VALUES('181633615421768','293246790583114','Mortgages','','','','Moderator','|2|,|3|,|1|,|4|','|2|,|3|,|4|','','','|2|','0','0','0','2000','1','1')
INSERT INTO CategoriesModules (UniqueID,CatID,ModuleID) VALUES('161410791036844','181633615421768','20')
INSERT INTO CategoriesPortals (UniqueID,CatID,PortalID) VALUES('166793292075154','181633615421768','0')
INSERT INTO Categories (CatID,ListUnder,CategoryName,Description,Keywords,CatType,Moderator,AccessKeys,WriteKeys,SEODescription,SEOPageTitle,ManageKeys,AccessHide,WriteHide,ExcPortalSecurity,Weight,ShowList,Sharing) VALUES('546886661743917','958450126441562','Motion Control','','','','Moderator','|2|,|3|,|1|,|4|','|2|,|3|,|4|','','','|2|','0','0','0','2000','1','1')
INSERT INTO CategoriesModules (UniqueID,CatID,ModuleID) VALUES('138593926463384','546886661743917','20')
INSERT INTO CategoriesPortals (UniqueID,CatID,PortalID) VALUES('290273173165275','546886661743917','0')
INSERT INTO Categories (CatID,ListUnder,CategoryName,Description,Keywords,CatType,Moderator,AccessKeys,WriteKeys,SEODescription,SEOPageTitle,ManageKeys,AccessHide,WriteHide,ExcPortalSecurity,Weight,ShowList,Sharing) VALUES('208856613254163','183131383188741','Motivation','','','','Moderator','|2|,|3|,|1|,|4|','|2|,|3|,|4|','','','|2|','0','0','0','2000','1','1')
INSERT INTO CategoriesModules (UniqueID,CatID,ModuleID) VALUES('178162656570535','208856613254163','20')
INSERT INTO CategoriesPortals (UniqueID,CatID,PortalID) VALUES('146646876637330','208856613254163','0')
INSERT INTO Categories (CatID,ListUnder,CategoryName,Description,Keywords,CatType,Moderator,AccessKeys,WriteKeys,SEODescription,SEOPageTitle,ManageKeys,AccessHide,WriteHide,ExcPortalSecurity,Weight,ShowList,Sharing) VALUES('578690381288415','176261651658351','Motivation Rewards','','','','Moderator','|2|,|3|,|1|,|4|','|2|,|3|,|4|','','','|2|','0','0','0','2000','1','1')
INSERT INTO CategoriesModules (UniqueID,CatID,ModuleID) VALUES('195350836734482','578690381288415','20')
INSERT INTO CategoriesPortals (UniqueID,CatID,PortalID) VALUES('111061259167836','578690381288415','0')
[[GO]]
INSERT INTO Categories (CatID,ListUnder,CategoryName,Description,Keywords,CatType,Moderator,AccessKeys,WriteKeys,SEODescription,SEOPageTitle,ManageKeys,AccessHide,WriteHide,ExcPortalSecurity,Weight,ShowList,Sharing) VALUES('170158016581143','877724855173932','Motorcycles','','','','Moderator','|2|,|3|,|1|,|4|','|2|,|3|,|4|','','','|2|','0','0','0','2000','1','1')
INSERT INTO CategoriesModules (UniqueID,CatID,ModuleID) VALUES('304072564848335','170158016581143','20')
INSERT INTO CategoriesPortals (UniqueID,CatID,PortalID) VALUES('149422605093680','170158016581143','0')
INSERT INTO Categories (CatID,ListUnder,CategoryName,Description,Keywords,CatType,Moderator,AccessKeys,WriteKeys,SEODescription,SEOPageTitle,ManageKeys,AccessHide,WriteHide,ExcPortalSecurity,Weight,ShowList,Sharing) VALUES('139382343743454','183131383188741','Moving Companies','','','','Moderator','|2|,|3|,|1|,|4|','|2|,|3|,|4|','','','|2|','0','0','0','2000','1','1')
INSERT INTO CategoriesModules (UniqueID,CatID,ModuleID) VALUES('194031749461204','139382343743454','20')
INSERT INTO CategoriesPortals (UniqueID,CatID,PortalID) VALUES('748791069835042','139382343743454','0')
INSERT INTO Categories (CatID,ListUnder,CategoryName,Description,Keywords,CatType,Moderator,AccessKeys,WriteKeys,SEODescription,SEOPageTitle,ManageKeys,AccessHide,WriteHide,ExcPortalSecurity,Weight,ShowList,Sharing) VALUES('626661713511206','205739367724222','Moving Services','','','','Moderator','|2|,|3|,|1|,|4|','|2|,|3|,|4|','','','|2|','0','0','0','2000','1','1')
INSERT INTO CategoriesModules (UniqueID,CatID,ModuleID) VALUES('309716204103488','626661713511206','20')
INSERT INTO CategoriesPortals (UniqueID,CatID,PortalID) VALUES('155538510667193','626661713511206','0')
INSERT INTO Categories (CatID,ListUnder,CategoryName,Description,Keywords,CatType,Moderator,AccessKeys,WriteKeys,SEODescription,SEOPageTitle,ManageKeys,AccessHide,WriteHide,ExcPortalSecurity,Weight,ShowList,Sharing) VALUES('146053814700487','468964763450112','Multi-Discipline','','','','Moderator','|2|,|3|,|1|,|4|','|2|,|3|,|4|','','','|2|','0','0','0','2000','1','1')
INSERT INTO CategoriesModules (UniqueID,CatID,ModuleID) VALUES('379844107816467','146053814700487','20')
INSERT INTO CategoriesPortals (UniqueID,CatID,PortalID) VALUES('760856471179835','146053814700487','0')
INSERT INTO Categories (CatID,ListUnder,CategoryName,Description,Keywords,CatType,Moderator,AccessKeys,WriteKeys,SEODescription,SEOPageTitle,ManageKeys,AccessHide,WriteHide,ExcPortalSecurity,Weight,ShowList,Sharing) VALUES('152228079666468','165450741316604','Multi-Family','','','','Moderator','|2|,|3|,|1|,|4|','|2|,|3|,|4|','','','|2|','0','0','0','2000','1','1')
INSERT INTO CategoriesModules (UniqueID,CatID,ModuleID) VALUES('212111106081736','152228079666468','20')
INSERT INTO CategoriesPortals (UniqueID,CatID,PortalID) VALUES('974086066902625','152228079666468','0')
INSERT INTO Categories (CatID,ListUnder,CategoryName,Description,Keywords,CatType,Moderator,AccessKeys,WriteKeys,SEODescription,SEOPageTitle,ManageKeys,AccessHide,WriteHide,ExcPortalSecurity,Weight,ShowList,Sharing) VALUES('130640351983340','454474966627687','Multi-Media','','','','Moderator','|2|,|3|,|1|,|4|','|2|,|3|,|4|','','','|2|','0','0','0','2000','1','1')
INSERT INTO CategoriesModules (UniqueID,CatID,ModuleID) VALUES('425833903827698','130640351983340','20')
INSERT INTO CategoriesPortals (UniqueID,CatID,PortalID) VALUES('996010534406064','130640351983340','0')
INSERT INTO Categories (CatID,ListUnder,CategoryName,Description,Keywords,CatType,Moderator,AccessKeys,WriteKeys,SEODescription,SEOPageTitle,ManageKeys,AccessHide,WriteHide,ExcPortalSecurity,Weight,ShowList,Sharing) VALUES('383726668313876','208392173185557','Multi-Nationals','','','','Moderator','|2|,|3|,|1|,|4|','|2|,|3|,|4|','','','|2|','0','0','0','2000','1','1')
INSERT INTO CategoriesModules (UniqueID,CatID,ModuleID) VALUES('148090092105808','383726668313876','20')
INSERT INTO CategoriesPortals (UniqueID,CatID,PortalID) VALUES('195871968354884','383726668313876','0')
INSERT INTO Categories (CatID,ListUnder,CategoryName,Description,Keywords,CatType,Moderator,AccessKeys,WriteKeys,SEODescription,SEOPageTitle,ManageKeys,AccessHide,WriteHide,ExcPortalSecurity,Weight,ShowList,Sharing) VALUES('180174215686495','189238540572357','Mushrooms Wild Foods','','','','Moderator','|2|,|3|,|1|,|4|','|2|,|3|,|4|','','','|2|','0','0','0','2000','1','1')
INSERT INTO CategoriesModules (UniqueID,CatID,ModuleID) VALUES('125390258335135','180174215686495','20')
INSERT INTO CategoriesPortals (UniqueID,CatID,PortalID) VALUES('278550846342119','180174215686495','0')
INSERT INTO Categories (CatID,ListUnder,CategoryName,Description,Keywords,CatType,Moderator,AccessKeys,WriteKeys,SEODescription,SEOPageTitle,ManageKeys,AccessHide,WriteHide,ExcPortalSecurity,Weight,ShowList,Sharing) VALUES('205742372458738','152296721796111','Music','','','','Moderator','|2|,|3|,|1|,|4|','|2|,|3|,|4|','','','|2|','0','0','0','2000','1','1')
INSERT INTO CategoriesModules (UniqueID,CatID,ModuleID) VALUES('189832975358329','205742372458738','20')
INSERT INTO CategoriesPortals (UniqueID,CatID,PortalID) VALUES('115389038023568','205742372458738','0')
INSERT INTO Categories (CatID,ListUnder,CategoryName,Description,Keywords,CatType,Moderator,AccessKeys,WriteKeys,SEODescription,SEOPageTitle,ManageKeys,AccessHide,WriteHide,ExcPortalSecurity,Weight,ShowList,Sharing) VALUES('136039707061177','158188270226404','Music','','','','Moderator','|2|,|3|,|1|,|4|','|2|,|3|,|4|','','','|2|','0','0','0','2000','1','1')
INSERT INTO CategoriesModules (UniqueID,CatID,ModuleID) VALUES('390147206635581','136039707061177','20')
INSERT INTO CategoriesPortals (UniqueID,CatID,PortalID) VALUES('147121026681671','136039707061177','0')
INSERT INTO Categories (CatID,ListUnder,CategoryName,Description,Keywords,CatType,Moderator,AccessKeys,WriteKeys,SEODescription,SEOPageTitle,ManageKeys,AccessHide,WriteHide,ExcPortalSecurity,Weight,ShowList,Sharing) VALUES('101646504708605','181537501518755','Mutual Funds','','','','Moderator','|2|,|3|,|1|,|4|','|2|,|3|,|4|','','','|2|','0','0','0','2000','1','1')
INSERT INTO CategoriesModules (UniqueID,CatID,ModuleID) VALUES('185698558668511','101646504708605','20')
INSERT INTO CategoriesPortals (UniqueID,CatID,PortalID) VALUES('173344691120640','101646504708605','0')
INSERT INTO Categories (CatID,ListUnder,CategoryName,Description,Keywords,CatType,Moderator,AccessKeys,WriteKeys,SEODescription,SEOPageTitle,ManageKeys,AccessHide,WriteHide,ExcPortalSecurity,Weight,ShowList,Sharing) VALUES('595333419218136','158828387513175','Mystery Shopping','','','','Moderator','|2|,|3|,|1|,|4|','|2|,|3|,|4|','','','|2|','0','0','0','2000','1','1')
INSERT INTO CategoriesModules (UniqueID,CatID,ModuleID) VALUES('204525726923233','595333419218136','20')
INSERT INTO CategoriesPortals (UniqueID,CatID,PortalID) VALUES('105738719292871','595333419218136','0')
INSERT INTO Categories (CatID,ListUnder,CategoryName,Description,Keywords,CatType,Moderator,AccessKeys,WriteKeys,SEODescription,SEOPageTitle,ManageKeys,AccessHide,WriteHide,ExcPortalSecurity,Weight,ShowList,Sharing) VALUES('463439546515122','369223682782626','Nail Care','','','','Moderator','|2|,|3|,|1|,|4|','|2|,|3|,|4|','','','|2|','0','0','0','2000','1','1')
INSERT INTO CategoriesModules (UniqueID,CatID,ModuleID) VALUES('386592706288816','463439546515122','20')
INSERT INTO CategoriesPortals (UniqueID,CatID,PortalID) VALUES('174164742352883','463439546515122','0')
INSERT INTO Categories (CatID,ListUnder,CategoryName,Description,Keywords,CatType,Moderator,AccessKeys,WriteKeys,SEODescription,SEOPageTitle,ManageKeys,AccessHide,WriteHide,ExcPortalSecurity,Weight,ShowList,Sharing) VALUES('141715318563428','187495860612871','Nails Screws Fasteners','','','','Moderator','|2|,|3|,|1|,|4|','|2|,|3|,|4|','','','|2|','0','0','0','2000','1','1')
INSERT INTO CategoriesModules (UniqueID,CatID,ModuleID) VALUES('612444632673776','141715318563428','20')
INSERT INTO CategoriesPortals (UniqueID,CatID,PortalID) VALUES('399536113808217','141715318563428','0')
INSERT INTO Categories (CatID,ListUnder,CategoryName,Description,Keywords,CatType,Moderator,AccessKeys,WriteKeys,SEODescription,SEOPageTitle,ManageKeys,AccessHide,WriteHide,ExcPortalSecurity,Weight,ShowList,Sharing) VALUES('552858940442554','163280379216768','Naming','','','','Moderator','|2|,|3|,|1|,|4|','|2|,|3|,|4|','','','|2|','0','0','0','2000','1','1')
INSERT INTO CategoriesModules (UniqueID,CatID,ModuleID) VALUES('868766681506317','552858940442554','20')
INSERT INTO CategoriesPortals (UniqueID,CatID,PortalID) VALUES('161675223200735','552858940442554','0')
INSERT INTO Categories (CatID,ListUnder,CategoryName,Description,Keywords,CatType,Moderator,AccessKeys,WriteKeys,SEODescription,SEOPageTitle,ManageKeys,AccessHide,WriteHide,ExcPortalSecurity,Weight,ShowList,Sharing) VALUES('104467577697670','522844526019066','Nanomaterials','','','','Moderator','|2|,|3|,|1|,|4|','|2|,|3|,|4|','','','|2|','0','0','0','2000','1','1')
INSERT INTO CategoriesModules (UniqueID,CatID,ModuleID) VALUES('740725811544760','104467577697670','20')
INSERT INTO CategoriesPortals (UniqueID,CatID,PortalID) VALUES('112539068511723','104467577697670','0')
INSERT INTO Categories (CatID,ListUnder,CategoryName,Description,Keywords,CatType,Moderator,AccessKeys,WriteKeys,SEODescription,SEOPageTitle,ManageKeys,AccessHide,WriteHide,ExcPortalSecurity,Weight,ShowList,Sharing) VALUES('450397597494474','261020053631345','National Electrical Contractors Association','','','','Moderator','|2|,|3|,|1|,|4|','|2|,|3|,|4|','','','|2|','0','0','0','2000','1','1')
INSERT INTO CategoriesModules (UniqueID,CatID,ModuleID) VALUES('113080045564041','450397597494474','20')
INSERT INTO CategoriesPortals (UniqueID,CatID,PortalID) VALUES('198086034665323','450397597494474','0')
INSERT INTO Categories (CatID,ListUnder,CategoryName,Description,Keywords,CatType,Moderator,AccessKeys,WriteKeys,SEODescription,SEOPageTitle,ManageKeys,AccessHide,WriteHide,ExcPortalSecurity,Weight,ShowList,Sharing) VALUES('104202252828152','678131355466795','Natural','','','','Moderator','|2|,|3|,|1|,|4|','|2|,|3|,|4|','','','|2|','0','0','0','2000','1','1')
INSERT INTO CategoriesModules (UniqueID,CatID,ModuleID) VALUES('191993318925830','104202252828152','20')
INSERT INTO CategoriesPortals (UniqueID,CatID,PortalID) VALUES('991961062735482','104202252828152','0')
INSERT INTO Categories (CatID,ListUnder,CategoryName,Description,Keywords,CatType,Moderator,AccessKeys,WriteKeys,SEODescription,SEOPageTitle,ManageKeys,AccessHide,WriteHide,ExcPortalSecurity,Weight,ShowList,Sharing) VALUES('277433430856913','126219373520539','Natural Blends','','','','Moderator','|2|,|3|,|1|,|4|','|2|,|3|,|4|','','','|2|','0','0','0','2000','1','1')
INSERT INTO CategoriesModules (UniqueID,CatID,ModuleID) VALUES('106435057297611','277433430856913','20')
INSERT INTO CategoriesPortals (UniqueID,CatID,PortalID) VALUES('225921343813887','277433430856913','0')
INSERT INTO Categories (CatID,ListUnder,CategoryName,Description,Keywords,CatType,Moderator,AccessKeys,WriteKeys,SEODescription,SEOPageTitle,ManageKeys,AccessHide,WriteHide,ExcPortalSecurity,Weight,ShowList,Sharing) VALUES('211755432736155','112619746118561','Needlepunch Pressed Felts','','','','Moderator','|2|,|3|,|1|,|4|','|2|,|3|,|4|','','','|2|','0','0','0','2000','1','1')
INSERT INTO CategoriesModules (UniqueID,CatID,ModuleID) VALUES('128393092026609','211755432736155','20')
INSERT INTO CategoriesPortals (UniqueID,CatID,PortalID) VALUES('540727316668181','211755432736155','0')
INSERT INTO Categories (CatID,ListUnder,CategoryName,Description,Keywords,CatType,Moderator,AccessKeys,WriteKeys,SEODescription,SEOPageTitle,ManageKeys,AccessHide,WriteHide,ExcPortalSecurity,Weight,ShowList,Sharing) VALUES('160012651080114','696248301012678','Network Infrastructure','','','','Moderator','|2|,|3|,|1|,|4|','|2|,|3|,|4|','','','|2|','0','0','0','2000','1','1')
INSERT INTO CategoriesModules (UniqueID,CatID,ModuleID) VALUES('366653426615226','160012651080114','20')
INSERT INTO CategoriesPortals (UniqueID,CatID,PortalID) VALUES('155934257245233','160012651080114','0')
INSERT INTO Categories (CatID,ListUnder,CategoryName,Description,Keywords,CatType,Moderator,AccessKeys,WriteKeys,SEODescription,SEOPageTitle,ManageKeys,AccessHide,WriteHide,ExcPortalSecurity,Weight,ShowList,Sharing) VALUES('554361699593442','133392973387749','Networks','','','','Moderator','|2|,|3|,|1|,|4|','|2|,|3|,|4|','','','|2|','0','0','0','2000','1','1')
INSERT INTO CategoriesModules (UniqueID,CatID,ModuleID) VALUES('988467156566588','554361699593442','20')
INSERT INTO CategoriesPortals (UniqueID,CatID,PortalID) VALUES('175702989666658','554361699593442','0')
INSERT INTO Categories (CatID,ListUnder,CategoryName,Description,Keywords,CatType,Moderator,AccessKeys,WriteKeys,SEODescription,SEOPageTitle,ManageKeys,AccessHide,WriteHide,ExcPortalSecurity,Weight,ShowList,Sharing) VALUES('131654335734620','758042103067618','News Corporation','','','','Moderator','|2|,|3|,|1|,|4|','|2|,|3|,|4|','','','|2|','0','0','0','2000','1','1')
INSERT INTO CategoriesModules (UniqueID,CatID,ModuleID) VALUES('206210364314578','131654335734620','20')
INSERT INTO CategoriesPortals (UniqueID,CatID,PortalID) VALUES('203606734857123','131654335734620','0')
INSERT INTO Categories (CatID,ListUnder,CategoryName,Description,Keywords,CatType,Moderator,AccessKeys,WriteKeys,SEODescription,SEOPageTitle,ManageKeys,AccessHide,WriteHide,ExcPortalSecurity,Weight,ShowList,Sharing) VALUES('139780791597367','180637350615341','News Media','','','','Moderator','|2|,|3|,|1|,|4|','|2|,|3|,|4|','','','|2|','0','0','0','2000','1','1')
INSERT INTO CategoriesModules (UniqueID,CatID,ModuleID) VALUES('980241284082657','139780791597367','20')
INSERT INTO CategoriesPortals (UniqueID,CatID,PortalID) VALUES('180804831317013','139780791597367','0')
INSERT INTO Categories (CatID,ListUnder,CategoryName,Description,Keywords,CatType,Moderator,AccessKeys,WriteKeys,SEODescription,SEOPageTitle,ManageKeys,AccessHide,WriteHide,ExcPortalSecurity,Weight,ShowList,Sharing) VALUES('135233043469862','185728045685285','News Media','','','','Moderator','|2|,|3|,|1|,|4|','|2|,|3|,|4|','','','|2|','0','0','0','2000','1','1')
INSERT INTO CategoriesModules (UniqueID,CatID,ModuleID) VALUES('212656125558884','135233043469862','20')
INSERT INTO CategoriesPortals (UniqueID,CatID,PortalID) VALUES('179266704265357','135233043469862','0')
INSERT INTO Categories (CatID,ListUnder,CategoryName,Description,Keywords,CatType,Moderator,AccessKeys,WriteKeys,SEODescription,SEOPageTitle,ManageKeys,AccessHide,WriteHide,ExcPortalSecurity,Weight,ShowList,Sharing) VALUES('152482526590221','412429472676434','News Media','','','','Moderator','|2|,|3|,|1|,|4|','|2|,|3|,|4|','','','|2|','0','0','0','2000','1','1')
INSERT INTO CategoriesModules (UniqueID,CatID,ModuleID) VALUES('157257564162752','152482526590221','20')
INSERT INTO CategoriesPortals (UniqueID,CatID,PortalID) VALUES('171721773926340','152482526590221','0')
INSERT INTO Categories (CatID,ListUnder,CategoryName,Description,Keywords,CatType,Moderator,AccessKeys,WriteKeys,SEODescription,SEOPageTitle,ManageKeys,AccessHide,WriteHide,ExcPortalSecurity,Weight,ShowList,Sharing) VALUES('154894637438020','141294954067458','News Media','','','','Moderator','|2|,|3|,|1|,|4|','|2|,|3|,|4|','','','|2|','0','0','0','2000','1','1')
INSERT INTO CategoriesModules (UniqueID,CatID,ModuleID) VALUES('307164194773867','154894637438020','20')
INSERT INTO CategoriesPortals (UniqueID,CatID,PortalID) VALUES('159678824475214','154894637438020','0')
INSERT INTO Categories (CatID,ListUnder,CategoryName,Description,Keywords,CatType,Moderator,AccessKeys,WriteKeys,SEODescription,SEOPageTitle,ManageKeys,AccessHide,WriteHide,ExcPortalSecurity,Weight,ShowList,Sharing) VALUES('146797405617166','112191732677701','News Media','','','','Moderator','|2|,|3|,|1|,|4|','|2|,|3|,|4|','','','|2|','0','0','0','2000','1','1')
INSERT INTO CategoriesModules (UniqueID,CatID,ModuleID) VALUES('172212286447580','146797405617166','20')
INSERT INTO CategoriesPortals (UniqueID,CatID,PortalID) VALUES('106796349323359','146797405617166','0')
INSERT INTO Categories (CatID,ListUnder,CategoryName,Description,Keywords,CatType,Moderator,AccessKeys,WriteKeys,SEODescription,SEOPageTitle,ManageKeys,AccessHide,WriteHide,ExcPortalSecurity,Weight,ShowList,Sharing) VALUES('146473000555111','471824969823582','News Media','','','','Moderator','|2|,|3|,|1|,|4|','|2|,|3|,|4|','','','|2|','0','0','0','2000','1','1')
INSERT INTO CategoriesModules (UniqueID,CatID,ModuleID) VALUES('129086997881719','146473000555111','20')
INSERT INTO CategoriesPortals (UniqueID,CatID,PortalID) VALUES('163495456472515','146473000555111','0')
INSERT INTO Categories (CatID,ListUnder,CategoryName,Description,Keywords,CatType,Moderator,AccessKeys,WriteKeys,SEODescription,SEOPageTitle,ManageKeys,AccessHide,WriteHide,ExcPortalSecurity,Weight,ShowList,Sharing) VALUES('147859924638326','161898503042338','News Media','','','','Moderator','|2|,|3|,|1|,|4|','|2|,|3|,|4|','','','|2|','0','0','0','2000','1','1')
INSERT INTO CategoriesModules (UniqueID,CatID,ModuleID) VALUES('177057053684391','147859924638326','20')
INSERT INTO CategoriesPortals (UniqueID,CatID,PortalID) VALUES('120154125056357','147859924638326','0')
INSERT INTO Categories (CatID,ListUnder,CategoryName,Description,Keywords,CatType,Moderator,AccessKeys,WriteKeys,SEODescription,SEOPageTitle,ManageKeys,AccessHide,WriteHide,ExcPortalSecurity,Weight,ShowList,Sharing) VALUES('104801539925646','293246790583114','News Media','','','','Moderator','|2|,|3|,|1|,|4|','|2|,|3|,|4|','','','|2|','0','0','0','2000','1','1')
INSERT INTO CategoriesModules (UniqueID,CatID,ModuleID) VALUES('150255130855718','104801539925646','20')
INSERT INTO CategoriesPortals (UniqueID,CatID,PortalID) VALUES('719855777378674','104801539925646','0')
INSERT INTO Categories (CatID,ListUnder,CategoryName,Description,Keywords,CatType,Moderator,AccessKeys,WriteKeys,SEODescription,SEOPageTitle,ManageKeys,AccessHide,WriteHide,ExcPortalSecurity,Weight,ShowList,Sharing) VALUES('113240532810241','205739367724222','News Media','','','','Moderator','|2|,|3|,|1|,|4|','|2|,|3|,|4|','','','|2|','0','0','0','2000','1','1')
INSERT INTO CategoriesModules (UniqueID,CatID,ModuleID) VALUES('313206830086454','113240532810241','20')
INSERT INTO CategoriesPortals (UniqueID,CatID,PortalID) VALUES('190229642548064','113240532810241','0')
INSERT INTO Categories (CatID,ListUnder,CategoryName,Description,Keywords,CatType,Moderator,AccessKeys,WriteKeys,SEODescription,SEOPageTitle,ManageKeys,AccessHide,WriteHide,ExcPortalSecurity,Weight,ShowList,Sharing) VALUES('159846290665474','926958022387637','News Media','','','','Moderator','|2|,|3|,|1|,|4|','|2|,|3|,|4|','','','|2|','0','0','0','2000','1','1')
INSERT INTO CategoriesModules (UniqueID,CatID,ModuleID) VALUES('208521472007928','159846290665474','20')
INSERT INTO CategoriesPortals (UniqueID,CatID,PortalID) VALUES('729360510167711','159846290665474','0')
INSERT INTO Categories (CatID,ListUnder,CategoryName,Description,Keywords,CatType,Moderator,AccessKeys,WriteKeys,SEODescription,SEOPageTitle,ManageKeys,AccessHide,WriteHide,ExcPortalSecurity,Weight,ShowList,Sharing) VALUES('163488823828610','280965458060437','News Media','','','','Moderator','|2|,|3|,|1|,|4|','|2|,|3|,|4|','','','|2|','0','0','0','2000','1','1')
INSERT INTO CategoriesModules (UniqueID,CatID,ModuleID) VALUES('892760760182707','163488823828610','20')
INSERT INTO CategoriesPortals (UniqueID,CatID,PortalID) VALUES('204769791038956','163488823828610','0')
INSERT INTO Categories (CatID,ListUnder,CategoryName,Description,Keywords,CatType,Moderator,AccessKeys,WriteKeys,SEODescription,SEOPageTitle,ManageKeys,AccessHide,WriteHide,ExcPortalSecurity,Weight,ShowList,Sharing) VALUES('162705865356939','152656969788212','News Media','','','','Moderator','|2|,|3|,|1|,|4|','|2|,|3|,|4|','','','|2|','0','0','0','2000','1','1')
INSERT INTO CategoriesModules (UniqueID,CatID,ModuleID) VALUES('144199309386577','162705865356939','20')
INSERT INTO CategoriesPortals (UniqueID,CatID,PortalID) VALUES('274896227147579','162705865356939','0')
INSERT INTO Categories (CatID,ListUnder,CategoryName,Description,Keywords,CatType,Moderator,AccessKeys,WriteKeys,SEODescription,SEOPageTitle,ManageKeys,AccessHide,WriteHide,ExcPortalSecurity,Weight,ShowList,Sharing) VALUES('171945774077898','169231777657067','News Media','','','','Moderator','|2|,|3|,|1|,|4|','|2|,|3|,|4|','','','|2|','0','0','0','2000','1','1')
INSERT INTO CategoriesModules (UniqueID,CatID,ModuleID) VALUES('137490597931731','171945774077898','20')
INSERT INTO CategoriesPortals (UniqueID,CatID,PortalID) VALUES('129848565062232','171945774077898','0')
INSERT INTO Categories (CatID,ListUnder,CategoryName,Description,Keywords,CatType,Moderator,AccessKeys,WriteKeys,SEODescription,SEOPageTitle,ManageKeys,AccessHide,WriteHide,ExcPortalSecurity,Weight,ShowList,Sharing) VALUES('205051643803208','131617887013514','News Media','','','','Moderator','|2|,|3|,|1|,|4|','|2|,|3|,|4|','','','|2|','0','0','0','2000','1','1')
INSERT INTO CategoriesModules (UniqueID,CatID,ModuleID) VALUES('857407376290793','205051643803208','20')
INSERT INTO CategoriesPortals (UniqueID,CatID,PortalID) VALUES('170339413625520','205051643803208','0')
INSERT INTO Categories (CatID,ListUnder,CategoryName,Description,Keywords,CatType,Moderator,AccessKeys,WriteKeys,SEODescription,SEOPageTitle,ManageKeys,AccessHide,WriteHide,ExcPortalSecurity,Weight,ShowList,Sharing) VALUES('186117298227345','0','News Media','','','','Moderator','|2|,|3|,|1|,|4|','|2|,|3|,|4|','','','|2|','0','0','0','2000','1','1')
INSERT INTO CategoriesModules (UniqueID,CatID,ModuleID) VALUES('122391405074708','186117298227345','20')
INSERT INTO CategoriesPortals (UniqueID,CatID,PortalID) VALUES('577643913318168','186117298227345','0')
INSERT INTO Categories (CatID,ListUnder,CategoryName,Description,Keywords,CatType,Moderator,AccessKeys,WriteKeys,SEODescription,SEOPageTitle,ManageKeys,AccessHide,WriteHide,ExcPortalSecurity,Weight,ShowList,Sharing) VALUES('576938904380158','213563058167417','News Media','','','','Moderator','|2|,|3|,|1|,|4|','|2|,|3|,|4|','','','|2|','0','0','0','2000','1','1')
INSERT INTO CategoriesModules (UniqueID,CatID,ModuleID) VALUES('137098446768817','576938904380158','20')
INSERT INTO CategoriesPortals (UniqueID,CatID,PortalID) VALUES('656532335623622','576938904380158','0')
INSERT INTO Categories (CatID,ListUnder,CategoryName,Description,Keywords,CatType,Moderator,AccessKeys,WriteKeys,SEODescription,SEOPageTitle,ManageKeys,AccessHide,WriteHide,ExcPortalSecurity,Weight,ShowList,Sharing) VALUES('574831511696323','458171633668170','News Media','','','','Moderator','|2|,|3|,|1|,|4|','|2|,|3|,|4|','','','|2|','0','0','0','2000','1','1')
INSERT INTO CategoriesModules (UniqueID,CatID,ModuleID) VALUES('116817442086853','574831511696323','20')
INSERT INTO CategoriesPortals (UniqueID,CatID,PortalID) VALUES('184530354765143','574831511696323','0')
INSERT INTO Categories (CatID,ListUnder,CategoryName,Description,Keywords,CatType,Moderator,AccessKeys,WriteKeys,SEODescription,SEOPageTitle,ManageKeys,AccessHide,WriteHide,ExcPortalSecurity,Weight,ShowList,Sharing) VALUES('623973390253158','121738407646224','News Media','','','','Moderator','|2|,|3|,|1|,|4|','|2|,|3|,|4|','','','|2|','0','0','0','2000','1','1')
INSERT INTO CategoriesModules (UniqueID,CatID,ModuleID) VALUES('109098050208164','623973390253158','20')
INSERT INTO CategoriesPortals (UniqueID,CatID,PortalID) VALUES('190160899036345','623973390253158','0')
INSERT INTO Categories (CatID,ListUnder,CategoryName,Description,Keywords,CatType,Moderator,AccessKeys,WriteKeys,SEODescription,SEOPageTitle,ManageKeys,AccessHide,WriteHide,ExcPortalSecurity,Weight,ShowList,Sharing) VALUES('672362262487618','197531586023575','News Media','','','','Moderator','|2|,|3|,|1|,|4|','|2|,|3|,|4|','','','|2|','0','0','0','2000','1','1')
INSERT INTO CategoriesModules (UniqueID,CatID,ModuleID) VALUES('134055071332466','672362262487618','20')
INSERT INTO CategoriesPortals (UniqueID,CatID,PortalID) VALUES('249265615415834','672362262487618','0')
INSERT INTO Categories (CatID,ListUnder,CategoryName,Description,Keywords,CatType,Moderator,AccessKeys,WriteKeys,SEODescription,SEOPageTitle,ManageKeys,AccessHide,WriteHide,ExcPortalSecurity,Weight,ShowList,Sharing) VALUES('451379722582273','120268798198852','News Media','','','','Moderator','|2|,|3|,|1|,|4|','|2|,|3|,|4|','','','|2|','0','0','0','2000','1','1')
INSERT INTO CategoriesModules (UniqueID,CatID,ModuleID) VALUES('120903658641077','451379722582273','20')
INSERT INTO CategoriesPortals (UniqueID,CatID,PortalID) VALUES('209248563492331','451379722582273','0')
INSERT INTO Categories (CatID,ListUnder,CategoryName,Description,Keywords,CatType,Moderator,AccessKeys,WriteKeys,SEODescription,SEOPageTitle,ManageKeys,AccessHide,WriteHide,ExcPortalSecurity,Weight,ShowList,Sharing) VALUES('448930749631794','186370497978018','News Media','','','','Moderator','|2|,|3|,|1|,|4|','|2|,|3|,|4|','','','|2|','0','0','0','2000','1','1')
INSERT INTO CategoriesModules (UniqueID,CatID,ModuleID) VALUES('101977870692257','448930749631794','20')
INSERT INTO CategoriesPortals (UniqueID,CatID,PortalID) VALUES('212464018283591','448930749631794','0')
INSERT INTO Categories (CatID,ListUnder,CategoryName,Description,Keywords,CatType,Moderator,AccessKeys,WriteKeys,SEODescription,SEOPageTitle,ManageKeys,AccessHide,WriteHide,ExcPortalSecurity,Weight,ShowList,Sharing) VALUES('430374663487117','144315891422463','News Media','','','','Moderator','|2|,|3|,|1|,|4|','|2|,|3|,|4|','','','|2|','0','0','0','2000','1','1')
INSERT INTO CategoriesModules (UniqueID,CatID,ModuleID) VALUES('206550927413749','430374663487117','20')
INSERT INTO CategoriesPortals (UniqueID,CatID,PortalID) VALUES('187329002125826','430374663487117','0')
INSERT INTO Categories (CatID,ListUnder,CategoryName,Description,Keywords,CatType,Moderator,AccessKeys,WriteKeys,SEODescription,SEOPageTitle,ManageKeys,AccessHide,WriteHide,ExcPortalSecurity,Weight,ShowList,Sharing) VALUES('493399147451967','137369301724224','News Media','','','','Moderator','|2|,|3|,|1|,|4|','|2|,|3|,|4|','','','|2|','0','0','0','2000','1','1')
INSERT INTO CategoriesModules (UniqueID,CatID,ModuleID) VALUES('181621162224081','493399147451967','20')
INSERT INTO CategoriesPortals (UniqueID,CatID,PortalID) VALUES('175696623273217','493399147451967','0')
INSERT INTO Categories (CatID,ListUnder,CategoryName,Description,Keywords,CatType,Moderator,AccessKeys,WriteKeys,SEODescription,SEOPageTitle,ManageKeys,AccessHide,WriteHide,ExcPortalSecurity,Weight,ShowList,Sharing) VALUES('490822938286381','216037974577765','News Media','','','','Moderator','|2|,|3|,|1|,|4|','|2|,|3|,|4|','','','|2|','0','0','0','2000','1','1')
INSERT INTO CategoriesModules (UniqueID,CatID,ModuleID) VALUES('323562599168768','490822938286381','20')
INSERT INTO CategoriesPortals (UniqueID,CatID,PortalID) VALUES('211011237044152','490822938286381','0')
INSERT INTO Categories (CatID,ListUnder,CategoryName,Description,Keywords,CatType,Moderator,AccessKeys,WriteKeys,SEODescription,SEOPageTitle,ManageKeys,AccessHide,WriteHide,ExcPortalSecurity,Weight,ShowList,Sharing) VALUES('210528034391585','138401084934556','News Media','','','','Moderator','|2|,|3|,|1|,|4|','|2|,|3|,|4|','','','|2|','0','0','0','2000','1','1')
INSERT INTO CategoriesModules (UniqueID,CatID,ModuleID) VALUES('474611561242302','210528034391585','20')
INSERT INTO CategoriesPortals (UniqueID,CatID,PortalID) VALUES('140073884678755','210528034391585','0')
INSERT INTO Categories (CatID,ListUnder,CategoryName,Description,Keywords,CatType,Moderator,AccessKeys,WriteKeys,SEODescription,SEOPageTitle,ManageKeys,AccessHide,WriteHide,ExcPortalSecurity,Weight,ShowList,Sharing) VALUES('219026102444330','178809874261928','News Media','','','','Moderator','|2|,|3|,|1|,|4|','|2|,|3|,|4|','','','|2|','0','0','0','2000','1','1')
INSERT INTO CategoriesModules (UniqueID,CatID,ModuleID) VALUES('173860292512662','219026102444330','20')
INSERT INTO CategoriesPortals (UniqueID,CatID,PortalID) VALUES('177853550270551','219026102444330','0')
INSERT INTO Categories (CatID,ListUnder,CategoryName,Description,Keywords,CatType,Moderator,AccessKeys,WriteKeys,SEODescription,SEOPageTitle,ManageKeys,AccessHide,WriteHide,ExcPortalSecurity,Weight,ShowList,Sharing) VALUES('284847492150861','158828387513175','News Media','','','','Moderator','|2|,|3|,|1|,|4|','|2|,|3|,|4|','','','|2|','0','0','0','2000','1','1')
INSERT INTO CategoriesModules (UniqueID,CatID,ModuleID) VALUES('170404761204270','284847492150861','20')
INSERT INTO CategoriesPortals (UniqueID,CatID,PortalID) VALUES('124203105212745','284847492150861','0')
INSERT INTO Categories (CatID,ListUnder,CategoryName,Description,Keywords,CatType,Moderator,AccessKeys,WriteKeys,SEODescription,SEOPageTitle,ManageKeys,AccessHide,WriteHide,ExcPortalSecurity,Weight,ShowList,Sharing) VALUES('299728140475037','209036145783248','News Media','','','','Moderator','|2|,|3|,|1|,|4|','|2|,|3|,|4|','','','|2|','0','0','0','2000','1','1')
INSERT INTO CategoriesModules (UniqueID,CatID,ModuleID) VALUES('206420420782287','299728140475037','20')
INSERT INTO CategoriesPortals (UniqueID,CatID,PortalID) VALUES('111571322701815','299728140475037','0')
INSERT INTO Categories (CatID,ListUnder,CategoryName,Description,Keywords,CatType,Moderator,AccessKeys,WriteKeys,SEODescription,SEOPageTitle,ManageKeys,AccessHide,WriteHide,ExcPortalSecurity,Weight,ShowList,Sharing) VALUES('381132762371226','207459448845489','News Media','','','','Moderator','|2|,|3|,|1|,|4|','|2|,|3|,|4|','','','|2|','0','0','0','2000','1','1')
INSERT INTO CategoriesModules (UniqueID,CatID,ModuleID) VALUES('199139407271799','381132762371226','20')
INSERT INTO CategoriesPortals (UniqueID,CatID,PortalID) VALUES('141355052960089','381132762371226','0')
INSERT INTO Categories (CatID,ListUnder,CategoryName,Description,Keywords,CatType,Moderator,AccessKeys,WriteKeys,SEODescription,SEOPageTitle,ManageKeys,AccessHide,WriteHide,ExcPortalSecurity,Weight,ShowList,Sharing) VALUES('782253324277052','813095387847726','News Media','','','','Moderator','|2|,|3|,|1|,|4|','|2|,|3|,|4|','','','|2|','0','0','0','2000','1','1')
INSERT INTO CategoriesModules (UniqueID,CatID,ModuleID) VALUES('199900664571231','782253324277052','20')
INSERT INTO CategoriesPortals (UniqueID,CatID,PortalID) VALUES('293878425195115','782253324277052','0')
INSERT INTO Categories (CatID,ListUnder,CategoryName,Description,Keywords,CatType,Moderator,AccessKeys,WriteKeys,SEODescription,SEOPageTitle,ManageKeys,AccessHide,WriteHide,ExcPortalSecurity,Weight,ShowList,Sharing) VALUES('774165335137290','203370697495731','News Media','','','','Moderator','|2|,|3|,|1|,|4|','|2|,|3|,|4|','','','|2|','0','0','0','2000','1','1')
INSERT INTO CategoriesModules (UniqueID,CatID,ModuleID) VALUES('390310883881418','774165335137290','20')
INSERT INTO CategoriesPortals (UniqueID,CatID,PortalID) VALUES('187233629826203','774165335137290','0')
INSERT INTO Categories (CatID,ListUnder,CategoryName,Description,Keywords,CatType,Moderator,AccessKeys,WriteKeys,SEODescription,SEOPageTitle,ManageKeys,AccessHide,WriteHide,ExcPortalSecurity,Weight,ShowList,Sharing) VALUES('768179229974714','845494891751785','News Media','','','','Moderator','|2|,|3|,|1|,|4|','|2|,|3|,|4|','','','|2|','0','0','0','2000','1','1')
INSERT INTO CategoriesModules (UniqueID,CatID,ModuleID) VALUES('862291724682502','768179229974714','20')
INSERT INTO CategoriesPortals (UniqueID,CatID,PortalID) VALUES('106113445562924','768179229974714','0')
INSERT INTO Categories (CatID,ListUnder,CategoryName,Description,Keywords,CatType,Moderator,AccessKeys,WriteKeys,SEODescription,SEOPageTitle,ManageKeys,AccessHide,WriteHide,ExcPortalSecurity,Weight,ShowList,Sharing) VALUES('963209759377891','102651687824638','News Media','','','','Moderator','|2|,|3|,|1|,|4|','|2|,|3|,|4|','','','|2|','0','0','0','2000','1','1')
INSERT INTO CategoriesModules (UniqueID,CatID,ModuleID) VALUES('172551454017333','963209759377891','20')
INSERT INTO CategoriesPortals (UniqueID,CatID,PortalID) VALUES('206753584258189','963209759377891','0')
INSERT INTO Categories (CatID,ListUnder,CategoryName,Description,Keywords,CatType,Moderator,AccessKeys,WriteKeys,SEODescription,SEOPageTitle,ManageKeys,AccessHide,WriteHide,ExcPortalSecurity,Weight,ShowList,Sharing) VALUES('170539474524830','159846290665474','Newsletters','','','','Moderator','|2|,|3|,|1|,|4|','|2|,|3|,|4|','','','|2|','0','0','0','2000','1','1')
INSERT INTO CategoriesModules (UniqueID,CatID,ModuleID) VALUES('861591347696782','170539474524830','20')
INSERT INTO CategoriesPortals (UniqueID,CatID,PortalID) VALUES('132889059996701','170539474524830','0')
INSERT INTO Categories (CatID,ListUnder,CategoryName,Description,Keywords,CatType,Moderator,AccessKeys,WriteKeys,SEODescription,SEOPageTitle,ManageKeys,AccessHide,WriteHide,ExcPortalSecurity,Weight,ShowList,Sharing) VALUES('115263164851795','186117298227345','Newspapers','','','','Moderator','|2|,|3|,|1|,|4|','|2|,|3|,|4|','','','|2|','0','0','0','2000','1','1')
INSERT INTO CategoriesModules (UniqueID,CatID,ModuleID) VALUES('850478452273605','115263164851795','20')
INSERT INTO CategoriesPortals (UniqueID,CatID,PortalID) VALUES('172649389286136','115263164851795','0')
INSERT INTO Categories (CatID,ListUnder,CategoryName,Description,Keywords,CatType,Moderator,AccessKeys,WriteKeys,SEODescription,SEOPageTitle,ManageKeys,AccessHide,WriteHide,ExcPortalSecurity,Weight,ShowList,Sharing) VALUES('140209313725104','183210105936633','Noise Vibration Control','','','','Moderator','|2|,|3|,|1|,|4|','|2|,|3|,|4|','','','|2|','0','0','0','2000','1','1')
INSERT INTO CategoriesModules (UniqueID,CatID,ModuleID) VALUES('212246057536276','140209313725104','20')
INSERT INTO CategoriesPortals (UniqueID,CatID,PortalID) VALUES('101193233462488','140209313725104','0')
INSERT INTO Categories (CatID,ListUnder,CategoryName,Description,Keywords,CatType,Moderator,AccessKeys,WriteKeys,SEODescription,SEOPageTitle,ManageKeys,AccessHide,WriteHide,ExcPortalSecurity,Weight,ShowList,Sharing) VALUES('179593785131278','205739367724222','Non-Vessel Operating Common Carrier - NVOCC','','','','Moderator','|2|,|3|,|1|,|4|','|2|,|3|,|4|','','','|2|','0','0','0','2000','1','1')
INSERT INTO CategoriesModules (UniqueID,CatID,ModuleID) VALUES('162754331264541','179593785131278','20')
INSERT INTO CategoriesPortals (UniqueID,CatID,PortalID) VALUES('271898219016402','179593785131278','0')
INSERT INTO Categories (CatID,ListUnder,CategoryName,Description,Keywords,CatType,Moderator,AccessKeys,WriteKeys,SEODescription,SEOPageTitle,ManageKeys,AccessHide,WriteHide,ExcPortalSecurity,Weight,ShowList,Sharing) VALUES('112619746118561','114176321849964','Nonwovens','','','','Moderator','|2|,|3|,|1|,|4|','|2|,|3|,|4|','','','|2|','0','0','0','2000','1','1')
INSERT INTO CategoriesModules (UniqueID,CatID,ModuleID) VALUES('594576876115477','112619746118561','20')
INSERT INTO CategoriesPortals (UniqueID,CatID,PortalID) VALUES('189769896856279','112619746118561','0')
INSERT INTO Categories (CatID,ListUnder,CategoryName,Description,Keywords,CatType,Moderator,AccessKeys,WriteKeys,SEODescription,SEOPageTitle,ManageKeys,AccessHide,WriteHide,ExcPortalSecurity,Weight,ShowList,Sharing) VALUES('100768553185384','498359095706613','Noodles','','','','Moderator','|2|,|3|,|1|,|4|','|2|,|3|,|4|','','','|2|','0','0','0','2000','1','1')
INSERT INTO CategoriesModules (UniqueID,CatID,ModuleID) VALUES('184832848725890','100768553185384','20')
INSERT INTO CategoriesPortals (UniqueID,CatID,PortalID) VALUES('738913860559142','100768553185384','0')
INSERT INTO Categories (CatID,ListUnder,CategoryName,Description,Keywords,CatType,Moderator,AccessKeys,WriteKeys,SEODescription,SEOPageTitle,ManageKeys,AccessHide,WriteHide,ExcPortalSecurity,Weight,ShowList,Sharing) VALUES('221392330226742','187765570683573','North America','','','','Moderator','|2|,|3|,|1|,|4|','|2|,|3|,|4|','','','|2|','0','0','0','2000','1','1')
INSERT INTO CategoriesModules (UniqueID,CatID,ModuleID) VALUES('945404225070555','221392330226742','20')
INSERT INTO CategoriesPortals (UniqueID,CatID,PortalID) VALUES('212561297926678','221392330226742','0')
INSERT INTO Categories (CatID,ListUnder,CategoryName,Description,Keywords,CatType,Moderator,AccessKeys,WriteKeys,SEODescription,SEOPageTitle,ManageKeys,AccessHide,WriteHide,ExcPortalSecurity,Weight,ShowList,Sharing) VALUES('538727089467034','863731361482620','Novelties','','','','Moderator','|2|,|3|,|1|,|4|','|2|,|3|,|4|','','','|2|','0','0','0','2000','1','1')
INSERT INTO CategoriesModules (UniqueID,CatID,ModuleID) VALUES('339058644816758','538727089467034','20')
INSERT INTO CategoriesPortals (UniqueID,CatID,PortalID) VALUES('187552035016421','538727089467034','0')
INSERT INTO Categories (CatID,ListUnder,CategoryName,Description,Keywords,CatType,Moderator,AccessKeys,WriteKeys,SEODescription,SEOPageTitle,ManageKeys,AccessHide,WriteHide,ExcPortalSecurity,Weight,ShowList,Sharing) VALUES('106576981534414','500531127112354','Nuclear','','','','Moderator','|2|,|3|,|1|,|4|','|2|,|3|,|4|','','','|2|','0','0','0','2000','1','1')
INSERT INTO CategoriesModules (UniqueID,CatID,ModuleID) VALUES('280266837565637','106576981534414','20')
INSERT INTO CategoriesPortals (UniqueID,CatID,PortalID) VALUES('148850171753880','106576981534414','0')
INSERT INTO Categories (CatID,ListUnder,CategoryName,Description,Keywords,CatType,Moderator,AccessKeys,WriteKeys,SEODescription,SEOPageTitle,ManageKeys,AccessHide,WriteHide,ExcPortalSecurity,Weight,ShowList,Sharing) VALUES('143230453361272','344209413176037','Nurseries','','','','Moderator','|2|,|3|,|1|,|4|','|2|,|3|,|4|','','','|2|','0','0','0','2000','1','1')
INSERT INTO CategoriesModules (UniqueID,CatID,ModuleID) VALUES('106250089735583','143230453361272','20')
INSERT INTO CategoriesPortals (UniqueID,CatID,PortalID) VALUES('117547222117628','143230453361272','0')
INSERT INTO Categories (CatID,ListUnder,CategoryName,Description,Keywords,CatType,Moderator,AccessKeys,WriteKeys,SEODescription,SEOPageTitle,ManageKeys,AccessHide,WriteHide,ExcPortalSecurity,Weight,ShowList,Sharing) VALUES('168964750232114','170955684945235','Nursery','','','','Moderator','|2|,|3|,|1|,|4|','|2|,|3|,|4|','','','|2|','0','0','0','2000','1','1')
INSERT INTO CategoriesModules (UniqueID,CatID,ModuleID) VALUES('596082722133846','168964750232114','20')
INSERT INTO CategoriesPortals (UniqueID,CatID,PortalID) VALUES('749563676856716','168964750232114','0')
INSERT INTO Categories (CatID,ListUnder,CategoryName,Description,Keywords,CatType,Moderator,AccessKeys,WriteKeys,SEODescription,SEOPageTitle,ManageKeys,AccessHide,WriteHide,ExcPortalSecurity,Weight,ShowList,Sharing) VALUES('450626518344348','189238540572357','Nuts','','','','Moderator','|2|,|3|,|1|,|4|','|2|,|3|,|4|','','','|2|','0','0','0','2000','1','1')
INSERT INTO CategoriesModules (UniqueID,CatID,ModuleID) VALUES('546420270621543','450626518344348','20')
INSERT INTO CategoriesPortals (UniqueID,CatID,PortalID) VALUES('686524417477654','450626518344348','0')
INSERT INTO Categories (CatID,ListUnder,CategoryName,Description,Keywords,CatType,Moderator,AccessKeys,WriteKeys,SEODescription,SEOPageTitle,ManageKeys,AccessHide,WriteHide,ExcPortalSecurity,Weight,ShowList,Sharing) VALUES('167545442532340','337252452252724','Office Products','','','','Moderator','|2|,|3|,|1|,|4|','|2|,|3|,|4|','','','|2|','0','0','0','2000','1','1')
INSERT INTO CategoriesModules (UniqueID,CatID,ModuleID) VALUES('119334976759918','167545442532340','20')
INSERT INTO CategoriesPortals (UniqueID,CatID,PortalID) VALUES('139186284416713','167545442532340','0')
INSERT INTO Categories (CatID,ListUnder,CategoryName,Description,Keywords,CatType,Moderator,AccessKeys,WriteKeys,SEODescription,SEOPageTitle,ManageKeys,AccessHide,WriteHide,ExcPortalSecurity,Weight,ShowList,Sharing) VALUES('608935416935494','183131383188741','Office Services','','','','Moderator','|2|,|3|,|1|,|4|','|2|,|3|,|4|','','','|2|','0','0','0','2000','1','1')
INSERT INTO CategoriesModules (UniqueID,CatID,ModuleID) VALUES('101550916167858','608935416935494','20')
INSERT INTO CategoriesPortals (UniqueID,CatID,PortalID) VALUES('127551849601393','608935416935494','0')
INSERT INTO Categories (CatID,ListUnder,CategoryName,Description,Keywords,CatType,Moderator,AccessKeys,WriteKeys,SEODescription,SEOPageTitle,ManageKeys,AccessHide,WriteHide,ExcPortalSecurity,Weight,ShowList,Sharing) VALUES('153582298706617','137369301724224','Offshore','','','','Moderator','|2|,|3|,|1|,|4|','|2|,|3|,|4|','','','|2|','0','0','0','2000','1','1')
INSERT INTO CategoriesModules (UniqueID,CatID,ModuleID) VALUES('840780609619486','153582298706617','20')
INSERT INTO CategoriesPortals (UniqueID,CatID,PortalID) VALUES('308611314797866','153582298706617','0')
INSERT INTO Categories (CatID,ListUnder,CategoryName,Description,Keywords,CatType,Moderator,AccessKeys,WriteKeys,SEODescription,SEOPageTitle,ManageKeys,AccessHide,WriteHide,ExcPortalSecurity,Weight,ShowList,Sharing) VALUES('105420242607528','293246790583114','Offshore Services','','','','Moderator','|2|,|3|,|1|,|4|','|2|,|3|,|4|','','','|2|','0','0','0','2000','1','1')
INSERT INTO CategoriesModules (UniqueID,CatID,ModuleID) VALUES('839741152311527','105420242607528','20')
INSERT INTO CategoriesPortals (UniqueID,CatID,PortalID) VALUES('170477380547522','105420242607528','0')
INSERT INTO Categories (CatID,ListUnder,CategoryName,Description,Keywords,CatType,Moderator,AccessKeys,WriteKeys,SEODescription,SEOPageTitle,ManageKeys,AccessHide,WriteHide,ExcPortalSecurity,Weight,ShowList,Sharing) VALUES('137369301724224','136878005372291','Oil Gas','','','','Moderator','|2|,|3|,|1|,|4|','|2|,|3|,|4|','','','|2|','0','0','0','2000','1','1')
INSERT INTO CategoriesModules (UniqueID,CatID,ModuleID) VALUES('525283701458660','137369301724224','20')
INSERT INTO CategoriesPortals (UniqueID,CatID,PortalID) VALUES('134393661682817','137369301724224','0')
INSERT INTO Categories (CatID,ListUnder,CategoryName,Description,Keywords,CatType,Moderator,AccessKeys,WriteKeys,SEODescription,SEOPageTitle,ManageKeys,AccessHide,WriteHide,ExcPortalSecurity,Weight,ShowList,Sharing) VALUES('791684371193764','344209413176037','Oils Fats Waxes','','','','Moderator','|2|,|3|,|1|,|4|','|2|,|3|,|4|','','','|2|','0','0','0','2000','1','1')
INSERT INTO CategoriesModules (UniqueID,CatID,ModuleID) VALUES('233141051667673','791684371193764','20')
INSERT INTO CategoriesPortals (UniqueID,CatID,PortalID) VALUES('243408470830141','791684371193764','0')
INSERT INTO Categories (CatID,ListUnder,CategoryName,Description,Keywords,CatType,Moderator,AccessKeys,WriteKeys,SEODescription,SEOPageTitle,ManageKeys,AccessHide,WriteHide,ExcPortalSecurity,Weight,ShowList,Sharing) VALUES('188363775721599','185703692781321','Oleochemicals','','','','Moderator','|2|,|3|,|1|,|4|','|2|,|3|,|4|','','','|2|','0','0','0','2000','1','1')
INSERT INTO CategoriesModules (UniqueID,CatID,ModuleID) VALUES('937095169894167','188363775721599','20')
INSERT INTO CategoriesPortals (UniqueID,CatID,PortalID) VALUES('751573011775589','188363775721599','0')
INSERT INTO Categories (CatID,ListUnder,CategoryName,Description,Keywords,CatType,Moderator,AccessKeys,WriteKeys,SEODescription,SEOPageTitle,ManageKeys,AccessHide,WriteHide,ExcPortalSecurity,Weight,ShowList,Sharing) VALUES('104305633487814','189238540572357','Onions Garlic','','','','Moderator','|2|,|3|,|1|,|4|','|2|,|3|,|4|','','','|2|','0','0','0','2000','1','1')
INSERT INTO CategoriesModules (UniqueID,CatID,ModuleID) VALUES('825275614415472','104305633487814','20')
INSERT INTO CategoriesPortals (UniqueID,CatID,PortalID) VALUES('250121148884756','104305633487814','0')
INSERT INTO Categories (CatID,ListUnder,CategoryName,Description,Keywords,CatType,Moderator,AccessKeys,WriteKeys,SEODescription,SEOPageTitle,ManageKeys,AccessHide,WriteHide,ExcPortalSecurity,Weight,ShowList,Sharing) VALUES('841149122272272','169980540672786','Online Articles','','','','Moderator','|2|,|3|,|1|,|4|','|2|,|3|,|4|','','','|2|','0','0','0','2000','1','1')
INSERT INTO CategoriesModules (UniqueID,CatID,ModuleID) VALUES('195728648986176','841149122272272','20')
INSERT INTO CategoriesPortals (UniqueID,CatID,PortalID) VALUES('820697390451623','841149122272272','0')
INSERT INTO Categories (CatID,ListUnder,CategoryName,Description,Keywords,CatType,Moderator,AccessKeys,WriteKeys,SEODescription,SEOPageTitle,ManageKeys,AccessHide,WriteHide,ExcPortalSecurity,Weight,ShowList,Sharing) VALUES('208743608074649','191175973182147','Online Banking','','','','Moderator','|2|,|3|,|1|,|4|','|2|,|3|,|4|','','','|2|','0','0','0','2000','1','1')
INSERT INTO CategoriesModules (UniqueID,CatID,ModuleID) VALUES('642586576284142','208743608074649','20')
INSERT INTO CategoriesPortals (UniqueID,CatID,PortalID) VALUES('712205368542699','208743608074649','0')
INSERT INTO Categories (CatID,ListUnder,CategoryName,Description,Keywords,CatType,Moderator,AccessKeys,WriteKeys,SEODescription,SEOPageTitle,ManageKeys,AccessHide,WriteHide,ExcPortalSecurity,Weight,ShowList,Sharing) VALUES('199505339429377','212938597608811','Online Freight','','','','Moderator','|2|,|3|,|1|,|4|','|2|,|3|,|4|','','','|2|','0','0','0','2000','1','1')
INSERT INTO CategoriesModules (UniqueID,CatID,ModuleID) VALUES('152934681328732','199505339429377','20')
INSERT INTO CategoriesPortals (UniqueID,CatID,PortalID) VALUES('950692737393274','199505339429377','0')
INSERT INTO Categories (CatID,ListUnder,CategoryName,Description,Keywords,CatType,Moderator,AccessKeys,WriteKeys,SEODescription,SEOPageTitle,ManageKeys,AccessHide,WriteHide,ExcPortalSecurity,Weight,ShowList,Sharing) VALUES('158450927386648','158169661671233','On-Line Listing Services','','','','Moderator','|2|,|3|,|1|,|4|','|2|,|3|,|4|','','','|2|','0','0','0','2000','1','1')
INSERT INTO CategoriesModules (UniqueID,CatID,ModuleID) VALUES('737582925568102','158450927386648','20')
INSERT INTO CategoriesPortals (UniqueID,CatID,PortalID) VALUES('128632158256258','158450927386648','0')
INSERT INTO Categories (CatID,ListUnder,CategoryName,Description,Keywords,CatType,Moderator,AccessKeys,WriteKeys,SEODescription,SEOPageTitle,ManageKeys,AccessHide,WriteHide,ExcPortalSecurity,Weight,ShowList,Sharing) VALUES('532480991181727','337252452252724','Onshore','','','','Moderator','|2|,|3|,|1|,|4|','|2|,|3|,|4|','','','|2|','0','0','0','2000','1','1')
INSERT INTO CategoriesModules (UniqueID,CatID,ModuleID) VALUES('994702056680154','532480991181727','20')
INSERT INTO CategoriesPortals (UniqueID,CatID,PortalID) VALUES('202471007145904','532480991181727','0')
INSERT INTO Categories (CatID,ListUnder,CategoryName,Description,Keywords,CatType,Moderator,AccessKeys,WriteKeys,SEODescription,SEOPageTitle,ManageKeys,AccessHide,WriteHide,ExcPortalSecurity,Weight,ShowList,Sharing) VALUES('140708534725265','137369301724224','Operating Companies','','','','Moderator','|2|,|3|,|1|,|4|','|2|,|3|,|4|','','','|2|','0','0','0','2000','1','1')
INSERT INTO CategoriesModules (UniqueID,CatID,ModuleID) VALUES('969703891217966','140708534725265','20')
INSERT INTO CategoriesPortals (UniqueID,CatID,PortalID) VALUES('507688044677541','140708534725265','0')
INSERT INTO Categories (CatID,ListUnder,CategoryName,Description,Keywords,CatType,Moderator,AccessKeys,WriteKeys,SEODescription,SEOPageTitle,ManageKeys,AccessHide,WriteHide,ExcPortalSecurity,Weight,ShowList,Sharing) VALUES('441511005775034','565581992163321','Operator Training School','','','','Moderator','|2|,|3|,|1|,|4|','|2|,|3|,|4|','','','|2|','0','0','0','2000','1','1')
INSERT INTO CategoriesModules (UniqueID,CatID,ModuleID) VALUES('764498818725085','441511005775034','20')
INSERT INTO CategoriesPortals (UniqueID,CatID,PortalID) VALUES('100821290289178','441511005775034','0')
INSERT INTO Categories (CatID,ListUnder,CategoryName,Description,Keywords,CatType,Moderator,AccessKeys,WriteKeys,SEODescription,SEOPageTitle,ManageKeys,AccessHide,WriteHide,ExcPortalSecurity,Weight,ShowList,Sharing) VALUES('675371970388813','696248301012678','Operators','','','','Moderator','|2|,|3|,|1|,|4|','|2|,|3|,|4|','','','|2|','0','0','0','2000','1','1')
INSERT INTO CategoriesModules (UniqueID,CatID,ModuleID) VALUES('361121691933237','675371970388813','20')
INSERT INTO CategoriesPortals (UniqueID,CatID,PortalID) VALUES('147477293374018','675371970388813','0')
INSERT INTO Categories (CatID,ListUnder,CategoryName,Description,Keywords,CatType,Moderator,AccessKeys,WriteKeys,SEODescription,SEOPageTitle,ManageKeys,AccessHide,WriteHide,ExcPortalSecurity,Weight,ShowList,Sharing) VALUES('126776043621803','138154400322839','Operators','','','','Moderator','|2|,|3|,|1|,|4|','|2|,|3|,|4|','','','|2|','0','0','0','2000','1','1')
INSERT INTO CategoriesModules (UniqueID,CatID,ModuleID) VALUES('211689544315403','126776043621803','20')
INSERT INTO CategoriesPortals (UniqueID,CatID,PortalID) VALUES('983824171771433','126776043621803','0')
INSERT INTO Categories (CatID,ListUnder,CategoryName,Description,Keywords,CatType,Moderator,AccessKeys,WriteKeys,SEODescription,SEOPageTitle,ManageKeys,AccessHide,WriteHide,ExcPortalSecurity,Weight,ShowList,Sharing) VALUES('412399784551231','153991554677553','Ophthalmology','','','','Moderator','|2|,|3|,|1|,|4|','|2|,|3|,|4|','','','|2|','0','0','0','2000','1','1')
INSERT INTO CategoriesModules (UniqueID,CatID,ModuleID) VALUES('186643749071296','412399784551231','20')
INSERT INTO CategoriesPortals (UniqueID,CatID,PortalID) VALUES('140481160975536','412399784551231','0')
INSERT INTO Categories (CatID,ListUnder,CategoryName,Description,Keywords,CatType,Moderator,AccessKeys,WriteKeys,SEODescription,SEOPageTitle,ManageKeys,AccessHide,WriteHide,ExcPortalSecurity,Weight,ShowList,Sharing) VALUES('121738407646224','0','Opportunities','','','','Moderator','|2|,|3|,|1|,|4|','|2|,|3|,|4|','','','|2|','0','0','0','2000','1','1')
INSERT INTO CategoriesModules (UniqueID,CatID,ModuleID) VALUES('754912075105907','121738407646224','20')
INSERT INTO CategoriesPortals (UniqueID,CatID,PortalID) VALUES('189531445649828','121738407646224','0')
INSERT INTO Categories (CatID,ListUnder,CategoryName,Description,Keywords,CatType,Moderator,AccessKeys,WriteKeys,SEODescription,SEOPageTitle,ManageKeys,AccessHide,WriteHide,ExcPortalSecurity,Weight,ShowList,Sharing) VALUES('245083383753888','121738407646224','Opposing Views','','','','Moderator','|2|,|3|,|1|,|4|','|2|,|3|,|4|','','','|2|','0','0','0','2000','1','1')
INSERT INTO CategoriesModules (UniqueID,CatID,ModuleID) VALUES('567961403452523','245083383753888','20')
INSERT INTO CategoriesPortals (UniqueID,CatID,PortalID) VALUES('163554689663508','245083383753888','0')
INSERT INTO Categories (CatID,ListUnder,CategoryName,Description,Keywords,CatType,Moderator,AccessKeys,WriteKeys,SEODescription,SEOPageTitle,ManageKeys,AccessHide,WriteHide,ExcPortalSecurity,Weight,ShowList,Sharing) VALUES('833510693635618','130744782293582','Optical Accessories','','','','Moderator','|2|,|3|,|1|,|4|','|2|,|3|,|4|','','','|2|','0','0','0','2000','1','1')
INSERT INTO CategoriesModules (UniqueID,CatID,ModuleID) VALUES('883814139562826','833510693635618','20')
INSERT INTO CategoriesPortals (UniqueID,CatID,PortalID) VALUES('148457881176058','833510693635618','0')
INSERT INTO Categories (CatID,ListUnder,CategoryName,Description,Keywords,CatType,Moderator,AccessKeys,WriteKeys,SEODescription,SEOPageTitle,ManageKeys,AccessHide,WriteHide,ExcPortalSecurity,Weight,ShowList,Sharing) VALUES('105554314587154','446387467305917','Optical Components','','','','Moderator','|2|,|3|,|1|,|4|','|2|,|3|,|4|','','','|2|','0','0','0','2000','1','1')
INSERT INTO CategoriesModules (UniqueID,CatID,ModuleID) VALUES('207379931801241','105554314587154','20')
INSERT INTO CategoriesPortals (UniqueID,CatID,PortalID) VALUES('222315824825842','105554314587154','0')
INSERT INTO Categories (CatID,ListUnder,CategoryName,Description,Keywords,CatType,Moderator,AccessKeys,WriteKeys,SEODescription,SEOPageTitle,ManageKeys,AccessHide,WriteHide,ExcPortalSecurity,Weight,ShowList,Sharing) VALUES('792165350037673','130744782293582','Optical Frames','','','','Moderator','|2|,|3|,|1|,|4|','|2|,|3|,|4|','','','|2|','0','0','0','2000','1','1')
INSERT INTO CategoriesModules (UniqueID,CatID,ModuleID) VALUES('632374540592053','792165350037673','20')
INSERT INTO CategoriesPortals (UniqueID,CatID,PortalID) VALUES('147203426797257','792165350037673','0')
INSERT INTO Categories (CatID,ListUnder,CategoryName,Description,Keywords,CatType,Moderator,AccessKeys,WriteKeys,SEODescription,SEOPageTitle,ManageKeys,AccessHide,WriteHide,ExcPortalSecurity,Weight,ShowList,Sharing) VALUES('446387467305917','169231777657067','Optics','','','','Moderator','|2|,|3|,|1|,|4|','|2|,|3|,|4|','','','|2|','0','0','0','2000','1','1')
INSERT INTO CategoriesModules (UniqueID,CatID,ModuleID) VALUES('590178069448156','446387467305917','20')
INSERT INTO CategoriesPortals (UniqueID,CatID,PortalID) VALUES('146578259320577','446387467305917','0')
INSERT INTO Categories (CatID,ListUnder,CategoryName,Description,Keywords,CatType,Moderator,AccessKeys,WriteKeys,SEODescription,SEOPageTitle,ManageKeys,AccessHide,WriteHide,ExcPortalSecurity,Weight,ShowList,Sharing) VALUES('170779964580587','161898503042338','Optoelectronics Fiber','','','','Moderator','|2|,|3|,|1|,|4|','|2|,|3|,|4|','','','|2|','0','0','0','2000','1','1')
INSERT INTO CategoriesModules (UniqueID,CatID,ModuleID) VALUES('187114992368863','170779964580587','20')
INSERT INTO CategoriesPortals (UniqueID,CatID,PortalID) VALUES('761275863850190','170779964580587','0')
INSERT INTO Categories (CatID,ListUnder,CategoryName,Description,Keywords,CatType,Moderator,AccessKeys,WriteKeys,SEODescription,SEOPageTitle,ManageKeys,AccessHide,WriteHide,ExcPortalSecurity,Weight,ShowList,Sharing) VALUES('186364422640388','185703692781321','Organic','','','','Moderator','|2|,|3|,|1|,|4|','|2|,|3|,|4|','','','|2|','0','0','0','2000','1','1')
INSERT INTO CategoriesModules (UniqueID,CatID,ModuleID) VALUES('115289991191516','186364422640388','20')
INSERT INTO CategoriesPortals (UniqueID,CatID,PortalID) VALUES('833295301387744','186364422640388','0')
INSERT INTO Categories (CatID,ListUnder,CategoryName,Description,Keywords,CatType,Moderator,AccessKeys,WriteKeys,SEODescription,SEOPageTitle,ManageKeys,AccessHide,WriteHide,ExcPortalSecurity,Weight,ShowList,Sharing) VALUES('119112010971924','180637350615341','Organic','','','','Moderator','|2|,|3|,|1|,|4|','|2|,|3|,|4|','','','|2|','0','0','0','2000','1','1')
INSERT INTO CategoriesModules (UniqueID,CatID,ModuleID) VALUES('120832367663215','119112010971924','20')
INSERT INTO CategoriesPortals (UniqueID,CatID,PortalID) VALUES('199148087421503','119112010971924','0')
INSERT INTO Categories (CatID,ListUnder,CategoryName,Description,Keywords,CatType,Moderator,AccessKeys,WriteKeys,SEODescription,SEOPageTitle,ManageKeys,AccessHide,WriteHide,ExcPortalSecurity,Weight,ShowList,Sharing) VALUES('136323158374673','189238540572357','Organic','','','','Moderator','|2|,|3|,|1|,|4|','|2|,|3|,|4|','','','|2|','0','0','0','2000','1','1')
INSERT INTO CategoriesModules (UniqueID,CatID,ModuleID) VALUES('101684506074519','136323158374673','20')
INSERT INTO CategoriesPortals (UniqueID,CatID,PortalID) VALUES('174488378119331','136323158374673','0')
INSERT INTO Categories (CatID,ListUnder,CategoryName,Description,Keywords,CatType,Moderator,AccessKeys,WriteKeys,SEODescription,SEOPageTitle,ManageKeys,AccessHide,WriteHide,ExcPortalSecurity,Weight,ShowList,Sharing) VALUES('367567985168028','169980540672786','Organization Science','','','','Moderator','|2|,|3|,|1|,|4|','|2|,|3|,|4|','','','|2|','0','0','0','2000','1','1')
INSERT INTO CategoriesModules (UniqueID,CatID,ModuleID) VALUES('731679909417508','367567985168028','20')
INSERT INTO CategoriesPortals (UniqueID,CatID,PortalID) VALUES('180488183285870','367567985168028','0')
INSERT INTO Categories (CatID,ListUnder,CategoryName,Description,Keywords,CatType,Moderator,AccessKeys,WriteKeys,SEODescription,SEOPageTitle,ManageKeys,AccessHide,WriteHide,ExcPortalSecurity,Weight,ShowList,Sharing) VALUES('153467774944143','138401084934556','Organizational Change','','','','Moderator','|2|,|3|,|1|,|4|','|2|,|3|,|4|','','','|2|','0','0','0','2000','1','1')
INSERT INTO CategoriesModules (UniqueID,CatID,ModuleID) VALUES('877585088114733','153467774944143','20')
INSERT INTO CategoriesPortals (UniqueID,CatID,PortalID) VALUES('657236173818835','153467774944143','0')
INSERT INTO Categories (CatID,ListUnder,CategoryName,Description,Keywords,CatType,Moderator,AccessKeys,WriteKeys,SEODescription,SEOPageTitle,ManageKeys,AccessHide,WriteHide,ExcPortalSecurity,Weight,ShowList,Sharing) VALUES('194428975348851','138401084934556','Organizational Development','','','','Moderator','|2|,|3|,|1|,|4|','|2|,|3|,|4|','','','|2|','0','0','0','2000','1','1')
INSERT INTO CategoriesModules (UniqueID,CatID,ModuleID) VALUES('927745174281758','194428975348851','20')
INSERT INTO CategoriesPortals (UniqueID,CatID,PortalID) VALUES('176791745145155','194428975348851','0')
INSERT INTO Categories (CatID,ListUnder,CategoryName,Description,Keywords,CatType,Moderator,AccessKeys,WriteKeys,SEODescription,SEOPageTitle,ManageKeys,AccessHide,WriteHide,ExcPortalSecurity,Weight,ShowList,Sharing) VALUES('138592583232992','153991554677553','Orthopedic','','','','Moderator','|2|,|3|,|1|,|4|','|2|,|3|,|4|','','','|2|','0','0','0','2000','1','1')
INSERT INTO CategoriesModules (UniqueID,CatID,ModuleID) VALUES('738739784821724','138592583232992','20')
INSERT INTO CategoriesPortals (UniqueID,CatID,PortalID) VALUES('712380634532535','138592583232992','0')
INSERT INTO Categories (CatID,ListUnder,CategoryName,Description,Keywords,CatType,Moderator,AccessKeys,WriteKeys,SEODescription,SEOPageTitle,ManageKeys,AccessHide,WriteHide,ExcPortalSecurity,Weight,ShowList,Sharing) VALUES('159103675754250','963175640290570','Oscilloscopes','','','','Moderator','|2|,|3|,|1|,|4|','|2|,|3|,|4|','','','|2|','0','0','0','2000','1','1')
INSERT INTO CategoriesModules (UniqueID,CatID,ModuleID) VALUES('214376546923937','159103675754250','20')
INSERT INTO CategoriesPortals (UniqueID,CatID,PortalID) VALUES('359099107424328','159103675754250','0')
INSERT INTO Categories (CatID,ListUnder,CategoryName,Description,Keywords,CatType,Moderator,AccessKeys,WriteKeys,SEODescription,SEOPageTitle,ManageKeys,AccessHide,WriteHide,ExcPortalSecurity,Weight,ShowList,Sharing) VALUES('157161474885460','118549889292021','Other Payment Systems','','','','Moderator','|2|,|3|,|1|,|4|','|2|,|3|,|4|','','','|2|','0','0','0','2000','1','1')
INSERT INTO CategoriesModules (UniqueID,CatID,ModuleID) VALUES('108018067938575','157161474885460','20')
INSERT INTO CategoriesPortals (UniqueID,CatID,PortalID) VALUES('135947741955022','157161474885460','0')
INSERT INTO Categories (CatID,ListUnder,CategoryName,Description,Keywords,CatType,Moderator,AccessKeys,WriteKeys,SEODescription,SEOPageTitle,ManageKeys,AccessHide,WriteHide,ExcPortalSecurity,Weight,ShowList,Sharing) VALUES('137994106608521','185728045685285','Outdoor Advertising','','','','Moderator','|2|,|3|,|1|,|4|','|2|,|3|,|4|','','','|2|','0','0','0','2000','1','1')
INSERT INTO CategoriesModules (UniqueID,CatID,ModuleID) VALUES('443151452438423','137994106608521','20')
INSERT INTO CategoriesPortals (UniqueID,CatID,PortalID) VALUES('105865635950422','137994106608521','0')
INSERT INTO Categories (CatID,ListUnder,CategoryName,Description,Keywords,CatType,Moderator,AccessKeys,WriteKeys,SEODescription,SEOPageTitle,ManageKeys,AccessHide,WriteHide,ExcPortalSecurity,Weight,ShowList,Sharing) VALUES('176331339387761','166717347983737','Outplacement','','','','Moderator','|2|,|3|,|1|,|4|','|2|,|3|,|4|','','','|2|','0','0','0','2000','1','1')
INSERT INTO CategoriesModules (UniqueID,CatID,ModuleID) VALUES('591100116455238','176331339387761','20')
INSERT INTO CategoriesPortals (UniqueID,CatID,PortalID) VALUES('309942726821744','176331339387761','0')
INSERT INTO Categories (CatID,ListUnder,CategoryName,Description,Keywords,CatType,Moderator,AccessKeys,WriteKeys,SEODescription,SEOPageTitle,ManageKeys,AccessHide,WriteHide,ExcPortalSecurity,Weight,ShowList,Sharing) VALUES('156563045016110','183131383188741','Outsourcing','','','','Moderator','|2|,|3|,|1|,|4|','|2|,|3|,|4|','','','|2|','0','0','0','2000','1','1')
INSERT INTO CategoriesModules (UniqueID,CatID,ModuleID) VALUES('753459060974081','156563045016110','20')
INSERT INTO CategoriesPortals (UniqueID,CatID,PortalID) VALUES('157965006715754','156563045016110','0')
INSERT INTO Categories (CatID,ListUnder,CategoryName,Description,Keywords,CatType,Moderator,AccessKeys,WriteKeys,SEODescription,SEOPageTitle,ManageKeys,AccessHide,WriteHide,ExcPortalSecurity,Weight,ShowList,Sharing) VALUES('131092745501412','120268798198852','Outsourcing','','','','Moderator','|2|,|3|,|1|,|4|','|2|,|3|,|4|','','','|2|','0','0','0','2000','1','1')
INSERT INTO CategoriesModules (UniqueID,CatID,ModuleID) VALUES('206581324336686','131092745501412','20')
INSERT INTO CategoriesPortals (UniqueID,CatID,PortalID) VALUES('353202537777549','131092745501412','0')
INSERT INTO Categories (CatID,ListUnder,CategoryName,Description,Keywords,CatType,Moderator,AccessKeys,WriteKeys,SEODescription,SEOPageTitle,ManageKeys,AccessHide,WriteHide,ExcPortalSecurity,Weight,ShowList,Sharing) VALUES('222611073066484','209036145783248','Outsourcing','','','','Moderator','|2|,|3|,|1|,|4|','|2|,|3|,|4|','','','|2|','0','0','0','2000','1','1')
INSERT INTO CategoriesModules (UniqueID,CatID,ModuleID) VALUES('547079763672718','222611073066484','20')
INSERT INTO CategoriesPortals (UniqueID,CatID,PortalID) VALUES('138113973762221','222611073066484','0')
INSERT INTO Categories (CatID,ListUnder,CategoryName,Description,Keywords,CatType,Moderator,AccessKeys,WriteKeys,SEODescription,SEOPageTitle,ManageKeys,AccessHide,WriteHide,ExcPortalSecurity,Weight,ShowList,Sharing) VALUES('984291498345249','153991554677553','Outsourcing','','','','Moderator','|2|,|3|,|1|,|4|','|2|,|3|,|4|','','','|2|','0','0','0','2000','1','1')
INSERT INTO CategoriesModules (UniqueID,CatID,ModuleID) VALUES('293172955812481','984291498345249','20')
INSERT INTO CategoriesPortals (UniqueID,CatID,PortalID) VALUES('151735745039390','984291498345249','0')
INSERT INTO Categories (CatID,ListUnder,CategoryName,Description,Keywords,CatType,Moderator,AccessKeys,WriteKeys,SEODescription,SEOPageTitle,ManageKeys,AccessHide,WriteHide,ExcPortalSecurity,Weight,ShowList,Sharing) VALUES('222436391460865','159517564575154','Outsourcing Consulting','','','','Moderator','|2|,|3|,|1|,|4|','|2|,|3|,|4|','','','|2|','0','0','0','2000','1','1')
INSERT INTO CategoriesModules (UniqueID,CatID,ModuleID) VALUES('924555903527226','222436391460865','20')
INSERT INTO CategoriesPortals (UniqueID,CatID,PortalID) VALUES('133684999249864','222436391460865','0')
INSERT INTO Categories (CatID,ListUnder,CategoryName,Description,Keywords,CatType,Moderator,AccessKeys,WriteKeys,SEODescription,SEOPageTitle,ManageKeys,AccessHide,WriteHide,ExcPortalSecurity,Weight,ShowList,Sharing) VALUES('454474966627687','169231777657067','Packaging','','','','Moderator','|2|,|3|,|1|,|4|','|2|,|3|,|4|','','','|2|','0','0','0','2000','1','1')
INSERT INTO CategoriesModules (UniqueID,CatID,ModuleID) VALUES('194020225341144','454474966627687','20')
INSERT INTO CategoriesPortals (UniqueID,CatID,PortalID) VALUES('165824745232277','454474966627687','0')
INSERT INTO Categories (CatID,ListUnder,CategoryName,Description,Keywords,CatType,Moderator,AccessKeys,WriteKeys,SEODescription,SEOPageTitle,ManageKeys,AccessHide,WriteHide,ExcPortalSecurity,Weight,ShowList,Sharing) VALUES('261747680640398','133486879635548','Paint','','','','Moderator','|2|,|3|,|1|,|4|','|2|,|3|,|4|','','','|2|','0','0','0','2000','1','1')
INSERT INTO CategoriesModules (UniqueID,CatID,ModuleID) VALUES('517853283277570','261747680640398','20')
INSERT INTO CategoriesPortals (UniqueID,CatID,PortalID) VALUES('199012326966718','261747680640398','0')
INSERT INTO Categories (CatID,ListUnder,CategoryName,Description,Keywords,CatType,Moderator,AccessKeys,WriteKeys,SEODescription,SEOPageTitle,ManageKeys,AccessHide,WriteHide,ExcPortalSecurity,Weight,ShowList,Sharing) VALUES('199462687743415','850669979518259','Painting','','','','Moderator','|2|,|3|,|1|,|4|','|2|,|3|,|4|','','','|2|','0','0','0','2000','1','1')
INSERT INTO CategoriesModules (UniqueID,CatID,ModuleID) VALUES('435334969458052','199462687743415','20')
INSERT INTO CategoriesPortals (UniqueID,CatID,PortalID) VALUES('153004350233947','199462687743415','0')
INSERT INTO Categories (CatID,ListUnder,CategoryName,Description,Keywords,CatType,Moderator,AccessKeys,WriteKeys,SEODescription,SEOPageTitle,ManageKeys,AccessHide,WriteHide,ExcPortalSecurity,Weight,ShowList,Sharing) VALUES('172914237577139','165450741316604','Panelized','','','','Moderator','|2|,|3|,|1|,|4|','|2|,|3|,|4|','','','|2|','0','0','0','2000','1','1')
INSERT INTO CategoriesModules (UniqueID,CatID,ModuleID) VALUES('209010038248938','172914237577139','20')
INSERT INTO CategoriesPortals (UniqueID,CatID,PortalID) VALUES('897869034021253','172914237577139','0')
INSERT INTO Categories (CatID,ListUnder,CategoryName,Description,Keywords,CatType,Moderator,AccessKeys,WriteKeys,SEODescription,SEOPageTitle,ManageKeys,AccessHide,WriteHide,ExcPortalSecurity,Weight,ShowList,Sharing) VALUES('161717554392452','522844526019066','Paper','','','','Moderator','|2|,|3|,|1|,|4|','|2|,|3|,|4|','','','|2|','0','0','0','2000','1','1')
INSERT INTO CategoriesModules (UniqueID,CatID,ModuleID) VALUES('915157439522475','161717554392452','20')
INSERT INTO CategoriesPortals (UniqueID,CatID,PortalID) VALUES('185843303226173','161717554392452','0')
INSERT INTO Categories (CatID,ListUnder,CategoryName,Description,Keywords,CatType,Moderator,AccessKeys,WriteKeys,SEODescription,SEOPageTitle,ManageKeys,AccessHide,WriteHide,ExcPortalSecurity,Weight,ShowList,Sharing) VALUES('111357643024117','150741235458101','Parking','','','','Moderator','|2|,|3|,|1|,|4|','|2|,|3|,|4|','','','|2|','0','0','0','2000','1','1')
INSERT INTO CategoriesModules (UniqueID,CatID,ModuleID) VALUES('190959153541471','111357643024117','20')
INSERT INTO CategoriesPortals (UniqueID,CatID,PortalID) VALUES('892649900836924','111357643024117','0')
INSERT INTO Categories (CatID,ListUnder,CategoryName,Description,Keywords,CatType,Moderator,AccessKeys,WriteKeys,SEODescription,SEOPageTitle,ManageKeys,AccessHide,WriteHide,ExcPortalSecurity,Weight,ShowList,Sharing) VALUES('652196445990587','301518407739005','Parking','','','','Moderator','|2|,|3|,|1|,|4|','|2|,|3|,|4|','','','|2|','0','0','0','2000','1','1')
INSERT INTO CategoriesModules (UniqueID,CatID,ModuleID) VALUES('147557063126119','652196445990587','20')
INSERT INTO CategoriesPortals (UniqueID,CatID,PortalID) VALUES('206769298885657','652196445990587','0')
INSERT INTO Categories (CatID,ListUnder,CategoryName,Description,Keywords,CatType,Moderator,AccessKeys,WriteKeys,SEODescription,SEOPageTitle,ManageKeys,AccessHide,WriteHide,ExcPortalSecurity,Weight,ShowList,Sharing) VALUES('442738283184467','170158016581143','Parts Accessories','','','','Moderator','|2|,|3|,|1|,|4|','|2|,|3|,|4|','','','|2|','0','0','0','2000','1','1')
INSERT INTO CategoriesModules (UniqueID,CatID,ModuleID) VALUES('935098677074948','442738283184467','20')
INSERT INTO CategoriesPortals (UniqueID,CatID,PortalID) VALUES('103724095406465','442738283184467','0')
INSERT INTO Categories (CatID,ListUnder,CategoryName,Description,Keywords,CatType,Moderator,AccessKeys,WriteKeys,SEODescription,SEOPageTitle,ManageKeys,AccessHide,WriteHide,ExcPortalSecurity,Weight,ShowList,Sharing) VALUES('753824677183576','877724855173932','Parts Accessories','','','','Moderator','|2|,|3|,|1|,|4|','|2|,|3|,|4|','','','|2|','0','0','0','2000','1','1')
INSERT INTO CategoriesModules (UniqueID,CatID,ModuleID) VALUES('128423354902744','753824677183576','20')
INSERT INTO CategoriesPortals (UniqueID,CatID,PortalID) VALUES('342664184664827','753824677183576','0')
INSERT INTO Categories (CatID,ListUnder,CategoryName,Description,Keywords,CatType,Moderator,AccessKeys,WriteKeys,SEODescription,SEOPageTitle,ManageKeys,AccessHide,WriteHide,ExcPortalSecurity,Weight,ShowList,Sharing) VALUES('176241606625135','565581992163321','Parts Service','','','','Moderator','|2|,|3|,|1|,|4|','|2|,|3|,|4|','','','|2|','0','0','0','2000','1','1')
INSERT INTO CategoriesModules (UniqueID,CatID,ModuleID) VALUES('737726365881645','176241606625135','20')
INSERT INTO CategoriesPortals (UniqueID,CatID,PortalID) VALUES('150191977028616','176241606625135','0')
INSERT INTO Categories (CatID,ListUnder,CategoryName,Description,Keywords,CatType,Moderator,AccessKeys,WriteKeys,SEODescription,SEOPageTitle,ManageKeys,AccessHide,WriteHide,ExcPortalSecurity,Weight,ShowList,Sharing) VALUES('210462091782634','372528317804627','Parts Supplies','','','','Moderator','|2|,|3|,|1|,|4|','|2|,|3|,|4|','','','|2|','0','0','0','2000','1','1')
INSERT INTO CategoriesModules (UniqueID,CatID,ModuleID) VALUES('221951471387770','210462091782634','20')
INSERT INTO CategoriesPortals (UniqueID,CatID,PortalID) VALUES('186274241907584','210462091782634','0')
INSERT INTO Categories (CatID,ListUnder,CategoryName,Description,Keywords,CatType,Moderator,AccessKeys,WriteKeys,SEODescription,SEOPageTitle,ManageKeys,AccessHide,WriteHide,ExcPortalSecurity,Weight,ShowList,Sharing) VALUES('125396462311656','407246154476726','Patents','','','','Moderator','|2|,|3|,|1|,|4|','|2|,|3|,|4|','','','|2|','0','0','0','2000','1','1')
INSERT INTO CategoriesModules (UniqueID,CatID,ModuleID) VALUES('561192499877826','125396462311656','20')
INSERT INTO CategoriesPortals (UniqueID,CatID,PortalID) VALUES('122527825663771','125396462311656','0')
INSERT INTO Categories (CatID,ListUnder,CategoryName,Description,Keywords,CatType,Moderator,AccessKeys,WriteKeys,SEODescription,SEOPageTitle,ManageKeys,AccessHide,WriteHide,ExcPortalSecurity,Weight,ShowList,Sharing) VALUES('141039949816827','293246790583114','Patient Financing','','','','Moderator','|2|,|3|,|1|,|4|','|2|,|3|,|4|','','','|2|','0','0','0','2000','1','1')
INSERT INTO CategoriesModules (UniqueID,CatID,ModuleID) VALUES('167815047888857','141039949816827','20')
INSERT INTO CategoriesPortals (UniqueID,CatID,PortalID) VALUES('109388357936566','141039949816827','0')
INSERT INTO Categories (CatID,ListUnder,CategoryName,Description,Keywords,CatType,Moderator,AccessKeys,WriteKeys,SEODescription,SEOPageTitle,ManageKeys,AccessHide,WriteHide,ExcPortalSecurity,Weight,ShowList,Sharing) VALUES('361798103820253','114920625952363','Payday Advance Services','','','','Moderator','|2|,|3|,|1|,|4|','|2|,|3|,|4|','','','|2|','0','0','0','2000','1','1')
INSERT INTO CategoriesModules (UniqueID,CatID,ModuleID) VALUES('124339624557466','361798103820253','20')
INSERT INTO CategoriesPortals (UniqueID,CatID,PortalID) VALUES('324500274793813','361798103820253','0')
INSERT INTO Categories (CatID,ListUnder,CategoryName,Description,Keywords,CatType,Moderator,AccessKeys,WriteKeys,SEODescription,SEOPageTitle,ManageKeys,AccessHide,WriteHide,ExcPortalSecurity,Weight,ShowList,Sharing) VALUES('180234864615621','181537501518755','Payment Associations','','','','Moderator','|2|,|3|,|1|,|4|','|2|,|3|,|4|','','','|2|','0','0','0','2000','1','1')
INSERT INTO CategoriesModules (UniqueID,CatID,ModuleID) VALUES('834556590242015','180234864615621','20')
INSERT INTO CategoriesPortals (UniqueID,CatID,PortalID) VALUES('796629305002897','180234864615621','0')
INSERT INTO Categories (CatID,ListUnder,CategoryName,Description,Keywords,CatType,Moderator,AccessKeys,WriteKeys,SEODescription,SEOPageTitle,ManageKeys,AccessHide,WriteHide,ExcPortalSecurity,Weight,ShowList,Sharing) VALUES('198683835356513','293246790583114','Payroll Services','','','','Moderator','|2|,|3|,|1|,|4|','|2|,|3|,|4|','','','|2|','0','0','0','2000','1','1')
INSERT INTO CategoriesModules (UniqueID,CatID,ModuleID) VALUES('177592765904461','198683835356513','20')
INSERT INTO CategoriesPortals (UniqueID,CatID,PortalID) VALUES('120078390378362','198683835356513','0')
INSERT INTO Categories (CatID,ListUnder,CategoryName,Description,Keywords,CatType,Moderator,AccessKeys,WriteKeys,SEODescription,SEOPageTitle,ManageKeys,AccessHide,WriteHide,ExcPortalSecurity,Weight,ShowList,Sharing) VALUES('708308841455041','746298399382528','Pedestrian Counters','','','','Moderator','|2|,|3|,|1|,|4|','|2|,|3|,|4|','','','|2|','0','0','0','2000','1','1')
INSERT INTO CategoriesModules (UniqueID,CatID,ModuleID) VALUES('147647610487807','708308841455041','20')
INSERT INTO CategoriesPortals (UniqueID,CatID,PortalID) VALUES('136985473343658','708308841455041','0')
INSERT INTO Categories (CatID,ListUnder,CategoryName,Description,Keywords,CatType,Moderator,AccessKeys,WriteKeys,SEODescription,SEOPageTitle,ManageKeys,AccessHide,WriteHide,ExcPortalSecurity,Weight,ShowList,Sharing) VALUES('196897014232444','649676848876777','Performance Improvement','','','','Moderator','|2|,|3|,|1|,|4|','|2|,|3|,|4|','','','|2|','0','0','0','2000','1','1')
INSERT INTO CategoriesModules (UniqueID,CatID,ModuleID) VALUES('201871860907859','196897014232444','20')
INSERT INTO CategoriesPortals (UniqueID,CatID,PortalID) VALUES('638263207617321','196897014232444','0')
INSERT INTO Categories (CatID,ListUnder,CategoryName,Description,Keywords,CatType,Moderator,AccessKeys,WriteKeys,SEODescription,SEOPageTitle,ManageKeys,AccessHide,WriteHide,ExcPortalSecurity,Weight,ShowList,Sharing) VALUES('173074597536863','377508838087964','Personal Chefs','','','','Moderator','|2|,|3|,|1|,|4|','|2|,|3|,|4|','','','|2|','0','0','0','2000','1','1')
INSERT INTO CategoriesModules (UniqueID,CatID,ModuleID) VALUES('214507255933241','173074597536863','20')
INSERT INTO CategoriesPortals (UniqueID,CatID,PortalID) VALUES('389056687718592','173074597536863','0')
INSERT INTO Categories (CatID,ListUnder,CategoryName,Description,Keywords,CatType,Moderator,AccessKeys,WriteKeys,SEODescription,SEOPageTitle,ManageKeys,AccessHide,WriteHide,ExcPortalSecurity,Weight,ShowList,Sharing) VALUES('175084468811768','123014346944222','Personal Pages','','','','Moderator','|2|,|3|,|1|,|4|','|2|,|3|,|4|','','','|2|','0','0','0','2000','1','1')
INSERT INTO CategoriesModules (UniqueID,CatID,ModuleID) VALUES('127571179629828','175084468811768','20')
INSERT INTO CategoriesPortals (UniqueID,CatID,PortalID) VALUES('130758908289461','175084468811768','0')
INSERT INTO Categories (CatID,ListUnder,CategoryName,Description,Keywords,CatType,Moderator,AccessKeys,WriteKeys,SEODescription,SEOPageTitle,ManageKeys,AccessHide,WriteHide,ExcPortalSecurity,Weight,ShowList,Sharing) VALUES('133411830406187','214300976326282','Personal Pages','','','','Moderator','|2|,|3|,|1|,|4|','|2|,|3|,|4|','','','|2|','0','0','0','2000','1','1')
INSERT INTO CategoriesModules (UniqueID,CatID,ModuleID) VALUES('384921320651548','133411830406187','20')
INSERT INTO CategoriesPortals (UniqueID,CatID,PortalID) VALUES('143819759814328','133411830406187','0')
INSERT INTO Categories (CatID,ListUnder,CategoryName,Description,Keywords,CatType,Moderator,AccessKeys,WriteKeys,SEODescription,SEOPageTitle,ManageKeys,AccessHide,WriteHide,ExcPortalSecurity,Weight,ShowList,Sharing) VALUES('126651505926181','169980540672786','Personal Pages','','','','Moderator','|2|,|3|,|1|,|4|','|2|,|3|,|4|','','','|2|','0','0','0','2000','1','1')
INSERT INTO CategoriesModules (UniqueID,CatID,ModuleID) VALUES('134252227086814','126651505926181','20')
INSERT INTO CategoriesPortals (UniqueID,CatID,PortalID) VALUES('854964046171637','126651505926181','0')
INSERT INTO Categories (CatID,ListUnder,CategoryName,Description,Keywords,CatType,Moderator,AccessKeys,WriteKeys,SEODescription,SEOPageTitle,ManageKeys,AccessHide,WriteHide,ExcPortalSecurity,Weight,ShowList,Sharing) VALUES('236790529721806','265537542464772','Pest Control','','','','Moderator','|2|,|3|,|1|,|4|','|2|,|3|,|4|','','','|2|','0','0','0','2000','1','1')
INSERT INTO CategoriesModules (UniqueID,CatID,ModuleID) VALUES('332034182460276','236790529721806','20')
INSERT INTO CategoriesPortals (UniqueID,CatID,PortalID) VALUES('125586190254587','236790529721806','0')
INSERT INTO Categories (CatID,ListUnder,CategoryName,Description,Keywords,CatType,Moderator,AccessKeys,WriteKeys,SEODescription,SEOPageTitle,ManageKeys,AccessHide,WriteHide,ExcPortalSecurity,Weight,ShowList,Sharing) VALUES('154970232165204','179029547427227','Pesticides','','','','Moderator','|2|,|3|,|1|,|4|','|2|,|3|,|4|','','','|2|','0','0','0','2000','1','1')
INSERT INTO CategoriesModules (UniqueID,CatID,ModuleID) VALUES('604642431532422','154970232165204','20')
INSERT INTO CategoriesPortals (UniqueID,CatID,PortalID) VALUES('328560576296786','154970232165204','0')
INSERT INTO Categories (CatID,ListUnder,CategoryName,Description,Keywords,CatType,Moderator,AccessKeys,WriteKeys,SEODescription,SEOPageTitle,ManageKeys,AccessHide,WriteHide,ExcPortalSecurity,Weight,ShowList,Sharing) VALUES('688898435643987','958371704146931','Pet Food','','','','Moderator','|2|,|3|,|1|,|4|','|2|,|3|,|4|','','','|2|','0','0','0','2000','1','1')
INSERT INTO CategoriesModules (UniqueID,CatID,ModuleID) VALUES('319431107840236','688898435643987','20')
INSERT INTO CategoriesPortals (UniqueID,CatID,PortalID) VALUES('976475826321742','688898435643987','0')
INSERT INTO Categories (CatID,ListUnder,CategoryName,Description,Keywords,CatType,Moderator,AccessKeys,WriteKeys,SEODescription,SEOPageTitle,ManageKeys,AccessHide,WriteHide,ExcPortalSecurity,Weight,ShowList,Sharing) VALUES('958371704146931','337252452252724','Pet Supplies','','','','Moderator','|2|,|3|,|1|,|4|','|2|,|3|,|4|','','','|2|','0','0','0','2000','1','1')
INSERT INTO CategoriesModules (UniqueID,CatID,ModuleID) VALUES('155251632349629','958371704146931','20')
INSERT INTO CategoriesPortals (UniqueID,CatID,PortalID) VALUES('582995867308778','958371704146931','0')
INSERT INTO Categories (CatID,ListUnder,CategoryName,Description,Keywords,CatType,Moderator,AccessKeys,WriteKeys,SEODescription,SEOPageTitle,ManageKeys,AccessHide,WriteHide,ExcPortalSecurity,Weight,ShowList,Sharing) VALUES('136561063565021','137369301724224','Petroleum Products','','','','Moderator','|2|,|3|,|1|,|4|','|2|,|3|,|4|','','','|2|','0','0','0','2000','1','1')
INSERT INTO CategoriesModules (UniqueID,CatID,ModuleID) VALUES('566651568929289','136561063565021','20')
INSERT INTO CategoriesPortals (UniqueID,CatID,PortalID) VALUES('158643219749746','136561063565021','0')
INSERT INTO Categories (CatID,ListUnder,CategoryName,Description,Keywords,CatType,Moderator,AccessKeys,WriteKeys,SEODescription,SEOPageTitle,ManageKeys,AccessHide,WriteHide,ExcPortalSecurity,Weight,ShowList,Sharing) VALUES('120268798198852','295137684464675','Pharmaceuticals','','','','Moderator','|2|,|3|,|1|,|4|','|2|,|3|,|4|','','','|2|','0','0','0','2000','1','1')
INSERT INTO CategoriesModules (UniqueID,CatID,ModuleID) VALUES('765834754173480','120268798198852','20')
INSERT INTO CategoriesPortals (UniqueID,CatID,PortalID) VALUES('130920508134461','120268798198852','0')
INSERT INTO Categories (CatID,ListUnder,CategoryName,Description,Keywords,CatType,Moderator,AccessKeys,WriteKeys,SEODescription,SEOPageTitle,ManageKeys,AccessHide,WriteHide,ExcPortalSecurity,Weight,ShowList,Sharing) VALUES('696503405183498','283931278617428','Photographers','','','','Moderator','|2|,|3|,|1|,|4|','|2|,|3|,|4|','','','|2|','0','0','0','2000','1','1')
INSERT INTO CategoriesModules (UniqueID,CatID,ModuleID) VALUES('128684014671466','696503405183498','20')
INSERT INTO CategoriesPortals (UniqueID,CatID,PortalID) VALUES('345883749036773','696503405183498','0')
INSERT INTO Categories (CatID,ListUnder,CategoryName,Description,Keywords,CatType,Moderator,AccessKeys,WriteKeys,SEODescription,SEOPageTitle,ManageKeys,AccessHide,WriteHide,ExcPortalSecurity,Weight,ShowList,Sharing) VALUES('283931278617428','152296721796111','Photography','','','','Moderator','|2|,|3|,|1|,|4|','|2|,|3|,|4|','','','|2|','0','0','0','2000','1','1')
INSERT INTO CategoriesModules (UniqueID,CatID,ModuleID) VALUES('203943629724469','283931278617428','20')
INSERT INTO CategoriesPortals (UniqueID,CatID,PortalID) VALUES('168853371883873','283931278617428','0')
INSERT INTO Categories (CatID,ListUnder,CategoryName,Description,Keywords,CatType,Moderator,AccessKeys,WriteKeys,SEODescription,SEOPageTitle,ManageKeys,AccessHide,WriteHide,ExcPortalSecurity,Weight,ShowList,Sharing) VALUES('112981282634954','183131383188741','Physical Asset Management','','','','Moderator','|2|,|3|,|1|,|4|','|2|,|3|,|4|','','','|2|','0','0','0','2000','1','1')
INSERT INTO CategoriesModules (UniqueID,CatID,ModuleID) VALUES('877844420724803','112981282634954','20')
INSERT INTO CategoriesPortals (UniqueID,CatID,PortalID) VALUES('102344602181113','112981282634954','0')
INSERT INTO Categories (CatID,ListUnder,CategoryName,Description,Keywords,CatType,Moderator,AccessKeys,WriteKeys,SEODescription,SEOPageTitle,ManageKeys,AccessHide,WriteHide,ExcPortalSecurity,Weight,ShowList,Sharing) VALUES('777014756377783','180965748237478','Pies Pastry','','','','Moderator','|2|,|3|,|1|,|4|','|2|,|3|,|4|','','','|2|','0','0','0','2000','1','1')
INSERT INTO CategoriesModules (UniqueID,CatID,ModuleID) VALUES('181597007314727','777014756377783','20')
INSERT INTO CategoriesPortals (UniqueID,CatID,PortalID) VALUES('193107412337610','777014756377783','0')
INSERT INTO Categories (CatID,ListUnder,CategoryName,Description,Keywords,CatType,Moderator,AccessKeys,WriteKeys,SEODescription,SEOPageTitle,ManageKeys,AccessHide,WriteHide,ExcPortalSecurity,Weight,ShowList,Sharing) VALUES('907191137294652','180077455433202','Piezo Transducers','','','','Moderator','|2|,|3|,|1|,|4|','|2|,|3|,|4|','','','|2|','0','0','0','2000','1','1')
INSERT INTO CategoriesModules (UniqueID,CatID,ModuleID) VALUES('204864374822886','907191137294652','20')
INSERT INTO CategoriesPortals (UniqueID,CatID,PortalID) VALUES('667764164861456','907191137294652','0')
INSERT INTO Categories (CatID,ListUnder,CategoryName,Description,Keywords,CatType,Moderator,AccessKeys,WriteKeys,SEODescription,SEOPageTitle,ManageKeys,AccessHide,WriteHide,ExcPortalSecurity,Weight,ShowList,Sharing) VALUES('265025491561831','144648400067132','Pilot Training','','','','Moderator','|2|,|3|,|1|,|4|','|2|,|3|,|4|','','','|2|','0','0','0','2000','1','1')
INSERT INTO CategoriesModules (UniqueID,CatID,ModuleID) VALUES('216379801470610','265025491561831','20')
INSERT INTO CategoriesPortals (UniqueID,CatID,PortalID) VALUES('200857121466684','265025491561831','0')
INSERT INTO Categories (CatID,ListUnder,CategoryName,Description,Keywords,CatType,Moderator,AccessKeys,WriteKeys,SEODescription,SEOPageTitle,ManageKeys,AccessHide,WriteHide,ExcPortalSecurity,Weight,ShowList,Sharing) VALUES('177511500287313','686967002277766','Pipes','','','','Moderator','|2|,|3|,|1|,|4|','|2|,|3|,|4|','','','|2|','0','0','0','2000','1','1')
INSERT INTO CategoriesModules (UniqueID,CatID,ModuleID) VALUES('363351680542411','177511500287313','20')
INSERT INTO CategoriesPortals (UniqueID,CatID,PortalID) VALUES('293437706142325','177511500287313','0')
INSERT INTO Categories (CatID,ListUnder,CategoryName,Description,Keywords,CatType,Moderator,AccessKeys,WriteKeys,SEODescription,SEOPageTitle,ManageKeys,AccessHide,WriteHide,ExcPortalSecurity,Weight,ShowList,Sharing) VALUES('178704002806264','180965748237478','Pizza','','','','Moderator','|2|,|3|,|1|,|4|','|2|,|3|,|4|','','','|2|','0','0','0','2000','1','1')
INSERT INTO CategoriesModules (UniqueID,CatID,ModuleID) VALUES('119487140530332','178704002806264','20')
INSERT INTO CategoriesPortals (UniqueID,CatID,PortalID) VALUES('186131839603181','178704002806264','0')
INSERT INTO Categories (CatID,ListUnder,CategoryName,Description,Keywords,CatType,Moderator,AccessKeys,WriteKeys,SEODescription,SEOPageTitle,ManageKeys,AccessHide,WriteHide,ExcPortalSecurity,Weight,ShowList,Sharing) VALUES('105312179182684','941546425030488','Pizza','','','','Moderator','|2|,|3|,|1|,|4|','|2|,|3|,|4|','','','|2|','0','0','0','2000','1','1')
INSERT INTO CategoriesModules (UniqueID,CatID,ModuleID) VALUES('678826909486214','105312179182684','20')
INSERT INTO CategoriesPortals (UniqueID,CatID,PortalID) VALUES('194708106151542','105312179182684','0')
INSERT INTO Categories (CatID,ListUnder,CategoryName,Description,Keywords,CatType,Moderator,AccessKeys,WriteKeys,SEODescription,SEOPageTitle,ManageKeys,AccessHide,WriteHide,ExcPortalSecurity,Weight,ShowList,Sharing) VALUES('154852278258346','676715459041125','Planning Management','','','','Moderator','|2|,|3|,|1|,|4|','|2|,|3|,|4|','','','|2|','0','0','0','2000','1','1')
INSERT INTO CategoriesModules (UniqueID,CatID,ModuleID) VALUES('234709119676126','154852278258346','20')
INSERT INTO CategoriesPortals (UniqueID,CatID,PortalID) VALUES('590649924360188','154852278258346','0')
INSERT INTO Categories (CatID,ListUnder,CategoryName,Description,Keywords,CatType,Moderator,AccessKeys,WriteKeys,SEODescription,SEOPageTitle,ManageKeys,AccessHide,WriteHide,ExcPortalSecurity,Weight,ShowList,Sharing) VALUES('209406331822509','514484672265053','Plans','','','','Moderator','|2|,|3|,|1|,|4|','|2|,|3|,|4|','','','|2|','0','0','0','2000','1','1')
INSERT INTO CategoriesModules (UniqueID,CatID,ModuleID) VALUES('419592697188726','209406331822509','20')
INSERT INTO CategoriesPortals (UniqueID,CatID,PortalID) VALUES('278307597165666','209406331822509','0')
INSERT INTO Categories (CatID,ListUnder,CategoryName,Description,Keywords,CatType,Moderator,AccessKeys,WriteKeys,SEODescription,SEOPageTitle,ManageKeys,AccessHide,WriteHide,ExcPortalSecurity,Weight,ShowList,Sharing) VALUES('172543045161234','179578502467371','Plant Extracts','','','','Moderator','|2|,|3|,|1|,|4|','|2|,|3|,|4|','','','|2|','0','0','0','2000','1','1')
INSERT INTO CategoriesModules (UniqueID,CatID,ModuleID) VALUES('164768399915569','172543045161234','20')
INSERT INTO CategoriesPortals (UniqueID,CatID,PortalID) VALUES('491216170155646','172543045161234','0')
INSERT INTO Categories (CatID,ListUnder,CategoryName,Description,Keywords,CatType,Moderator,AccessKeys,WriteKeys,SEODescription,SEOPageTitle,ManageKeys,AccessHide,WriteHide,ExcPortalSecurity,Weight,ShowList,Sharing) VALUES('983022149428557','302144370971758','Plating Metal Finishing','','','','Moderator','|2|,|3|,|1|,|4|','|2|,|3|,|4|','','','|2|','0','0','0','2000','1','1')
INSERT INTO CategoriesModules (UniqueID,CatID,ModuleID) VALUES('196605605368720','983022149428557','20')
INSERT INTO CategoriesPortals (UniqueID,CatID,PortalID) VALUES('142581965075481','983022149428557','0')
INSERT INTO Categories (CatID,ListUnder,CategoryName,Description,Keywords,CatType,Moderator,AccessKeys,WriteKeys,SEODescription,SEOPageTitle,ManageKeys,AccessHide,WriteHide,ExcPortalSecurity,Weight,ShowList,Sharing) VALUES('194355630763574','138186154628395','Plating Polishing Equipment','','','','Moderator','|2|,|3|,|1|,|4|','|2|,|3|,|4|','','','|2|','0','0','0','2000','1','1')
INSERT INTO CategoriesModules (UniqueID,CatID,ModuleID) VALUES('185430926118135','194355630763574','20')
INSERT INTO CategoriesPortals (UniqueID,CatID,PortalID) VALUES('203813197635183','194355630763574','0')
INSERT INTO Categories (CatID,ListUnder,CategoryName,Description,Keywords,CatType,Moderator,AccessKeys,WriteKeys,SEODescription,SEOPageTitle,ManageKeys,AccessHide,WriteHide,ExcPortalSecurity,Weight,ShowList,Sharing) VALUES('908911749587148','205363440123701','Point of Purchase Displays','','','','Moderator','|2|,|3|,|1|,|4|','|2|,|3|,|4|','','','|2|','0','0','0','2000','1','1')
INSERT INTO CategoriesModules (UniqueID,CatID,ModuleID) VALUES('458201594721408','908911749587148','20')
INSERT INTO CategoriesPortals (UniqueID,CatID,PortalID) VALUES('803714668496292','908911749587148','0')
INSERT INTO Categories (CatID,ListUnder,CategoryName,Description,Keywords,CatType,Moderator,AccessKeys,WriteKeys,SEODescription,SEOPageTitle,ManageKeys,AccessHide,WriteHide,ExcPortalSecurity,Weight,ShowList,Sharing) VALUES('147212495522454','746298399382528','Point of Sale','','','','Moderator','|2|,|3|,|1|,|4|','|2|,|3|,|4|','','','|2|','0','0','0','2000','1','1')
INSERT INTO CategoriesModules (UniqueID,CatID,ModuleID) VALUES('123726466605721','147212495522454','20')
INSERT INTO CategoriesPortals (UniqueID,CatID,PortalID) VALUES('536536875610372','147212495522454','0')
INSERT INTO Categories (CatID,ListUnder,CategoryName,Description,Keywords,CatType,Moderator,AccessKeys,WriteKeys,SEODescription,SEOPageTitle,ManageKeys,AccessHide,WriteHide,ExcPortalSecurity,Weight,ShowList,Sharing) VALUES('150478782914681','130715260441650','Point of Sale Systems','','','','Moderator','|2|,|3|,|1|,|4|','|2|,|3|,|4|','','','|2|','0','0','0','2000','1','1')
INSERT INTO CategoriesModules (UniqueID,CatID,ModuleID) VALUES('152928989671387','150478782914681','20')
INSERT INTO CategoriesPortals (UniqueID,CatID,PortalID) VALUES('282266426574242','150478782914681','0')
INSERT INTO Categories (CatID,ListUnder,CategoryName,Description,Keywords,CatType,Moderator,AccessKeys,WriteKeys,SEODescription,SEOPageTitle,ManageKeys,AccessHide,WriteHide,ExcPortalSecurity,Weight,ShowList,Sharing) VALUES('144178437512810','141294954067458','Polymers','','','','Moderator','|2|,|3|,|1|,|4|','|2|,|3|,|4|','','','|2|','0','0','0','2000','1','1')
INSERT INTO CategoriesModules (UniqueID,CatID,ModuleID) VALUES('149937647140806','144178437512810','20')
INSERT INTO CategoriesPortals (UniqueID,CatID,PortalID) VALUES('588049830832272','144178437512810','0')
INSERT INTO Categories (CatID,ListUnder,CategoryName,Description,Keywords,CatType,Moderator,AccessKeys,WriteKeys,SEODescription,SEOPageTitle,ManageKeys,AccessHide,WriteHide,ExcPortalSecurity,Weight,ShowList,Sharing) VALUES('132362254535924','209067587733668','Popcorn','','','','Moderator','|2|,|3|,|1|,|4|','|2|,|3|,|4|','','','|2|','0','0','0','2000','1','1')
INSERT INTO CategoriesModules (UniqueID,CatID,ModuleID) VALUES('148282181954368','132362254535924','20')
INSERT INTO CategoriesPortals (UniqueID,CatID,PortalID) VALUES('865356562381625','132362254535924','0')
INSERT INTO Categories (CatID,ListUnder,CategoryName,Description,Keywords,CatType,Moderator,AccessKeys,WriteKeys,SEODescription,SEOPageTitle,ManageKeys,AccessHide,WriteHide,ExcPortalSecurity,Weight,ShowList,Sharing) VALUES('556761149215327','369761046869198','Pork','','','','Moderator','|2|,|3|,|1|,|4|','|2|,|3|,|4|','','','|2|','0','0','0','2000','1','1')
INSERT INTO CategoriesModules (UniqueID,CatID,ModuleID) VALUES('112534603576662','556761149215327','20')
INSERT INTO CategoriesPortals (UniqueID,CatID,PortalID) VALUES('826933416256577','556761149215327','0')
INSERT INTO Categories (CatID,ListUnder,CategoryName,Description,Keywords,CatType,Moderator,AccessKeys,WriteKeys,SEODescription,SEOPageTitle,ManageKeys,AccessHide,WriteHide,ExcPortalSecurity,Weight,ShowList,Sharing) VALUES('597889086765183','826500906614541','Portals','','','','Moderator','|2|,|3|,|1|,|4|','|2|,|3|,|4|','','','|2|','0','0','0','2000','1','1')
INSERT INTO CategoriesModules (UniqueID,CatID,ModuleID) VALUES('116214990918900','597889086765183','20')
INSERT INTO CategoriesPortals (UniqueID,CatID,PortalID) VALUES('901444404328829','597889086765183','0')
INSERT INTO Categories (CatID,ListUnder,CategoryName,Description,Keywords,CatType,Moderator,AccessKeys,WriteKeys,SEODescription,SEOPageTitle,ManageKeys,AccessHide,WriteHide,ExcPortalSecurity,Weight,ShowList,Sharing) VALUES('159267247340152','157460624757592','Portfolio Hosting','','','','Moderator','|2|,|3|,|1|,|4|','|2|,|3|,|4|','','','|2|','0','0','0','2000','1','1')
INSERT INTO CategoriesModules (UniqueID,CatID,ModuleID) VALUES('687283948284571','159267247340152','20')
INSERT INTO CategoriesPortals (UniqueID,CatID,PortalID) VALUES('116723689589017','159267247340152','0')
INSERT INTO Categories (CatID,ListUnder,CategoryName,Description,Keywords,CatType,Moderator,AccessKeys,WriteKeys,SEODescription,SEOPageTitle,ManageKeys,AccessHide,WriteHide,ExcPortalSecurity,Weight,ShowList,Sharing) VALUES('128516633538865','214300976326282','Ports','','','','Moderator','|2|,|3|,|1|,|4|','|2|,|3|,|4|','','','|2|','0','0','0','2000','1','1')
INSERT INTO CategoriesModules (UniqueID,CatID,ModuleID) VALUES('785773280904800','128516633538865','20')
INSERT INTO CategoriesPortals (UniqueID,CatID,PortalID) VALUES('772528796665033','128516633538865','0')
INSERT INTO Categories (CatID,ListUnder,CategoryName,Description,Keywords,CatType,Moderator,AccessKeys,WriteKeys,SEODescription,SEOPageTitle,ManageKeys,AccessHide,WriteHide,ExcPortalSecurity,Weight,ShowList,Sharing) VALUES('192070230284777','163280379216768','Positioning','','','','Moderator','|2|,|3|,|1|,|4|','|2|,|3|,|4|','','','|2|','0','0','0','2000','1','1')
INSERT INTO CategoriesModules (UniqueID,CatID,ModuleID) VALUES('213146308320426','192070230284777','20')
INSERT INTO CategoriesPortals (UniqueID,CatID,PortalID) VALUES('753538779075532','192070230284777','0')
INSERT INTO Categories (CatID,ListUnder,CategoryName,Description,Keywords,CatType,Moderator,AccessKeys,WriteKeys,SEODescription,SEOPageTitle,ManageKeys,AccessHide,WriteHide,ExcPortalSecurity,Weight,ShowList,Sharing) VALUES('165408785837438','133617310848882','Posting','','','','Moderator','|2|,|3|,|1|,|4|','|2|,|3|,|4|','','','|2|','0','0','0','2000','1','1')
INSERT INTO CategoriesModules (UniqueID,CatID,ModuleID) VALUES('110425049083289','165408785837438','20')
INSERT INTO CategoriesPortals (UniqueID,CatID,PortalID) VALUES('413393591049385','165408785837438','0')
INSERT INTO Categories (CatID,ListUnder,CategoryName,Description,Keywords,CatType,Moderator,AccessKeys,WriteKeys,SEODescription,SEOPageTitle,ManageKeys,AccessHide,WriteHide,ExcPortalSecurity,Weight,ShowList,Sharing) VALUES('164719345671842','280965458060437','Poultry','','','','Moderator','|2|,|3|,|1|,|4|','|2|,|3|,|4|','','','|2|','0','0','0','2000','1','1')
INSERT INTO CategoriesModules (UniqueID,CatID,ModuleID) VALUES('150272664367130','164719345671842','20')
INSERT INTO CategoriesPortals (UniqueID,CatID,PortalID) VALUES('346908575225772','164719345671842','0')
INSERT INTO Categories (CatID,ListUnder,CategoryName,Description,Keywords,CatType,Moderator,AccessKeys,WriteKeys,SEODescription,SEOPageTitle,ManageKeys,AccessHide,WriteHide,ExcPortalSecurity,Weight,ShowList,Sharing) VALUES('164165290418563','369761046869198','Poultry','','','','Moderator','|2|,|3|,|1|,|4|','|2|,|3|,|4|','','','|2|','0','0','0','2000','1','1')
INSERT INTO CategoriesModules (UniqueID,CatID,ModuleID) VALUES('933968406761852','164165290418563','20')
INSERT INTO CategoriesPortals (UniqueID,CatID,PortalID) VALUES('163661237833646','164165290418563','0')
INSERT INTO Categories (CatID,ListUnder,CategoryName,Description,Keywords,CatType,Moderator,AccessKeys,WriteKeys,SEODescription,SEOPageTitle,ManageKeys,AccessHide,WriteHide,ExcPortalSecurity,Weight,ShowList,Sharing) VALUES('831690502852416','433057039522447','Power Strips','','','','Moderator','|2|,|3|,|1|,|4|','|2|,|3|,|4|','','','|2|','0','0','0','2000','1','1')
INSERT INTO CategoriesModules (UniqueID,CatID,ModuleID) VALUES('148801225241004','831690502852416','20')
INSERT INTO CategoriesPortals (UniqueID,CatID,PortalID) VALUES('613854788333154','831690502852416','0')
INSERT INTO Categories (CatID,ListUnder,CategoryName,Description,Keywords,CatType,Moderator,AccessKeys,WriteKeys,SEODescription,SEOPageTitle,ManageKeys,AccessHide,WriteHide,ExcPortalSecurity,Weight,ShowList,Sharing) VALUES('655618163243369','161898503042338','Power Supplies','','','','Moderator','|2|,|3|,|1|,|4|','|2|,|3|,|4|','','','|2|','0','0','0','2000','1','1')
INSERT INTO CategoriesModules (UniqueID,CatID,ModuleID) VALUES('519700902325305','655618163243369','20')
INSERT INTO CategoriesPortals (UniqueID,CatID,PortalID) VALUES('390158393758841','655618163243369','0')
INSERT INTO Categories (CatID,ListUnder,CategoryName,Description,Keywords,CatType,Moderator,AccessKeys,WriteKeys,SEODescription,SEOPageTitle,ManageKeys,AccessHide,WriteHide,ExcPortalSecurity,Weight,ShowList,Sharing) VALUES('113598179314677','154294030131064','Power Transmission','','','','Moderator','|2|,|3|,|1|,|4|','|2|,|3|,|4|','','','|2|','0','0','0','2000','1','1')
INSERT INTO CategoriesModules (UniqueID,CatID,ModuleID) VALUES('671373575726148','113598179314677','20')
INSERT INTO CategoriesPortals (UniqueID,CatID,PortalID) VALUES('145899325611888','113598179314677','0')
[[GO]]
INSERT INTO Categories (CatID,ListUnder,CategoryName,Description,Keywords,CatType,Moderator,AccessKeys,WriteKeys,SEODescription,SEOPageTitle,ManageKeys,AccessHide,WriteHide,ExcPortalSecurity,Weight,ShowList,Sharing) VALUES('142670111652355','133529660719882','Precious Metals','','','','Moderator','|2|,|3|,|1|,|4|','|2|,|3|,|4|','','','|2|','0','0','0','2000','1','1')
INSERT INTO CategoriesModules (UniqueID,CatID,ModuleID) VALUES('330802966837418','142670111652355','20')
INSERT INTO CategoriesPortals (UniqueID,CatID,PortalID) VALUES('140001693432792','142670111652355','0')
INSERT INTO Categories (CatID,ListUnder,CategoryName,Description,Keywords,CatType,Moderator,AccessKeys,WriteKeys,SEODescription,SEOPageTitle,ManageKeys,AccessHide,WriteHide,ExcPortalSecurity,Weight,ShowList,Sharing) VALUES('180631573983441','897429343313311','Pre-Clinical','','','','Moderator','|2|,|3|,|1|,|4|','|2|,|3|,|4|','','','|2|','0','0','0','2000','1','1')
INSERT INTO CategoriesModules (UniqueID,CatID,ModuleID) VALUES('136588857570472','180631573983441','20')
INSERT INTO CategoriesPortals (UniqueID,CatID,PortalID) VALUES('118867804306699','180631573983441','0')
INSERT INTO Categories (CatID,ListUnder,CategoryName,Description,Keywords,CatType,Moderator,AccessKeys,WriteKeys,SEODescription,SEOPageTitle,ManageKeys,AccessHide,WriteHide,ExcPortalSecurity,Weight,ShowList,Sharing) VALUES('171161952317913','165450741316604','Precut','','','','Moderator','|2|,|3|,|1|,|4|','|2|,|3|,|4|','','','|2|','0','0','0','2000','1','1')
INSERT INTO CategoriesModules (UniqueID,CatID,ModuleID) VALUES('134226420317827','171161952317913','20')
INSERT INTO CategoriesPortals (UniqueID,CatID,PortalID) VALUES('960022479690663','171161952317913','0')
INSERT INTO Categories (CatID,ListUnder,CategoryName,Description,Keywords,CatType,Moderator,AccessKeys,WriteKeys,SEODescription,SEOPageTitle,ManageKeys,AccessHide,WriteHide,ExcPortalSecurity,Weight,ShowList,Sharing) VALUES('205703528035364','180637350615341','Prepared','','','','Moderator','|2|,|3|,|1|,|4|','|2|,|3|,|4|','','','|2|','0','0','0','2000','1','1')
INSERT INTO CategoriesModules (UniqueID,CatID,ModuleID) VALUES('739607455181712','205703528035364','20')
INSERT INTO CategoriesPortals (UniqueID,CatID,PortalID) VALUES('190848829213975','205703528035364','0')
INSERT INTO Categories (CatID,ListUnder,CategoryName,Description,Keywords,CatType,Moderator,AccessKeys,WriteKeys,SEODescription,SEOPageTitle,ManageKeys,AccessHide,WriteHide,ExcPortalSecurity,Weight,ShowList,Sharing) VALUES('159698908818640','135035747812458','Prepress','','','','Moderator','|2|,|3|,|1|,|4|','|2|,|3|,|4|','','','|2|','0','0','0','2000','1','1')
INSERT INTO CategoriesModules (UniqueID,CatID,ModuleID) VALUES('131410111388280','159698908818640','20')
INSERT INTO CategoriesPortals (UniqueID,CatID,PortalID) VALUES('194734505149438','159698908818640','0')
INSERT INTO Categories (CatID,ListUnder,CategoryName,Description,Keywords,CatType,Moderator,AccessKeys,WriteKeys,SEODescription,SEOPageTitle,ManageKeys,AccessHide,WriteHide,ExcPortalSecurity,Weight,ShowList,Sharing) VALUES('213857179483834','167827787849526','Pressure','','','','Moderator','|2|,|3|,|1|,|4|','|2|,|3|,|4|','','','|2|','0','0','0','2000','1','1')
INSERT INTO CategoriesModules (UniqueID,CatID,ModuleID) VALUES('213328476853311','213857179483834','20')
INSERT INTO CategoriesPortals (UniqueID,CatID,PortalID) VALUES('882822431239483','213857179483834','0')
INSERT INTO Categories (CatID,ListUnder,CategoryName,Description,Keywords,CatType,Moderator,AccessKeys,WriteKeys,SEODescription,SEOPageTitle,ManageKeys,AccessHide,WriteHide,ExcPortalSecurity,Weight,ShowList,Sharing) VALUES('166864188251330','850669979518259','Pressure Wash','','','','Moderator','|2|,|3|,|1|,|4|','|2|,|3|,|4|','','','|2|','0','0','0','2000','1','1')
INSERT INTO CategoriesModules (UniqueID,CatID,ModuleID) VALUES('383972170564056','166864188251330','20')
INSERT INTO CategoriesPortals (UniqueID,CatID,PortalID) VALUES('676959570746374','166864188251330','0')
INSERT INTO Categories (CatID,ListUnder,CategoryName,Description,Keywords,CatType,Moderator,AccessKeys,WriteKeys,SEODescription,SEOPageTitle,ManageKeys,AccessHide,WriteHide,ExcPortalSecurity,Weight,ShowList,Sharing) VALUES('206361848494589','185728045685285','Print','','','','Moderator','|2|,|3|,|1|,|4|','|2|,|3|,|4|','','','|2|','0','0','0','2000','1','1')
INSERT INTO CategoriesModules (UniqueID,CatID,ModuleID) VALUES('168931390983048','206361848494589','20')
INSERT INTO CategoriesPortals (UniqueID,CatID,PortalID) VALUES('165584611558385','206361848494589','0')
INSERT INTO Categories (CatID,ListUnder,CategoryName,Description,Keywords,CatType,Moderator,AccessKeys,WriteKeys,SEODescription,SEOPageTitle,ManageKeys,AccessHide,WriteHide,ExcPortalSecurity,Weight,ShowList,Sharing) VALUES('115268267961487','106523100228551','Print Only','','','','Moderator','|2|,|3|,|1|,|4|','|2|,|3|,|4|','','','|2|','0','0','0','2000','1','1')
INSERT INTO CategoriesModules (UniqueID,CatID,ModuleID) VALUES('153115613284151','115268267961487','20')
INSERT INTO CategoriesPortals (UniqueID,CatID,PortalID) VALUES('207033045801411','115268267961487','0')
INSERT INTO Categories (CatID,ListUnder,CategoryName,Description,Keywords,CatType,Moderator,AccessKeys,WriteKeys,SEODescription,SEOPageTitle,ManageKeys,AccessHide,WriteHide,ExcPortalSecurity,Weight,ShowList,Sharing) VALUES('109596806181092','155144268747187','Printed Circuit Boards','','','','Moderator','|2|,|3|,|1|,|4|','|2|,|3|,|4|','','','|2|','0','0','0','2000','1','1')
INSERT INTO CategoriesModules (UniqueID,CatID,ModuleID) VALUES('140661671577148','109596806181092','20')
INSERT INTO CategoriesPortals (UniqueID,CatID,PortalID) VALUES('120713050866437','109596806181092','0')
INSERT INTO Categories (CatID,ListUnder,CategoryName,Description,Keywords,CatType,Moderator,AccessKeys,WriteKeys,SEODescription,SEOPageTitle,ManageKeys,AccessHide,WriteHide,ExcPortalSecurity,Weight,ShowList,Sharing) VALUES('154437582882648','135035747812458','Printing','','','','Moderator','|2|,|3|,|1|,|4|','|2|,|3|,|4|','','','|2|','0','0','0','2000','1','1')
INSERT INTO CategoriesModules (UniqueID,CatID,ModuleID) VALUES('149156570028078','154437582882648','20')
INSERT INTO CategoriesPortals (UniqueID,CatID,PortalID) VALUES('542600651707083','154437582882648','0')
INSERT INTO Categories (CatID,ListUnder,CategoryName,Description,Keywords,CatType,Moderator,AccessKeys,WriteKeys,SEODescription,SEOPageTitle,ManageKeys,AccessHide,WriteHide,ExcPortalSecurity,Weight,ShowList,Sharing) VALUES('101483391481304','112191732677701','Private Forest L','','','','Moderator','|2|,|3|,|1|,|4|','|2|,|3|,|4|','','','|2|','0','0','0','2000','1','1')
INSERT INTO CategoriesModules (UniqueID,CatID,ModuleID) VALUES('195837691981351','101483391481304','20')
INSERT INTO CategoriesPortals (UniqueID,CatID,PortalID) VALUES('143846663546648','101483391481304','0')
INSERT INTO Categories (CatID,ListUnder,CategoryName,Description,Keywords,CatType,Moderator,AccessKeys,WriteKeys,SEODescription,SEOPageTitle,ManageKeys,AccessHide,WriteHide,ExcPortalSecurity,Weight,ShowList,Sharing) VALUES('172073012137632','586429740707257','Privately Owned Companies','','','','Moderator','|2|,|3|,|1|,|4|','|2|,|3|,|4|','','','|2|','0','0','0','2000','1','1')
INSERT INTO CategoriesModules (UniqueID,CatID,ModuleID) VALUES('617085999025887','172073012137632','20')
INSERT INTO CategoriesPortals (UniqueID,CatID,PortalID) VALUES('241411121119682','172073012137632','0')
INSERT INTO Categories (CatID,ListUnder,CategoryName,Description,Keywords,CatType,Moderator,AccessKeys,WriteKeys,SEODescription,SEOPageTitle,ManageKeys,AccessHide,WriteHide,ExcPortalSecurity,Weight,ShowList,Sharing) VALUES('140584960955825','284131841433627','Process Control','','','','Moderator','|2|,|3|,|1|,|4|','|2|,|3|,|4|','','','|2|','0','0','0','2000','1','1')
INSERT INTO CategoriesModules (UniqueID,CatID,ModuleID) VALUES('859797491175279','140584960955825','20')
INSERT INTO CategoriesPortals (UniqueID,CatID,PortalID) VALUES('150515181783416','140584960955825','0')
INSERT INTO Categories (CatID,ListUnder,CategoryName,Description,Keywords,CatType,Moderator,AccessKeys,WriteKeys,SEODescription,SEOPageTitle,ManageKeys,AccessHide,WriteHide,ExcPortalSecurity,Weight,ShowList,Sharing) VALUES('173357986342631','138186154628395','Process Equipment','','','','Moderator','|2|,|3|,|1|,|4|','|2|,|3|,|4|','','','|2|','0','0','0','2000','1','1')
INSERT INTO CategoriesModules (UniqueID,CatID,ModuleID) VALUES('109464013251108','173357986342631','20')
INSERT INTO CategoriesPortals (UniqueID,CatID,PortalID) VALUES('876595411476442','173357986342631','0')
INSERT INTO Categories (CatID,ListUnder,CategoryName,Description,Keywords,CatType,Moderator,AccessKeys,WriteKeys,SEODescription,SEOPageTitle,ManageKeys,AccessHide,WriteHide,ExcPortalSecurity,Weight,ShowList,Sharing) VALUES('165134227813583','649676848876777','Process Improvement','','','','Moderator','|2|,|3|,|1|,|4|','|2|,|3|,|4|','','','|2|','0','0','0','2000','1','1')
INSERT INTO CategoriesModules (UniqueID,CatID,ModuleID) VALUES('705177123373420','165134227813583','20')
INSERT INTO CategoriesPortals (UniqueID,CatID,PortalID) VALUES('642391684847784','165134227813583','0')
INSERT INTO Categories (CatID,ListUnder,CategoryName,Description,Keywords,CatType,Moderator,AccessKeys,WriteKeys,SEODescription,SEOPageTitle,ManageKeys,AccessHide,WriteHide,ExcPortalSecurity,Weight,ShowList,Sharing) VALUES('104908867965312','208392173185557','Process Optimization','','','','Moderator','|2|,|3|,|1|,|4|','|2|,|3|,|4|','','','|2|','0','0','0','2000','1','1')
INSERT INTO CategoriesModules (UniqueID,CatID,ModuleID) VALUES('445449818406199','104908867965312','20')
INSERT INTO CategoriesPortals (UniqueID,CatID,PortalID) VALUES('155414130639894','104908867965312','0')
INSERT INTO Categories (CatID,ListUnder,CategoryName,Description,Keywords,CatType,Moderator,AccessKeys,WriteKeys,SEODescription,SEOPageTitle,ManageKeys,AccessHide,WriteHide,ExcPortalSecurity,Weight,ShowList,Sharing) VALUES('180431214688220','154437582882648','Processes','','','','Moderator','|2|,|3|,|1|,|4|','|2|,|3|,|4|','','','|2|','0','0','0','2000','1','1')
INSERT INTO CategoriesModules (UniqueID,CatID,ModuleID) VALUES('102470975633565','180431214688220','20')
INSERT INTO CategoriesPortals (UniqueID,CatID,PortalID) VALUES('103335872452112','180431214688220','0')
INSERT INTO Categories (CatID,ListUnder,CategoryName,Description,Keywords,CatType,Moderator,AccessKeys,WriteKeys,SEODescription,SEOPageTitle,ManageKeys,AccessHide,WriteHide,ExcPortalSecurity,Weight,ShowList,Sharing) VALUES('172236693381086','126219373520539','Processors','','','','Moderator','|2|,|3|,|1|,|4|','|2|,|3|,|4|','','','|2|','0','0','0','2000','1','1')
INSERT INTO CategoriesModules (UniqueID,CatID,ModuleID) VALUES('149409767372585','172236693381086','20')
INSERT INTO CategoriesPortals (UniqueID,CatID,PortalID) VALUES('799122877215425','172236693381086','0')
INSERT INTO Categories (CatID,ListUnder,CategoryName,Description,Keywords,CatType,Moderator,AccessKeys,WriteKeys,SEODescription,SEOPageTitle,ManageKeys,AccessHide,WriteHide,ExcPortalSecurity,Weight,ShowList,Sharing) VALUES('338884214426716','678131355466795','Processors','','','','Moderator','|2|,|3|,|1|,|4|','|2|,|3|,|4|','','','|2|','0','0','0','2000','1','1')
INSERT INTO CategoriesModules (UniqueID,CatID,ModuleID) VALUES('155608387947688','338884214426716','20')
INSERT INTO CategoriesPortals (UniqueID,CatID,PortalID) VALUES('598090775432965','338884214426716','0')
INSERT INTO Categories (CatID,ListUnder,CategoryName,Description,Keywords,CatType,Moderator,AccessKeys,WriteKeys,SEODescription,SEOPageTitle,ManageKeys,AccessHide,WriteHide,ExcPortalSecurity,Weight,ShowList,Sharing) VALUES('189238540572357','180637350615341','Produce','','','','Moderator','|2|,|3|,|1|,|4|','|2|,|3|,|4|','','','|2|','0','0','0','2000','1','1')
INSERT INTO CategoriesModules (UniqueID,CatID,ModuleID) VALUES('429689645761443','189238540572357','20')
INSERT INTO CategoriesPortals (UniqueID,CatID,PortalID) VALUES('361084194747383','189238540572357','0')
INSERT INTO Categories (CatID,ListUnder,CategoryName,Description,Keywords,CatType,Moderator,AccessKeys,WriteKeys,SEODescription,SEOPageTitle,ManageKeys,AccessHide,WriteHide,ExcPortalSecurity,Weight,ShowList,Sharing) VALUES('147905635563122','152296721796111','Producers','','','','Moderator','|2|,|3|,|1|,|4|','|2|,|3|,|4|','','','|2|','0','0','0','2000','1','1')
INSERT INTO CategoriesModules (UniqueID,CatID,ModuleID) VALUES('625603892332858','147905635563122','20')
INSERT INTO CategoriesPortals (UniqueID,CatID,PortalID) VALUES('499720573831184','147905635563122','0')
INSERT INTO Categories (CatID,ListUnder,CategoryName,Description,Keywords,CatType,Moderator,AccessKeys,WriteKeys,SEODescription,SEOPageTitle,ManageKeys,AccessHide,WriteHide,ExcPortalSecurity,Weight,ShowList,Sharing) VALUES('143797068012175','500531127112354','Product Development','','','','Moderator','|2|,|3|,|1|,|4|','|2|,|3|,|4|','','','|2|','0','0','0','2000','1','1')
INSERT INTO CategoriesModules (UniqueID,CatID,ModuleID) VALUES('114084320918640','143797068012175','20')
INSERT INTO CategoriesPortals (UniqueID,CatID,PortalID) VALUES('102925933228363','143797068012175','0')
INSERT INTO Categories (CatID,ListUnder,CategoryName,Description,Keywords,CatType,Moderator,AccessKeys,WriteKeys,SEODescription,SEOPageTitle,ManageKeys,AccessHide,WriteHide,ExcPortalSecurity,Weight,ShowList,Sharing) VALUES('112737520283924','174107091852658','Product Development','','','','Moderator','|2|,|3|,|1|,|4|','|2|,|3|,|4|','','','|2|','0','0','0','2000','1','1')
INSERT INTO CategoriesModules (UniqueID,CatID,ModuleID) VALUES('635925804618684','112737520283924','20')
INSERT INTO CategoriesPortals (UniqueID,CatID,PortalID) VALUES('823091290618494','112737520283924','0')
INSERT INTO Categories (CatID,ListUnder,CategoryName,Description,Keywords,CatType,Moderator,AccessKeys,WriteKeys,SEODescription,SEOPageTitle,ManageKeys,AccessHide,WriteHide,ExcPortalSecurity,Weight,ShowList,Sharing) VALUES('486928168566768','186032997883175','Production','','','','Moderator','|2|,|3|,|1|,|4|','|2|,|3|,|4|','','','|2|','0','0','0','2000','1','1')
INSERT INTO CategoriesModules (UniqueID,CatID,ModuleID) VALUES('152460851656851','486928168566768','20')
INSERT INTO CategoriesPortals (UniqueID,CatID,PortalID) VALUES('205636215955826','486928168566768','0')
INSERT INTO Categories (CatID,ListUnder,CategoryName,Description,Keywords,CatType,Moderator,AccessKeys,WriteKeys,SEODescription,SEOPageTitle,ManageKeys,AccessHide,WriteHide,ExcPortalSecurity,Weight,ShowList,Sharing) VALUES('113015549986708','112191732677701','Production Equipment','','','','Moderator','|2|,|3|,|1|,|4|','|2|,|3|,|4|','','','|2|','0','0','0','2000','1','1')
INSERT INTO CategoriesModules (UniqueID,CatID,ModuleID) VALUES('232383797784423','113015549986708','20')
INSERT INTO CategoriesPortals (UniqueID,CatID,PortalID) VALUES('129420985917039','113015549986708','0')
INSERT INTO Categories (CatID,ListUnder,CategoryName,Description,Keywords,CatType,Moderator,AccessKeys,WriteKeys,SEODescription,SEOPageTitle,ManageKeys,AccessHide,WriteHide,ExcPortalSecurity,Weight,ShowList,Sharing) VALUES('342123066227365','161898503042338','Production Equipment Materials','','','','Moderator','|2|,|3|,|1|,|4|','|2|,|3|,|4|','','','|2|','0','0','0','2000','1','1')
INSERT INTO CategoriesModules (UniqueID,CatID,ModuleID) VALUES('542585777389621','342123066227365','20')
INSERT INTO CategoriesPortals (UniqueID,CatID,PortalID) VALUES('944081307234692','342123066227365','0')
INSERT INTO Categories (CatID,ListUnder,CategoryName,Description,Keywords,CatType,Moderator,AccessKeys,WriteKeys,SEODescription,SEOPageTitle,ManageKeys,AccessHide,WriteHide,ExcPortalSecurity,Weight,ShowList,Sharing) VALUES('272777515339485','152296721796111','Production Services','','','','Moderator','|2|,|3|,|1|,|4|','|2|,|3|,|4|','','','|2|','0','0','0','2000','1','1')
INSERT INTO CategoriesModules (UniqueID,CatID,ModuleID) VALUES('138783390506728','272777515339485','20')
INSERT INTO CategoriesPortals (UniqueID,CatID,PortalID) VALUES('210605130364179','272777515339485','0')
INSERT INTO Categories (CatID,ListUnder,CategoryName,Description,Keywords,CatType,Moderator,AccessKeys,WriteKeys,SEODescription,SEOPageTitle,ManageKeys,AccessHide,WriteHide,ExcPortalSecurity,Weight,ShowList,Sharing) VALUES('208466062016447','696248301012678','Products','','','','Moderator','|2|,|3|,|1|,|4|','|2|,|3|,|4|','','','|2|','0','0','0','2000','1','1')
INSERT INTO CategoriesModules (UniqueID,CatID,ModuleID) VALUES('722703487717574','208466062016447','20')
INSERT INTO CategoriesPortals (UniqueID,CatID,PortalID) VALUES('149463423686164','208466062016447','0')
INSERT INTO Categories (CatID,ListUnder,CategoryName,Description,Keywords,CatType,Moderator,AccessKeys,WriteKeys,SEODescription,SEOPageTitle,ManageKeys,AccessHide,WriteHide,ExcPortalSecurity,Weight,ShowList,Sharing) VALUES('444356023884415','154437582882648','Products','','','','Moderator','|2|,|3|,|1|,|4|','|2|,|3|,|4|','','','|2|','0','0','0','2000','1','1')
INSERT INTO CategoriesModules (UniqueID,CatID,ModuleID) VALUES('573383197778455','444356023884415','20')
INSERT INTO CategoriesPortals (UniqueID,CatID,PortalID) VALUES('284955164552117','444356023884415','0')
INSERT INTO Categories (CatID,ListUnder,CategoryName,Description,Keywords,CatType,Moderator,AccessKeys,WriteKeys,SEODescription,SEOPageTitle,ManageKeys,AccessHide,WriteHide,ExcPortalSecurity,Weight,ShowList,Sharing) VALUES('966644555252478','407246154476726','Products','','','','Moderator','|2|,|3|,|1|,|4|','|2|,|3|,|4|','','','|2|','0','0','0','2000','1','1')
INSERT INTO CategoriesModules (UniqueID,CatID,ModuleID) VALUES('823383639044081','966644555252478','20')
INSERT INTO CategoriesPortals (UniqueID,CatID,PortalID) VALUES('112211517870387','966644555252478','0')
INSERT INTO Categories (CatID,ListUnder,CategoryName,Description,Keywords,CatType,Moderator,AccessKeys,WriteKeys,SEODescription,SEOPageTitle,ManageKeys,AccessHide,WriteHide,ExcPortalSecurity,Weight,ShowList,Sharing) VALUES('156295283355533','281579693301792','Products','','','','Moderator','|2|,|3|,|1|,|4|','|2|,|3|,|4|','','','|2|','0','0','0','2000','1','1')
INSERT INTO CategoriesModules (UniqueID,CatID,ModuleID) VALUES('146149391424227','156295283355533','20')
INSERT INTO CategoriesPortals (UniqueID,CatID,PortalID) VALUES('186561603834908','156295283355533','0')
INSERT INTO Categories (CatID,ListUnder,CategoryName,Description,Keywords,CatType,Moderator,AccessKeys,WriteKeys,SEODescription,SEOPageTitle,ManageKeys,AccessHide,WriteHide,ExcPortalSecurity,Weight,ShowList,Sharing) VALUES('402315076658578','145202125515135','Products Consulting Services','','','','Moderator','|2|,|3|,|1|,|4|','|2|,|3|,|4|','','','|2|','0','0','0','2000','1','1')
INSERT INTO CategoriesModules (UniqueID,CatID,ModuleID) VALUES('201734206383600','402315076658578','20')
INSERT INTO CategoriesPortals (UniqueID,CatID,PortalID) VALUES('205949636055733','402315076658578','0')
INSERT INTO Categories (CatID,ListUnder,CategoryName,Description,Keywords,CatType,Moderator,AccessKeys,WriteKeys,SEODescription,SEOPageTitle,ManageKeys,AccessHide,WriteHide,ExcPortalSecurity,Weight,ShowList,Sharing) VALUES('411894968531454','120268798198852','Products Evaluation','','','','Moderator','|2|,|3|,|1|,|4|','|2|,|3|,|4|','','','|2|','0','0','0','2000','1','1')
INSERT INTO CategoriesModules (UniqueID,CatID,ModuleID) VALUES('168605523548742','411894968531454','20')
INSERT INTO CategoriesPortals (UniqueID,CatID,PortalID) VALUES('150084248641124','411894968531454','0')
INSERT INTO Categories (CatID,ListUnder,CategoryName,Description,Keywords,CatType,Moderator,AccessKeys,WriteKeys,SEODescription,SEOPageTitle,ManageKeys,AccessHide,WriteHide,ExcPortalSecurity,Weight,ShowList,Sharing) VALUES('153991554677553','186370497978018','Products Services','','','','Moderator','|2|,|3|,|1|,|4|','|2|,|3|,|4|','','','|2|','0','0','0','2000','1','1')
INSERT INTO CategoriesModules (UniqueID,CatID,ModuleID) VALUES('131349480596159','153991554677553','20')
INSERT INTO CategoriesPortals (UniqueID,CatID,PortalID) VALUES('175110202154757','153991554677553','0')
INSERT INTO Categories (CatID,ListUnder,CategoryName,Description,Keywords,CatType,Moderator,AccessKeys,WriteKeys,SEODescription,SEOPageTitle,ManageKeys,AccessHide,WriteHide,ExcPortalSecurity,Weight,ShowList,Sharing) VALUES('942720385011235','676715459041125','Products Supplies','','','','Moderator','|2|,|3|,|1|,|4|','|2|,|3|,|4|','','','|2|','0','0','0','2000','1','1')
INSERT INTO CategoriesModules (UniqueID,CatID,ModuleID) VALUES('177247021649380','942720385011235','20')
INSERT INTO CategoriesPortals (UniqueID,CatID,PortalID) VALUES('214258997646178','942720385011235','0')
INSERT INTO Categories (CatID,ListUnder,CategoryName,Description,Keywords,CatType,Moderator,AccessKeys,WriteKeys,SEODescription,SEOPageTitle,ManageKeys,AccessHide,WriteHide,ExcPortalSecurity,Weight,ShowList,Sharing) VALUES('870822128188473','211779882274336','Professional Services','','','','Moderator','|2|,|3|,|1|,|4|','|2|,|3|,|4|','','','|2|','0','0','0','2000','1','1')
INSERT INTO CategoriesModules (UniqueID,CatID,ModuleID) VALUES('211468915378254','870822128188473','20')
INSERT INTO CategoriesPortals (UniqueID,CatID,PortalID) VALUES('979432082186878','870822128188473','0')
INSERT INTO Categories (CatID,ListUnder,CategoryName,Description,Keywords,CatType,Moderator,AccessKeys,WriteKeys,SEODescription,SEOPageTitle,ManageKeys,AccessHide,WriteHide,ExcPortalSecurity,Weight,ShowList,Sharing) VALUES('165586839479048','174578511035830','Professionals','','','','Moderator','|2|,|3|,|1|,|4|','|2|,|3|,|4|','','','|2|','0','0','0','2000','1','1')
INSERT INTO CategoriesModules (UniqueID,CatID,ModuleID) VALUES('136152885564656','165586839479048','20')
INSERT INTO CategoriesPortals (UniqueID,CatID,PortalID) VALUES('504921636994673','165586839479048','0')
INSERT INTO Categories (CatID,ListUnder,CategoryName,Description,Keywords,CatType,Moderator,AccessKeys,WriteKeys,SEODescription,SEOPageTitle,ManageKeys,AccessHide,WriteHide,ExcPortalSecurity,Weight,ShowList,Sharing) VALUES('715763931953951','284131841433627','Programmable Logic Controllers','','','','Moderator','|2|,|3|,|1|,|4|','|2|,|3|,|4|','','','|2|','0','0','0','2000','1','1')
INSERT INTO CategoriesModules (UniqueID,CatID,ModuleID) VALUES('163493615684603','715763931953951','20')
INSERT INTO CategoriesPortals (UniqueID,CatID,PortalID) VALUES('982214000113478','715763931953951','0')
INSERT INTO Categories (CatID,ListUnder,CategoryName,Description,Keywords,CatType,Moderator,AccessKeys,WriteKeys,SEODescription,SEOPageTitle,ManageKeys,AccessHide,WriteHide,ExcPortalSecurity,Weight,ShowList,Sharing) VALUES('267463423350065','468964763450112','Project Management','','','','Moderator','|2|,|3|,|1|,|4|','|2|,|3|,|4|','','','|2|','0','0','0','2000','1','1')
INSERT INTO CategoriesModules (UniqueID,CatID,ModuleID) VALUES('205301046454396','267463423350065','20')
INSERT INTO CategoriesPortals (UniqueID,CatID,PortalID) VALUES('103783032632433','267463423350065','0')
INSERT INTO Categories (CatID,ListUnder,CategoryName,Description,Keywords,CatType,Moderator,AccessKeys,WriteKeys,SEODescription,SEOPageTitle,ManageKeys,AccessHide,WriteHide,ExcPortalSecurity,Weight,ShowList,Sharing) VALUES('475614912861318','138401084934556','Project Program Management','','','','Moderator','|2|,|3|,|1|,|4|','|2|,|3|,|4|','','','|2|','0','0','0','2000','1','1')
INSERT INTO CategoriesModules (UniqueID,CatID,ModuleID) VALUES('123362666132474','475614912861318','20')
INSERT INTO CategoriesPortals (UniqueID,CatID,PortalID) VALUES('121536718071182','475614912861318','0')
INSERT INTO Categories (CatID,ListUnder,CategoryName,Description,Keywords,CatType,Moderator,AccessKeys,WriteKeys,SEODescription,SEOPageTitle,ManageKeys,AccessHide,WriteHide,ExcPortalSecurity,Weight,ShowList,Sharing) VALUES('152182725643931','197042017854268','Promotional','','','','Moderator','|2|,|3|,|1|,|4|','|2|,|3|,|4|','','','|2|','0','0','0','2000','1','1')
INSERT INTO CategoriesModules (UniqueID,CatID,ModuleID) VALUES('126023441043340','152182725643931','20')
INSERT INTO CategoriesPortals (UniqueID,CatID,PortalID) VALUES('111673792940048','152182725643931','0')
INSERT INTO Categories (CatID,ListUnder,CategoryName,Description,Keywords,CatType,Moderator,AccessKeys,WriteKeys,SEODescription,SEOPageTitle,ManageKeys,AccessHide,WriteHide,ExcPortalSecurity,Weight,ShowList,Sharing) VALUES('453823403513151','206314713517386','Promotional Items','','','','Moderator','|2|,|3|,|1|,|4|','|2|,|3|,|4|','','','|2|','0','0','0','2000','1','1')
INSERT INTO CategoriesModules (UniqueID,CatID,ModuleID) VALUES('225011383595641','453823403513151','20')
INSERT INTO CategoriesPortals (UniqueID,CatID,PortalID) VALUES('939175101116564','453823403513151','0')
INSERT INTO Categories (CatID,ListUnder,CategoryName,Description,Keywords,CatType,Moderator,AccessKeys,WriteKeys,SEODescription,SEOPageTitle,ManageKeys,AccessHide,WriteHide,ExcPortalSecurity,Weight,ShowList,Sharing) VALUES('213785065467420','185728045685285','Promotional Products','','','','Moderator','|2|,|3|,|1|,|4|','|2|,|3|,|4|','','','|2|','0','0','0','2000','1','1')
INSERT INTO CategoriesModules (UniqueID,CatID,ModuleID) VALUES('169726551836341','213785065467420','20')
INSERT INTO CategoriesPortals (UniqueID,CatID,PortalID) VALUES('141600167681338','213785065467420','0')
INSERT INTO Categories (CatID,ListUnder,CategoryName,Description,Keywords,CatType,Moderator,AccessKeys,WriteKeys,SEODescription,SEOPageTitle,ManageKeys,AccessHide,WriteHide,ExcPortalSecurity,Weight,ShowList,Sharing) VALUES('850954258178532','518067943485998','Property Casualty','','','','Moderator','|2|,|3|,|1|,|4|','|2|,|3|,|4|','','','|2|','0','0','0','2000','1','1')
INSERT INTO CategoriesModules (UniqueID,CatID,ModuleID) VALUES('171935016958511','850954258178532','20')
INSERT INTO CategoriesPortals (UniqueID,CatID,PortalID) VALUES('128808744982279','850954258178532','0')
INSERT INTO Categories (CatID,ListUnder,CategoryName,Description,Keywords,CatType,Moderator,AccessKeys,WriteKeys,SEODescription,SEOPageTitle,ManageKeys,AccessHide,WriteHide,ExcPortalSecurity,Weight,ShowList,Sharing) VALUES('826858200765238','412429472676434','Property Management','','','','Moderator','|2|,|3|,|1|,|4|','|2|,|3|,|4|','','','|2|','0','0','0','2000','1','1')
INSERT INTO CategoriesModules (UniqueID,CatID,ModuleID) VALUES('191678909221130','826858200765238','20')
INSERT INTO CategoriesPortals (UniqueID,CatID,PortalID) VALUES('829304525457401','826858200765238','0')
INSERT INTO Categories (CatID,ListUnder,CategoryName,Description,Keywords,CatType,Moderator,AccessKeys,WriteKeys,SEODescription,SEOPageTitle,ManageKeys,AccessHide,WriteHide,ExcPortalSecurity,Weight,ShowList,Sharing) VALUES('111087500086864','130715260441650','Property Management Systems','','','','Moderator','|2|,|3|,|1|,|4|','|2|,|3|,|4|','','','|2|','0','0','0','2000','1','1')
INSERT INTO CategoriesModules (UniqueID,CatID,ModuleID) VALUES('147781344762463','111087500086864','20')
INSERT INTO CategoriesPortals (UniqueID,CatID,PortalID) VALUES('131212729626736','111087500086864','0')
INSERT INTO Categories (CatID,ListUnder,CategoryName,Description,Keywords,CatType,Moderator,AccessKeys,WriteKeys,SEODescription,SEOPageTitle,ManageKeys,AccessHide,WriteHide,ExcPortalSecurity,Weight,ShowList,Sharing) VALUES('127477220183151','153991554677553','Prosthetics','','','','Moderator','|2|,|3|,|1|,|4|','|2|,|3|,|4|','','','|2|','0','0','0','2000','1','1')
INSERT INTO CategoriesModules (UniqueID,CatID,ModuleID) VALUES('721727652174684','127477220183151','20')
INSERT INTO CategoriesPortals (UniqueID,CatID,PortalID) VALUES('173945655125948','127477220183151','0')
INSERT INTO Categories (CatID,ListUnder,CategoryName,Description,Keywords,CatType,Moderator,AccessKeys,WriteKeys,SEODescription,SEOPageTitle,ManageKeys,AccessHide,WriteHide,ExcPortalSecurity,Weight,ShowList,Sharing) VALUES('852607715805148','298288999359661','Providers','','','','Moderator','|2|,|3|,|1|,|4|','|2|,|3|,|4|','','','|2|','0','0','0','2000','1','1')
INSERT INTO CategoriesModules (UniqueID,CatID,ModuleID) VALUES('205443253353132','852607715805148','20')
INSERT INTO CategoriesPortals (UniqueID,CatID,PortalID) VALUES('836231289725365','852607715805148','0')
INSERT INTO Categories (CatID,ListUnder,CategoryName,Description,Keywords,CatType,Moderator,AccessKeys,WriteKeys,SEODescription,SEOPageTitle,ManageKeys,AccessHide,WriteHide,ExcPortalSecurity,Weight,ShowList,Sharing) VALUES('372045017318685','123803171009424','Providers','','','','Moderator','|2|,|3|,|1|,|4|','|2|,|3|,|4|','','','|2|','0','0','0','2000','1','1')
INSERT INTO CategoriesModules (UniqueID,CatID,ModuleID) VALUES('942388393922581','372045017318685','20')
INSERT INTO CategoriesPortals (UniqueID,CatID,PortalID) VALUES('151127076589166','372045017318685','0')
INSERT INTO Categories (CatID,ListUnder,CategoryName,Description,Keywords,CatType,Moderator,AccessKeys,WriteKeys,SEODescription,SEOPageTitle,ManageKeys,AccessHide,WriteHide,ExcPortalSecurity,Weight,ShowList,Sharing) VALUES('144601480828687','213563058167417','Public Relations','','','','Moderator','|2|,|3|,|1|,|4|','|2|,|3|,|4|','','','|2|','0','0','0','2000','1','1')
INSERT INTO CategoriesModules (UniqueID,CatID,ModuleID) VALUES('206056457184443','144601480828687','20')
INSERT INTO CategoriesPortals (UniqueID,CatID,PortalID) VALUES('183656617584448','144601480828687','0')
INSERT INTO Categories (CatID,ListUnder,CategoryName,Description,Keywords,CatType,Moderator,AccessKeys,WriteKeys,SEODescription,SEOPageTitle,ManageKeys,AccessHide,WriteHide,ExcPortalSecurity,Weight,ShowList,Sharing) VALUES('194648761483505','138401084934556','Public Sector','','','','Moderator','|2|,|3|,|1|,|4|','|2|,|3|,|4|','','','|2|','0','0','0','2000','1','1')
INSERT INTO CategoriesModules (UniqueID,CatID,ModuleID) VALUES('258023421976368','194648761483505','20')
INSERT INTO CategoriesPortals (UniqueID,CatID,PortalID) VALUES('352102315428734','194648761483505','0')
INSERT INTO Categories (CatID,ListUnder,CategoryName,Description,Keywords,CatType,Moderator,AccessKeys,WriteKeys,SEODescription,SEOPageTitle,ManageKeys,AccessHide,WriteHide,ExcPortalSecurity,Weight,ShowList,Sharing) VALUES('172860809727316','183131383188741','Public Speaking','','','','Moderator','|2|,|3|,|1|,|4|','|2|,|3|,|4|','','','|2|','0','0','0','2000','1','1')
INSERT INTO CategoriesModules (UniqueID,CatID,ModuleID) VALUES('167478580627497','172860809727316','20')
INSERT INTO CategoriesPortals (UniqueID,CatID,PortalID) VALUES('690310815878803','172860809727316','0')
INSERT INTO Categories (CatID,ListUnder,CategoryName,Description,Keywords,CatType,Moderator,AccessKeys,WriteKeys,SEODescription,SEOPageTitle,ManageKeys,AccessHide,WriteHide,ExcPortalSecurity,Weight,ShowList,Sharing) VALUES('438141330563341','436976411412977','Publicly Traded','','','','Moderator','|2|,|3|,|1|,|4|','|2|,|3|,|4|','','','|2|','0','0','0','2000','1','1')
INSERT INTO CategoriesModules (UniqueID,CatID,ModuleID) VALUES('112723085154784','438141330563341','20')
INSERT INTO CategoriesPortals (UniqueID,CatID,PortalID) VALUES('128613630450427','438141330563341','0')
INSERT INTO Categories (CatID,ListUnder,CategoryName,Description,Keywords,CatType,Moderator,AccessKeys,WriteKeys,SEODescription,SEOPageTitle,ManageKeys,AccessHide,WriteHide,ExcPortalSecurity,Weight,ShowList,Sharing) VALUES('158188270226404','135035747812458','Publishing','','','','Moderator','|2|,|3|,|1|,|4|','|2|,|3|,|4|','','','|2|','0','0','0','2000','1','1')
INSERT INTO CategoriesModules (UniqueID,CatID,ModuleID) VALUES('132444897812955','158188270226404','20')
INSERT INTO CategoriesPortals (UniqueID,CatID,PortalID) VALUES('396585298285215','158188270226404','0')
INSERT INTO Categories (CatID,ListUnder,CategoryName,Description,Keywords,CatType,Moderator,AccessKeys,WriteKeys,SEODescription,SEOPageTitle,ManageKeys,AccessHide,WriteHide,ExcPortalSecurity,Weight,ShowList,Sharing) VALUES('135035747812458','0','Publishing Printing','','','','Moderator','|2|,|3|,|1|,|4|','|2|,|3|,|4|','','','|2|','0','0','0','2000','1','1')
INSERT INTO CategoriesModules (UniqueID,CatID,ModuleID) VALUES('202852453558234','135035747812458','20')
INSERT INTO CategoriesPortals (UniqueID,CatID,PortalID) VALUES('172818366533269','135035747812458','0')
INSERT INTO Categories (CatID,ListUnder,CategoryName,Description,Keywords,CatType,Moderator,AccessKeys,WriteKeys,SEODescription,SEOPageTitle,ManageKeys,AccessHide,WriteHide,ExcPortalSecurity,Weight,ShowList,Sharing) VALUES('929571934562383','174107091852658','Pulsed Power','','','','Moderator','|2|,|3|,|1|,|4|','|2|,|3|,|4|','','','|2|','0','0','0','2000','1','1')
INSERT INTO CategoriesModules (UniqueID,CatID,ModuleID) VALUES('146418391771657','929571934562383','20')
INSERT INTO CategoriesPortals (UniqueID,CatID,PortalID) VALUES('443348983349783','929571934562383','0')
INSERT INTO Categories (CatID,ListUnder,CategoryName,Description,Keywords,CatType,Moderator,AccessKeys,WriteKeys,SEODescription,SEOPageTitle,ManageKeys,AccessHide,WriteHide,ExcPortalSecurity,Weight,ShowList,Sharing) VALUES('142018867385637','727012399526175','Pumps','','','','Moderator','|2|,|3|,|1|,|4|','|2|,|3|,|4|','','','|2|','0','0','0','2000','1','1')
INSERT INTO CategoriesModules (UniqueID,CatID,ModuleID) VALUES('408251631352329','142018867385637','20')
INSERT INTO CategoriesPortals (UniqueID,CatID,PortalID) VALUES('188269777214671','142018867385637','0')
INSERT INTO Categories (CatID,ListUnder,CategoryName,Description,Keywords,CatType,Moderator,AccessKeys,WriteKeys,SEODescription,SEOPageTitle,ManageKeys,AccessHide,WriteHide,ExcPortalSecurity,Weight,ShowList,Sharing) VALUES('110330933615825','183131383188741','Quality Control Tracking','','','','Moderator','|2|,|3|,|1|,|4|','|2|,|3|,|4|','','','|2|','0','0','0','2000','1','1')
INSERT INTO CategoriesModules (UniqueID,CatID,ModuleID) VALUES('331623646486469','110330933615825','20')
INSERT INTO CategoriesPortals (UniqueID,CatID,PortalID) VALUES('151629612367369','110330933615825','0')
INSERT INTO Categories (CatID,ListUnder,CategoryName,Description,Keywords,CatType,Moderator,AccessKeys,WriteKeys,SEODescription,SEOPageTitle,ManageKeys,AccessHide,WriteHide,ExcPortalSecurity,Weight,ShowList,Sharing) VALUES('174561868351257','565581992163321','Quarry Aggregate Production','','','','Moderator','|2|,|3|,|1|,|4|','|2|,|3|,|4|','','','|2|','0','0','0','2000','1','1')
INSERT INTO CategoriesModules (UniqueID,CatID,ModuleID) VALUES('510932660638127','174561868351257','20')
INSERT INTO CategoriesPortals (UniqueID,CatID,PortalID) VALUES('154057847322883','174561868351257','0')
INSERT INTO Categories (CatID,ListUnder,CategoryName,Description,Keywords,CatType,Moderator,AccessKeys,WriteKeys,SEODescription,SEOPageTitle,ManageKeys,AccessHide,WriteHide,ExcPortalSecurity,Weight,ShowList,Sharing) VALUES('151788004774285','504358599663048','Quotes','','','','Moderator','|2|,|3|,|1|,|4|','|2|,|3|,|4|','','','|2|','0','0','0','2000','1','1')
INSERT INTO CategoriesModules (UniqueID,CatID,ModuleID) VALUES('513792104393571','151788004774285','20')
INSERT INTO CategoriesPortals (UniqueID,CatID,PortalID) VALUES('461321347598018','151788004774285','0')
INSERT INTO Categories (CatID,ListUnder,CategoryName,Description,Keywords,CatType,Moderator,AccessKeys,WriteKeys,SEODescription,SEOPageTitle,ManageKeys,AccessHide,WriteHide,ExcPortalSecurity,Weight,ShowList,Sharing) VALUES('203917159619127','877724855173932','Racing','','','','Moderator','|2|,|3|,|1|,|4|','|2|,|3|,|4|','','','|2|','0','0','0','2000','1','1')
INSERT INTO CategoriesModules (UniqueID,CatID,ModuleID) VALUES('168653742367322','203917159619127','20')
INSERT INTO CategoriesPortals (UniqueID,CatID,PortalID) VALUES('531887591261845','203917159619127','0')
INSERT INTO Categories (CatID,ListUnder,CategoryName,Description,Keywords,CatType,Moderator,AccessKeys,WriteKeys,SEODescription,SEOPageTitle,ManageKeys,AccessHide,WriteHide,ExcPortalSecurity,Weight,ShowList,Sharing) VALUES('205227792617158','185728045685285','Radio Jingles','','','','Moderator','|2|,|3|,|1|,|4|','|2|,|3|,|4|','','','|2|','0','0','0','2000','1','1')
INSERT INTO CategoriesModules (UniqueID,CatID,ModuleID) VALUES('171329112321417','205227792617158','20')
INSERT INTO CategoriesPortals (UniqueID,CatID,PortalID) VALUES('102640371884470','205227792617158','0')
INSERT INTO Categories (CatID,ListUnder,CategoryName,Description,Keywords,CatType,Moderator,AccessKeys,WriteKeys,SEODescription,SEOPageTitle,ManageKeys,AccessHide,WriteHide,ExcPortalSecurity,Weight,ShowList,Sharing) VALUES('147331948958465','206314713517386','Radio Transmitters','','','','Moderator','|2|,|3|,|1|,|4|','|2|,|3|,|4|','','','|2|','0','0','0','2000','1','1')
INSERT INTO CategoriesModules (UniqueID,CatID,ModuleID) VALUES('115329392466652','147331948958465','20')
INSERT INTO CategoriesPortals (UniqueID,CatID,PortalID) VALUES('666222247635467','147331948958465','0')
INSERT INTO Categories (CatID,ListUnder,CategoryName,Description,Keywords,CatType,Moderator,AccessKeys,WriteKeys,SEODescription,SEOPageTitle,ManageKeys,AccessHide,WriteHide,ExcPortalSecurity,Weight,ShowList,Sharing) VALUES('696248301012678','205739367724222','Rail','','','','Moderator','|2|,|3|,|1|,|4|','|2|,|3|,|4|','','','|2|','0','0','0','2000','1','1')
INSERT INTO CategoriesModules (UniqueID,CatID,ModuleID) VALUES('152803299365155','696248301012678','20')
INSERT INTO CategoriesPortals (UniqueID,CatID,PortalID) VALUES('132226280493627','696248301012678','0')
INSERT INTO Categories (CatID,ListUnder,CategoryName,Description,Keywords,CatType,Moderator,AccessKeys,WriteKeys,SEODescription,SEOPageTitle,ManageKeys,AccessHide,WriteHide,ExcPortalSecurity,Weight,ShowList,Sharing) VALUES('446388690184118','877425734921211','Ranch Management','','','','Moderator','|2|,|3|,|1|,|4|','|2|,|3|,|4|','','','|2|','0','0','0','2000','1','1')
INSERT INTO CategoriesModules (UniqueID,CatID,ModuleID) VALUES('107638082501217','446388690184118','20')
INSERT INTO CategoriesPortals (UniqueID,CatID,PortalID) VALUES('212921007535253','446388690184118','0')
INSERT INTO Categories (CatID,ListUnder,CategoryName,Description,Keywords,CatType,Moderator,AccessKeys,WriteKeys,SEODescription,SEOPageTitle,ManageKeys,AccessHide,WriteHide,ExcPortalSecurity,Weight,ShowList,Sharing) VALUES('165386153776938','504358599663048','Rating Agencies','','','','Moderator','|2|,|3|,|1|,|4|','|2|,|3|,|4|','','','|2|','0','0','0','2000','1','1')
INSERT INTO CategoriesModules (UniqueID,CatID,ModuleID) VALUES('131038084222366','165386153776938','20')
INSERT INTO CategoriesPortals (UniqueID,CatID,PortalID) VALUES('145666765156614','165386153776938','0')
INSERT INTO Categories (CatID,ListUnder,CategoryName,Description,Keywords,CatType,Moderator,AccessKeys,WriteKeys,SEODescription,SEOPageTitle,ManageKeys,AccessHide,WriteHide,ExcPortalSecurity,Weight,ShowList,Sharing) VALUES('254479340722374','280965458060437','Ratites','','','','Moderator','|2|,|3|,|1|,|4|','|2|,|3|,|4|','','','|2|','0','0','0','2000','1','1')
INSERT INTO CategoriesModules (UniqueID,CatID,ModuleID) VALUES('132386576228897','254479340722374','20')
INSERT INTO CategoriesPortals (UniqueID,CatID,PortalID) VALUES('190920624853524','254479340722374','0')
INSERT INTO Categories (CatID,ListUnder,CategoryName,Description,Keywords,CatType,Moderator,AccessKeys,WriteKeys,SEODescription,SEOPageTitle,ManageKeys,AccessHide,WriteHide,ExcPortalSecurity,Weight,ShowList,Sharing) VALUES('521182972435422','120268798198852','Raw Materials','','','','Moderator','|2|,|3|,|1|,|4|','|2|,|3|,|4|','','','|2|','0','0','0','2000','1','1')
INSERT INTO CategoriesModules (UniqueID,CatID,ModuleID) VALUES('182914659948683','521182972435422','20')
INSERT INTO CategoriesPortals (UniqueID,CatID,PortalID) VALUES('627991572402881','521182972435422','0')
INSERT INTO Categories (CatID,ListUnder,CategoryName,Description,Keywords,CatType,Moderator,AccessKeys,WriteKeys,SEODescription,SEOPageTitle,ManageKeys,AccessHide,WriteHide,ExcPortalSecurity,Weight,ShowList,Sharing) VALUES('412429472676434','0','Real Estate','','','','Moderator','|2|,|3|,|1|,|4|','|2|,|3|,|4|','','','|2|','0','0','0','2000','1','1')
INSERT INTO CategoriesModules (UniqueID,CatID,ModuleID) VALUES('814104589851283','412429472676434','20')
INSERT INTO CategoriesPortals (UniqueID,CatID,PortalID) VALUES('815497393557613','412429472676434','0')
INSERT INTO Categories (CatID,ListUnder,CategoryName,Description,Keywords,CatType,Moderator,AccessKeys,WriteKeys,SEODescription,SEOPageTitle,ManageKeys,AccessHide,WriteHide,ExcPortalSecurity,Weight,ShowList,Sharing) VALUES('174578511035830','181537501518755','Real Estate','','','','Moderator','|2|,|3|,|1|,|4|','|2|,|3|,|4|','','','|2|','0','0','0','2000','1','1')
INSERT INTO CategoriesModules (UniqueID,CatID,ModuleID) VALUES('306058829664662','174578511035830','20')
INSERT INTO CategoriesPortals (UniqueID,CatID,PortalID) VALUES('189865050738361','174578511035830','0')
INSERT INTO Categories (CatID,ListUnder,CategoryName,Description,Keywords,CatType,Moderator,AccessKeys,WriteKeys,SEODescription,SEOPageTitle,ManageKeys,AccessHide,WriteHide,ExcPortalSecurity,Weight,ShowList,Sharing) VALUES('121239328931431','174578511035830','Real Estate Investment Trusts','','','','Moderator','|2|,|3|,|1|,|4|','|2|,|3|,|4|','','','|2|','0','0','0','2000','1','1')
INSERT INTO CategoriesModules (UniqueID,CatID,ModuleID) VALUES('658664130507687','121239328931431','20')
INSERT INTO CategoriesPortals (UniqueID,CatID,PortalID) VALUES('506636768901974','121239328931431','0')
INSERT INTO Categories (CatID,ListUnder,CategoryName,Description,Keywords,CatType,Moderator,AccessKeys,WriteKeys,SEODescription,SEOPageTitle,ManageKeys,AccessHide,WriteHide,ExcPortalSecurity,Weight,ShowList,Sharing) VALUES('941035620616857','156050172656512','Real Estate Notes','','','','Moderator','|2|,|3|,|1|,|4|','|2|,|3|,|4|','','','|2|','0','0','0','2000','1','1')
INSERT INTO CategoriesModules (UniqueID,CatID,ModuleID) VALUES('168400482521661','941035620616857','20')
INSERT INTO CategoriesPortals (UniqueID,CatID,PortalID) VALUES('150450314724124','941035620616857','0')
INSERT INTO Categories (CatID,ListUnder,CategoryName,Description,Keywords,CatType,Moderator,AccessKeys,WriteKeys,SEODescription,SEOPageTitle,ManageKeys,AccessHide,WriteHide,ExcPortalSecurity,Weight,ShowList,Sharing) VALUES('179931440311813','186032997883175','Recordings','','','','Moderator','|2|,|3|,|1|,|4|','|2|,|3|,|4|','','','|2|','0','0','0','2000','1','1')
INSERT INTO CategoriesModules (UniqueID,CatID,ModuleID) VALUES('144656331225532','179931440311813','20')
INSERT INTO CategoriesPortals (UniqueID,CatID,PortalID) VALUES('175051663729763','179931440311813','0')
INSERT INTO Categories (CatID,ListUnder,CategoryName,Description,Keywords,CatType,Moderator,AccessKeys,WriteKeys,SEODescription,SEOPageTitle,ManageKeys,AccessHide,WriteHide,ExcPortalSecurity,Weight,ShowList,Sharing) VALUES('969896807853785','450057087216153','Recruiters','','','','Moderator','|2|,|3|,|1|,|4|','|2|,|3|,|4|','','','|2|','0','0','0','2000','1','1')
INSERT INTO CategoriesModules (UniqueID,CatID,ModuleID) VALUES('694295815679873','969896807853785','20')
INSERT INTO CategoriesPortals (UniqueID,CatID,PortalID) VALUES('136705584706316','969896807853785','0')
INSERT INTO Categories (CatID,ListUnder,CategoryName,Description,Keywords,CatType,Moderator,AccessKeys,WriteKeys,SEODescription,SEOPageTitle,ManageKeys,AccessHide,WriteHide,ExcPortalSecurity,Weight,ShowList,Sharing) VALUES('693241802111945','166717347983737','Recruiting Retention','','','','Moderator','|2|,|3|,|1|,|4|','|2|,|3|,|4|','','','|2|','0','0','0','2000','1','1')
INSERT INTO CategoriesModules (UniqueID,CatID,ModuleID) VALUES('209813290196826','693241802111945','20')
INSERT INTO CategoriesPortals (UniqueID,CatID,PortalID) VALUES('112257515667831','693241802111945','0')
INSERT INTO Categories (CatID,ListUnder,CategoryName,Description,Keywords,CatType,Moderator,AccessKeys,WriteKeys,SEODescription,SEOPageTitle,ManageKeys,AccessHide,WriteHide,ExcPortalSecurity,Weight,ShowList,Sharing) VALUES('136058556372741','138401084934556','Recruiting Search','','','','Moderator','|2|,|3|,|1|,|4|','|2|,|3|,|4|','','','|2|','0','0','0','2000','1','1')
INSERT INTO CategoriesModules (UniqueID,CatID,ModuleID) VALUES('102339059112583','136058556372741','20')
INSERT INTO CategoriesPortals (UniqueID,CatID,PortalID) VALUES('142590178550425','136058556372741','0')
INSERT INTO Categories (CatID,ListUnder,CategoryName,Description,Keywords,CatType,Moderator,AccessKeys,WriteKeys,SEODescription,SEOPageTitle,ManageKeys,AccessHide,WriteHide,ExcPortalSecurity,Weight,ShowList,Sharing) VALUES('113523768963671','667063127757362','Recruitment Staffing','','','','Moderator','|2|,|3|,|1|,|4|','|2|,|3|,|4|','','','|2|','0','0','0','2000','1','1')
INSERT INTO CategoriesModules (UniqueID,CatID,ModuleID) VALUES('173818221331368','113523768963671','20')
INSERT INTO CategoriesPortals (UniqueID,CatID,PortalID) VALUES('769954842556046','113523768963671','0')
INSERT INTO Categories (CatID,ListUnder,CategoryName,Description,Keywords,CatType,Moderator,AccessKeys,WriteKeys,SEODescription,SEOPageTitle,ManageKeys,AccessHide,WriteHide,ExcPortalSecurity,Weight,ShowList,Sharing) VALUES('198285486891018','563436508452811','Recruitment Staffing','','','','Moderator','|2|,|3|,|1|,|4|','|2|,|3|,|4|','','','|2|','0','0','0','2000','1','1')
INSERT INTO CategoriesModules (UniqueID,CatID,ModuleID) VALUES('204643266721181','198285486891018','20')
INSERT INTO CategoriesPortals (UniqueID,CatID,PortalID) VALUES('892421110255451','198285486891018','0')
INSERT INTO Categories (CatID,ListUnder,CategoryName,Description,Keywords,CatType,Moderator,AccessKeys,WriteKeys,SEODescription,SEOPageTitle,ManageKeys,AccessHide,WriteHide,ExcPortalSecurity,Weight,ShowList,Sharing) VALUES('841318599807454','586429740707257','Recruitment Staffing','','','','Moderator','|2|,|3|,|1|,|4|','|2|,|3|,|4|','','','|2|','0','0','0','2000','1','1')
INSERT INTO CategoriesModules (UniqueID,CatID,ModuleID) VALUES('134116928467595','841318599807454','20')
INSERT INTO CategoriesPortals (UniqueID,CatID,PortalID) VALUES('106112173134782','841318599807454','0')
INSERT INTO Categories (CatID,ListUnder,CategoryName,Description,Keywords,CatType,Moderator,AccessKeys,WriteKeys,SEODescription,SEOPageTitle,ManageKeys,AccessHide,WriteHide,ExcPortalSecurity,Weight,ShowList,Sharing) VALUES('444157983026117','540584033104514','Recruitment Staffing','','','','Moderator','|2|,|3|,|1|,|4|','|2|,|3|,|4|','','','|2|','0','0','0','2000','1','1')
INSERT INTO CategoriesModules (UniqueID,CatID,ModuleID) VALUES('650994781175680','444157983026117','20')
INSERT INTO CategoriesPortals (UniqueID,CatID,PortalID) VALUES('632266301283204','444157983026117','0')
INSERT INTO Categories (CatID,ListUnder,CategoryName,Description,Keywords,CatType,Moderator,AccessKeys,WriteKeys,SEODescription,SEOPageTitle,ManageKeys,AccessHide,WriteHide,ExcPortalSecurity,Weight,ShowList,Sharing) VALUES('450057087216153','170165247473568','Recruitment Staffing','','','','Moderator','|2|,|3|,|1|,|4|','|2|,|3|,|4|','','','|2|','0','0','0','2000','1','1')
INSERT INTO CategoriesModules (UniqueID,CatID,ModuleID) VALUES('133165500938822','450057087216153','20')
INSERT INTO CategoriesPortals (UniqueID,CatID,PortalID) VALUES('206122080787817','450057087216153','0')
INSERT INTO Categories (CatID,ListUnder,CategoryName,Description,Keywords,CatType,Moderator,AccessKeys,WriteKeys,SEODescription,SEOPageTitle,ManageKeys,AccessHide,WriteHide,ExcPortalSecurity,Weight,ShowList,Sharing) VALUES('355127181130366','193100023173231','Recruitment Staffing','','','','Moderator','|2|,|3|,|1|,|4|','|2|,|3|,|4|','','','|2|','0','0','0','2000','1','1')
INSERT INTO CategoriesModules (UniqueID,CatID,ModuleID) VALUES('172212130200583','355127181130366','20')
INSERT INTO CategoriesPortals (UniqueID,CatID,PortalID) VALUES('151498212488558','355127181130366','0')
INSERT INTO Categories (CatID,ListUnder,CategoryName,Description,Keywords,CatType,Moderator,AccessKeys,WriteKeys,SEODescription,SEOPageTitle,ManageKeys,AccessHide,WriteHide,ExcPortalSecurity,Weight,ShowList,Sharing) VALUES('971699376885742','216037974577765','Recycling','','','','Moderator','|2|,|3|,|1|,|4|','|2|,|3|,|4|','','','|2|','0','0','0','2000','1','1')
INSERT INTO CategoriesModules (UniqueID,CatID,ModuleID) VALUES('123027149476578','971699376885742','20')
INSERT INTO CategoriesPortals (UniqueID,CatID,PortalID) VALUES('177399520617378','971699376885742','0')
INSERT INTO Categories (CatID,ListUnder,CategoryName,Description,Keywords,CatType,Moderator,AccessKeys,WriteKeys,SEODescription,SEOPageTitle,ManageKeys,AccessHide,WriteHide,ExcPortalSecurity,Weight,ShowList,Sharing) VALUES('189373807454125','678131355466795','Recycling','','','','Moderator','|2|,|3|,|1|,|4|','|2|,|3|,|4|','','','|2|','0','0','0','2000','1','1')
INSERT INTO CategoriesModules (UniqueID,CatID,ModuleID) VALUES('166758145931265','189373807454125','20')
INSERT INTO CategoriesPortals (UniqueID,CatID,PortalID) VALUES('716350232488838','189373807454125','0')
INSERT INTO Categories (CatID,ListUnder,CategoryName,Description,Keywords,CatType,Moderator,AccessKeys,WriteKeys,SEODescription,SEOPageTitle,ManageKeys,AccessHide,WriteHide,ExcPortalSecurity,Weight,ShowList,Sharing) VALUES('572161495572231','649676848876777','Reengineering','','','','Moderator','|2|,|3|,|1|,|4|','|2|,|3|,|4|','','','|2|','0','0','0','2000','1','1')
INSERT INTO CategoriesModules (UniqueID,CatID,ModuleID) VALUES('152121580732505','572161495572231','20')
INSERT INTO CategoriesPortals (UniqueID,CatID,PortalID) VALUES('166824980874725','572161495572231','0')
INSERT INTO Categories (CatID,ListUnder,CategoryName,Description,Keywords,CatType,Moderator,AccessKeys,WriteKeys,SEODescription,SEOPageTitle,ManageKeys,AccessHide,WriteHide,ExcPortalSecurity,Weight,ShowList,Sharing) VALUES('340100998333494','169980540672786','Reference','','','','Moderator','|2|,|3|,|1|,|4|','|2|,|3|,|4|','','','|2|','0','0','0','2000','1','1')
INSERT INTO CategoriesModules (UniqueID,CatID,ModuleID) VALUES('118458150913188','340100998333494','20')
INSERT INTO CategoriesPortals (UniqueID,CatID,PortalID) VALUES('937218625373488','340100998333494','0')
INSERT INTO Categories (CatID,ListUnder,CategoryName,Description,Keywords,CatType,Moderator,AccessKeys,WriteKeys,SEODescription,SEOPageTitle,ManageKeys,AccessHide,WriteHide,ExcPortalSecurity,Weight,ShowList,Sharing) VALUES('697674614545555','166717347983737','Reference','','','','Moderator','|2|,|3|,|1|,|4|','|2|,|3|,|4|','','','|2|','0','0','0','2000','1','1')
INSERT INTO CategoriesModules (UniqueID,CatID,ModuleID) VALUES('780994729965398','697674614545555','20')
INSERT INTO CategoriesPortals (UniqueID,CatID,PortalID) VALUES('116330655495511','697674614545555','0')
INSERT INTO Categories (CatID,ListUnder,CategoryName,Description,Keywords,CatType,Moderator,AccessKeys,WriteKeys,SEODescription,SEOPageTitle,ManageKeys,AccessHide,WriteHide,ExcPortalSecurity,Weight,ShowList,Sharing) VALUES('894326535819481','265537542464772','Referral Services','','','','Moderator','|2|,|3|,|1|,|4|','|2|,|3|,|4|','','','|2|','0','0','0','2000','1','1')
INSERT INTO CategoriesModules (UniqueID,CatID,ModuleID) VALUES('993459314601563','894326535819481','20')
INSERT INTO CategoriesPortals (UniqueID,CatID,PortalID) VALUES('715586161178318','894326535819481','0')
INSERT INTO Categories (CatID,ListUnder,CategoryName,Description,Keywords,CatType,Moderator,AccessKeys,WriteKeys,SEODescription,SEOPageTitle,ManageKeys,AccessHide,WriteHide,ExcPortalSecurity,Weight,ShowList,Sharing) VALUES('530431273946840','141682859952945','Refrigeration','','','','Moderator','|2|,|3|,|1|,|4|','|2|,|3|,|4|','','','|2|','0','0','0','2000','1','1')
INSERT INTO CategoriesModules (UniqueID,CatID,ModuleID) VALUES('153133225666876','530431273946840','20')
INSERT INTO CategoriesPortals (UniqueID,CatID,PortalID) VALUES('780836002113547','530431273946840','0')
INSERT INTO Categories (CatID,ListUnder,CategoryName,Description,Keywords,CatType,Moderator,AccessKeys,WriteKeys,SEODescription,SEOPageTitle,ManageKeys,AccessHide,WriteHide,ExcPortalSecurity,Weight,ShowList,Sharing) VALUES('130394949753056','106523100228551','Regional','','','','Moderator','|2|,|3|,|1|,|4|','|2|,|3|,|4|','','','|2|','0','0','0','2000','1','1')
INSERT INTO CategoriesModules (UniqueID,CatID,ModuleID) VALUES('189306016081616','130394949753056','20')
INSERT INTO CategoriesPortals (UniqueID,CatID,PortalID) VALUES('947257303956224','130394949753056','0')
INSERT INTO Categories (CatID,ListUnder,CategoryName,Description,Keywords,CatType,Moderator,AccessKeys,WriteKeys,SEODescription,SEOPageTitle,ManageKeys,AccessHide,WriteHide,ExcPortalSecurity,Weight,ShowList,Sharing) VALUES('134721091562303','186117298227345','Regional','','','','Moderator','|2|,|3|,|1|,|4|','|2|,|3|,|4|','','','|2|','0','0','0','2000','1','1')
INSERT INTO CategoriesModules (UniqueID,CatID,ModuleID) VALUES('131315834469833','134721091562303','20')
INSERT INTO CategoriesPortals (UniqueID,CatID,PortalID) VALUES('566667745613388','134721091562303','0')
INSERT INTO Categories (CatID,ListUnder,CategoryName,Description,Keywords,CatType,Moderator,AccessKeys,WriteKeys,SEODescription,SEOPageTitle,ManageKeys,AccessHide,WriteHide,ExcPortalSecurity,Weight,ShowList,Sharing) VALUES('134910959049185','197531586023575','Regulation','','','','Moderator','|2|,|3|,|1|,|4|','|2|,|3|,|4|','','','|2|','0','0','0','2000','1','1')
INSERT INTO CategoriesModules (UniqueID,CatID,ModuleID) VALUES('168827796397643','134910959049185','20')
INSERT INTO CategoriesPortals (UniqueID,CatID,PortalID) VALUES('925341099604022','134910959049185','0')
INSERT INTO Categories (CatID,ListUnder,CategoryName,Description,Keywords,CatType,Moderator,AccessKeys,WriteKeys,SEODescription,SEOPageTitle,ManageKeys,AccessHide,WriteHide,ExcPortalSecurity,Weight,ShowList,Sharing) VALUES('202594264165182','518067943485998','Reinsurance','','','','Moderator','|2|,|3|,|1|,|4|','|2|,|3|,|4|','','','|2|','0','0','0','2000','1','1')
INSERT INTO CategoriesModules (UniqueID,CatID,ModuleID) VALUES('170297890914407','202594264165182','20')
INSERT INTO CategoriesPortals (UniqueID,CatID,PortalID) VALUES('694956473632215','202594264165182','0')
INSERT INTO Categories (CatID,ListUnder,CategoryName,Description,Keywords,CatType,Moderator,AccessKeys,WriteKeys,SEODescription,SEOPageTitle,ManageKeys,AccessHide,WriteHide,ExcPortalSecurity,Weight,ShowList,Sharing) VALUES('191646595241244','877724855173932','Related Services','','','','Moderator','|2|,|3|,|1|,|4|','|2|,|3|,|4|','','','|2|','0','0','0','2000','1','1')
INSERT INTO CategoriesModules (UniqueID,CatID,ModuleID) VALUES('131931540187638','191646595241244','20')
INSERT INTO CategoriesPortals (UniqueID,CatID,PortalID) VALUES('181175976103612','191646595241244','0')
INSERT INTO Categories (CatID,ListUnder,CategoryName,Description,Keywords,CatType,Moderator,AccessKeys,WriteKeys,SEODescription,SEOPageTitle,ManageKeys,AccessHide,WriteHide,ExcPortalSecurity,Weight,ShowList,Sharing) VALUES('172494271382762','213563058167417','Relationship Marketing','','','','Moderator','|2|,|3|,|1|,|4|','|2|,|3|,|4|','','','|2|','0','0','0','2000','1','1')
INSERT INTO CategoriesModules (UniqueID,CatID,ModuleID) VALUES('184885720745436','172494271382762','20')
INSERT INTO CategoriesPortals (UniqueID,CatID,PortalID) VALUES('379601563584683','172494271382762','0')
INSERT INTO Categories (CatID,ListUnder,CategoryName,Description,Keywords,CatType,Moderator,AccessKeys,WriteKeys,SEODescription,SEOPageTitle,ManageKeys,AccessHide,WriteHide,ExcPortalSecurity,Weight,ShowList,Sharing) VALUES('975460483766156','116414705839970','Relays Solenoids','','','','Moderator','|2|,|3|,|1|,|4|','|2|,|3|,|4|','','','|2|','0','0','0','2000','1','1')
INSERT INTO CategoriesModules (UniqueID,CatID,ModuleID) VALUES('111295786362584','975460483766156','20')
INSERT INTO CategoriesPortals (UniqueID,CatID,PortalID) VALUES('929174712052538','975460483766156','0')
INSERT INTO Categories (CatID,ListUnder,CategoryName,Description,Keywords,CatType,Moderator,AccessKeys,WriteKeys,SEODescription,SEOPageTitle,ManageKeys,AccessHide,WriteHide,ExcPortalSecurity,Weight,ShowList,Sharing) VALUES('163631622103311','301518407739005','Religious','','','','Moderator','|2|,|3|,|1|,|4|','|2|,|3|,|4|','','','|2|','0','0','0','2000','1','1')
INSERT INTO CategoriesModules (UniqueID,CatID,ModuleID) VALUES('159557457205125','163631622103311','20')
INSERT INTO CategoriesPortals (UniqueID,CatID,PortalID) VALUES('128797837051456','163631622103311','0')
INSERT INTO Categories (CatID,ListUnder,CategoryName,Description,Keywords,CatType,Moderator,AccessKeys,WriteKeys,SEODescription,SEOPageTitle,ManageKeys,AccessHide,WriteHide,ExcPortalSecurity,Weight,ShowList,Sharing) VALUES('700966963821894','136878005372291','Renewable','','','','Moderator','|2|,|3|,|1|,|4|','|2|,|3|,|4|','','','|2|','0','0','0','2000','1','1')
INSERT INTO CategoriesModules (UniqueID,CatID,ModuleID) VALUES('192992904864754','700966963821894','20')
INSERT INTO CategoriesPortals (UniqueID,CatID,PortalID) VALUES('147053341602765','700966963821894','0')
INSERT INTO Categories (CatID,ListUnder,CategoryName,Description,Keywords,CatType,Moderator,AccessKeys,WriteKeys,SEODescription,SEOPageTitle,ManageKeys,AccessHide,WriteHide,ExcPortalSecurity,Weight,ShowList,Sharing) VALUES('212682510583153','565581992163321','Rental','','','','Moderator','|2|,|3|,|1|,|4|','|2|,|3|,|4|','','','|2|','0','0','0','2000','1','1')
INSERT INTO CategoriesModules (UniqueID,CatID,ModuleID) VALUES('196018964567744','212682510583153','20')
INSERT INTO CategoriesPortals (UniqueID,CatID,PortalID) VALUES('109630741983704','212682510583153','0')
INSERT INTO Categories (CatID,ListUnder,CategoryName,Description,Keywords,CatType,Moderator,AccessKeys,WriteKeys,SEODescription,SEOPageTitle,ManageKeys,AccessHide,WriteHide,ExcPortalSecurity,Weight,ShowList,Sharing) VALUES('295448511548241','963175640290570','Rental or Lease','','','','Moderator','|2|,|3|,|1|,|4|','|2|,|3|,|4|','','','|2|','0','0','0','2000','1','1')
INSERT INTO CategoriesModules (UniqueID,CatID,ModuleID) VALUES('167987569894633','295448511548241','20')
INSERT INTO CategoriesPortals (UniqueID,CatID,PortalID) VALUES('749086760482316','295448511548241','0')
INSERT INTO Categories (CatID,ListUnder,CategoryName,Description,Keywords,CatType,Moderator,AccessKeys,WriteKeys,SEODescription,SEOPageTitle,ManageKeys,AccessHide,WriteHide,ExcPortalSecurity,Weight,ShowList,Sharing) VALUES('125325451377785','284316302752662','Rentals','','','','Moderator','|2|,|3|,|1|,|4|','|2|,|3|,|4|','','','|2|','0','0','0','2000','1','1')
INSERT INTO CategoriesModules (UniqueID,CatID,ModuleID) VALUES('260983141514275','125325451377785','20')
INSERT INTO CategoriesPortals (UniqueID,CatID,PortalID) VALUES('182338706077763','125325451377785','0')
INSERT INTO Categories (CatID,ListUnder,CategoryName,Description,Keywords,CatType,Moderator,AccessKeys,WriteKeys,SEODescription,SEOPageTitle,ManageKeys,AccessHide,WriteHide,ExcPortalSecurity,Weight,ShowList,Sharing) VALUES('192672519176175','161898503042338','Repair Service','','','','Moderator','|2|,|3|,|1|,|4|','|2|,|3|,|4|','','','|2|','0','0','0','2000','1','1')
INSERT INTO CategoriesModules (UniqueID,CatID,ModuleID) VALUES('201937924947754','192672519176175','20')
INSERT INTO CategoriesPortals (UniqueID,CatID,PortalID) VALUES('152544774352084','192672519176175','0')
INSERT INTO Categories (CatID,ListUnder,CategoryName,Description,Keywords,CatType,Moderator,AccessKeys,WriteKeys,SEODescription,SEOPageTitle,ManageKeys,AccessHide,WriteHide,ExcPortalSecurity,Weight,ShowList,Sharing) VALUES('112096371984740','209685725805440','Repossession','','','','Moderator','|2|,|3|,|1|,|4|','|2|,|3|,|4|','','','|2|','0','0','0','2000','1','1')
INSERT INTO CategoriesModules (UniqueID,CatID,ModuleID) VALUES('129697523550221','112096371984740','20')
INSERT INTO CategoriesPortals (UniqueID,CatID,PortalID) VALUES('305637533668716','112096371984740','0')
INSERT INTO Categories (CatID,ListUnder,CategoryName,Description,Keywords,CatType,Moderator,AccessKeys,WriteKeys,SEODescription,SEOPageTitle,ManageKeys,AccessHide,WriteHide,ExcPortalSecurity,Weight,ShowList,Sharing) VALUES('596619731118737','153991554677553','Reproductive Health','','','','Moderator','|2|,|3|,|1|,|4|','|2|,|3|,|4|','','','|2|','0','0','0','2000','1','1')
INSERT INTO CategoriesModules (UniqueID,CatID,ModuleID) VALUES('539777088207161','596619731118737','20')
INSERT INTO CategoriesPortals (UniqueID,CatID,PortalID) VALUES('805931265471528','596619731118737','0')
INSERT INTO Categories (CatID,ListUnder,CategoryName,Description,Keywords,CatType,Moderator,AccessKeys,WriteKeys,SEODescription,SEOPageTitle,ManageKeys,AccessHide,WriteHide,ExcPortalSecurity,Weight,ShowList,Sharing) VALUES('624776538644272','105420242607528','Research','','','','Moderator','|2|,|3|,|1|,|4|','|2|,|3|,|4|','','','|2|','0','0','0','2000','1','1')
INSERT INTO CategoriesModules (UniqueID,CatID,ModuleID) VALUES('214031975694537','624776538644272','20')
INSERT INTO CategoriesPortals (UniqueID,CatID,PortalID) VALUES('134585849645880','624776538644272','0')
INSERT INTO Categories (CatID,ListUnder,CategoryName,Description,Keywords,CatType,Moderator,AccessKeys,WriteKeys,SEODescription,SEOPageTitle,ManageKeys,AccessHide,WriteHide,ExcPortalSecurity,Weight,ShowList,Sharing) VALUES('771446010242877','761893626172243','Research','','','','Moderator','|2|,|3|,|1|,|4|','|2|,|3|,|4|','','','|2|','0','0','0','2000','1','1')
INSERT INTO CategoriesModules (UniqueID,CatID,ModuleID) VALUES('166659231794168','771446010242877','20')
INSERT INTO CategoriesPortals (UniqueID,CatID,PortalID) VALUES('137224179484412','771446010242877','0')
INSERT INTO Categories (CatID,ListUnder,CategoryName,Description,Keywords,CatType,Moderator,AccessKeys,WriteKeys,SEODescription,SEOPageTitle,ManageKeys,AccessHide,WriteHide,ExcPortalSecurity,Weight,ShowList,Sharing) VALUES('204362532650328','483932662101247','Research','','','','Moderator','|2|,|3|,|1|,|4|','|2|,|3|,|4|','','','|2|','0','0','0','2000','1','1')
INSERT INTO CategoriesModules (UniqueID,CatID,ModuleID) VALUES('178013244659090','204362532650328','20')
INSERT INTO CategoriesPortals (UniqueID,CatID,PortalID) VALUES('141883296758842','204362532650328','0')
INSERT INTO Categories (CatID,ListUnder,CategoryName,Description,Keywords,CatType,Moderator,AccessKeys,WriteKeys,SEODescription,SEOPageTitle,ManageKeys,AccessHide,WriteHide,ExcPortalSecurity,Weight,ShowList,Sharing) VALUES('162479217346267','214300976326282','Research','','','','Moderator','|2|,|3|,|1|,|4|','|2|,|3|,|4|','','','|2|','0','0','0','2000','1','1')
INSERT INTO CategoriesModules (UniqueID,CatID,ModuleID) VALUES('201220831582325','162479217346267','20')
INSERT INTO CategoriesPortals (UniqueID,CatID,PortalID) VALUES('188959838923119','162479217346267','0')
INSERT INTO Categories (CatID,ListUnder,CategoryName,Description,Keywords,CatType,Moderator,AccessKeys,WriteKeys,SEODescription,SEOPageTitle,ManageKeys,AccessHide,WriteHide,ExcPortalSecurity,Weight,ShowList,Sharing) VALUES('121969964188046','938877619938672','Research Analysis','','','','Moderator','|2|,|3|,|1|,|4|','|2|,|3|,|4|','','','|2|','0','0','0','2000','1','1')
INSERT INTO CategoriesModules (UniqueID,CatID,ModuleID) VALUES('105416132194514','121969964188046','20')
INSERT INTO CategoriesPortals (UniqueID,CatID,PortalID) VALUES('147835541976048','121969964188046','0')
INSERT INTO Categories (CatID,ListUnder,CategoryName,Description,Keywords,CatType,Moderator,AccessKeys,WriteKeys,SEODescription,SEOPageTitle,ManageKeys,AccessHide,WriteHide,ExcPortalSecurity,Weight,ShowList,Sharing) VALUES('504358599663048','181537501518755','Research Analysis','','','','Moderator','|2|,|3|,|1|,|4|','|2|,|3|,|4|','','','|2|','0','0','0','2000','1','1')
INSERT INTO CategoriesModules (UniqueID,CatID,ModuleID) VALUES('930176118577586','504358599663048','20')
INSERT INTO CategoriesPortals (UniqueID,CatID,PortalID) VALUES('101798825045667','504358599663048','0')
INSERT INTO Categories (CatID,ListUnder,CategoryName,Description,Keywords,CatType,Moderator,AccessKeys,WriteKeys,SEODescription,SEOPageTitle,ManageKeys,AccessHide,WriteHide,ExcPortalSecurity,Weight,ShowList,Sharing) VALUES('194941859722929','120268798198852','Research Development','','','','Moderator','|2|,|3|,|1|,|4|','|2|,|3|,|4|','','','|2|','0','0','0','2000','1','1')
INSERT INTO CategoriesModules (UniqueID,CatID,ModuleID) VALUES('790915145712674','194941859722929','20')
INSERT INTO CategoriesPortals (UniqueID,CatID,PortalID) VALUES('161275710848747','194941859722929','0')
INSERT INTO Categories (CatID,ListUnder,CategoryName,Description,Keywords,CatType,Moderator,AccessKeys,WriteKeys,SEODescription,SEOPageTitle,ManageKeys,AccessHide,WriteHide,ExcPortalSecurity,Weight,ShowList,Sharing) VALUES('125179713983472','468964763450112','Research Reports','','','','Moderator','|2|,|3|,|1|,|4|','|2|,|3|,|4|','','','|2|','0','0','0','2000','1','1')
INSERT INTO CategoriesModules (UniqueID,CatID,ModuleID) VALUES('189419546031931','125179713983472','20')
INSERT INTO CategoriesPortals (UniqueID,CatID,PortalID) VALUES('770244271855272','125179713983472','0')
INSERT INTO Categories (CatID,ListUnder,CategoryName,Description,Keywords,CatType,Moderator,AccessKeys,WriteKeys,SEODescription,SEOPageTitle,ManageKeys,AccessHide,WriteHide,ExcPortalSecurity,Weight,ShowList,Sharing) VALUES('894492513658652','186117298227345','Research Reports','','','','Moderator','|2|,|3|,|1|,|4|','|2|,|3|,|4|','','','|2|','0','0','0','2000','1','1')
INSERT INTO CategoriesModules (UniqueID,CatID,ModuleID) VALUES('170031181022711','894492513658652','20')
INSERT INTO CategoriesPortals (UniqueID,CatID,PortalID) VALUES('176163506121653','894492513658652','0')
INSERT INTO Categories (CatID,ListUnder,CategoryName,Description,Keywords,CatType,Moderator,AccessKeys,WriteKeys,SEODescription,SEOPageTitle,ManageKeys,AccessHide,WriteHide,ExcPortalSecurity,Weight,ShowList,Sharing) VALUES('284316302752662','412429472676434','Residential','','','','Moderator','|2|,|3|,|1|,|4|','|2|,|3|,|4|','','','|2|','0','0','0','2000','1','1')
INSERT INTO CategoriesModules (UniqueID,CatID,ModuleID) VALUES('117401892320802','284316302752662','20')
INSERT INTO CategoriesPortals (UniqueID,CatID,PortalID) VALUES('488873691167610','284316302752662','0')
INSERT INTO Categories (CatID,ListUnder,CategoryName,Description,Keywords,CatType,Moderator,AccessKeys,WriteKeys,SEODescription,SEOPageTitle,ManageKeys,AccessHide,WriteHide,ExcPortalSecurity,Weight,ShowList,Sharing) VALUES('165450741316604','144315891422463','Residential Housing','','','','Moderator','|2|,|3|,|1|,|4|','|2|,|3|,|4|','','','|2|','0','0','0','2000','1','1')
INSERT INTO CategoriesModules (UniqueID,CatID,ModuleID) VALUES('696558855482563','165450741316604','20')
INSERT INTO CategoriesPortals (UniqueID,CatID,PortalID) VALUES('180392895254459','165450741316604','0')
INSERT INTO Categories (CatID,ListUnder,CategoryName,Description,Keywords,CatType,Moderator,AccessKeys,WriteKeys,SEODescription,SEOPageTitle,ManageKeys,AccessHide,WriteHide,ExcPortalSecurity,Weight,ShowList,Sharing) VALUES('830096638971954','114176321849964','Resins Chemicals','','','','Moderator','|2|,|3|,|1|,|4|','|2|,|3|,|4|','','','|2|','0','0','0','2000','1','1')
INSERT INTO CategoriesModules (UniqueID,CatID,ModuleID) VALUES('365857340473296','830096638971954','20')
INSERT INTO CategoriesPortals (UniqueID,CatID,PortalID) VALUES('180992384264665','830096638971954','0')
INSERT INTO Categories (CatID,ListUnder,CategoryName,Description,Keywords,CatType,Moderator,AccessKeys,WriteKeys,SEODescription,SEOPageTitle,ManageKeys,AccessHide,WriteHide,ExcPortalSecurity,Weight,ShowList,Sharing) VALUES('831143256634076','165450741316604','Resources','','','','Moderator','|2|,|3|,|1|,|4|','|2|,|3|,|4|','','','|2|','0','0','0','2000','1','1')
INSERT INTO CategoriesModules (UniqueID,CatID,ModuleID) VALUES('158009251480124','831143256634076','20')
INSERT INTO CategoriesPortals (UniqueID,CatID,PortalID) VALUES('138453792331291','831143256634076','0')
INSERT INTO Categories (CatID,ListUnder,CategoryName,Description,Keywords,CatType,Moderator,AccessKeys,WriteKeys,SEODescription,SEOPageTitle,ManageKeys,AccessHide,WriteHide,ExcPortalSecurity,Weight,ShowList,Sharing) VALUES('950755766852062','144315891422463','Resources','','','','Moderator','|2|,|3|,|1|,|4|','|2|,|3|,|4|','','','|2|','0','0','0','2000','1','1')
INSERT INTO CategoriesModules (UniqueID,CatID,ModuleID) VALUES('654681713238253','950755766852062','20')
INSERT INTO CategoriesPortals (UniqueID,CatID,PortalID) VALUES('220072065632448','950755766852062','0')
INSERT INTO Categories (CatID,ListUnder,CategoryName,Description,Keywords,CatType,Moderator,AccessKeys,WriteKeys,SEODescription,SEOPageTitle,ManageKeys,AccessHide,WriteHide,ExcPortalSecurity,Weight,ShowList,Sharing) VALUES('760573143553266','208392173185557','Resources','','','','Moderator','|2|,|3|,|1|,|4|','|2|,|3|,|4|','','','|2|','0','0','0','2000','1','1')
INSERT INTO CategoriesModules (UniqueID,CatID,ModuleID) VALUES('543869409218650','760573143553266','20')
INSERT INTO CategoriesPortals (UniqueID,CatID,PortalID) VALUES('188730046069927','760573143553266','0')
INSERT INTO Categories (CatID,ListUnder,CategoryName,Description,Keywords,CatType,Moderator,AccessKeys,WriteKeys,SEODescription,SEOPageTitle,ManageKeys,AccessHide,WriteHide,ExcPortalSecurity,Weight,ShowList,Sharing) VALUES('783521962117644','943998601411373','Resources','','','','Moderator','|2|,|3|,|1|,|4|','|2|,|3|,|4|','','','|2|','0','0','0','2000','1','1')
INSERT INTO CategoriesModules (UniqueID,CatID,ModuleID) VALUES('281173123351252','783521962117644','20')
INSERT INTO CategoriesPortals (UniqueID,CatID,PortalID) VALUES('167112609231673','783521962117644','0')
INSERT INTO Categories (CatID,ListUnder,CategoryName,Description,Keywords,CatType,Moderator,AccessKeys,WriteKeys,SEODescription,SEOPageTitle,ManageKeys,AccessHide,WriteHide,ExcPortalSecurity,Weight,ShowList,Sharing) VALUES('373502515836948','450057087216153','Resources','','','','Moderator','|2|,|3|,|1|,|4|','|2|,|3|,|4|','','','|2|','0','0','0','2000','1','1')
INSERT INTO CategoriesModules (UniqueID,CatID,ModuleID) VALUES('379635852818323','373502515836948','20')
INSERT INTO CategoriesPortals (UniqueID,CatID,PortalID) VALUES('598827242487608','373502515836948','0')
INSERT INTO Categories (CatID,ListUnder,CategoryName,Description,Keywords,CatType,Moderator,AccessKeys,WriteKeys,SEODescription,SEOPageTitle,ManageKeys,AccessHide,WriteHide,ExcPortalSecurity,Weight,ShowList,Sharing) VALUES('209513949010907','329372151341555','Resources','','','','Moderator','|2|,|3|,|1|,|4|','|2|,|3|,|4|','','','|2|','0','0','0','2000','1','1')
INSERT INTO CategoriesModules (UniqueID,CatID,ModuleID) VALUES('160418976860697','209513949010907','20')
INSERT INTO CategoriesPortals (UniqueID,CatID,PortalID) VALUES('120009727885457','209513949010907','0')
INSERT INTO Categories (CatID,ListUnder,CategoryName,Description,Keywords,CatType,Moderator,AccessKeys,WriteKeys,SEODescription,SEOPageTitle,ManageKeys,AccessHide,WriteHide,ExcPortalSecurity,Weight,ShowList,Sharing) VALUES('214428436585678','826500906614541','Resources','','','','Moderator','|2|,|3|,|1|,|4|','|2|,|3|,|4|','','','|2|','0','0','0','2000','1','1')
INSERT INTO CategoriesModules (UniqueID,CatID,ModuleID) VALUES('187539448787828','214428436585678','20')
INSERT INTO CategoriesPortals (UniqueID,CatID,PortalID) VALUES('106666363786885','214428436585678','0')
INSERT INTO Categories (CatID,ListUnder,CategoryName,Description,Keywords,CatType,Moderator,AccessKeys,WriteKeys,SEODescription,SEOPageTitle,ManageKeys,AccessHide,WriteHide,ExcPortalSecurity,Weight,ShowList,Sharing) VALUES('231845353174880','565581992163321','Resources','','','','Moderator','|2|,|3|,|1|,|4|','|2|,|3|,|4|','','','|2|','0','0','0','2000','1','1')
INSERT INTO CategoriesModules (UniqueID,CatID,ModuleID) VALUES('160611830777726','231845353174880','20')
INSERT INTO CategoriesPortals (UniqueID,CatID,PortalID) VALUES('119446410284291','231845353174880','0')
INSERT INTO Categories (CatID,ListUnder,CategoryName,Description,Keywords,CatType,Moderator,AccessKeys,WriteKeys,SEODescription,SEOPageTitle,ManageKeys,AccessHide,WriteHide,ExcPortalSecurity,Weight,ShowList,Sharing) VALUES('524983980129552','630326987373262','Resources','','','','Moderator','|2|,|3|,|1|,|4|','|2|,|3|,|4|','','','|2|','0','0','0','2000','1','1')
INSERT INTO CategoriesModules (UniqueID,CatID,ModuleID) VALUES('169528023541507','524983980129552','20')
INSERT INTO CategoriesPortals (UniqueID,CatID,PortalID) VALUES('504941394592264','524983980129552','0')
INSERT INTO Categories (CatID,ListUnder,CategoryName,Description,Keywords,CatType,Moderator,AccessKeys,WriteKeys,SEODescription,SEOPageTitle,ManageKeys,AccessHide,WriteHide,ExcPortalSecurity,Weight,ShowList,Sharing) VALUES('630743220377418','445336333851184','Resources','','','','Moderator','|2|,|3|,|1|,|4|','|2|,|3|,|4|','','','|2|','0','0','0','2000','1','1')
INSERT INTO CategoriesModules (UniqueID,CatID,ModuleID) VALUES('170009843336782','630743220377418','20')
INSERT INTO CategoriesPortals (UniqueID,CatID,PortalID) VALUES('384665233701122','630743220377418','0')
INSERT INTO Categories (CatID,ListUnder,CategoryName,Description,Keywords,CatType,Moderator,AccessKeys,WriteKeys,SEODescription,SEOPageTitle,ManageKeys,AccessHide,WriteHide,ExcPortalSecurity,Weight,ShowList,Sharing) VALUES('609787776398947','203370697495731','Resources','','','','Moderator','|2|,|3|,|1|,|4|','|2|,|3|,|4|','','','|2|','0','0','0','2000','1','1')
INSERT INTO CategoriesModules (UniqueID,CatID,ModuleID) VALUES('298300827952377','609787776398947','20')
INSERT INTO CategoriesPortals (UniqueID,CatID,PortalID) VALUES('113498444253065','609787776398947','0')
INSERT INTO Categories (CatID,ListUnder,CategoryName,Description,Keywords,CatType,Moderator,AccessKeys,WriteKeys,SEODescription,SEOPageTitle,ManageKeys,AccessHide,WriteHide,ExcPortalSecurity,Weight,ShowList,Sharing) VALUES('671998676190728','940557948960701','Resources','','','','Moderator','|2|,|3|,|1|,|4|','|2|,|3|,|4|','','','|2|','0','0','0','2000','1','1')
INSERT INTO CategoriesModules (UniqueID,CatID,ModuleID) VALUES('383901016064292','671998676190728','20')
INSERT INTO CategoriesPortals (UniqueID,CatID,PortalID) VALUES('158213035133552','671998676190728','0')
INSERT INTO Categories (CatID,ListUnder,CategoryName,Description,Keywords,CatType,Moderator,AccessKeys,WriteKeys,SEODescription,SEOPageTitle,ManageKeys,AccessHide,WriteHide,ExcPortalSecurity,Weight,ShowList,Sharing) VALUES('585148223462673','154437582882648','Resources','','','','Moderator','|2|,|3|,|1|,|4|','|2|,|3|,|4|','','','|2|','0','0','0','2000','1','1')
INSERT INTO CategoriesModules (UniqueID,CatID,ModuleID) VALUES('139599828711787','585148223462673','20')
INSERT INTO CategoriesPortals (UniqueID,CatID,PortalID) VALUES('167889388299753','585148223462673','0')
INSERT INTO Categories (CatID,ListUnder,CategoryName,Description,Keywords,CatType,Moderator,AccessKeys,WriteKeys,SEODescription,SEOPageTitle,ManageKeys,AccessHide,WriteHide,ExcPortalSecurity,Weight,ShowList,Sharing) VALUES('545399615153162','202541788380967','Resources','','','','Moderator','|2|,|3|,|1|,|4|','|2|,|3|,|4|','','','|2|','0','0','0','2000','1','1')
INSERT INTO CategoriesModules (UniqueID,CatID,ModuleID) VALUES('294947051672374','545399615153162','20')
INSERT INTO CategoriesPortals (UniqueID,CatID,PortalID) VALUES('107664284115165','545399615153162','0')
INSERT INTO Categories (CatID,ListUnder,CategoryName,Description,Keywords,CatType,Moderator,AccessKeys,WriteKeys,SEODescription,SEOPageTitle,ManageKeys,AccessHide,WriteHide,ExcPortalSecurity,Weight,ShowList,Sharing) VALUES('167201241216218','475614912861318','Resources','','','','Moderator','|2|,|3|,|1|,|4|','|2|,|3|,|4|','','','|2|','0','0','0','2000','1','1')
INSERT INTO CategoriesModules (UniqueID,CatID,ModuleID) VALUES('166247547983901','167201241216218','20')
INSERT INTO CategoriesPortals (UniqueID,CatID,PortalID) VALUES('830619045670365','167201241216218','0')
INSERT INTO Categories (CatID,ListUnder,CategoryName,Description,Keywords,CatType,Moderator,AccessKeys,WriteKeys,SEODescription,SEOPageTitle,ManageKeys,AccessHide,WriteHide,ExcPortalSecurity,Weight,ShowList,Sharing) VALUES('167284961726467','114176321849964','Resources','','','','Moderator','|2|,|3|,|1|,|4|','|2|,|3|,|4|','','','|2|','0','0','0','2000','1','1')
INSERT INTO CategoriesModules (UniqueID,CatID,ModuleID) VALUES('175693073281380','167284961726467','20')
INSERT INTO CategoriesPortals (UniqueID,CatID,PortalID) VALUES('324710641272831','167284961726467','0')
INSERT INTO Categories (CatID,ListUnder,CategoryName,Description,Keywords,CatType,Moderator,AccessKeys,WriteKeys,SEODescription,SEOPageTitle,ManageKeys,AccessHide,WriteHide,ExcPortalSecurity,Weight,ShowList,Sharing) VALUES('160636042178776','158387187662955','Resources','','','','Moderator','|2|,|3|,|1|,|4|','|2|,|3|,|4|','','','|2|','0','0','0','2000','1','1')
INSERT INTO CategoriesModules (UniqueID,CatID,ModuleID) VALUES('467265092231188','160636042178776','20')
INSERT INTO CategoriesPortals (UniqueID,CatID,PortalID) VALUES('122291911467526','160636042178776','0')
INSERT INTO Categories (CatID,ListUnder,CategoryName,Description,Keywords,CatType,Moderator,AccessKeys,WriteKeys,SEODescription,SEOPageTitle,ManageKeys,AccessHide,WriteHide,ExcPortalSecurity,Weight,ShowList,Sharing) VALUES('156041579513286','830096638971954','Resources','','','','Moderator','|2|,|3|,|1|,|4|','|2|,|3|,|4|','','','|2|','0','0','0','2000','1','1')
INSERT INTO CategoriesModules (UniqueID,CatID,ModuleID) VALUES('568519403516215','156041579513286','20')
INSERT INTO CategoriesPortals (UniqueID,CatID,PortalID) VALUES('779134437602443','156041579513286','0')
INSERT INTO Categories (CatID,ListUnder,CategoryName,Description,Keywords,CatType,Moderator,AccessKeys,WriteKeys,SEODescription,SEOPageTitle,ManageKeys,AccessHide,WriteHide,ExcPortalSecurity,Weight,ShowList,Sharing) VALUES('169170302719411','463872615556238','Resources','','','','Moderator','|2|,|3|,|1|,|4|','|2|,|3|,|4|','','','|2|','0','0','0','2000','1','1')
INSERT INTO CategoriesModules (UniqueID,CatID,ModuleID) VALUES('122019934021511','169170302719411','20')
INSERT INTO CategoriesPortals (UniqueID,CatID,PortalID) VALUES('623585804267182','169170302719411','0')
INSERT INTO Categories (CatID,ListUnder,CategoryName,Description,Keywords,CatType,Moderator,AccessKeys,WriteKeys,SEODescription,SEOPageTitle,ManageKeys,AccessHide,WriteHide,ExcPortalSecurity,Weight,ShowList,Sharing) VALUES('179218497712562','158828387513175','Resources','','','','Moderator','|2|,|3|,|1|,|4|','|2|,|3|,|4|','','','|2|','0','0','0','2000','1','1')
INSERT INTO CategoriesModules (UniqueID,CatID,ModuleID) VALUES('727316253172161','179218497712562','20')
INSERT INTO CategoriesPortals (UniqueID,CatID,PortalID) VALUES('840881467668215','179218497712562','0')
INSERT INTO Categories (CatID,ListUnder,CategoryName,Description,Keywords,CatType,Moderator,AccessKeys,WriteKeys,SEODescription,SEOPageTitle,ManageKeys,AccessHide,WriteHide,ExcPortalSecurity,Weight,ShowList,Sharing) VALUES('175669304184395','281579693301792','Resources','','','','Moderator','|2|,|3|,|1|,|4|','|2|,|3|,|4|','','','|2|','0','0','0','2000','1','1')
INSERT INTO CategoriesModules (UniqueID,CatID,ModuleID) VALUES('569138892864770','175669304184395','20')
INSERT INTO CategoriesPortals (UniqueID,CatID,PortalID) VALUES('108398186477949','175669304184395','0')
INSERT INTO Categories (CatID,ListUnder,CategoryName,Description,Keywords,CatType,Moderator,AccessKeys,WriteKeys,SEODescription,SEOPageTitle,ManageKeys,AccessHide,WriteHide,ExcPortalSecurity,Weight,ShowList,Sharing) VALUES('206426801228688','181537501518755','Resources','','','','Moderator','|2|,|3|,|1|,|4|','|2|,|3|,|4|','','','|2|','0','0','0','2000','1','1')
INSERT INTO CategoriesModules (UniqueID,CatID,ModuleID) VALUES('255106691545595','206426801228688','20')
INSERT INTO CategoriesPortals (UniqueID,CatID,PortalID) VALUES('174907326481557','206426801228688','0')
INSERT INTO Categories (CatID,ListUnder,CategoryName,Description,Keywords,CatType,Moderator,AccessKeys,WriteKeys,SEODescription,SEOPageTitle,ManageKeys,AccessHide,WriteHide,ExcPortalSecurity,Weight,ShowList,Sharing) VALUES('202316117434262','678131355466795','Resources','','','','Moderator','|2|,|3|,|1|,|4|','|2|,|3|,|4|','','','|2|','0','0','0','2000','1','1')
INSERT INTO CategoriesModules (UniqueID,CatID,ModuleID) VALUES('452080142864714','202316117434262','20')
INSERT INTO CategoriesPortals (UniqueID,CatID,PortalID) VALUES('627887878611835','202316117434262','0')
INSERT INTO Categories (CatID,ListUnder,CategoryName,Description,Keywords,CatType,Moderator,AccessKeys,WriteKeys,SEODescription,SEOPageTitle,ManageKeys,AccessHide,WriteHide,ExcPortalSecurity,Weight,ShowList,Sharing) VALUES('182470085018937','696248301012678','Resources','','','','Moderator','|2|,|3|,|1|,|4|','|2|,|3|,|4|','','','|2|','0','0','0','2000','1','1')
INSERT INTO CategoriesModules (UniqueID,CatID,ModuleID) VALUES('103689456296793','182470085018937','20')
INSERT INTO CategoriesPortals (UniqueID,CatID,PortalID) VALUES('130740326567398','182470085018937','0')
INSERT INTO Categories (CatID,ListUnder,CategoryName,Description,Keywords,CatType,Moderator,AccessKeys,WriteKeys,SEODescription,SEOPageTitle,ManageKeys,AccessHide,WriteHide,ExcPortalSecurity,Weight,ShowList,Sharing) VALUES('126724623580273','174578511035830','Resources','','','','Moderator','|2|,|3|,|1|,|4|','|2|,|3|,|4|','','','|2|','0','0','0','2000','1','1')
INSERT INTO CategoriesModules (UniqueID,CatID,ModuleID) VALUES('676898783631051','126724623580273','20')
INSERT INTO CategoriesPortals (UniqueID,CatID,PortalID) VALUES('757239775238029','126724623580273','0')
INSERT INTO Categories (CatID,ListUnder,CategoryName,Description,Keywords,CatType,Moderator,AccessKeys,WriteKeys,SEODescription,SEOPageTitle,ManageKeys,AccessHide,WriteHide,ExcPortalSecurity,Weight,ShowList,Sharing) VALUES('123014346944222','0','Resources','','','','Moderator','|2|,|3|,|1|,|4|','|2|,|3|,|4|','','','|2|','0','0','0','2000','1','1')
INSERT INTO CategoriesModules (UniqueID,CatID,ModuleID) VALUES('801385398884722','123014346944222','20')
INSERT INTO CategoriesPortals (UniqueID,CatID,PortalID) VALUES('611803212167379','123014346944222','0')
INSERT INTO Categories (CatID,ListUnder,CategoryName,Description,Keywords,CatType,Moderator,AccessKeys,WriteKeys,SEODescription,SEOPageTitle,ManageKeys,AccessHide,WriteHide,ExcPortalSecurity,Weight,ShowList,Sharing) VALUES('121546962361884','128159621250643','Resources','','','','Moderator','|2|,|3|,|1|,|4|','|2|,|3|,|4|','','','|2|','0','0','0','2000','1','1')
INSERT INTO CategoriesModules (UniqueID,CatID,ModuleID) VALUES('128164866871748','121546962361884','20')
INSERT INTO CategoriesPortals (UniqueID,CatID,PortalID) VALUES('121981615359048','121546962361884','0')
INSERT INTO Categories (CatID,ListUnder,CategoryName,Description,Keywords,CatType,Moderator,AccessKeys,WriteKeys,SEODescription,SEOPageTitle,ManageKeys,AccessHide,WriteHide,ExcPortalSecurity,Weight,ShowList,Sharing) VALUES('134619715462147','123803171009424','Resources','','','','Moderator','|2|,|3|,|1|,|4|','|2|,|3|,|4|','','','|2|','0','0','0','2000','1','1')
INSERT INTO CategoriesModules (UniqueID,CatID,ModuleID) VALUES('789326012370755','134619715462147','20')
INSERT INTO CategoriesPortals (UniqueID,CatID,PortalID) VALUES('114030329066251','134619715462147','0')
INSERT INTO Categories (CatID,ListUnder,CategoryName,Description,Keywords,CatType,Moderator,AccessKeys,WriteKeys,SEODescription,SEOPageTitle,ManageKeys,AccessHide,WriteHide,ExcPortalSecurity,Weight,ShowList,Sharing) VALUES('126591145714716','197531586023575','Resources','','','','Moderator','|2|,|3|,|1|,|4|','|2|,|3|,|4|','','','|2|','0','0','0','2000','1','1')
INSERT INTO CategoriesModules (UniqueID,CatID,ModuleID) VALUES('198141867296464','126591145714716','20')
INSERT INTO CategoriesPortals (UniqueID,CatID,PortalID) VALUES('866011149377653','126591145714716','0')
INSERT INTO Categories (CatID,ListUnder,CategoryName,Description,Keywords,CatType,Moderator,AccessKeys,WriteKeys,SEODescription,SEOPageTitle,ManageKeys,AccessHide,WriteHide,ExcPortalSecurity,Weight,ShowList,Sharing) VALUES('148218978777188','112619746118561','Resources','','','','Moderator','|2|,|3|,|1|,|4|','|2|,|3|,|4|','','','|2|','0','0','0','2000','1','1')
INSERT INTO CategoriesModules (UniqueID,CatID,ModuleID) VALUES('795955823819612','148218978777188','20')
INSERT INTO CategoriesPortals (UniqueID,CatID,PortalID) VALUES('702731963780133','148218978777188','0')
INSERT INTO Categories (CatID,ListUnder,CategoryName,Description,Keywords,CatType,Moderator,AccessKeys,WriteKeys,SEODescription,SEOPageTitle,ManageKeys,AccessHide,WriteHide,ExcPortalSecurity,Weight,ShowList,Sharing) VALUES('155270958195603','938877619938672','Resources','','','','Moderator','|2|,|3|,|1|,|4|','|2|,|3|,|4|','','','|2|','0','0','0','2000','1','1')
INSERT INTO CategoriesModules (UniqueID,CatID,ModuleID) VALUES('105771268622871','155270958195603','20')
INSERT INTO CategoriesPortals (UniqueID,CatID,PortalID) VALUES('724461042283564','155270958195603','0')
INSERT INTO Categories (CatID,ListUnder,CategoryName,Description,Keywords,CatType,Moderator,AccessKeys,WriteKeys,SEODescription,SEOPageTitle,ManageKeys,AccessHide,WriteHide,ExcPortalSecurity,Weight,ShowList,Sharing) VALUES('143005035778512','424416946702259','Resources for Entrepreneurs','','','','Moderator','|2|,|3|,|1|,|4|','|2|,|3|,|4|','','','|2|','0','0','0','2000','1','1')
INSERT INTO CategoriesModules (UniqueID,CatID,ModuleID) VALUES('202794643764782','143005035778512','20')
INSERT INTO CategoriesPortals (UniqueID,CatID,PortalID) VALUES('300797745487284','143005035778512','0')
INSERT INTO Categories (CatID,ListUnder,CategoryName,Description,Keywords,CatType,Moderator,AccessKeys,WriteKeys,SEODescription,SEOPageTitle,ManageKeys,AccessHide,WriteHide,ExcPortalSecurity,Weight,ShowList,Sharing) VALUES('103797597597626','121738407646224','Resources Networking','','','','Moderator','|2|,|3|,|1|,|4|','|2|,|3|,|4|','','','|2|','0','0','0','2000','1','1')
INSERT INTO CategoriesModules (UniqueID,CatID,ModuleID) VALUES('200323389881610','103797597597626','20')
INSERT INTO CategoriesPortals (UniqueID,CatID,PortalID) VALUES('132454989817623','103797597597626','0')
INSERT INTO Categories (CatID,ListUnder,CategoryName,Description,Keywords,CatType,Moderator,AccessKeys,WriteKeys,SEODescription,SEOPageTitle,ManageKeys,AccessHide,WriteHide,ExcPortalSecurity,Weight,ShowList,Sharing) VALUES('941546425030488','152656969788212','Restaurant Chains','','','','Moderator','|2|,|3|,|1|,|4|','|2|,|3|,|4|','','','|2|','0','0','0','2000','1','1')
INSERT INTO CategoriesModules (UniqueID,CatID,ModuleID) VALUES('615061486342167','941546425030488','20')
INSERT INTO CategoriesPortals (UniqueID,CatID,PortalID) VALUES('960233478646782','941546425030488','0')
INSERT INTO Categories (CatID,ListUnder,CategoryName,Description,Keywords,CatType,Moderator,AccessKeys,WriteKeys,SEODescription,SEOPageTitle,ManageKeys,AccessHide,WriteHide,ExcPortalSecurity,Weight,ShowList,Sharing) VALUES('665074702774614','941546425030488','Restaurant Groups','','','','Moderator','|2|,|3|,|1|,|4|','|2|,|3|,|4|','','','|2|','0','0','0','2000','1','1')
INSERT INTO CategoriesModules (UniqueID,CatID,ModuleID) VALUES('179717881867456','665074702774614','20')
INSERT INTO CategoriesPortals (UniqueID,CatID,PortalID) VALUES('450642409435358','665074702774614','0')
INSERT INTO Categories (CatID,ListUnder,CategoryName,Description,Keywords,CatType,Moderator,AccessKeys,WriteKeys,SEODescription,SEOPageTitle,ManageKeys,AccessHide,WriteHide,ExcPortalSecurity,Weight,ShowList,Sharing) VALUES('155435063371167','144315891422463','Restoration','','','','Moderator','|2|,|3|,|1|,|4|','|2|,|3|,|4|','','','|2|','0','0','0','2000','1','1')
INSERT INTO CategoriesModules (UniqueID,CatID,ModuleID) VALUES('170843556098028','155435063371167','20')
INSERT INTO CategoriesPortals (UniqueID,CatID,PortalID) VALUES('130824062937442','155435063371167','0')
INSERT INTO Categories (CatID,ListUnder,CategoryName,Description,Keywords,CatType,Moderator,AccessKeys,WriteKeys,SEODescription,SEOPageTitle,ManageKeys,AccessHide,WriteHide,ExcPortalSecurity,Weight,ShowList,Sharing) VALUES('191264981374951','149933894671876','Resumes','','','','Moderator','|2|,|3|,|1|,|4|','|2|,|3|,|4|','','','|2|','0','0','0','2000','1','1')
INSERT INTO CategoriesModules (UniqueID,CatID,ModuleID) VALUES('110373920555544','191264981374951','20')
INSERT INTO CategoriesPortals (UniqueID,CatID,PortalID) VALUES('944162591960211','191264981374951','0')
INSERT INTO Categories (CatID,ListUnder,CategoryName,Description,Keywords,CatType,Moderator,AccessKeys,WriteKeys,SEODescription,SEOPageTitle,ManageKeys,AccessHide,WriteHide,ExcPortalSecurity,Weight,ShowList,Sharing) VALUES('425855997416253','193100023173231','Resumes','','','','Moderator','|2|,|3|,|1|,|4|','|2|,|3|,|4|','','','|2|','0','0','0','2000','1','1')
INSERT INTO CategoriesModules (UniqueID,CatID,ModuleID) VALUES('521557475791634','425855997416253','20')
INSERT INTO CategoriesPortals (UniqueID,CatID,PortalID) VALUES('112862854657438','425855997416253','0')
INSERT INTO Categories (CatID,ListUnder,CategoryName,Description,Keywords,CatType,Moderator,AccessKeys,WriteKeys,SEODescription,SEOPageTitle,ManageKeys,AccessHide,WriteHide,ExcPortalSecurity,Weight,ShowList,Sharing) VALUES('372019097063586','667063127757362','Resumes','','','','Moderator','|2|,|3|,|1|,|4|','|2|,|3|,|4|','','','|2|','0','0','0','2000','1','1')
INSERT INTO CategoriesModules (UniqueID,CatID,ModuleID) VALUES('137512531443264','372019097063586','20')
INSERT INTO CategoriesPortals (UniqueID,CatID,PortalID) VALUES('873386127114347','372019097063586','0')
INSERT INTO Categories (CatID,ListUnder,CategoryName,Description,Keywords,CatType,Moderator,AccessKeys,WriteKeys,SEODescription,SEOPageTitle,ManageKeys,AccessHide,WriteHide,ExcPortalSecurity,Weight,ShowList,Sharing) VALUES('143307141554146','563436508452811','Resumes Portfolios','','','','Moderator','|2|,|3|,|1|,|4|','|2|,|3|,|4|','','','|2|','0','0','0','2000','1','1')
INSERT INTO CategoriesModules (UniqueID,CatID,ModuleID) VALUES('476350240632268','143307141554146','20')
INSERT INTO CategoriesPortals (UniqueID,CatID,PortalID) VALUES('941928072228303','143307141554146','0')
INSERT INTO Categories (CatID,ListUnder,CategoryName,Description,Keywords,CatType,Moderator,AccessKeys,WriteKeys,SEODescription,SEOPageTitle,ManageKeys,AccessHide,WriteHide,ExcPortalSecurity,Weight,ShowList,Sharing) VALUES('133617310848882','170165247473568','Resumes Portfolios','','','','Moderator','|2|,|3|,|1|,|4|','|2|,|3|,|4|','','','|2|','0','0','0','2000','1','1')
INSERT INTO CategoriesModules (UniqueID,CatID,ModuleID) VALUES('200799075382881','133617310848882','20')
INSERT INTO CategoriesPortals (UniqueID,CatID,PortalID) VALUES('153466163676568','133617310848882','0')
INSERT INTO Categories (CatID,ListUnder,CategoryName,Description,Keywords,CatType,Moderator,AccessKeys,WriteKeys,SEODescription,SEOPageTitle,ManageKeys,AccessHide,WriteHide,ExcPortalSecurity,Weight,ShowList,Sharing) VALUES('386850671474642','180637350615341','Retail','','','','Moderator','|2|,|3|,|1|,|4|','|2|,|3|,|4|','','','|2|','0','0','0','2000','1','1')
INSERT INTO CategoriesModules (UniqueID,CatID,ModuleID) VALUES('883154868433938','386850671474642','20')
INSERT INTO CategoriesPortals (UniqueID,CatID,PortalID) VALUES('132500213782252','386850671474642','0')
INSERT INTO Categories (CatID,ListUnder,CategoryName,Description,Keywords,CatType,Moderator,AccessKeys,WriteKeys,SEODescription,SEOPageTitle,ManageKeys,AccessHide,WriteHide,ExcPortalSecurity,Weight,ShowList,Sharing) VALUES('859312923271067','158188270226404','Retail','','','','Moderator','|2|,|3|,|1|,|4|','|2|,|3|,|4|','','','|2|','0','0','0','2000','1','1')
INSERT INTO CategoriesModules (UniqueID,CatID,ModuleID) VALUES('199289245062222','859312923271067','20')
INSERT INTO CategoriesPortals (UniqueID,CatID,PortalID) VALUES('160850900546134','859312923271067','0')
INSERT INTO Categories (CatID,ListUnder,CategoryName,Description,Keywords,CatType,Moderator,AccessKeys,WriteKeys,SEODescription,SEOPageTitle,ManageKeys,AccessHide,WriteHide,ExcPortalSecurity,Weight,ShowList,Sharing) VALUES('845494891751785','0','Retail Trade','','','','Moderator','|2|,|3|,|1|,|4|','|2|,|3|,|4|','','','|2|','0','0','0','2000','1','1')
INSERT INTO CategoriesModules (UniqueID,CatID,ModuleID) VALUES('176343040141747','845494891751785','20')
INSERT INTO CategoriesPortals (UniqueID,CatID,PortalID) VALUES('150670380797588','845494891751785','0')
INSERT INTO Categories (CatID,ListUnder,CategoryName,Description,Keywords,CatType,Moderator,AccessKeys,WriteKeys,SEODescription,SEOPageTitle,ManageKeys,AccessHide,WriteHide,ExcPortalSecurity,Weight,ShowList,Sharing) VALUES('775833680558683','845494891751785','Retailers','','','','Moderator','|2|,|3|,|1|,|4|','|2|,|3|,|4|','','','|2|','0','0','0','2000','1','1')
INSERT INTO CategoriesModules (UniqueID,CatID,ModuleID) VALUES('202473491246403','775833680558683','20')
INSERT INTO CategoriesPortals (UniqueID,CatID,PortalID) VALUES('998638913193756','775833680558683','0')
INSERT INTO Categories (CatID,ListUnder,CategoryName,Description,Keywords,CatType,Moderator,AccessKeys,WriteKeys,SEODescription,SEOPageTitle,ManageKeys,AccessHide,WriteHide,ExcPortalSecurity,Weight,ShowList,Sharing) VALUES('101278708641136','181537501518755','Retirement Planning','','','','Moderator','|2|,|3|,|1|,|4|','|2|,|3|,|4|','','','|2|','0','0','0','2000','1','1')
INSERT INTO CategoriesModules (UniqueID,CatID,ModuleID) VALUES('107135456105169','101278708641136','20')
INSERT INTO CategoriesPortals (UniqueID,CatID,PortalID) VALUES('208216483254777','101278708641136','0')
INSERT INTO Categories (CatID,ListUnder,CategoryName,Description,Keywords,CatType,Moderator,AccessKeys,WriteKeys,SEODescription,SEOPageTitle,ManageKeys,AccessHide,WriteHide,ExcPortalSecurity,Weight,ShowList,Sharing) VALUES('191298114257992','115398350856753','Ribbons','','','','Moderator','|2|,|3|,|1|,|4|','|2|,|3|,|4|','','','|2|','0','0','0','2000','1','1')
INSERT INTO CategoriesModules (UniqueID,CatID,ModuleID) VALUES('134052483547036','191298114257992','20')
INSERT INTO CategoriesPortals (UniqueID,CatID,PortalID) VALUES('417841229698511','191298114257992','0')
INSERT INTO Categories (CatID,ListUnder,CategoryName,Description,Keywords,CatType,Moderator,AccessKeys,WriteKeys,SEODescription,SEOPageTitle,ManageKeys,AccessHide,WriteHide,ExcPortalSecurity,Weight,ShowList,Sharing) VALUES('924250110204833','498359095706613','Rice','','','','Moderator','|2|,|3|,|1|,|4|','|2|,|3|,|4|','','','|2|','0','0','0','2000','1','1')
INSERT INTO CategoriesModules (UniqueID,CatID,ModuleID) VALUES('933595569689239','924250110204833','20')
INSERT INTO CategoriesPortals (UniqueID,CatID,PortalID) VALUES('141499783945812','924250110204833','0')
INSERT INTO Categories (CatID,ListUnder,CategoryName,Description,Keywords,CatType,Moderator,AccessKeys,WriteKeys,SEODescription,SEOPageTitle,ManageKeys,AccessHide,WriteHide,ExcPortalSecurity,Weight,ShowList,Sharing) VALUES('152255658375365','207459448845489','Rides','','','','Moderator','|2|,|3|,|1|,|4|','|2|,|3|,|4|','','','|2|','0','0','0','2000','1','1')
INSERT INTO CategoriesModules (UniqueID,CatID,ModuleID) VALUES('593470599726558','152255658375365','20')
INSERT INTO CategoriesPortals (UniqueID,CatID,PortalID) VALUES('136513772997634','152255658375365','0')
[[GO]]
INSERT INTO Categories (CatID,ListUnder,CategoryName,Description,Keywords,CatType,Moderator,AccessKeys,WriteKeys,SEODescription,SEOPageTitle,ManageKeys,AccessHide,WriteHide,ExcPortalSecurity,Weight,ShowList,Sharing) VALUES('196653344261847','193867785169430','Risk Management','','','','Moderator','|2|,|3|,|1|,|4|','|2|,|3|,|4|','','','|2|','0','0','0','2000','1','1')
INSERT INTO CategoriesModules (UniqueID,CatID,ModuleID) VALUES('147372350672567','196653344261847','20')
INSERT INTO CategoriesPortals (UniqueID,CatID,PortalID) VALUES('442474035372181','196653344261847','0')
INSERT INTO Categories (CatID,ListUnder,CategoryName,Description,Keywords,CatType,Moderator,AccessKeys,WriteKeys,SEODescription,SEOPageTitle,ManageKeys,AccessHide,WriteHide,ExcPortalSecurity,Weight,ShowList,Sharing) VALUES('645742734521531','518067943485998','Risk Management','','','','Moderator','|2|,|3|,|1|,|4|','|2|,|3|,|4|','','','|2|','0','0','0','2000','1','1')
INSERT INTO CategoriesModules (UniqueID,CatID,ModuleID) VALUES('173710231597855','645742734521531','20')
INSERT INTO CategoriesPortals (UniqueID,CatID,PortalID) VALUES('709716675759828','645742734521531','0')
INSERT INTO Categories (CatID,ListUnder,CategoryName,Description,Keywords,CatType,Moderator,AccessKeys,WriteKeys,SEODescription,SEOPageTitle,ManageKeys,AccessHide,WriteHide,ExcPortalSecurity,Weight,ShowList,Sharing) VALUES('287295070213648','565581992163321','Road Construction','','','','Moderator','|2|,|3|,|1|,|4|','|2|,|3|,|4|','','','|2|','0','0','0','2000','1','1')
INSERT INTO CategoriesModules (UniqueID,CatID,ModuleID) VALUES('248946554912023','287295070213648','20')
INSERT INTO CategoriesPortals (UniqueID,CatID,PortalID) VALUES('114552990626114','287295070213648','0')
INSERT INTO Categories (CatID,ListUnder,CategoryName,Description,Keywords,CatType,Moderator,AccessKeys,WriteKeys,SEODescription,SEOPageTitle,ManageKeys,AccessHide,WriteHide,ExcPortalSecurity,Weight,ShowList,Sharing) VALUES('194990039798881','284131841433627','Robotics','','','','Moderator','|2|,|3|,|1|,|4|','|2|,|3|,|4|','','','|2|','0','0','0','2000','1','1')
INSERT INTO CategoriesModules (UniqueID,CatID,ModuleID) VALUES('151699447062182','194990039798881','20')
INSERT INTO CategoriesPortals (UniqueID,CatID,PortalID) VALUES('193793064857823','194990039798881','0')
INSERT INTO Categories (CatID,ListUnder,CategoryName,Description,Keywords,CatType,Moderator,AccessKeys,WriteKeys,SEODescription,SEOPageTitle,ManageKeys,AccessHide,WriteHide,ExcPortalSecurity,Weight,ShowList,Sharing) VALUES('183220425812733','154294030131064','Rope Rigging','','','','Moderator','|2|,|3|,|1|,|4|','|2|,|3|,|4|','','','|2|','0','0','0','2000','1','1')
INSERT INTO CategoriesModules (UniqueID,CatID,ModuleID) VALUES('563746532682432','183220425812733','20')
INSERT INTO CategoriesPortals (UniqueID,CatID,PortalID) VALUES('209190281458438','183220425812733','0')
INSERT INTO Categories (CatID,ListUnder,CategoryName,Description,Keywords,CatType,Moderator,AccessKeys,WriteKeys,SEODescription,SEOPageTitle,ManageKeys,AccessHide,WriteHide,ExcPortalSecurity,Weight,ShowList,Sharing) VALUES('401666886537347','138186154628395','S blasting','','','','Moderator','|2|,|3|,|1|,|4|','|2|,|3|,|4|','','','|2|','0','0','0','2000','1','1')
INSERT INTO CategoriesModules (UniqueID,CatID,ModuleID) VALUES('896884422050908','401666886537347','20')
INSERT INTO CategoriesPortals (UniqueID,CatID,PortalID) VALUES('453608285136847','401666886537347','0')
INSERT INTO Categories (CatID,ListUnder,CategoryName,Description,Keywords,CatType,Moderator,AccessKeys,WriteKeys,SEODescription,SEOPageTitle,ManageKeys,AccessHide,WriteHide,ExcPortalSecurity,Weight,ShowList,Sharing) VALUES('523200576911576','941546425030488','S wich Deli','','','','Moderator','|2|,|3|,|1|,|4|','|2|,|3|,|4|','','','|2|','0','0','0','2000','1','1')
INSERT INTO CategoriesModules (UniqueID,CatID,ModuleID) VALUES('440036217346712','523200576911576','20')
INSERT INTO CategoriesPortals (UniqueID,CatID,PortalID) VALUES('115098713502151','523200576911576','0')
INSERT INTO Categories (CatID,ListUnder,CategoryName,Description,Keywords,CatType,Moderator,AccessKeys,WriteKeys,SEODescription,SEOPageTitle,ManageKeys,AccessHide,WriteHide,ExcPortalSecurity,Weight,ShowList,Sharing) VALUES('178553455384568','197531586023575','Safety','','','','Moderator','|2|,|3|,|1|,|4|','|2|,|3|,|4|','','','|2|','0','0','0','2000','1','1')
INSERT INTO CategoriesModules (UniqueID,CatID,ModuleID) VALUES('560298905292620','178553455384568','20')
INSERT INTO CategoriesPortals (UniqueID,CatID,PortalID) VALUES('773350026681245','178553455384568','0')
INSERT INTO Categories (CatID,ListUnder,CategoryName,Description,Keywords,CatType,Moderator,AccessKeys,WriteKeys,SEODescription,SEOPageTitle,ManageKeys,AccessHide,WriteHide,ExcPortalSecurity,Weight,ShowList,Sharing) VALUES('167455956036441','468964763450112','Safety','','','','Moderator','|2|,|3|,|1|,|4|','|2|,|3|,|4|','','','|2|','0','0','0','2000','1','1')
INSERT INTO CategoriesModules (UniqueID,CatID,ModuleID) VALUES('450003887711869','167455956036441','20')
INSERT INTO CategoriesPortals (UniqueID,CatID,PortalID) VALUES('182585846355922','167455956036441','0')
INSERT INTO Categories (CatID,ListUnder,CategoryName,Description,Keywords,CatType,Moderator,AccessKeys,WriteKeys,SEODescription,SEOPageTitle,ManageKeys,AccessHide,WriteHide,ExcPortalSecurity,Weight,ShowList,Sharing) VALUES('581057678315832','161898503042338','Safety Compliance Testing','','','','Moderator','|2|,|3|,|1|,|4|','|2|,|3|,|4|','','','|2|','0','0','0','2000','1','1')
INSERT INTO CategoriesModules (UniqueID,CatID,ModuleID) VALUES('183606997923184','581057678315832','20')
INSERT INTO CategoriesPortals (UniqueID,CatID,PortalID) VALUES('365612175143416','581057678315832','0')
INSERT INTO Categories (CatID,ListUnder,CategoryName,Description,Keywords,CatType,Moderator,AccessKeys,WriteKeys,SEODescription,SEOPageTitle,ManageKeys,AccessHide,WriteHide,ExcPortalSecurity,Weight,ShowList,Sharing) VALUES('113855850737544','958450126441562','Safety Equipment','','','','Moderator','|2|,|3|,|1|,|4|','|2|,|3|,|4|','','','|2|','0','0','0','2000','1','1')
INSERT INTO CategoriesModules (UniqueID,CatID,ModuleID) VALUES('760031036117224','113855850737544','20')
INSERT INTO CategoriesPortals (UniqueID,CatID,PortalID) VALUES('592722071686509','113855850737544','0')
INSERT INTO Categories (CatID,ListUnder,CategoryName,Description,Keywords,CatType,Moderator,AccessKeys,WriteKeys,SEODescription,SEOPageTitle,ManageKeys,AccessHide,WriteHide,ExcPortalSecurity,Weight,ShowList,Sharing) VALUES('112259677323315','154294030131064','Safety Equipment Supplies','','','','Moderator','|2|,|3|,|1|,|4|','|2|,|3|,|4|','','','|2|','0','0','0','2000','1','1')
INSERT INTO CategoriesModules (UniqueID,CatID,ModuleID) VALUES('136031574886806','112259677323315','20')
INSERT INTO CategoriesPortals (UniqueID,CatID,PortalID) VALUES('859457125638299','112259677323315','0')
INSERT INTO Categories (CatID,ListUnder,CategoryName,Description,Keywords,CatType,Moderator,AccessKeys,WriteKeys,SEODescription,SEOPageTitle,ManageKeys,AccessHide,WriteHide,ExcPortalSecurity,Weight,ShowList,Sharing) VALUES('319034207589943','185896419053654','Safety Products Services','','','','Moderator','|2|,|3|,|1|,|4|','|2|,|3|,|4|','','','|2|','0','0','0','2000','1','1')
INSERT INTO CategoriesModules (UniqueID,CatID,ModuleID) VALUES('400367999614648','319034207589943','20')
INSERT INTO CategoriesPortals (UniqueID,CatID,PortalID) VALUES('589241064963205','319034207589943','0')
INSERT INTO Categories (CatID,ListUnder,CategoryName,Description,Keywords,CatType,Moderator,AccessKeys,WriteKeys,SEODescription,SEOPageTitle,ManageKeys,AccessHide,WriteHide,ExcPortalSecurity,Weight,ShowList,Sharing) VALUES('171547107024323','138154400322839','Sales','','','','Moderator','|2|,|3|,|1|,|4|','|2|,|3|,|4|','','','|2|','0','0','0','2000','1','1')
INSERT INTO CategoriesModules (UniqueID,CatID,ModuleID) VALUES('200304069985927','171547107024323','20')
INSERT INTO CategoriesPortals (UniqueID,CatID,PortalID) VALUES('486569358280274','171547107024323','0')
INSERT INTO Categories (CatID,ListUnder,CategoryName,Description,Keywords,CatType,Moderator,AccessKeys,WriteKeys,SEODescription,SEOPageTitle,ManageKeys,AccessHide,WriteHide,ExcPortalSecurity,Weight,ShowList,Sharing) VALUES('173143062745234','118549889292021','Sales Agents','','','','Moderator','|2|,|3|,|1|,|4|','|2|,|3|,|4|','','','|2|','0','0','0','2000','1','1')
INSERT INTO CategoriesModules (UniqueID,CatID,ModuleID) VALUES('705822733040468','173143062745234','20')
INSERT INTO CategoriesPortals (UniqueID,CatID,PortalID) VALUES('147270358961373','173143062745234','0')
INSERT INTO Categories (CatID,ListUnder,CategoryName,Description,Keywords,CatType,Moderator,AccessKeys,WriteKeys,SEODescription,SEOPageTitle,ManageKeys,AccessHide,WriteHide,ExcPortalSecurity,Weight,ShowList,Sharing) VALUES('200435326837485','118503179432622','Sales Force Automation','','','','Moderator','|2|,|3|,|1|,|4|','|2|,|3|,|4|','','','|2|','0','0','0','2000','1','1')
INSERT INTO CategoriesModules (UniqueID,CatID,ModuleID) VALUES('183266873077671','200435326837485','20')
INSERT INTO CategoriesPortals (UniqueID,CatID,PortalID) VALUES('799801194566577','200435326837485','0')
INSERT INTO Categories (CatID,ListUnder,CategoryName,Description,Keywords,CatType,Moderator,AccessKeys,WriteKeys,SEODescription,SEOPageTitle,ManageKeys,AccessHide,WriteHide,ExcPortalSecurity,Weight,ShowList,Sharing) VALUES('182790886947663','211779882274336','Sales Supply Houses','','','','Moderator','|2|,|3|,|1|,|4|','|2|,|3|,|4|','','','|2|','0','0','0','2000','1','1')
INSERT INTO CategoriesModules (UniqueID,CatID,ModuleID) VALUES('839845498204785','182790886947663','20')
INSERT INTO CategoriesPortals (UniqueID,CatID,PortalID) VALUES('719402740173965','182790886947663','0')
INSERT INTO Categories (CatID,ListUnder,CategoryName,Description,Keywords,CatType,Moderator,AccessKeys,WriteKeys,SEODescription,SEOPageTitle,ManageKeys,AccessHide,WriteHide,ExcPortalSecurity,Weight,ShowList,Sharing) VALUES('106574931977874','213563058167417','Salesmanship','','','','Moderator','|2|,|3|,|1|,|4|','|2|,|3|,|4|','','','|2|','0','0','0','2000','1','1')
INSERT INTO CategoriesModules (UniqueID,CatID,ModuleID) VALUES('913190188449329','106574931977874','20')
INSERT INTO CategoriesPortals (UniqueID,CatID,PortalID) VALUES('209724664464608','106574931977874','0')
INSERT INTO Categories (CatID,ListUnder,CategoryName,Description,Keywords,CatType,Moderator,AccessKeys,WriteKeys,SEODescription,SEOPageTitle,ManageKeys,AccessHide,WriteHide,ExcPortalSecurity,Weight,ShowList,Sharing) VALUES('329028214416476','207494574995551','Satellite','','','','Moderator','|2|,|3|,|1|,|4|','|2|,|3|,|4|','','','|2|','0','0','0','2000','1','1')
INSERT INTO CategoriesModules (UniqueID,CatID,ModuleID) VALUES('460480563894485','329028214416476','20')
INSERT INTO CategoriesPortals (UniqueID,CatID,PortalID) VALUES('138169666027624','329028214416476','0')
INSERT INTO Categories (CatID,ListUnder,CategoryName,Description,Keywords,CatType,Moderator,AccessKeys,WriteKeys,SEODescription,SEOPageTitle,ManageKeys,AccessHide,WriteHide,ExcPortalSecurity,Weight,ShowList,Sharing) VALUES('240246689250433','134301758144739','Satellite','','','','Moderator','|2|,|3|,|1|,|4|','|2|,|3|,|4|','','','|2|','0','0','0','2000','1','1')
INSERT INTO CategoriesModules (UniqueID,CatID,ModuleID) VALUES('187583658045386','240246689250433','20')
INSERT INTO CategoriesPortals (UniqueID,CatID,PortalID) VALUES('117495228777677','240246689250433','0')
INSERT INTO Categories (CatID,ListUnder,CategoryName,Description,Keywords,CatType,Moderator,AccessKeys,WriteKeys,SEODescription,SEOPageTitle,ManageKeys,AccessHide,WriteHide,ExcPortalSecurity,Weight,ShowList,Sharing) VALUES('152555668233918','369761046869198','Sausage','','','','Moderator','|2|,|3|,|1|,|4|','|2|,|3|,|4|','','','|2|','0','0','0','2000','1','1')
INSERT INTO CategoriesModules (UniqueID,CatID,ModuleID) VALUES('694735650855878','152555668233918','20')
INSERT INTO CategoriesPortals (UniqueID,CatID,PortalID) VALUES('955174507822388','152555668233918','0')
INSERT INTO Categories (CatID,ListUnder,CategoryName,Description,Keywords,CatType,Moderator,AccessKeys,WriteKeys,SEODescription,SEOPageTitle,ManageKeys,AccessHide,WriteHide,ExcPortalSecurity,Weight,ShowList,Sharing) VALUES('145645421666647','112191732677701','Sawlogs Pulp','','','','Moderator','|2|,|3|,|1|,|4|','|2|,|3|,|4|','','','|2|','0','0','0','2000','1','1')
INSERT INTO CategoriesModules (UniqueID,CatID,ModuleID) VALUES('187469015416496','145645421666647','20')
INSERT INTO CategoriesPortals (UniqueID,CatID,PortalID) VALUES('171968583193628','145645421666647','0')
INSERT INTO Categories (CatID,ListUnder,CategoryName,Description,Keywords,CatType,Moderator,AccessKeys,WriteKeys,SEODescription,SEOPageTitle,ManageKeys,AccessHide,WriteHide,ExcPortalSecurity,Weight,ShowList,Sharing) VALUES('346072429364834','565581992163321','Scaffolds','','','','Moderator','|2|,|3|,|1|,|4|','|2|,|3|,|4|','','','|2|','0','0','0','2000','1','1')
INSERT INTO CategoriesModules (UniqueID,CatID,ModuleID) VALUES('189121510027905','346072429364834','20')
INSERT INTO CategoriesPortals (UniqueID,CatID,PortalID) VALUES('468063801224592','346072429364834','0')
INSERT INTO Categories (CatID,ListUnder,CategoryName,Description,Keywords,CatType,Moderator,AccessKeys,WriteKeys,SEODescription,SEOPageTitle,ManageKeys,AccessHide,WriteHide,ExcPortalSecurity,Weight,ShowList,Sharing) VALUES('202019329549234','154294030131064','Scales Weighing Equipment','','','','Moderator','|2|,|3|,|1|,|4|','|2|,|3|,|4|','','','|2|','0','0','0','2000','1','1')
INSERT INTO CategoriesModules (UniqueID,CatID,ModuleID) VALUES('267744083955843','202019329549234','20')
INSERT INTO CategoriesPortals (UniqueID,CatID,PortalID) VALUES('178640934473625','202019329549234','0')
INSERT INTO Categories (CatID,ListUnder,CategoryName,Description,Keywords,CatType,Moderator,AccessKeys,WriteKeys,SEODescription,SEOPageTitle,ManageKeys,AccessHide,WriteHide,ExcPortalSecurity,Weight,ShowList,Sharing) VALUES('494382569737550','121738407646224','Scamfree Certification','','','','Moderator','|2|,|3|,|1|,|4|','|2|,|3|,|4|','','','|2|','0','0','0','2000','1','1')
INSERT INTO CategoriesModules (UniqueID,CatID,ModuleID) VALUES('139637379021811','494382569737550','20')
INSERT INTO CategoriesPortals (UniqueID,CatID,PortalID) VALUES('610116211451716','494382569737550','0')
INSERT INTO Categories (CatID,ListUnder,CategoryName,Description,Keywords,CatType,Moderator,AccessKeys,WriteKeys,SEODescription,SEOPageTitle,ManageKeys,AccessHide,WriteHide,ExcPortalSecurity,Weight,ShowList,Sharing) VALUES('168160609991738','877724855173932','Scooters','','','','Moderator','|2|,|3|,|1|,|4|','|2|,|3|,|4|','','','|2|','0','0','0','2000','1','1')
INSERT INTO CategoriesModules (UniqueID,CatID,ModuleID) VALUES('676554754647759','168160609991738','20')
INSERT INTO CategoriesPortals (UniqueID,CatID,PortalID) VALUES('240086082637469','168160609991738','0')
INSERT INTO Categories (CatID,ListUnder,CategoryName,Description,Keywords,CatType,Moderator,AccessKeys,WriteKeys,SEODescription,SEOPageTitle,ManageKeys,AccessHide,WriteHide,ExcPortalSecurity,Weight,ShowList,Sharing) VALUES('178004858706338','517052103402379','Scrapbooking','','','','Moderator','|2|,|3|,|1|,|4|','|2|,|3|,|4|','','','|2|','0','0','0','2000','1','1')
INSERT INTO CategoriesModules (UniqueID,CatID,ModuleID) VALUES('195579275935385','178004858706338','20')
INSERT INTO CategoriesPortals (UniqueID,CatID,PortalID) VALUES('137017982372501','178004858706338','0')
INSERT INTO Categories (CatID,ListUnder,CategoryName,Description,Keywords,CatType,Moderator,AccessKeys,WriteKeys,SEODescription,SEOPageTitle,ManageKeys,AccessHide,WriteHide,ExcPortalSecurity,Weight,ShowList,Sharing) VALUES('762276833892725','155144268747187','Screen Printing','','','','Moderator','|2|,|3|,|1|,|4|','|2|,|3|,|4|','','','|2|','0','0','0','2000','1','1')
INSERT INTO CategoriesModules (UniqueID,CatID,ModuleID) VALUES('101680445568357','762276833892725','20')
INSERT INTO CategoriesPortals (UniqueID,CatID,PortalID) VALUES('146000027676618','762276833892725','0')
INSERT INTO Categories (CatID,ListUnder,CategoryName,Description,Keywords,CatType,Moderator,AccessKeys,WriteKeys,SEODescription,SEOPageTitle,ManageKeys,AccessHide,WriteHide,ExcPortalSecurity,Weight,ShowList,Sharing) VALUES('731488782983624','941546425030488','Seafood','','','','Moderator','|2|,|3|,|1|,|4|','|2|,|3|,|4|','','','|2|','0','0','0','2000','1','1')
INSERT INTO CategoriesModules (UniqueID,CatID,ModuleID) VALUES('166256367451159','731488782983624','20')
INSERT INTO CategoriesPortals (UniqueID,CatID,PortalID) VALUES('125881603757675','731488782983624','0')
INSERT INTO Categories (CatID,ListUnder,CategoryName,Description,Keywords,CatType,Moderator,AccessKeys,WriteKeys,SEODescription,SEOPageTitle,ManageKeys,AccessHide,WriteHide,ExcPortalSecurity,Weight,ShowList,Sharing) VALUES('157051534584334','369761046869198','Seafood','','','','Moderator','|2|,|3|,|1|,|4|','|2|,|3|,|4|','','','|2|','0','0','0','2000','1','1')
INSERT INTO CategoriesModules (UniqueID,CatID,ModuleID) VALUES('468891899447331','157051534584334','20')
INSERT INTO CategoriesPortals (UniqueID,CatID,PortalID) VALUES('148456621430233','157051534584334','0')
INSERT INTO Categories (CatID,ListUnder,CategoryName,Description,Keywords,CatType,Moderator,AccessKeys,WriteKeys,SEODescription,SEOPageTitle,ManageKeys,AccessHide,WriteHide,ExcPortalSecurity,Weight,ShowList,Sharing) VALUES('630347682708370','123014346944222','Search Engines','','','','Moderator','|2|,|3|,|1|,|4|','|2|,|3|,|4|','','','|2|','0','0','0','2000','1','1')
INSERT INTO CategoriesModules (UniqueID,CatID,ModuleID) VALUES('221397380626382','630347682708370','20')
INSERT INTO CategoriesPortals (UniqueID,CatID,PortalID) VALUES('199387802871475','630347682708370','0')
INSERT INTO Categories (CatID,ListUnder,CategoryName,Description,Keywords,CatType,Moderator,AccessKeys,WriteKeys,SEODescription,SEOPageTitle,ManageKeys,AccessHide,WriteHide,ExcPortalSecurity,Weight,ShowList,Sharing) VALUES('171188950870074','926958022387637','Sectors','','','','Moderator','|2|,|3|,|1|,|4|','|2|,|3|,|4|','','','|2|','0','0','0','2000','1','1')
INSERT INTO CategoriesModules (UniqueID,CatID,ModuleID) VALUES('304383314772883','171188950870074','20')
INSERT INTO CategoriesPortals (UniqueID,CatID,PortalID) VALUES('805449973872892','171188950870074','0')
INSERT INTO Categories (CatID,ListUnder,CategoryName,Description,Keywords,CatType,Moderator,AccessKeys,WriteKeys,SEODescription,SEOPageTitle,ManageKeys,AccessHide,WriteHide,ExcPortalSecurity,Weight,ShowList,Sharing) VALUES('398193448934088','194091967154117','Security','','','','Moderator','|2|,|3|,|1|,|4|','|2|,|3|,|4|','','','|2|','0','0','0','2000','1','1')
INSERT INTO CategoriesModules (UniqueID,CatID,ModuleID) VALUES('194364765961217','398193448934088','20')
INSERT INTO CategoriesPortals (UniqueID,CatID,PortalID) VALUES('165513733389612','398193448934088','0')
INSERT INTO Categories (CatID,ListUnder,CategoryName,Description,Keywords,CatType,Moderator,AccessKeys,WriteKeys,SEODescription,SEOPageTitle,ManageKeys,AccessHide,WriteHide,ExcPortalSecurity,Weight,ShowList,Sharing) VALUES('256574178544781','183131383188741','Security','','','','Moderator','|2|,|3|,|1|,|4|','|2|,|3|,|4|','','','|2|','0','0','0','2000','1','1')
INSERT INTO CategoriesModules (UniqueID,CatID,ModuleID) VALUES('180501583505926','256574178544781','20')
INSERT INTO CategoriesPortals (UniqueID,CatID,PortalID) VALUES('729955339572866','256574178544781','0')
INSERT INTO Categories (CatID,ListUnder,CategoryName,Description,Keywords,CatType,Moderator,AccessKeys,WriteKeys,SEODescription,SEOPageTitle,ManageKeys,AccessHide,WriteHide,ExcPortalSecurity,Weight,ShowList,Sharing) VALUES('540949477065053','158188270226404','Self-Publishing','','','','Moderator','|2|,|3|,|1|,|4|','|2|,|3|,|4|','','','|2|','0','0','0','2000','1','1')
INSERT INTO CategoriesModules (UniqueID,CatID,ModuleID) VALUES('376260413882730','540949477065053','20')
INSERT INTO CategoriesPortals (UniqueID,CatID,PortalID) VALUES('165080266756653','540949477065053','0')
INSERT INTO Categories (CatID,ListUnder,CategoryName,Description,Keywords,CatType,Moderator,AccessKeys,WriteKeys,SEODescription,SEOPageTitle,ManageKeys,AccessHide,WriteHide,ExcPortalSecurity,Weight,ShowList,Sharing) VALUES('571549721344565','180077455433202','Semiconductors','','','','Moderator','|2|,|3|,|1|,|4|','|2|,|3|,|4|','','','|2|','0','0','0','2000','1','1')
INSERT INTO CategoriesModules (UniqueID,CatID,ModuleID) VALUES('204209636833796','571549721344565','20')
INSERT INTO CategoriesPortals (UniqueID,CatID,PortalID) VALUES('148960203515331','571549721344565','0')
INSERT INTO Categories (CatID,ListUnder,CategoryName,Description,Keywords,CatType,Moderator,AccessKeys,WriteKeys,SEODescription,SEOPageTitle,ManageKeys,AccessHide,WriteHide,ExcPortalSecurity,Weight,ShowList,Sharing) VALUES('177304907584825','284316302752662','Senior Housing','','','','Moderator','|2|,|3|,|1|,|4|','|2|,|3|,|4|','','','|2|','0','0','0','2000','1','1')
INSERT INTO CategoriesModules (UniqueID,CatID,ModuleID) VALUES('160683445606347','177304907584825','20')
INSERT INTO CategoriesPortals (UniqueID,CatID,PortalID) VALUES('404656873516118','177304907584825','0')
INSERT INTO Categories (CatID,ListUnder,CategoryName,Description,Keywords,CatType,Moderator,AccessKeys,WriteKeys,SEODescription,SEOPageTitle,ManageKeys,AccessHide,WriteHide,ExcPortalSecurity,Weight,ShowList,Sharing) VALUES('187293865816095','137369301724224','Service Companies','','','','Moderator','|2|,|3|,|1|,|4|','|2|,|3|,|4|','','','|2|','0','0','0','2000','1','1')
INSERT INTO CategoriesModules (UniqueID,CatID,ModuleID) VALUES('179631766580555','187293865816095','20')
INSERT INTO CategoriesPortals (UniqueID,CatID,PortalID) VALUES('123005665938487','187293865816095','0')
INSERT INTO Categories (CatID,ListUnder,CategoryName,Description,Keywords,CatType,Moderator,AccessKeys,WriteKeys,SEODescription,SEOPageTitle,ManageKeys,AccessHide,WriteHide,ExcPortalSecurity,Weight,ShowList,Sharing) VALUES('175543076376241','193867785169430','Service Management','','','','Moderator','|2|,|3|,|1|,|4|','|2|,|3|,|4|','','','|2|','0','0','0','2000','1','1')
INSERT INTO CategoriesModules (UniqueID,CatID,ModuleID) VALUES('133234761616372','175543076376241','20')
INSERT INTO CategoriesPortals (UniqueID,CatID,PortalID) VALUES('248910862347762','175543076376241','0')
INSERT INTO Categories (CatID,ListUnder,CategoryName,Description,Keywords,CatType,Moderator,AccessKeys,WriteKeys,SEODescription,SEOPageTitle,ManageKeys,AccessHide,WriteHide,ExcPortalSecurity,Weight,ShowList,Sharing) VALUES('192882617265613','468964763450112','Service Product Supply','','','','Moderator','|2|,|3|,|1|,|4|','|2|,|3|,|4|','','','|2|','0','0','0','2000','1','1')
INSERT INTO CategoriesModules (UniqueID,CatID,ModuleID) VALUES('471321011247771','192882617265613','20')
INSERT INTO CategoriesPortals (UniqueID,CatID,PortalID) VALUES('150971323312685','192882617265613','0')
INSERT INTO Categories (CatID,ListUnder,CategoryName,Description,Keywords,CatType,Moderator,AccessKeys,WriteKeys,SEODescription,SEOPageTitle,ManageKeys,AccessHide,WriteHide,ExcPortalSecurity,Weight,ShowList,Sharing) VALUES('188114070207265','454474966627687','Services','','','','Moderator','|2|,|3|,|1|,|4|','|2|,|3|,|4|','','','|2|','0','0','0','2000','1','1')
INSERT INTO CategoriesModules (UniqueID,CatID,ModuleID) VALUES('806956280471651','188114070207265','20')
INSERT INTO CategoriesPortals (UniqueID,CatID,PortalID) VALUES('875300118823286','188114070207265','0')
INSERT INTO Categories (CatID,ListUnder,CategoryName,Description,Keywords,CatType,Moderator,AccessKeys,WriteKeys,SEODescription,SEOPageTitle,ManageKeys,AccessHide,WriteHide,ExcPortalSecurity,Weight,ShowList,Sharing) VALUES('184696310053112','845494891751785','Services','','','','Moderator','|2|,|3|,|1|,|4|','|2|,|3|,|4|','','','|2|','0','0','0','2000','1','1')
INSERT INTO CategoriesModules (UniqueID,CatID,ModuleID) VALUES('159625492428106','184696310053112','20')
INSERT INTO CategoriesPortals (UniqueID,CatID,PortalID) VALUES('117652745947377','184696310053112','0')
INSERT INTO Categories (CatID,ListUnder,CategoryName,Description,Keywords,CatType,Moderator,AccessKeys,WriteKeys,SEODescription,SEOPageTitle,ManageKeys,AccessHide,WriteHide,ExcPortalSecurity,Weight,ShowList,Sharing) VALUES('196565057352561','826500906614541','Services','','','','Moderator','|2|,|3|,|1|,|4|','|2|,|3|,|4|','','','|2|','0','0','0','2000','1','1')
INSERT INTO CategoriesModules (UniqueID,CatID,ModuleID) VALUES('145499773946970','196565057352561','20')
INSERT INTO CategoriesPortals (UniqueID,CatID,PortalID) VALUES('586229592178854','196565057352561','0')
INSERT INTO Categories (CatID,ListUnder,CategoryName,Description,Keywords,CatType,Moderator,AccessKeys,WriteKeys,SEODescription,SEOPageTitle,ManageKeys,AccessHide,WriteHide,ExcPortalSecurity,Weight,ShowList,Sharing) VALUES('178461784596203','696248301012678','Services','','','','Moderator','|2|,|3|,|1|,|4|','|2|,|3|,|4|','','','|2|','0','0','0','2000','1','1')
INSERT INTO CategoriesModules (UniqueID,CatID,ModuleID) VALUES('699109102302110','178461784596203','20')
INSERT INTO CategoriesPortals (UniqueID,CatID,PortalID) VALUES('129153630970576','178461784596203','0')
INSERT INTO Categories (CatID,ListUnder,CategoryName,Description,Keywords,CatType,Moderator,AccessKeys,WriteKeys,SEODescription,SEOPageTitle,ManageKeys,AccessHide,WriteHide,ExcPortalSecurity,Weight,ShowList,Sharing) VALUES('158282088674470','214300976326282','Services','','','','Moderator','|2|,|3|,|1|,|4|','|2|,|3|,|4|','','','|2|','0','0','0','2000','1','1')
INSERT INTO CategoriesModules (UniqueID,CatID,ModuleID) VALUES('280234330188149','158282088674470','20')
INSERT INTO CategoriesPortals (UniqueID,CatID,PortalID) VALUES('476713028373146','158282088674470','0')
INSERT INTO Categories (CatID,ListUnder,CategoryName,Description,Keywords,CatType,Moderator,AccessKeys,WriteKeys,SEODescription,SEOPageTitle,ManageKeys,AccessHide,WriteHide,ExcPortalSecurity,Weight,ShowList,Sharing) VALUES('134301758144739','197531586023575','Services','','','','Moderator','|2|,|3|,|1|,|4|','|2|,|3|,|4|','','','|2|','0','0','0','2000','1','1')
INSERT INTO CategoriesModules (UniqueID,CatID,ModuleID) VALUES('836601516412253','134301758144739','20')
INSERT INTO CategoriesPortals (UniqueID,CatID,PortalID) VALUES('141553015578447','134301758144739','0')
INSERT INTO Categories (CatID,ListUnder,CategoryName,Description,Keywords,CatType,Moderator,AccessKeys,WriteKeys,SEODescription,SEOPageTitle,ManageKeys,AccessHide,WriteHide,ExcPortalSecurity,Weight,ShowList,Sharing) VALUES('117562949495679','280965458060437','Services','','','','Moderator','|2|,|3|,|1|,|4|','|2|,|3|,|4|','','','|2|','0','0','0','2000','1','1')
INSERT INTO CategoriesModules (UniqueID,CatID,ModuleID) VALUES('158778631055619','117562949495679','20')
INSERT INTO CategoriesPortals (UniqueID,CatID,PortalID) VALUES('806687965167485','117562949495679','0')
INSERT INTO Categories (CatID,ListUnder,CategoryName,Description,Keywords,CatType,Moderator,AccessKeys,WriteKeys,SEODescription,SEOPageTitle,ManageKeys,AccessHide,WriteHide,ExcPortalSecurity,Weight,ShowList,Sharing) VALUES('639946767070533','407246154476726','Services','','','','Moderator','|2|,|3|,|1|,|4|','|2|,|3|,|4|','','','|2|','0','0','0','2000','1','1')
INSERT INTO CategoriesModules (UniqueID,CatID,ModuleID) VALUES('783598966543027','639946767070533','20')
INSERT INTO CategoriesPortals (UniqueID,CatID,PortalID) VALUES('507806940238451','639946767070533','0')
INSERT INTO Categories (CatID,ListUnder,CategoryName,Description,Keywords,CatType,Moderator,AccessKeys,WriteKeys,SEODescription,SEOPageTitle,ManageKeys,AccessHide,WriteHide,ExcPortalSecurity,Weight,ShowList,Sharing) VALUES('611248287853758','533666869140335','Services','','','','Moderator','|2|,|3|,|1|,|4|','|2|,|3|,|4|','','','|2|','0','0','0','2000','1','1')
INSERT INTO CategoriesModules (UniqueID,CatID,ModuleID) VALUES('181978245159477','611248287853758','20')
INSERT INTO CategoriesPortals (UniqueID,CatID,PortalID) VALUES('718258755014315','611248287853758','0')
INSERT INTO Categories (CatID,ListUnder,CategoryName,Description,Keywords,CatType,Moderator,AccessKeys,WriteKeys,SEODescription,SEOPageTitle,ManageKeys,AccessHide,WriteHide,ExcPortalSecurity,Weight,ShowList,Sharing) VALUES('483932662101247','145561398531063','Services','','','','Moderator','|2|,|3|,|1|,|4|','|2|,|3|,|4|','','','|2|','0','0','0','2000','1','1')
INSERT INTO CategoriesModules (UniqueID,CatID,ModuleID) VALUES('183176330139535','483932662101247','20')
INSERT INTO CategoriesPortals (UniqueID,CatID,PortalID) VALUES('158141976996815','483932662101247','0')
INSERT INTO Categories (CatID,ListUnder,CategoryName,Description,Keywords,CatType,Moderator,AccessKeys,WriteKeys,SEODescription,SEOPageTitle,ManageKeys,AccessHide,WriteHide,ExcPortalSecurity,Weight,ShowList,Sharing) VALUES('504732141632041','281579693301792','Services','','','','Moderator','|2|,|3|,|1|,|4|','|2|,|3|,|4|','','','|2|','0','0','0','2000','1','1')
INSERT INTO CategoriesModules (UniqueID,CatID,ModuleID) VALUES('386839141326727','504732141632041','20')
INSERT INTO CategoriesPortals (UniqueID,CatID,PortalID) VALUES('130869960172877','504732141632041','0')
INSERT INTO Categories (CatID,ListUnder,CategoryName,Description,Keywords,CatType,Moderator,AccessKeys,WriteKeys,SEODescription,SEOPageTitle,ManageKeys,AccessHide,WriteHide,ExcPortalSecurity,Weight,ShowList,Sharing) VALUES('208442752424573','209036145783248','Services','','','','Moderator','|2|,|3|,|1|,|4|','|2|,|3|,|4|','','','|2|','0','0','0','2000','1','1')
INSERT INTO CategoriesModules (UniqueID,CatID,ModuleID) VALUES('128782383864144','208442752424573','20')
INSERT INTO CategoriesPortals (UniqueID,CatID,PortalID) VALUES('148141036866591','208442752424573','0')
INSERT INTO Categories (CatID,ListUnder,CategoryName,Description,Keywords,CatType,Moderator,AccessKeys,WriteKeys,SEODescription,SEOPageTitle,ManageKeys,AccessHide,WriteHide,ExcPortalSecurity,Weight,ShowList,Sharing) VALUES('208114402169732','169231777657067','Services','','','','Moderator','|2|,|3|,|1|,|4|','|2|,|3|,|4|','','','|2|','0','0','0','2000','1','1')
INSERT INTO CategoriesModules (UniqueID,CatID,ModuleID) VALUES('121213584475375','208114402169732','20')
INSERT INTO CategoriesPortals (UniqueID,CatID,PortalID) VALUES('218161676647384','208114402169732','0')
INSERT INTO Categories (CatID,ListUnder,CategoryName,Description,Keywords,CatType,Moderator,AccessKeys,WriteKeys,SEODescription,SEOPageTitle,ManageKeys,AccessHide,WriteHide,ExcPortalSecurity,Weight,ShowList,Sharing) VALUES('119575538281465','126219373520539','Sewing Embroidery Threads','','','','Moderator','|2|,|3|,|1|,|4|','|2|,|3|,|4|','','','|2|','0','0','0','2000','1','1')
INSERT INTO CategoriesModules (UniqueID,CatID,ModuleID) VALUES('169165096275437','119575538281465','20')
INSERT INTO CategoriesPortals (UniqueID,CatID,PortalID) VALUES('131166083029802','119575538281465','0')
INSERT INTO Categories (CatID,ListUnder,CategoryName,Description,Keywords,CatType,Moderator,AccessKeys,WriteKeys,SEODescription,SEOPageTitle,ManageKeys,AccessHide,WriteHide,ExcPortalSecurity,Weight,ShowList,Sharing) VALUES('210587942147976','761893626172243','Shareholder Activism','','','','Moderator','|2|,|3|,|1|,|4|','|2|,|3|,|4|','','','|2|','0','0','0','2000','1','1')
INSERT INTO CategoriesModules (UniqueID,CatID,ModuleID) VALUES('196166494671250','210587942147976','20')
INSERT INTO CategoriesPortals (UniqueID,CatID,PortalID) VALUES('847207297558582','210587942147976','0')
INSERT INTO Categories (CatID,ListUnder,CategoryName,Description,Keywords,CatType,Moderator,AccessKeys,WriteKeys,SEODescription,SEOPageTitle,ManageKeys,AccessHide,WriteHide,ExcPortalSecurity,Weight,ShowList,Sharing) VALUES('738863363717806','280965458060437','Sheep','','','','Moderator','|2|,|3|,|1|,|4|','|2|,|3|,|4|','','','|2|','0','0','0','2000','1','1')
INSERT INTO CategoriesModules (UniqueID,CatID,ModuleID) VALUES('320296931582814','738863363717806','20')
INSERT INTO CategoriesPortals (UniqueID,CatID,PortalID) VALUES('137188451586466','738863363717806','0')
INSERT INTO Categories (CatID,ListUnder,CategoryName,Description,Keywords,CatType,Moderator,AccessKeys,WriteKeys,SEODescription,SEOPageTitle,ManageKeys,AccessHide,WriteHide,ExcPortalSecurity,Weight,ShowList,Sharing) VALUES('133299667535681','302144370971758','Sheetmetal','','','','Moderator','|2|,|3|,|1|,|4|','|2|,|3|,|4|','','','|2|','0','0','0','2000','1','1')
INSERT INTO CategoriesModules (UniqueID,CatID,ModuleID) VALUES('187455712745863','133299667535681','20')
INSERT INTO CategoriesPortals (UniqueID,CatID,PortalID) VALUES('471046329226478','133299667535681','0')
INSERT INTO Categories (CatID,ListUnder,CategoryName,Description,Keywords,CatType,Moderator,AccessKeys,WriteKeys,SEODescription,SEOPageTitle,ManageKeys,AccessHide,WriteHide,ExcPortalSecurity,Weight,ShowList,Sharing) VALUES('725360056924738','165450741316604','Shelter','','','','Moderator','|2|,|3|,|1|,|4|','|2|,|3|,|4|','','','|2|','0','0','0','2000','1','1')
INSERT INTO CategoriesModules (UniqueID,CatID,ModuleID) VALUES('154248718742162','725360056924738','20')
INSERT INTO CategoriesPortals (UniqueID,CatID,PortalID) VALUES('199287747722981','725360056924738','0')
INSERT INTO Categories (CatID,ListUnder,CategoryName,Description,Keywords,CatType,Moderator,AccessKeys,WriteKeys,SEODescription,SEOPageTitle,ManageKeys,AccessHide,WriteHide,ExcPortalSecurity,Weight,ShowList,Sharing) VALUES('111152018089479','205363440123701','Shelving','','','','Moderator','|2|,|3|,|1|,|4|','|2|,|3|,|4|','','','|2|','0','0','0','2000','1','1')
INSERT INTO CategoriesModules (UniqueID,CatID,ModuleID) VALUES('195111954267788','111152018089479','20')
INSERT INTO CategoriesPortals (UniqueID,CatID,PortalID) VALUES('997929381364363','111152018089479','0')
INSERT INTO Categories (CatID,ListUnder,CategoryName,Description,Keywords,CatType,Moderator,AccessKeys,WriteKeys,SEODescription,SEOPageTitle,ManageKeys,AccessHide,WriteHide,ExcPortalSecurity,Weight,ShowList,Sharing) VALUES('808467852001561','214300976326282','Ship Monitoring Reporting Systems','','','','Moderator','|2|,|3|,|1|,|4|','|2|,|3|,|4|','','','|2|','0','0','0','2000','1','1')
INSERT INTO CategoriesModules (UniqueID,CatID,ModuleID) VALUES('108730809674807','808467852001561','20')
INSERT INTO CategoriesPortals (UniqueID,CatID,PortalID) VALUES('158000084386860','808467852001561','0')
INSERT INTO Categories (CatID,ListUnder,CategoryName,Description,Keywords,CatType,Moderator,AccessKeys,WriteKeys,SEODescription,SEOPageTitle,ManageKeys,AccessHide,WriteHide,ExcPortalSecurity,Weight,ShowList,Sharing) VALUES('114285437841129','214300976326282','Ship Owners Management','','','','Moderator','|2|,|3|,|1|,|4|','|2|,|3|,|4|','','','|2|','0','0','0','2000','1','1')
INSERT INTO CategoriesModules (UniqueID,CatID,ModuleID) VALUES('103465030836370','114285437841129','20')
INSERT INTO CategoriesPortals (UniqueID,CatID,PortalID) VALUES('389016478426632','114285437841129','0')
INSERT INTO Categories (CatID,ListUnder,CategoryName,Description,Keywords,CatType,Moderator,AccessKeys,WriteKeys,SEODescription,SEOPageTitle,ManageKeys,AccessHide,WriteHide,ExcPortalSecurity,Weight,ShowList,Sharing) VALUES('210666518562898','214300976326282','Ship Registries','','','','Moderator','|2|,|3|,|1|,|4|','|2|,|3|,|4|','','','|2|','0','0','0','2000','1','1')
INSERT INTO CategoriesModules (UniqueID,CatID,ModuleID) VALUES('196999466362882','210666518562898','20')
INSERT INTO CategoriesPortals (UniqueID,CatID,PortalID) VALUES('857559267945666','210666518562898','0')
INSERT INTO Categories (CatID,ListUnder,CategoryName,Description,Keywords,CatType,Moderator,AccessKeys,WriteKeys,SEODescription,SEOPageTitle,ManageKeys,AccessHide,WriteHide,ExcPortalSecurity,Weight,ShowList,Sharing) VALUES('263884817697743','214300976326282','Shipyards','','','','Moderator','|2|,|3|,|1|,|4|','|2|,|3|,|4|','','','|2|','0','0','0','2000','1','1')
INSERT INTO CategoriesModules (UniqueID,CatID,ModuleID) VALUES('470444523176626','263884817697743','20')
INSERT INTO CategoriesPortals (UniqueID,CatID,PortalID) VALUES('182189120489514','263884817697743','0')
INSERT INTO Categories (CatID,ListUnder,CategoryName,Description,Keywords,CatType,Moderator,AccessKeys,WriteKeys,SEODescription,SEOPageTitle,ManageKeys,AccessHide,WriteHide,ExcPortalSecurity,Weight,ShowList,Sharing) VALUES('146259088267332','205363440123701','Shopping Carts Accessories','','','','Moderator','|2|,|3|,|1|,|4|','|2|,|3|,|4|','','','|2|','0','0','0','2000','1','1')
INSERT INTO CategoriesModules (UniqueID,CatID,ModuleID) VALUES('119050219279739','146259088267332','20')
INSERT INTO CategoriesPortals (UniqueID,CatID,PortalID) VALUES('136107694271236','146259088267332','0')
INSERT INTO Categories (CatID,ListUnder,CategoryName,Description,Keywords,CatType,Moderator,AccessKeys,WriteKeys,SEODescription,SEOPageTitle,ManageKeys,AccessHide,WriteHide,ExcPortalSecurity,Weight,ShowList,Sharing) VALUES('127982432661447','185026581318665','Shotguns Smoothbores','','','','Moderator','|2|,|3|,|1|,|4|','|2|,|3|,|4|','','','|2|','0','0','0','2000','1','1')
INSERT INTO CategoriesModules (UniqueID,CatID,ModuleID) VALUES('173175601042227','127982432661447','20')
INSERT INTO CategoriesPortals (UniqueID,CatID,PortalID) VALUES('135220588521531','127982432661447','0')
INSERT INTO Categories (CatID,ListUnder,CategoryName,Description,Keywords,CatType,Moderator,AccessKeys,WriteKeys,SEODescription,SEOPageTitle,ManageKeys,AccessHide,WriteHide,ExcPortalSecurity,Weight,ShowList,Sharing) VALUES('101118606424357','280965458060437','Shows Events','','','','Moderator','|2|,|3|,|1|,|4|','|2|,|3|,|4|','','','|2|','0','0','0','2000','1','1')
INSERT INTO CategoriesModules (UniqueID,CatID,ModuleID) VALUES('634614386862349','101118606424357','20')
INSERT INTO CategoriesPortals (UniqueID,CatID,PortalID) VALUES('159599219371632','101118606424357','0')
INSERT INTO Categories (CatID,ListUnder,CategoryName,Description,Keywords,CatType,Moderator,AccessKeys,WriteKeys,SEODescription,SEOPageTitle,ManageKeys,AccessHide,WriteHide,ExcPortalSecurity,Weight,ShowList,Sharing) VALUES('503323194070207','150741235458101','Signage','','','','Moderator','|2|,|3|,|1|,|4|','|2|,|3|,|4|','','','|2|','0','0','0','2000','1','1')
INSERT INTO CategoriesModules (UniqueID,CatID,ModuleID) VALUES('208925851632827','503323194070207','20')
INSERT INTO CategoriesPortals (UniqueID,CatID,PortalID) VALUES('224378350557199','503323194070207','0')
INSERT INTO Categories (CatID,ListUnder,CategoryName,Description,Keywords,CatType,Moderator,AccessKeys,WriteKeys,SEODescription,SEOPageTitle,ManageKeys,AccessHide,WriteHide,ExcPortalSecurity,Weight,ShowList,Sharing) VALUES('956111916864929','183131383188741','Signage','','','','Moderator','|2|,|3|,|1|,|4|','|2|,|3|,|4|','','','|2|','0','0','0','2000','1','1')
INSERT INTO CategoriesModules (UniqueID,CatID,ModuleID) VALUES('193116852293298','956111916864929','20')
INSERT INTO CategoriesPortals (UniqueID,CatID,PortalID) VALUES('834593991105497','956111916864929','0')
INSERT INTO Categories (CatID,ListUnder,CategoryName,Description,Keywords,CatType,Moderator,AccessKeys,WriteKeys,SEODescription,SEOPageTitle,ManageKeys,AccessHide,WriteHide,ExcPortalSecurity,Weight,ShowList,Sharing) VALUES('206319545087228','150741235458101','Signals','','','','Moderator','|2|,|3|,|1|,|4|','|2|,|3|,|4|','','','|2|','0','0','0','2000','1','1')
INSERT INTO CategoriesModules (UniqueID,CatID,ModuleID) VALUES('993172246435372','206319545087228','20')
INSERT INTO CategoriesPortals (UniqueID,CatID,PortalID) VALUES('192533154521883','206319545087228','0')
INSERT INTO Categories (CatID,ListUnder,CategoryName,Description,Keywords,CatType,Moderator,AccessKeys,WriteKeys,SEODescription,SEOPageTitle,ManageKeys,AccessHide,WriteHide,ExcPortalSecurity,Weight,ShowList,Sharing) VALUES('917854288122639','206314713517386','Signs Displays','','','','Moderator','|2|,|3|,|1|,|4|','|2|,|3|,|4|','','','|2|','0','0','0','2000','1','1')
INSERT INTO CategoriesModules (UniqueID,CatID,ModuleID) VALUES('468721411576171','917854288122639','20')
INSERT INTO CategoriesPortals (UniqueID,CatID,PortalID) VALUES('158527352136127','917854288122639','0')
INSERT INTO Categories (CatID,ListUnder,CategoryName,Description,Keywords,CatType,Moderator,AccessKeys,WriteKeys,SEODescription,SEOPageTitle,ManageKeys,AccessHide,WriteHide,ExcPortalSecurity,Weight,ShowList,Sharing) VALUES('836906476846071','187495860612871','Site Construction','','','','Moderator','|2|,|3|,|1|,|4|','|2|,|3|,|4|','','','|2|','0','0','0','2000','1','1')
INSERT INTO CategoriesModules (UniqueID,CatID,ModuleID) VALUES('102746775757244','836906476846071','20')
INSERT INTO CategoriesPortals (UniqueID,CatID,PortalID) VALUES('263866183309034','836906476846071','0')
INSERT INTO Categories (CatID,ListUnder,CategoryName,Description,Keywords,CatType,Moderator,AccessKeys,WriteKeys,SEODescription,SEOPageTitle,ManageKeys,AccessHide,WriteHide,ExcPortalSecurity,Weight,ShowList,Sharing) VALUES('548061301519737','209685725805440','Skiptracing','','','','Moderator','|2|,|3|,|1|,|4|','|2|,|3|,|4|','','','|2|','0','0','0','2000','1','1')
INSERT INTO CategoriesModules (UniqueID,CatID,ModuleID) VALUES('110468076384738','548061301519737','20')
INSERT INTO CategoriesPortals (UniqueID,CatID,PortalID) VALUES('155284586315663','548061301519737','0')
INSERT INTO Categories (CatID,ListUnder,CategoryName,Description,Keywords,CatType,Moderator,AccessKeys,WriteKeys,SEODescription,SEOPageTitle,ManageKeys,AccessHide,WriteHide,ExcPortalSecurity,Weight,ShowList,Sharing) VALUES('334825204615131','845494891751785','Slatwall','','','','Moderator','|2|,|3|,|1|,|4|','|2|,|3|,|4|','','','|2|','0','0','0','2000','1','1')
INSERT INTO CategoriesModules (UniqueID,CatID,ModuleID) VALUES('312219290855620','334825204615131','20')
INSERT INTO CategoriesPortals (UniqueID,CatID,PortalID) VALUES('142161240974871','334825204615131','0')
INSERT INTO Categories (CatID,ListUnder,CategoryName,Description,Keywords,CatType,Moderator,AccessKeys,WriteKeys,SEODescription,SEOPageTitle,ManageKeys,AccessHide,WriteHide,ExcPortalSecurity,Weight,ShowList,Sharing) VALUES('379089511229886','153991554677553','Sleep Disorders','','','','Moderator','|2|,|3|,|1|,|4|','|2|,|3|,|4|','','','|2|','0','0','0','2000','1','1')
INSERT INTO CategoriesModules (UniqueID,CatID,ModuleID) VALUES('148897016843452','379089511229886','20')
INSERT INTO CategoriesPortals (UniqueID,CatID,PortalID) VALUES('194141456388263','379089511229886','0')
INSERT INTO Categories (CatID,ListUnder,CategoryName,Description,Keywords,CatType,Moderator,AccessKeys,WriteKeys,SEODescription,SEOPageTitle,ManageKeys,AccessHide,WriteHide,ExcPortalSecurity,Weight,ShowList,Sharing) VALUES('203370697495731','0','Small Business','','','','Moderator','|2|,|3|,|1|,|4|','|2|,|3|,|4|','','','|2|','0','0','0','2000','1','1')
INSERT INTO CategoriesModules (UniqueID,CatID,ModuleID) VALUES('132137716556079','203370697495731','20')
INSERT INTO CategoriesPortals (UniqueID,CatID,PortalID) VALUES('208875107961185','203370697495731','0')
INSERT INTO Categories (CatID,ListUnder,CategoryName,Description,Keywords,CatType,Moderator,AccessKeys,WriteKeys,SEODescription,SEOPageTitle,ManageKeys,AccessHide,WriteHide,ExcPortalSecurity,Weight,ShowList,Sharing) VALUES('116677894701347','200109804731612','Small Business','','','','Moderator','|2|,|3|,|1|,|4|','|2|,|3|,|4|','','','|2|','0','0','0','2000','1','1')
INSERT INTO CategoriesModules (UniqueID,CatID,ModuleID) VALUES('182878569959226','116677894701347','20')
INSERT INTO CategoriesPortals (UniqueID,CatID,PortalID) VALUES('140902273821945','116677894701347','0')
INSERT INTO Categories (CatID,ListUnder,CategoryName,Description,Keywords,CatType,Moderator,AccessKeys,WriteKeys,SEODescription,SEOPageTitle,ManageKeys,AccessHide,WriteHide,ExcPortalSecurity,Weight,ShowList,Sharing) VALUES('240396442443611','195031657084845','Small Businesses','','','','Moderator','|2|,|3|,|1|,|4|','|2|,|3|,|4|','','','|2|','0','0','0','2000','1','1')
INSERT INTO CategoriesModules (UniqueID,CatID,ModuleID) VALUES('178416797028270','240396442443611','20')
INSERT INTO CategoriesPortals (UniqueID,CatID,PortalID) VALUES('120659607421356','240396442443611','0')
INSERT INTO Categories (CatID,ListUnder,CategoryName,Description,Keywords,CatType,Moderator,AccessKeys,WriteKeys,SEODescription,SEOPageTitle,ManageKeys,AccessHide,WriteHide,ExcPortalSecurity,Weight,ShowList,Sharing) VALUES('206686432028829','210756158054894','Small Cap Stock Research','','','','Moderator','|2|,|3|,|1|,|4|','|2|,|3|,|4|','','','|2|','0','0','0','2000','1','1')
INSERT INTO CategoriesModules (UniqueID,CatID,ModuleID) VALUES('162575509673823','206686432028829','20')
INSERT INTO CategoriesPortals (UniqueID,CatID,PortalID) VALUES('167500604885775','206686432028829','0')
INSERT INTO Categories (CatID,ListUnder,CategoryName,Description,Keywords,CatType,Moderator,AccessKeys,WriteKeys,SEODescription,SEOPageTitle,ManageKeys,AccessHide,WriteHide,ExcPortalSecurity,Weight,ShowList,Sharing) VALUES('106474087047385','155284617534687','Small-Medium Sized Businesses','','','','Moderator','|2|,|3|,|1|,|4|','|2|,|3|,|4|','','','|2|','0','0','0','2000','1','1')
INSERT INTO CategoriesModules (UniqueID,CatID,ModuleID) VALUES('475670011216432','106474087047385','20')
INSERT INTO CategoriesPortals (UniqueID,CatID,PortalID) VALUES('198199990831634','106474087047385','0')
INSERT INTO Categories (CatID,ListUnder,CategoryName,Description,Keywords,CatType,Moderator,AccessKeys,WriteKeys,SEODescription,SEOPageTitle,ManageKeys,AccessHide,WriteHide,ExcPortalSecurity,Weight,ShowList,Sharing) VALUES('209067587733668','180637350615341','Snack Foods','','','','Moderator','|2|,|3|,|1|,|4|','|2|,|3|,|4|','','','|2|','0','0','0','2000','1','1')
INSERT INTO CategoriesModules (UniqueID,CatID,ModuleID) VALUES('294569447466304','209067587733668','20')
INSERT INTO CategoriesPortals (UniqueID,CatID,PortalID) VALUES('163372758537118','209067587733668','0')
INSERT INTO Categories (CatID,ListUnder,CategoryName,Description,Keywords,CatType,Moderator,AccessKeys,WriteKeys,SEODescription,SEOPageTitle,ManageKeys,AccessHide,WriteHide,ExcPortalSecurity,Weight,ShowList,Sharing) VALUES('187410328977363','850669979518259','Snow Removal','','','','Moderator','|2|,|3|,|1|,|4|','|2|,|3|,|4|','','','|2|','0','0','0','2000','1','1')
INSERT INTO CategoriesModules (UniqueID,CatID,ModuleID) VALUES('932320008107903','187410328977363','20')
INSERT INTO CategoriesPortals (UniqueID,CatID,PortalID) VALUES('153365197086813','187410328977363','0')
INSERT INTO Categories (CatID,ListUnder,CategoryName,Description,Keywords,CatType,Moderator,AccessKeys,WriteKeys,SEODescription,SEOPageTitle,ManageKeys,AccessHide,WriteHide,ExcPortalSecurity,Weight,ShowList,Sharing) VALUES('761893626172243','181537501518755','Socially Responsible','','','','Moderator','|2|,|3|,|1|,|4|','|2|,|3|,|4|','','','|2|','0','0','0','2000','1','1')
INSERT INTO CategoriesModules (UniqueID,CatID,ModuleID) VALUES('738344208139637','761893626172243','20')
INSERT INTO CategoriesPortals (UniqueID,CatID,PortalID) VALUES('453040957809529','761893626172243','0')
INSERT INTO Categories (CatID,ListUnder,CategoryName,Description,Keywords,CatType,Moderator,AccessKeys,WriteKeys,SEODescription,SEOPageTitle,ManageKeys,AccessHide,WriteHide,ExcPortalSecurity,Weight,ShowList,Sharing) VALUES('611430641686256','940769377248751','Soft Drinks','','','','Moderator','|2|,|3|,|1|,|4|','|2|,|3|,|4|','','','|2|','0','0','0','2000','1','1')
INSERT INTO CategoriesModules (UniqueID,CatID,ModuleID) VALUES('322424384975885','611430641686256','20')
INSERT INTO CategoriesPortals (UniqueID,CatID,PortalID) VALUES('840661064064364','611430641686256','0')
INSERT INTO Categories (CatID,ListUnder,CategoryName,Description,Keywords,CatType,Moderator,AccessKeys,WriteKeys,SEODescription,SEOPageTitle,ManageKeys,AccessHide,WriteHide,ExcPortalSecurity,Weight,ShowList,Sharing) VALUES('478988989516023','202541788380967','Software','','','','Moderator','|2|,|3|,|1|,|4|','|2|,|3|,|4|','','','|2|','0','0','0','2000','1','1')
INSERT INTO CategoriesModules (UniqueID,CatID,ModuleID) VALUES('173523390929544','478988989516023','20')
INSERT INTO CategoriesPortals (UniqueID,CatID,PortalID) VALUES('778635238811498','478988989516023','0')
INSERT INTO Categories (CatID,ListUnder,CategoryName,Description,Keywords,CatType,Moderator,AccessKeys,WriteKeys,SEODescription,SEOPageTitle,ManageKeys,AccessHide,WriteHide,ExcPortalSecurity,Weight,ShowList,Sharing) VALUES('444073389168783','877724855173932','Software','','','','Moderator','|2|,|3|,|1|,|4|','|2|,|3|,|4|','','','|2|','0','0','0','2000','1','1')
INSERT INTO CategoriesModules (UniqueID,CatID,ModuleID) VALUES('144974068477758','444073389168783','20')
INSERT INTO CategoriesPortals (UniqueID,CatID,PortalID) VALUES('190475475396252','444073389168783','0')
INSERT INTO Categories (CatID,ListUnder,CategoryName,Description,Keywords,CatType,Moderator,AccessKeys,WriteKeys,SEODescription,SEOPageTitle,ManageKeys,AccessHide,WriteHide,ExcPortalSecurity,Weight,ShowList,Sharing) VALUES('211883099847424','943998601411373','Software','','','','Moderator','|2|,|3|,|1|,|4|','|2|,|3|,|4|','','','|2|','0','0','0','2000','1','1')
INSERT INTO CategoriesModules (UniqueID,CatID,ModuleID) VALUES('560480908691831','211883099847424','20')
INSERT INTO CategoriesPortals (UniqueID,CatID,PortalID) VALUES('557061427668860','211883099847424','0')
INSERT INTO Categories (CatID,ListUnder,CategoryName,Description,Keywords,CatType,Moderator,AccessKeys,WriteKeys,SEODescription,SEOPageTitle,ManageKeys,AccessHide,WriteHide,ExcPortalSecurity,Weight,ShowList,Sharing) VALUES('213076669557463','504358599663048','Software','','','','Moderator','|2|,|3|,|1|,|4|','|2|,|3|,|4|','','','|2|','0','0','0','2000','1','1')
INSERT INTO CategoriesModules (UniqueID,CatID,ModuleID) VALUES('994083053123544','213076669557463','20')
INSERT INTO CategoriesPortals (UniqueID,CatID,PortalID) VALUES('174607270546618','213076669557463','0')
INSERT INTO Categories (CatID,ListUnder,CategoryName,Description,Keywords,CatType,Moderator,AccessKeys,WriteKeys,SEODescription,SEOPageTitle,ManageKeys,AccessHide,WriteHide,ExcPortalSecurity,Weight,ShowList,Sharing) VALUES('312421230726037','123803171009424','Software','','','','Moderator','|2|,|3|,|1|,|4|','|2|,|3|,|4|','','','|2|','0','0','0','2000','1','1')
INSERT INTO CategoriesModules (UniqueID,CatID,ModuleID) VALUES('143857043785684','312421230726037','20')
INSERT INTO CategoriesPortals (UniqueID,CatID,PortalID) VALUES('155019155267228','312421230726037','0')
INSERT INTO Categories (CatID,ListUnder,CategoryName,Description,Keywords,CatType,Moderator,AccessKeys,WriteKeys,SEODescription,SEOPageTitle,ManageKeys,AccessHide,WriteHide,ExcPortalSecurity,Weight,ShowList,Sharing) VALUES('298457525615642','280965458060437','Software','','','','Moderator','|2|,|3|,|1|,|4|','|2|,|3|,|4|','','','|2|','0','0','0','2000','1','1')
INSERT INTO CategoriesModules (UniqueID,CatID,ModuleID) VALUES('722709878503770','298457525615642','20')
INSERT INTO CategoriesPortals (UniqueID,CatID,PortalID) VALUES('138892484247285','298457525615642','0')
INSERT INTO Categories (CatID,ListUnder,CategoryName,Description,Keywords,CatType,Moderator,AccessKeys,WriteKeys,SEODescription,SEOPageTitle,ManageKeys,AccessHide,WriteHide,ExcPortalSecurity,Weight,ShowList,Sharing) VALUES('937027758857656','110330933615825','Software','','','','Moderator','|2|,|3|,|1|,|4|','|2|,|3|,|4|','','','|2|','0','0','0','2000','1','1')
INSERT INTO CategoriesModules (UniqueID,CatID,ModuleID) VALUES('175442399612592','937027758857656','20')
INSERT INTO CategoriesPortals (UniqueID,CatID,PortalID) VALUES('508633471745604','937027758857656','0')
INSERT INTO Categories (CatID,ListUnder,CategoryName,Description,Keywords,CatType,Moderator,AccessKeys,WriteKeys,SEODescription,SEOPageTitle,ManageKeys,AccessHide,WriteHide,ExcPortalSecurity,Weight,ShowList,Sharing) VALUES('181512635235741','281579693301792','Software','','','','Moderator','|2|,|3|,|1|,|4|','|2|,|3|,|4|','','','|2|','0','0','0','2000','1','1')
INSERT INTO CategoriesModules (UniqueID,CatID,ModuleID) VALUES('209164989436259','181512635235741','20')
INSERT INTO CategoriesPortals (UniqueID,CatID,PortalID) VALUES('528824554718567','181512635235741','0')
INSERT INTO Categories (CatID,ListUnder,CategoryName,Description,Keywords,CatType,Moderator,AccessKeys,WriteKeys,SEODescription,SEOPageTitle,ManageKeys,AccessHide,WriteHide,ExcPortalSecurity,Weight,ShowList,Sharing) VALUES('193867785169430','138401084934556','Software','','','','Moderator','|2|,|3|,|1|,|4|','|2|,|3|,|4|','','','|2|','0','0','0','2000','1','1')
INSERT INTO CategoriesModules (UniqueID,CatID,ModuleID) VALUES('468271784896372','193867785169430','20')
INSERT INTO CategoriesPortals (UniqueID,CatID,PortalID) VALUES('190587390616873','193867785169430','0')
INSERT INTO Categories (CatID,ListUnder,CategoryName,Description,Keywords,CatType,Moderator,AccessKeys,WriteKeys,SEODescription,SEOPageTitle,ManageKeys,AccessHide,WriteHide,ExcPortalSecurity,Weight,ShowList,Sharing) VALUES('157186553524725','483932662101247','Software','','','','Moderator','|2|,|3|,|1|,|4|','|2|,|3|,|4|','','','|2|','0','0','0','2000','1','1')
INSERT INTO CategoriesModules (UniqueID,CatID,ModuleID) VALUES('160739960770470','157186553524725','20')
INSERT INTO CategoriesPortals (UniqueID,CatID,PortalID) VALUES('301640615846102','157186553524725','0')
INSERT INTO Categories (CatID,ListUnder,CategoryName,Description,Keywords,CatType,Moderator,AccessKeys,WriteKeys,SEODescription,SEOPageTitle,ManageKeys,AccessHide,WriteHide,ExcPortalSecurity,Weight,ShowList,Sharing) VALUES('155729448271434','197531586023575','Software','','','','Moderator','|2|,|3|,|1|,|4|','|2|,|3|,|4|','','','|2|','0','0','0','2000','1','1')
INSERT INTO CategoriesModules (UniqueID,CatID,ModuleID) VALUES('102451481375483','155729448271434','20')
INSERT INTO CategoriesPortals (UniqueID,CatID,PortalID) VALUES('875391362146631','155729448271434','0')
INSERT INTO Categories (CatID,ListUnder,CategoryName,Description,Keywords,CatType,Moderator,AccessKeys,WriteKeys,SEODescription,SEOPageTitle,ManageKeys,AccessHide,WriteHide,ExcPortalSecurity,Weight,ShowList,Sharing) VALUES('159802007954367','746298399382528','Software','','','','Moderator','|2|,|3|,|1|,|4|','|2|,|3|,|4|','','','|2|','0','0','0','2000','1','1')
INSERT INTO CategoriesModules (UniqueID,CatID,ModuleID) VALUES('205768010988221','159802007954367','20')
INSERT INTO CategoriesPortals (UniqueID,CatID,PortalID) VALUES('602584489216122','159802007954367','0')
INSERT INTO Categories (CatID,ListUnder,CategoryName,Description,Keywords,CatType,Moderator,AccessKeys,WriteKeys,SEODescription,SEOPageTitle,ManageKeys,AccessHide,WriteHide,ExcPortalSecurity,Weight,ShowList,Sharing) VALUES('158669603331223','158828387513175','Software','','','','Moderator','|2|,|3|,|1|,|4|','|2|,|3|,|4|','','','|2|','0','0','0','2000','1','1')
INSERT INTO CategoriesModules (UniqueID,CatID,ModuleID) VALUES('276028990218570','158669603331223','20')
INSERT INTO CategoriesPortals (UniqueID,CatID,PortalID) VALUES('629980900800914','158669603331223','0')
INSERT INTO Categories (CatID,ListUnder,CategoryName,Description,Keywords,CatType,Moderator,AccessKeys,WriteKeys,SEODescription,SEOPageTitle,ManageKeys,AccessHide,WriteHide,ExcPortalSecurity,Weight,ShowList,Sharing) VALUES('167167551622795','158188270226404','Software','','','','Moderator','|2|,|3|,|1|,|4|','|2|,|3|,|4|','','','|2|','0','0','0','2000','1','1')
INSERT INTO CategoriesModules (UniqueID,CatID,ModuleID) VALUES('212820079718027','167167551622795','20')
INSERT INTO CategoriesPortals (UniqueID,CatID,PortalID) VALUES('130863035525219','167167551622795','0')
INSERT INTO Categories (CatID,ListUnder,CategoryName,Description,Keywords,CatType,Moderator,AccessKeys,WriteKeys,SEODescription,SEOPageTitle,ManageKeys,AccessHide,WriteHide,ExcPortalSecurity,Weight,ShowList,Sharing) VALUES('109615834360182','194091967154117','Software','','','','Moderator','|2|,|3|,|1|,|4|','|2|,|3|,|4|','','','|2|','0','0','0','2000','1','1')
INSERT INTO CategoriesModules (UniqueID,CatID,ModuleID) VALUES('115939751471460','109615834360182','20')
INSERT INTO CategoriesPortals (UniqueID,CatID,PortalID) VALUES('211970998825284','109615834360182','0')
INSERT INTO Categories (CatID,ListUnder,CategoryName,Description,Keywords,CatType,Moderator,AccessKeys,WriteKeys,SEODescription,SEOPageTitle,ManageKeys,AccessHide,WriteHide,ExcPortalSecurity,Weight,ShowList,Sharing) VALUES('102131413572247','131617887013514','Software','','','','Moderator','|2|,|3|,|1|,|4|','|2|,|3|,|4|','','','|2|','0','0','0','2000','1','1')
INSERT INTO CategoriesModules (UniqueID,CatID,ModuleID) VALUES('154671044361436','102131413572247','20')
INSERT INTO CategoriesPortals (UniqueID,CatID,PortalID) VALUES('116654504732256','102131413572247','0')
INSERT INTO Categories (CatID,ListUnder,CategoryName,Description,Keywords,CatType,Moderator,AccessKeys,WriteKeys,SEODescription,SEOPageTitle,ManageKeys,AccessHide,WriteHide,ExcPortalSecurity,Weight,ShowList,Sharing) VALUES('102467803418285','208392173185557','Software','','','','Moderator','|2|,|3|,|1|,|4|','|2|,|3|,|4|','','','|2|','0','0','0','2000','1','1')
INSERT INTO CategoriesModules (UniqueID,CatID,ModuleID) VALUES('127836153910416','102467803418285','20')
INSERT INTO CategoriesPortals (UniqueID,CatID,PortalID) VALUES('180332642446457','102467803418285','0')
INSERT INTO Categories (CatID,ListUnder,CategoryName,Description,Keywords,CatType,Moderator,AccessKeys,WriteKeys,SEODescription,SEOPageTitle,ManageKeys,AccessHide,WriteHide,ExcPortalSecurity,Weight,ShowList,Sharing) VALUES('113140807755388','329372151341555','Software','','','','Moderator','|2|,|3|,|1|,|4|','|2|,|3|,|4|','','','|2|','0','0','0','2000','1','1')
INSERT INTO CategoriesModules (UniqueID,CatID,ModuleID) VALUES('793536116585321','113140807755388','20')
INSERT INTO CategoriesPortals (UniqueID,CatID,PortalID) VALUES('157422038966255','113140807755388','0')
INSERT INTO Categories (CatID,ListUnder,CategoryName,Description,Keywords,CatType,Moderator,AccessKeys,WriteKeys,SEODescription,SEOPageTitle,ManageKeys,AccessHide,WriteHide,ExcPortalSecurity,Weight,ShowList,Sharing) VALUES('130715260441650','152656969788212','Software','','','','Moderator','|2|,|3|,|1|,|4|','|2|,|3|,|4|','','','|2|','0','0','0','2000','1','1')
INSERT INTO CategoriesModules (UniqueID,CatID,ModuleID) VALUES('990493209266818','130715260441650','20')
INSERT INTO CategoriesPortals (UniqueID,CatID,PortalID) VALUES('982637524865613','130715260441650','0')
INSERT INTO Categories (CatID,ListUnder,CategoryName,Description,Keywords,CatType,Moderator,AccessKeys,WriteKeys,SEODescription,SEOPageTitle,ManageKeys,AccessHide,WriteHide,ExcPortalSecurity,Weight,ShowList,Sharing) VALUES('136440749552753','298288999359661','Software','','','','Moderator','|2|,|3|,|1|,|4|','|2|,|3|,|4|','','','|2|','0','0','0','2000','1','1')
INSERT INTO CategoriesModules (UniqueID,CatID,ModuleID) VALUES('163852580529618','136440749552753','20')
INSERT INTO CategoriesPortals (UniqueID,CatID,PortalID) VALUES('750331092544308','136440749552753','0')
INSERT INTO Categories (CatID,ListUnder,CategoryName,Description,Keywords,CatType,Moderator,AccessKeys,WriteKeys,SEODescription,SEOPageTitle,ManageKeys,AccessHide,WriteHide,ExcPortalSecurity,Weight,ShowList,Sharing) VALUES('147215141164811','102651687824638','Software','','','','Moderator','|2|,|3|,|1|,|4|','|2|,|3|,|4|','','','|2|','0','0','0','2000','1','1')
INSERT INTO CategoriesModules (UniqueID,CatID,ModuleID) VALUES('195982396334643','147215141164811','20')
INSERT INTO CategoriesPortals (UniqueID,CatID,PortalID) VALUES('139200503934055','147215141164811','0')
INSERT INTO Categories (CatID,ListUnder,CategoryName,Description,Keywords,CatType,Moderator,AccessKeys,WriteKeys,SEODescription,SEOPageTitle,ManageKeys,AccessHide,WriteHide,ExcPortalSecurity,Weight,ShowList,Sharing) VALUES('143235121822453','114176321849964','Software','','','','Moderator','|2|,|3|,|1|,|4|','|2|,|3|,|4|','','','|2|','0','0','0','2000','1','1')
INSERT INTO CategoriesModules (UniqueID,CatID,ModuleID) VALUES('894255894540476','143235121822453','20')
INSERT INTO CategoriesPortals (UniqueID,CatID,PortalID) VALUES('122964304930936','143235121822453','0')
INSERT INTO Categories (CatID,ListUnder,CategoryName,Description,Keywords,CatType,Moderator,AccessKeys,WriteKeys,SEODescription,SEOPageTitle,ManageKeys,AccessHide,WriteHide,ExcPortalSecurity,Weight,ShowList,Sharing) VALUES('151892552522651','181537501518755','Software','','','','Moderator','|2|,|3|,|1|,|4|','|2|,|3|,|4|','','','|2|','0','0','0','2000','1','1')
INSERT INTO CategoriesModules (UniqueID,CatID,ModuleID) VALUES('126641972383158','151892552522651','20')
INSERT INTO CategoriesPortals (UniqueID,CatID,PortalID) VALUES('142114764041767','151892552522651','0')
INSERT INTO Categories (CatID,ListUnder,CategoryName,Description,Keywords,CatType,Moderator,AccessKeys,WriteKeys,SEODescription,SEOPageTitle,ManageKeys,AccessHide,WriteHide,ExcPortalSecurity,Weight,ShowList,Sharing) VALUES('151532989467211','700966963821894','Solar','','','','Moderator','|2|,|3|,|1|,|4|','|2|,|3|,|4|','','','|2|','0','0','0','2000','1','1')
INSERT INTO CategoriesModules (UniqueID,CatID,ModuleID) VALUES('140892763163632','151532989467211','20')
INSERT INTO CategoriesPortals (UniqueID,CatID,PortalID) VALUES('383663826143134','151532989467211','0')
INSERT INTO Categories (CatID,ListUnder,CategoryName,Description,Keywords,CatType,Moderator,AccessKeys,WriteKeys,SEODescription,SEOPageTitle,ManageKeys,AccessHide,WriteHide,ExcPortalSecurity,Weight,ShowList,Sharing) VALUES('414581279324712','136878005372291','Solid Fuel','','','','Moderator','|2|,|3|,|1|,|4|','|2|,|3|,|4|','','','|2|','0','0','0','2000','1','1')
INSERT INTO CategoriesModules (UniqueID,CatID,ModuleID) VALUES('248552173665283','414581279324712','20')
INSERT INTO CategoriesPortals (UniqueID,CatID,PortalID) VALUES('387184892935269','414581279324712','0')
INSERT INTO Categories (CatID,ListUnder,CategoryName,Description,Keywords,CatType,Moderator,AccessKeys,WriteKeys,SEODescription,SEOPageTitle,ManageKeys,AccessHide,WriteHide,ExcPortalSecurity,Weight,ShowList,Sharing) VALUES('931651795637852','216037974577765','Solid Waste','','','','Moderator','|2|,|3|,|1|,|4|','|2|,|3|,|4|','','','|2|','0','0','0','2000','1','1')
INSERT INTO CategoriesModules (UniqueID,CatID,ModuleID) VALUES('187584730143302','931651795637852','20')
INSERT INTO CategoriesPortals (UniqueID,CatID,PortalID) VALUES('122650071112786','931651795637852','0')
INSERT INTO Categories (CatID,ListUnder,CategoryName,Description,Keywords,CatType,Moderator,AccessKeys,WriteKeys,SEODescription,SEOPageTitle,ManageKeys,AccessHide,WriteHide,ExcPortalSecurity,Weight,ShowList,Sharing) VALUES('119377385259774','941546425030488','Soup Salad','','','','Moderator','|2|,|3|,|1|,|4|','|2|,|3|,|4|','','','|2|','0','0','0','2000','1','1')
INSERT INTO CategoriesModules (UniqueID,CatID,ModuleID) VALUES('860642785882758','119377385259774','20')
INSERT INTO CategoriesPortals (UniqueID,CatID,PortalID) VALUES('186454050474941','119377385259774','0')
INSERT INTO Categories (CatID,ListUnder,CategoryName,Description,Keywords,CatType,Moderator,AccessKeys,WriteKeys,SEODescription,SEOPageTitle,ManageKeys,AccessHide,WriteHide,ExcPortalSecurity,Weight,ShowList,Sharing) VALUES('109846493485289','941546425030488','Southwestern','','','','Moderator','|2|,|3|,|1|,|4|','|2|,|3|,|4|','','','|2|','0','0','0','2000','1','1')
INSERT INTO CategoriesModules (UniqueID,CatID,ModuleID) VALUES('325856684405753','109846493485289','20')
INSERT INTO CategoriesPortals (UniqueID,CatID,PortalID) VALUES('272106516155347','109846493485289','0')
INSERT INTO Categories (CatID,ListUnder,CategoryName,Description,Keywords,CatType,Moderator,AccessKeys,WriteKeys,SEODescription,SEOPageTitle,ManageKeys,AccessHide,WriteHide,ExcPortalSecurity,Weight,ShowList,Sharing) VALUES('473858599133467','195031657084845','Space','','','','Moderator','|2|,|3|,|1|,|4|','|2|,|3|,|4|','','','|2|','0','0','0','2000','1','1')
INSERT INTO CategoriesModules (UniqueID,CatID,ModuleID) VALUES('566408579367232','473858599133467','20')
INSERT INTO CategoriesPortals (UniqueID,CatID,PortalID) VALUES('679851867247323','473858599133467','0')
INSERT INTO Categories (CatID,ListUnder,CategoryName,Description,Keywords,CatType,Moderator,AccessKeys,WriteKeys,SEODescription,SEOPageTitle,ManageKeys,AccessHide,WriteHide,ExcPortalSecurity,Weight,ShowList,Sharing) VALUES('197712071271625','187495860612871','Special Construction','','','','Moderator','|2|,|3|,|1|,|4|','|2|,|3|,|4|','','','|2|','0','0','0','2000','1','1')
INSERT INTO CategoriesModules (UniqueID,CatID,ModuleID) VALUES('213963453551083','197712071271625','20')
INSERT INTO CategoriesPortals (UniqueID,CatID,PortalID) VALUES('611635997822512','197712071271625','0')
INSERT INTO Categories (CatID,ListUnder,CategoryName,Description,Keywords,CatType,Moderator,AccessKeys,WriteKeys,SEODescription,SEOPageTitle,ManageKeys,AccessHide,WriteHide,ExcPortalSecurity,Weight,ShowList,Sharing) VALUES('171815979979442','205739367724222','Special Goods Terms','','','','Moderator','|2|,|3|,|1|,|4|','|2|,|3|,|4|','','','|2|','0','0','0','2000','1','1')
INSERT INTO CategoriesModules (UniqueID,CatID,ModuleID) VALUES('197984800799087','171815979979442','20')
INSERT INTO CategoriesPortals (UniqueID,CatID,PortalID) VALUES('185702248080431','171815979979442','0')
INSERT INTO Categories (CatID,ListUnder,CategoryName,Description,Keywords,CatType,Moderator,AccessKeys,WriteKeys,SEODescription,SEOPageTitle,ManageKeys,AccessHide,WriteHide,ExcPortalSecurity,Weight,ShowList,Sharing) VALUES('142389015844262','963175640290570','Specialized','','','','Moderator','|2|,|3|,|1|,|4|','|2|,|3|,|4|','','','|2|','0','0','0','2000','1','1')
INSERT INTO CategoriesModules (UniqueID,CatID,ModuleID) VALUES('101718969538887','142389015844262','20')
INSERT INTO CategoriesPortals (UniqueID,CatID,PortalID) VALUES('104466994937739','142389015844262','0')
INSERT INTO Categories (CatID,ListUnder,CategoryName,Description,Keywords,CatType,Moderator,AccessKeys,WriteKeys,SEODescription,SEOPageTitle,ManageKeys,AccessHide,WriteHide,ExcPortalSecurity,Weight,ShowList,Sharing) VALUES('212246997250325','187495860612871','Specialties','','','','Moderator','|2|,|3|,|1|,|4|','|2|,|3|,|4|','','','|2|','0','0','0','2000','1','1')
INSERT INTO CategoriesModules (UniqueID,CatID,ModuleID) VALUES('583655207265355','212246997250325','20')
INSERT INTO CategoriesPortals (UniqueID,CatID,PortalID) VALUES('286068325840248','212246997250325','0')
INSERT INTO Categories (CatID,ListUnder,CategoryName,Description,Keywords,CatType,Moderator,AccessKeys,WriteKeys,SEODescription,SEOPageTitle,ManageKeys,AccessHide,WriteHide,ExcPortalSecurity,Weight,ShowList,Sharing) VALUES('195337398360940','205363440123701','Specialty','','','','Moderator','|2|,|3|,|1|,|4|','|2|,|3|,|4|','','','|2|','0','0','0','2000','1','1')
INSERT INTO CategoriesModules (UniqueID,CatID,ModuleID) VALUES('196444307755167','195337398360940','20')
INSERT INTO CategoriesPortals (UniqueID,CatID,PortalID) VALUES('598677574457595','195337398360940','0')
INSERT INTO Categories (CatID,ListUnder,CategoryName,Description,Keywords,CatType,Moderator,AccessKeys,WriteKeys,SEODescription,SEOPageTitle,ManageKeys,AccessHide,WriteHide,ExcPortalSecurity,Weight,ShowList,Sharing) VALUES('185412117420362','126219373520539','Specialty Yarns','','','','Moderator','|2|,|3|,|1|,|4|','|2|,|3|,|4|','','','|2|','0','0','0','2000','1','1')
INSERT INTO CategoriesModules (UniqueID,CatID,ModuleID) VALUES('130451407747517','185412117420362','20')
INSERT INTO CategoriesPortals (UniqueID,CatID,PortalID) VALUES('163002797174616','185412117420362','0')
INSERT INTO Categories (CatID,ListUnder,CategoryName,Description,Keywords,CatType,Moderator,AccessKeys,WriteKeys,SEODescription,SEOPageTitle,ManageKeys,AccessHide,WriteHide,ExcPortalSecurity,Weight,ShowList,Sharing) VALUES('343105643587231','144315891422463','Specifications','','','','Moderator','|2|,|3|,|1|,|4|','|2|,|3|,|4|','','','|2|','0','0','0','2000','1','1')
INSERT INTO CategoriesModules (UniqueID,CatID,ModuleID) VALUES('152114338648514','343105643587231','20')
INSERT INTO CategoriesPortals (UniqueID,CatID,PortalID) VALUES('149310157820762','343105643587231','0')
INSERT INTO Categories (CatID,ListUnder,CategoryName,Description,Keywords,CatType,Moderator,AccessKeys,WriteKeys,SEODescription,SEOPageTitle,ManageKeys,AccessHide,WriteHide,ExcPortalSecurity,Weight,ShowList,Sharing) VALUES('184606522344854','940769377248751','Sport Energy','','','','Moderator','|2|,|3|,|1|,|4|','|2|,|3|,|4|','','','|2|','0','0','0','2000','1','1')
INSERT INTO CategoriesModules (UniqueID,CatID,ModuleID) VALUES('182414409679332','184606522344854','20')
INSERT INTO CategoriesPortals (UniqueID,CatID,PortalID) VALUES('159953224843438','184606522344854','0')
INSERT INTO Categories (CatID,ListUnder,CategoryName,Description,Keywords,CatType,Moderator,AccessKeys,WriteKeys,SEODescription,SEOPageTitle,ManageKeys,AccessHide,WriteHide,ExcPortalSecurity,Weight,ShowList,Sharing) VALUES('427374793555833','337252452252724','Sporting Goods','','','','Moderator','|2|,|3|,|1|,|4|','|2|,|3|,|4|','','','|2|','0','0','0','2000','1','1')
INSERT INTO CategoriesModules (UniqueID,CatID,ModuleID) VALUES('768007446343826','427374793555833','20')
INSERT INTO CategoriesPortals (UniqueID,CatID,PortalID) VALUES('141300789028334','427374793555833','0')
INSERT INTO Categories (CatID,ListUnder,CategoryName,Description,Keywords,CatType,Moderator,AccessKeys,WriteKeys,SEODescription,SEOPageTitle,ManageKeys,AccessHide,WriteHide,ExcPortalSecurity,Weight,ShowList,Sharing) VALUES('160644545232150','301518407739005','Sports','','','','Moderator','|2|,|3|,|1|,|4|','|2|,|3|,|4|','','','|2|','0','0','0','2000','1','1')
INSERT INTO CategoriesModules (UniqueID,CatID,ModuleID) VALUES('139990882095894','160644545232150','20')
INSERT INTO CategoriesPortals (UniqueID,CatID,PortalID) VALUES('104665357022707','160644545232150','0')
INSERT INTO Categories (CatID,ListUnder,CategoryName,Description,Keywords,CatType,Moderator,AccessKeys,WriteKeys,SEODescription,SEOPageTitle,ManageKeys,AccessHide,WriteHide,ExcPortalSecurity,Weight,ShowList,Sharing) VALUES('118889601541204','152296721796111','Sports','','','','Moderator','|2|,|3|,|1|,|4|','|2|,|3|,|4|','','','|2|','0','0','0','2000','1','1')
INSERT INTO CategoriesModules (UniqueID,CatID,ModuleID) VALUES('122858997376276','118889601541204','20')
INSERT INTO CategoriesPortals (UniqueID,CatID,PortalID) VALUES('146818937345824','118889601541204','0')
INSERT INTO Categories (CatID,ListUnder,CategoryName,Description,Keywords,CatType,Moderator,AccessKeys,WriteKeys,SEODescription,SEOPageTitle,ManageKeys,AccessHide,WriteHide,ExcPortalSecurity,Weight,ShowList,Sharing) VALUES('146316017638578','154294030131064','Springs','','','','Moderator','|2|,|3|,|1|,|4|','|2|,|3|,|4|','','','|2|','0','0','0','2000','1','1')
INSERT INTO CategoriesModules (UniqueID,CatID,ModuleID) VALUES('159862668480654','146316017638578','20')
INSERT INTO CategoriesPortals (UniqueID,CatID,PortalID) VALUES('180351802736218','146316017638578','0')
INSERT INTO Categories (CatID,ListUnder,CategoryName,Description,Keywords,CatType,Moderator,AccessKeys,WriteKeys,SEODescription,SEOPageTitle,ManageKeys,AccessHide,WriteHide,ExcPortalSecurity,Weight,ShowList,Sharing) VALUES('404187399682262','112619746118561','Spunbond Spunlace Meltblown','','','','Moderator','|2|,|3|,|1|,|4|','|2|,|3|,|4|','','','|2|','0','0','0','2000','1','1')
INSERT INTO CategoriesModules (UniqueID,CatID,ModuleID) VALUES('597215556815224','404187399682262','20')
INSERT INTO CategoriesPortals (UniqueID,CatID,PortalID) VALUES('208239051785546','404187399682262','0')
INSERT INTO Categories (CatID,ListUnder,CategoryName,Description,Keywords,CatType,Moderator,AccessKeys,WriteKeys,SEODescription,SEOPageTitle,ManageKeys,AccessHide,WriteHide,ExcPortalSecurity,Weight,ShowList,Sharing) VALUES('302800478782834','110330933615825','St ards','','','','Moderator','|2|,|3|,|1|,|4|','|2|,|3|,|4|','','','|2|','0','0','0','2000','1','1')
INSERT INTO CategoriesModules (UniqueID,CatID,ModuleID) VALUES('200697178102784','302800478782834','20')
INSERT INTO CategoriesPortals (UniqueID,CatID,PortalID) VALUES('104040722533495','302800478782834','0')
INSERT INTO Categories (CatID,ListUnder,CategoryName,Description,Keywords,CatType,Moderator,AccessKeys,WriteKeys,SEODescription,SEOPageTitle,ManageKeys,AccessHide,WriteHide,ExcPortalSecurity,Weight,ShowList,Sharing) VALUES('146895867869024','144315891422463','St ards Codes','','','','Moderator','|2|,|3|,|1|,|4|','|2|,|3|,|4|','','','|2|','0','0','0','2000','1','1')
INSERT INTO CategoriesModules (UniqueID,CatID,ModuleID) VALUES('127741939816638','146895867869024','20')
INSERT INTO CategoriesPortals (UniqueID,CatID,PortalID) VALUES('299578425253562','146895867869024','0')
INSERT INTO Categories (CatID,ListUnder,CategoryName,Description,Keywords,CatType,Moderator,AccessKeys,WriteKeys,SEODescription,SEOPageTitle,ManageKeys,AccessHide,WriteHide,ExcPortalSecurity,Weight,ShowList,Sharing) VALUES('171446963753644','161898503042338','St ards Codes','','','','Moderator','|2|,|3|,|1|,|4|','|2|,|3|,|4|','','','|2|','0','0','0','2000','1','1')
INSERT INTO CategoriesModules (UniqueID,CatID,ModuleID) VALUES('146813620528282','171446963753644','20')
INSERT INTO CategoriesPortals (UniqueID,CatID,PortalID) VALUES('381111758715128','171446963753644','0')
INSERT INTO Categories (CatID,ListUnder,CategoryName,Description,Keywords,CatType,Moderator,AccessKeys,WriteKeys,SEODescription,SEOPageTitle,ManageKeys,AccessHide,WriteHide,ExcPortalSecurity,Weight,ShowList,Sharing) VALUES('109193182894656','926958022387637','St ards Protocols','','','','Moderator','|2|,|3|,|1|,|4|','|2|,|3|,|4|','','','|2|','0','0','0','2000','1','1')
INSERT INTO CategoriesModules (UniqueID,CatID,ModuleID) VALUES('156677874428768','109193182894656','20')
INSERT INTO CategoriesPortals (UniqueID,CatID,PortalID) VALUES('153780685397416','109193182894656','0')
INSERT INTO Categories (CatID,ListUnder,CategoryName,Description,Keywords,CatType,Moderator,AccessKeys,WriteKeys,SEODescription,SEOPageTitle,ManageKeys,AccessHide,WriteHide,ExcPortalSecurity,Weight,ShowList,Sharing) VALUES('502222760756957','450057087216153','Staffing Services','','','','Moderator','|2|,|3|,|1|,|4|','|2|,|3|,|4|','','','|2|','0','0','0','2000','1','1')
INSERT INTO CategoriesModules (UniqueID,CatID,ModuleID) VALUES('108018357234388','502222760756957','20')
INSERT INTO CategoriesPortals (UniqueID,CatID,PortalID) VALUES('201731161914179','502222760756957','0')
INSERT INTO Categories (CatID,ListUnder,CategoryName,Description,Keywords,CatType,Moderator,AccessKeys,WriteKeys,SEODescription,SEOPageTitle,ManageKeys,AccessHide,WriteHide,ExcPortalSecurity,Weight,ShowList,Sharing) VALUES('362641673373857','963588723547575','Stamps Stickers Cards','','','','Moderator','|2|,|3|,|1|,|4|','|2|,|3|,|4|','','','|2|','0','0','0','2000','1','1')
INSERT INTO CategoriesModules (UniqueID,CatID,ModuleID) VALUES('185845101618878','362641673373857','20')
INSERT INTO CategoriesPortals (UniqueID,CatID,PortalID) VALUES('227927426361052','362641673373857','0')
INSERT INTO Categories (CatID,ListUnder,CategoryName,Description,Keywords,CatType,Moderator,AccessKeys,WriteKeys,SEODescription,SEOPageTitle,ManageKeys,AccessHide,WriteHide,ExcPortalSecurity,Weight,ShowList,Sharing) VALUES('546281027729475','121052169707044','Starches','','','','Moderator','|2|,|3|,|1|,|4|','|2|,|3|,|4|','','','|2|','0','0','0','2000','1','1')
INSERT INTO CategoriesModules (UniqueID,CatID,ModuleID) VALUES('135169079258584','546281027729475','20')
INSERT INTO CategoriesPortals (UniqueID,CatID,PortalID) VALUES('162928197812670','546281027729475','0')
INSERT INTO Categories (CatID,ListUnder,CategoryName,Description,Keywords,CatType,Moderator,AccessKeys,WriteKeys,SEODescription,SEOPageTitle,ManageKeys,AccessHide,WriteHide,ExcPortalSecurity,Weight,ShowList,Sharing) VALUES('146687518449355','203370697495731','Start Up','','','','Moderator','|2|,|3|,|1|,|4|','|2|,|3|,|4|','','','|2|','0','0','0','2000','1','1')
INSERT INTO CategoriesModules (UniqueID,CatID,ModuleID) VALUES('223443777783012','146687518449355','20')
INSERT INTO CategoriesPortals (UniqueID,CatID,PortalID) VALUES('192049932793226','146687518449355','0')
INSERT INTO Categories (CatID,ListUnder,CategoryName,Description,Keywords,CatType,Moderator,AccessKeys,WriteKeys,SEODescription,SEOPageTitle,ManageKeys,AccessHide,WriteHide,ExcPortalSecurity,Weight,ShowList,Sharing) VALUES('643683637494433','941546425030488','Steakhouses','','','','Moderator','|2|,|3|,|1|,|4|','|2|,|3|,|4|','','','|2|','0','0','0','2000','1','1')
INSERT INTO CategoriesModules (UniqueID,CatID,ModuleID) VALUES('210827933505104','643683637494433','20')
INSERT INTO CategoriesPortals (UniqueID,CatID,PortalID) VALUES('108485877684394','643683637494433','0')
INSERT INTO Categories (CatID,ListUnder,CategoryName,Description,Keywords,CatType,Moderator,AccessKeys,WriteKeys,SEODescription,SEOPageTitle,ManageKeys,AccessHide,WriteHide,ExcPortalSecurity,Weight,ShowList,Sharing) VALUES('774421431390223','165450741316604','Steel Frame','','','','Moderator','|2|,|3|,|1|,|4|','|2|,|3|,|4|','','','|2|','0','0','0','2000','1','1')
INSERT INTO CategoriesModules (UniqueID,CatID,ModuleID) VALUES('156642742040983','774421431390223','20')
INSERT INTO CategoriesPortals (UniqueID,CatID,PortalID) VALUES('179451844978263','774421431390223','0')
INSERT INTO Categories (CatID,ListUnder,CategoryName,Description,Keywords,CatType,Moderator,AccessKeys,WriteKeys,SEODescription,SEOPageTitle,ManageKeys,AccessHide,WriteHide,ExcPortalSecurity,Weight,ShowList,Sharing) VALUES('159302046014928','155435063371167','Steeple Repair','','','','Moderator','|2|,|3|,|1|,|4|','|2|,|3|,|4|','','','|2|','0','0','0','2000','1','1')
INSERT INTO CategoriesModules (UniqueID,CatID,ModuleID) VALUES('607522887167389','159302046014928','20')
INSERT INTO CategoriesPortals (UniqueID,CatID,PortalID) VALUES('208911902833175','159302046014928','0')
INSERT INTO Categories (CatID,ListUnder,CategoryName,Description,Keywords,CatType,Moderator,AccessKeys,WriteKeys,SEODescription,SEOPageTitle,ManageKeys,AccessHide,WriteHide,ExcPortalSecurity,Weight,ShowList,Sharing) VALUES('153108750265783','112619746118561','Stitchbond','','','','Moderator','|2|,|3|,|1|,|4|','|2|,|3|,|4|','','','|2|','0','0','0','2000','1','1')
INSERT INTO CategoriesModules (UniqueID,CatID,ModuleID) VALUES('199485740012713','153108750265783','20')
INSERT INTO CategoriesPortals (UniqueID,CatID,PortalID) VALUES('193508356548703','153108750265783','0')
INSERT INTO Categories (CatID,ListUnder,CategoryName,Description,Keywords,CatType,Moderator,AccessKeys,WriteKeys,SEODescription,SEOPageTitle,ManageKeys,AccessHide,WriteHide,ExcPortalSecurity,Weight,ShowList,Sharing) VALUES('499631398905841','112619746118561','Stitchbond','','','','Moderator','|2|,|3|,|1|,|4|','|2|,|3|,|4|','','','|2|','0','0','0','2000','1','1')
INSERT INTO CategoriesModules (UniqueID,CatID,ModuleID) VALUES('197917674245653','499631398905841','20')
INSERT INTO CategoriesPortals (UniqueID,CatID,PortalID) VALUES('119467128136095','499631398905841','0')
INSERT INTO Categories (CatID,ListUnder,CategoryName,Description,Keywords,CatType,Moderator,AccessKeys,WriteKeys,SEODescription,SEOPageTitle,ManageKeys,AccessHide,WriteHide,ExcPortalSecurity,Weight,ShowList,Sharing) VALUES('102802469184574','283931278617428','Stock','','','','Moderator','|2|,|3|,|1|,|4|','|2|,|3|,|4|','','','|2|','0','0','0','2000','1','1')
INSERT INTO CategoriesModules (UniqueID,CatID,ModuleID) VALUES('635969069020553','102802469184574','20')
INSERT INTO CategoriesPortals (UniqueID,CatID,PortalID) VALUES('684146621293112','102802469184574','0')
INSERT INTO Categories (CatID,ListUnder,CategoryName,Description,Keywords,CatType,Moderator,AccessKeys,WriteKeys,SEODescription,SEOPageTitle,ManageKeys,AccessHide,WriteHide,ExcPortalSecurity,Weight,ShowList,Sharing) VALUES('210756158054894','181537501518755','Stocks Bonds','','','','Moderator','|2|,|3|,|1|,|4|','|2|,|3|,|4|','','','|2|','0','0','0','2000','1','1')
INSERT INTO CategoriesModules (UniqueID,CatID,ModuleID) VALUES('113390799356248','210756158054894','20')
INSERT INTO CategoriesPortals (UniqueID,CatID,PortalID) VALUES('560994726454381','210756158054894','0')
INSERT INTO Categories (CatID,ListUnder,CategoryName,Description,Keywords,CatType,Moderator,AccessKeys,WriteKeys,SEODescription,SEOPageTitle,ManageKeys,AccessHide,WriteHide,ExcPortalSecurity,Weight,ShowList,Sharing) VALUES('193675053846948','154294030131064','Storage Shelving','','','','Moderator','|2|,|3|,|1|,|4|','|2|,|3|,|4|','','','|2|','0','0','0','2000','1','1')
INSERT INTO CategoriesModules (UniqueID,CatID,ModuleID) VALUES('980832706791205','193675053846948','20')
INSERT INTO CategoriesPortals (UniqueID,CatID,PortalID) VALUES('157463337007529','193675053846948','0')
INSERT INTO Categories (CatID,ListUnder,CategoryName,Description,Keywords,CatType,Moderator,AccessKeys,WriteKeys,SEODescription,SEOPageTitle,ManageKeys,AccessHide,WriteHide,ExcPortalSecurity,Weight,ShowList,Sharing) VALUES('205363440123701','845494891751785','Store Fixtures','','','','Moderator','|2|,|3|,|1|,|4|','|2|,|3|,|4|','','','|2|','0','0','0','2000','1','1')
INSERT INTO CategoriesModules (UniqueID,CatID,ModuleID) VALUES('428002750163523','205363440123701','20')
INSERT INTO CategoriesPortals (UniqueID,CatID,PortalID) VALUES('243392232153233','205363440123701','0')
INSERT INTO Categories (CatID,ListUnder,CategoryName,Description,Keywords,CatType,Moderator,AccessKeys,WriteKeys,SEODescription,SEOPageTitle,ManageKeys,AccessHide,WriteHide,ExcPortalSecurity,Weight,ShowList,Sharing) VALUES('109662184865554','213563058167417','Strategic','','','','Moderator','|2|,|3|,|1|,|4|','|2|,|3|,|4|','','','|2|','0','0','0','2000','1','1')
INSERT INTO CategoriesModules (UniqueID,CatID,ModuleID) VALUES('110938954737216','109662184865554','20')
INSERT INTO CategoriesPortals (UniqueID,CatID,PortalID) VALUES('147867215418452','109662184865554','0')
INSERT INTO Categories (CatID,ListUnder,CategoryName,Description,Keywords,CatType,Moderator,AccessKeys,WriteKeys,SEODescription,SEOPageTitle,ManageKeys,AccessHide,WriteHide,ExcPortalSecurity,Weight,ShowList,Sharing) VALUES('202541788380967','138401084934556','Strategic Planning','','','','Moderator','|2|,|3|,|1|,|4|','|2|,|3|,|4|','','','|2|','0','0','0','2000','1','1')
INSERT INTO CategoriesModules (UniqueID,CatID,ModuleID) VALUES('463423098439212','202541788380967','20')
INSERT INTO CategoriesPortals (UniqueID,CatID,PortalID) VALUES('664295211874287','202541788380967','0')
INSERT INTO Categories (CatID,ListUnder,CategoryName,Description,Keywords,CatType,Moderator,AccessKeys,WriteKeys,SEODescription,SEOPageTitle,ManageKeys,AccessHide,WriteHide,ExcPortalSecurity,Weight,ShowList,Sharing) VALUES('153191216322371','138401084934556','Strategy Forecasting','','','','Moderator','|2|,|3|,|1|,|4|','|2|,|3|,|4|','','','|2|','0','0','0','2000','1','1')
INSERT INTO CategoriesModules (UniqueID,CatID,ModuleID) VALUES('525596291172451','153191216322371','20')
INSERT INTO CategoriesPortals (UniqueID,CatID,PortalID) VALUES('194451685185511','153191216322371','0')
INSERT INTO Categories (CatID,ListUnder,CategoryName,Description,Keywords,CatType,Moderator,AccessKeys,WriteKeys,SEODescription,SEOPageTitle,ManageKeys,AccessHide,WriteHide,ExcPortalSecurity,Weight,ShowList,Sharing) VALUES('757829730810783','126219373520539','Stretch Yarns','','','','Moderator','|2|,|3|,|1|,|4|','|2|,|3|,|4|','','','|2|','0','0','0','2000','1','1')
INSERT INTO CategoriesModules (UniqueID,CatID,ModuleID) VALUES('761071151355783','757829730810783','20')
INSERT INTO CategoriesPortals (UniqueID,CatID,PortalID) VALUES('167287609724887','757829730810783','0')
INSERT INTO Categories (CatID,ListUnder,CategoryName,Description,Keywords,CatType,Moderator,AccessKeys,WriteKeys,SEODescription,SEOPageTitle,ManageKeys,AccessHide,WriteHide,ExcPortalSecurity,Weight,ShowList,Sharing) VALUES('823113787877224','500531127112354','Structural','','','','Moderator','|2|,|3|,|1|,|4|','|2|,|3|,|4|','','','|2|','0','0','0','2000','1','1')
INSERT INTO CategoriesModules (UniqueID,CatID,ModuleID) VALUES('146158258266735','823113787877224','20')
INSERT INTO CategoriesPortals (UniqueID,CatID,PortalID) VALUES('923402639484840','823113787877224','0')
INSERT INTO Categories (CatID,ListUnder,CategoryName,Description,Keywords,CatType,Moderator,AccessKeys,WriteKeys,SEODescription,SEOPageTitle,ManageKeys,AccessHide,WriteHide,ExcPortalSecurity,Weight,ShowList,Sharing) VALUES('114883786724651','265537542464772','Structural Movers','','','','Moderator','|2|,|3|,|1|,|4|','|2|,|3|,|4|','','','|2|','0','0','0','2000','1','1')
INSERT INTO CategoriesModules (UniqueID,CatID,ModuleID) VALUES('101692579537334','114883786724651','20')
INSERT INTO CategoriesPortals (UniqueID,CatID,PortalID) VALUES('187470552528946','114883786724651','0')
INSERT INTO Categories (CatID,ListUnder,CategoryName,Description,Keywords,CatType,Moderator,AccessKeys,WriteKeys,SEODescription,SEOPageTitle,ManageKeys,AccessHide,WriteHide,ExcPortalSecurity,Weight,ShowList,Sharing) VALUES('620849464417147','161898503042338','Substation Transmission','','','','Moderator','|2|,|3|,|1|,|4|','|2|,|3|,|4|','','','|2|','0','0','0','2000','1','1')
INSERT INTO CategoriesModules (UniqueID,CatID,ModuleID) VALUES('100788233831924','620849464417147','20')
INSERT INTO CategoriesPortals (UniqueID,CatID,PortalID) VALUES('189079917327333','620849464417147','0')
INSERT INTO Categories (CatID,ListUnder,CategoryName,Description,Keywords,CatType,Moderator,AccessKeys,WriteKeys,SEODescription,SEOPageTitle,ManageKeys,AccessHide,WriteHide,ExcPortalSecurity,Weight,ShowList,Sharing) VALUES('193958537629435','120439851846156','Substitutes','','','','Moderator','|2|,|3|,|1|,|4|','|2|,|3|,|4|','','','|2|','0','0','0','2000','1','1')
INSERT INTO CategoriesModules (UniqueID,CatID,ModuleID) VALUES('130481982553877','193958537629435','20')
INSERT INTO CategoriesPortals (UniqueID,CatID,PortalID) VALUES('439279095636586','193958537629435','0')
INSERT INTO Categories (CatID,ListUnder,CategoryName,Description,Keywords,CatType,Moderator,AccessKeys,WriteKeys,SEODescription,SEOPageTitle,ManageKeys,AccessHide,WriteHide,ExcPortalSecurity,Weight,ShowList,Sharing) VALUES('281279279877830','202184536792157','Sugar','','','','Moderator','|2|,|3|,|1|,|4|','|2|,|3|,|4|','','','|2|','0','0','0','2000','1','1')
INSERT INTO CategoriesModules (UniqueID,CatID,ModuleID) VALUES('862857284734352','281279279877830','20')
INSERT INTO CategoriesPortals (UniqueID,CatID,PortalID) VALUES('624285849397626','281279279877830','0')
INSERT INTO Categories (CatID,ListUnder,CategoryName,Description,Keywords,CatType,Moderator,AccessKeys,WriteKeys,SEODescription,SEOPageTitle,ManageKeys,AccessHide,WriteHide,ExcPortalSecurity,Weight,ShowList,Sharing) VALUES('130818851055234','179578502467371','Sugars','','','','Moderator','|2|,|3|,|1|,|4|','|2|,|3|,|4|','','','|2|','0','0','0','2000','1','1')
INSERT INTO CategoriesModules (UniqueID,CatID,ModuleID) VALUES('369384019142773','130818851055234','20')
INSERT INTO CategoriesPortals (UniqueID,CatID,PortalID) VALUES('666219007143634','130818851055234','0')
INSERT INTO Categories (CatID,ListUnder,CategoryName,Description,Keywords,CatType,Moderator,AccessKeys,WriteKeys,SEODescription,SEOPageTitle,ManageKeys,AccessHide,WriteHide,ExcPortalSecurity,Weight,ShowList,Sharing) VALUES('200293531182753','153991554677553','Suppliers','','','','Moderator','|2|,|3|,|1|,|4|','|2|,|3|,|4|','','','|2|','0','0','0','2000','1','1')
INSERT INTO CategoriesModules (UniqueID,CatID,ModuleID) VALUES('122187821533656','200293531182753','20')
INSERT INTO CategoriesPortals (UniqueID,CatID,PortalID) VALUES('146547664487130','200293531182753','0')
INSERT INTO Categories (CatID,ListUnder,CategoryName,Description,Keywords,CatType,Moderator,AccessKeys,WriteKeys,SEODescription,SEOPageTitle,ManageKeys,AccessHide,WriteHide,ExcPortalSecurity,Weight,ShowList,Sharing) VALUES('183150835244867','187495860612871','Supplies','','','','Moderator','|2|,|3|,|1|,|4|','|2|,|3|,|4|','','','|2|','0','0','0','2000','1','1')
INSERT INTO CategoriesModules (UniqueID,CatID,ModuleID) VALUES('163903895527944','183150835244867','20')
INSERT INTO CategoriesPortals (UniqueID,CatID,PortalID) VALUES('470871572885498','183150835244867','0')
INSERT INTO Categories (CatID,ListUnder,CategoryName,Description,Keywords,CatType,Moderator,AccessKeys,WriteKeys,SEODescription,SEOPageTitle,ManageKeys,AccessHide,WriteHide,ExcPortalSecurity,Weight,ShowList,Sharing) VALUES('260496567477447','167545442532340','Supplies','','','','Moderator','|2|,|3|,|1|,|4|','|2|,|3|,|4|','','','|2|','0','0','0','2000','1','1')
INSERT INTO CategoriesModules (UniqueID,CatID,ModuleID) VALUES('333281240667531','260496567477447','20')
INSERT INTO CategoriesPortals (UniqueID,CatID,PortalID) VALUES('780508015589673','260496567477447','0')
INSERT INTO Categories (CatID,ListUnder,CategoryName,Description,Keywords,CatType,Moderator,AccessKeys,WriteKeys,SEODescription,SEOPageTitle,ManageKeys,AccessHide,WriteHide,ExcPortalSecurity,Weight,ShowList,Sharing) VALUES('764226479668173','454474966627687','Supplies','','','','Moderator','|2|,|3|,|1|,|4|','|2|,|3|,|4|','','','|2|','0','0','0','2000','1','1')
INSERT INTO CategoriesModules (UniqueID,CatID,ModuleID) VALUES('121949411651264','764226479668173','20')
INSERT INTO CategoriesPortals (UniqueID,CatID,PortalID) VALUES('193801433455638','764226479668173','0')
INSERT INTO Categories (CatID,ListUnder,CategoryName,Description,Keywords,CatType,Moderator,AccessKeys,WriteKeys,SEODescription,SEOPageTitle,ManageKeys,AccessHide,WriteHide,ExcPortalSecurity,Weight,ShowList,Sharing) VALUES('958287788849888','173025067117845','Supplies','','','','Moderator','|2|,|3|,|1|,|4|','|2|,|3|,|4|','','','|2|','0','0','0','2000','1','1')
INSERT INTO CategoriesModules (UniqueID,CatID,ModuleID) VALUES('130750996337057','958287788849888','20')
INSERT INTO CategoriesPortals (UniqueID,CatID,PortalID) VALUES('129505418041387','958287788849888','0')
INSERT INTO Categories (CatID,ListUnder,CategoryName,Description,Keywords,CatType,Moderator,AccessKeys,WriteKeys,SEODescription,SEOPageTitle,ManageKeys,AccessHide,WriteHide,ExcPortalSecurity,Weight,ShowList,Sharing) VALUES('344088483779046','280965458060437','Supplies Equipment','','','','Moderator','|2|,|3|,|1|,|4|','|2|,|3|,|4|','','','|2|','0','0','0','2000','1','1')
INSERT INTO CategoriesModules (UniqueID,CatID,ModuleID) VALUES('159396772679373','344088483779046','20')
INSERT INTO CategoriesPortals (UniqueID,CatID,PortalID) VALUES('202344724252717','344088483779046','0')
INSERT INTO Categories (CatID,ListUnder,CategoryName,Description,Keywords,CatType,Moderator,AccessKeys,WriteKeys,SEODescription,SEOPageTitle,ManageKeys,AccessHide,WriteHide,ExcPortalSecurity,Weight,ShowList,Sharing) VALUES('557531039724881','183131383188741','Supplies Equipment','','','','Moderator','|2|,|3|,|1|,|4|','|2|,|3|,|4|','','','|2|','0','0','0','2000','1','1')
INSERT INTO CategoriesModules (UniqueID,CatID,ModuleID) VALUES('120036692863230','557531039724881','20')
INSERT INTO CategoriesPortals (UniqueID,CatID,PortalID) VALUES('156085358727604','557531039724881','0')
INSERT INTO Categories (CatID,ListUnder,CategoryName,Description,Keywords,CatType,Moderator,AccessKeys,WriteKeys,SEODescription,SEOPageTitle,ManageKeys,AccessHide,WriteHide,ExcPortalSecurity,Weight,ShowList,Sharing) VALUES('197042017854268','152656969788212','Supplies Equipment','','','','Moderator','|2|,|3|,|1|,|4|','|2|,|3|,|4|','','','|2|','0','0','0','2000','1','1')
INSERT INTO CategoriesModules (UniqueID,CatID,ModuleID) VALUES('882842590904857','197042017854268','20')
INSERT INTO CategoriesPortals (UniqueID,CatID,PortalID) VALUES('192727564117865','197042017854268','0')
INSERT INTO Categories (CatID,ListUnder,CategoryName,Description,Keywords,CatType,Moderator,AccessKeys,WriteKeys,SEODescription,SEOPageTitle,ManageKeys,AccessHide,WriteHide,ExcPortalSecurity,Weight,ShowList,Sharing) VALUES('133879837635545','115398350856753','Supplies Equipment','','','','Moderator','|2|,|3|,|1|,|4|','|2|,|3|,|4|','','','|2|','0','0','0','2000','1','1')
INSERT INTO CategoriesModules (UniqueID,CatID,ModuleID) VALUES('112734046991473','133879837635545','20')
INSERT INTO CategoriesPortals (UniqueID,CatID,PortalID) VALUES('183862890710977','133879837635545','0')
INSERT INTO Categories (CatID,ListUnder,CategoryName,Description,Keywords,CatType,Moderator,AccessKeys,WriteKeys,SEODescription,SEOPageTitle,ManageKeys,AccessHide,WriteHide,ExcPortalSecurity,Weight,ShowList,Sharing) VALUES('117449590546821','138401084934556','Supply Chain','','','','Moderator','|2|,|3|,|1|,|4|','|2|,|3|,|4|','','','|2|','0','0','0','2000','1','1')
INSERT INTO CategoriesModules (UniqueID,CatID,ModuleID) VALUES('458108774729097','117449590546821','20')
INSERT INTO CategoriesPortals (UniqueID,CatID,PortalID) VALUES('492273270694675','117449590546821','0')
INSERT INTO Categories (CatID,ListUnder,CategoryName,Description,Keywords,CatType,Moderator,AccessKeys,WriteKeys,SEODescription,SEOPageTitle,ManageKeys,AccessHide,WriteHide,ExcPortalSecurity,Weight,ShowList,Sharing) VALUES('174682891935135','152656969788212','Support Services','','','','Moderator','|2|,|3|,|1|,|4|','|2|,|3|,|4|','','','|2|','0','0','0','2000','1','1')
INSERT INTO CategoriesModules (UniqueID,CatID,ModuleID) VALUES('708869817592154','174682891935135','20')
INSERT INTO CategoriesPortals (UniqueID,CatID,PortalID) VALUES('173278589437357','174682891935135','0')
INSERT INTO Categories (CatID,ListUnder,CategoryName,Description,Keywords,CatType,Moderator,AccessKeys,WriteKeys,SEODescription,SEOPageTitle,ManageKeys,AccessHide,WriteHide,ExcPortalSecurity,Weight,ShowList,Sharing) VALUES('156107949213644','293246790583114','Surety Bonds','','','','Moderator','|2|,|3|,|1|,|4|','|2|,|3|,|4|','','','|2|','0','0','0','2000','1','1')
INSERT INTO CategoriesModules (UniqueID,CatID,ModuleID) VALUES('169802688148061','156107949213644','20')
INSERT INTO CategoriesPortals (UniqueID,CatID,PortalID) VALUES('194675472053231','156107949213644','0')
INSERT INTO Categories (CatID,ListUnder,CategoryName,Description,Keywords,CatType,Moderator,AccessKeys,WriteKeys,SEODescription,SEOPageTitle,ManageKeys,AccessHide,WriteHide,ExcPortalSecurity,Weight,ShowList,Sharing) VALUES('921777859695461','302144370971758','Surface Treating','','','','Moderator','|2|,|3|,|1|,|4|','|2|,|3|,|4|','','','|2|','0','0','0','2000','1','1')
INSERT INTO CategoriesModules (UniqueID,CatID,ModuleID) VALUES('853347924145555','921777859695461','20')
INSERT INTO CategoriesPortals (UniqueID,CatID,PortalID) VALUES('483710937526162','921777859695461','0')
INSERT INTO Categories (CatID,ListUnder,CategoryName,Description,Keywords,CatType,Moderator,AccessKeys,WriteKeys,SEODescription,SEOPageTitle,ManageKeys,AccessHide,WriteHide,ExcPortalSecurity,Weight,ShowList,Sharing) VALUES('201528926965610','161898503042338','Surge Protectors','','','','Moderator','|2|,|3|,|1|,|4|','|2|,|3|,|4|','','','|2|','0','0','0','2000','1','1')
INSERT INTO CategoriesModules (UniqueID,CatID,ModuleID) VALUES('631067123704737','201528926965610','20')
INSERT INTO CategoriesPortals (UniqueID,CatID,PortalID) VALUES('166902664426257','201528926965610','0')
INSERT INTO Categories (CatID,ListUnder,CategoryName,Description,Keywords,CatType,Moderator,AccessKeys,WriteKeys,SEODescription,SEOPageTitle,ManageKeys,AccessHide,WriteHide,ExcPortalSecurity,Weight,ShowList,Sharing) VALUES('728665083605231','153991554677553','Surgical Products','','','','Moderator','|2|,|3|,|1|,|4|','|2|,|3|,|4|','','','|2|','0','0','0','2000','1','1')
INSERT INTO CategoriesModules (UniqueID,CatID,ModuleID) VALUES('175350731325473','728665083605231','20')
INSERT INTO CategoriesPortals (UniqueID,CatID,PortalID) VALUES('148040856522058','728665083605231','0')
[[GO]]
INSERT INTO Categories (CatID,ListUnder,CategoryName,Description,Keywords,CatType,Moderator,AccessKeys,WriteKeys,SEODescription,SEOPageTitle,ManageKeys,AccessHide,WriteHide,ExcPortalSecurity,Weight,ShowList,Sharing) VALUES('490774029562567','963175640290570','Surplus Used','','','','Moderator','|2|,|3|,|1|,|4|','|2|,|3|,|4|','','','|2|','0','0','0','2000','1','1')
INSERT INTO CategoriesModules (UniqueID,CatID,ModuleID) VALUES('460795479665758','490774029562567','20')
INSERT INTO CategoriesPortals (UniqueID,CatID,PortalID) VALUES('148800999666546','490774029562567','0')
INSERT INTO Categories (CatID,ListUnder,CategoryName,Description,Keywords,CatType,Moderator,AccessKeys,WriteKeys,SEODescription,SEOPageTitle,ManageKeys,AccessHide,WriteHide,ExcPortalSecurity,Weight,ShowList,Sharing) VALUES('327757853189188','205125333058111','Surveys Statistics','','','','Moderator','|2|,|3|,|1|,|4|','|2|,|3|,|4|','','','|2|','0','0','0','2000','1','1')
INSERT INTO CategoriesModules (UniqueID,CatID,ModuleID) VALUES('129731433499341','327757853189188','20')
INSERT INTO CategoriesPortals (UniqueID,CatID,PortalID) VALUES('881443251425615','327757853189188','0')
INSERT INTO Categories (CatID,ListUnder,CategoryName,Description,Keywords,CatType,Moderator,AccessKeys,WriteKeys,SEODescription,SEOPageTitle,ManageKeys,AccessHide,WriteHide,ExcPortalSecurity,Weight,ShowList,Sharing) VALUES('774612482622070','301518407739005','Sustainable Architecture','','','','Moderator','|2|,|3|,|1|,|4|','|2|,|3|,|4|','','','|2|','0','0','0','2000','1','1')
INSERT INTO CategoriesModules (UniqueID,CatID,ModuleID) VALUES('133201256599829','774612482622070','20')
INSERT INTO CategoriesPortals (UniqueID,CatID,PortalID) VALUES('217164794685670','774612482622070','0')
INSERT INTO Categories (CatID,ListUnder,CategoryName,Description,Keywords,CatType,Moderator,AccessKeys,WriteKeys,SEODescription,SEOPageTitle,ManageKeys,AccessHide,WriteHide,ExcPortalSecurity,Weight,ShowList,Sharing) VALUES('147538508370236','208392173185557','Swatches','','','','Moderator','|2|,|3|,|1|,|4|','|2|,|3|,|4|','','','|2|','0','0','0','2000','1','1')
INSERT INTO CategoriesModules (UniqueID,CatID,ModuleID) VALUES('141411692550818','147538508370236','20')
INSERT INTO CategoriesPortals (UniqueID,CatID,PortalID) VALUES('157322988952762','147538508370236','0')
INSERT INTO Categories (CatID,ListUnder,CategoryName,Description,Keywords,CatType,Moderator,AccessKeys,WriteKeys,SEODescription,SEOPageTitle,ManageKeys,AccessHide,WriteHide,ExcPortalSecurity,Weight,ShowList,Sharing) VALUES('202184536792157','180637350615341','Sweeteners','','','','Moderator','|2|,|3|,|1|,|4|','|2|,|3|,|4|','','','|2|','0','0','0','2000','1','1')
INSERT INTO CategoriesModules (UniqueID,CatID,ModuleID) VALUES('127034707147538','202184536792157','20')
INSERT INTO CategoriesPortals (UniqueID,CatID,PortalID) VALUES('696314460387860','202184536792157','0')
INSERT INTO Categories (CatID,ListUnder,CategoryName,Description,Keywords,CatType,Moderator,AccessKeys,WriteKeys,SEODescription,SEOPageTitle,ManageKeys,AccessHide,WriteHide,ExcPortalSecurity,Weight,ShowList,Sharing) VALUES('152735507668588','116414705839970','Switches','','','','Moderator','|2|,|3|,|1|,|4|','|2|,|3|,|4|','','','|2|','0','0','0','2000','1','1')
INSERT INTO CategoriesModules (UniqueID,CatID,ModuleID) VALUES('179177627566074','152735507668588','20')
INSERT INTO CategoriesPortals (UniqueID,CatID,PortalID) VALUES('592558883977847','152735507668588','0')
INSERT INTO Categories (CatID,ListUnder,CategoryName,Description,Keywords,CatType,Moderator,AccessKeys,WriteKeys,SEODescription,SEOPageTitle,ManageKeys,AccessHide,WriteHide,ExcPortalSecurity,Weight,ShowList,Sharing) VALUES('156073279613462','126219373520539','Synthetic Blends','','','','Moderator','|2|,|3|,|1|,|4|','|2|,|3|,|4|','','','|2|','0','0','0','2000','1','1')
INSERT INTO CategoriesModules (UniqueID,CatID,ModuleID) VALUES('120759353376687','156073279613462','20')
INSERT INTO CategoriesPortals (UniqueID,CatID,PortalID) VALUES('776661727416142','156073279613462','0')
INSERT INTO Categories (CatID,ListUnder,CategoryName,Description,Keywords,CatType,Moderator,AccessKeys,WriteKeys,SEODescription,SEOPageTitle,ManageKeys,AccessHide,WriteHide,ExcPortalSecurity,Weight,ShowList,Sharing) VALUES('158440442755543','500531127112354','System','','','','Moderator','|2|,|3|,|1|,|4|','|2|,|3|,|4|','','','|2|','0','0','0','2000','1','1')
INSERT INTO CategoriesModules (UniqueID,CatID,ModuleID) VALUES('482266557340262','158440442755543','20')
INSERT INTO CategoriesPortals (UniqueID,CatID,PortalID) VALUES('242921899721581','158440442755543','0')
INSERT INTO Categories (CatID,ListUnder,CategoryName,Description,Keywords,CatType,Moderator,AccessKeys,WriteKeys,SEODescription,SEOPageTitle,ManageKeys,AccessHide,WriteHide,ExcPortalSecurity,Weight,ShowList,Sharing) VALUES('185728469343846','727012399526175','Tanks','','','','Moderator','|2|,|3|,|1|,|4|','|2|,|3|,|4|','','','|2|','0','0','0','2000','1','1')
INSERT INTO CategoriesModules (UniqueID,CatID,ModuleID) VALUES('491531571503572','185728469343846','20')
INSERT INTO CategoriesPortals (UniqueID,CatID,PortalID) VALUES('470785812289625','185728469343846','0')
INSERT INTO Categories (CatID,ListUnder,CategoryName,Description,Keywords,CatType,Moderator,AccessKeys,WriteKeys,SEODescription,SEOPageTitle,ManageKeys,AccessHide,WriteHide,ExcPortalSecurity,Weight,ShowList,Sharing) VALUES('948066686592127','174578511035830','Tax Lien Certificates','','','','Moderator','|2|,|3|,|1|,|4|','|2|,|3|,|4|','','','|2|','0','0','0','2000','1','1')
INSERT INTO CategoriesModules (UniqueID,CatID,ModuleID) VALUES('193843920247163','948066686592127','20')
INSERT INTO CategoriesPortals (UniqueID,CatID,PortalID) VALUES('170752934671153','948066686592127','0')
INSERT INTO Categories (CatID,ListUnder,CategoryName,Description,Keywords,CatType,Moderator,AccessKeys,WriteKeys,SEODescription,SEOPageTitle,ManageKeys,AccessHide,WriteHide,ExcPortalSecurity,Weight,ShowList,Sharing) VALUES('170437035285274','157714611147670','Taxation Issues','','','','Moderator','|2|,|3|,|1|,|4|','|2|,|3|,|4|','','','|2|','0','0','0','2000','1','1')
INSERT INTO CategoriesModules (UniqueID,CatID,ModuleID) VALUES('209893273667372','170437035285274','20')
INSERT INTO CategoriesPortals (UniqueID,CatID,PortalID) VALUES('182350922616582','170437035285274','0')
INSERT INTO Categories (CatID,ListUnder,CategoryName,Description,Keywords,CatType,Moderator,AccessKeys,WriteKeys,SEODescription,SEOPageTitle,ManageKeys,AccessHide,WriteHide,ExcPortalSecurity,Weight,ShowList,Sharing) VALUES('419965043528868','940769377248751','Tea','','','','Moderator','|2|,|3|,|1|,|4|','|2|,|3|,|4|','','','|2|','0','0','0','2000','1','1')
INSERT INTO CategoriesModules (UniqueID,CatID,ModuleID) VALUES('127965258425144','419965043528868','20')
INSERT INTO CategoriesPortals (UniqueID,CatID,PortalID) VALUES('182333987458257','419965043528868','0')
INSERT INTO Categories (CatID,ListUnder,CategoryName,Description,Keywords,CatType,Moderator,AccessKeys,WriteKeys,SEODescription,SEOPageTitle,ManageKeys,AccessHide,WriteHide,ExcPortalSecurity,Weight,ShowList,Sharing) VALUES('174330925492184','948121932567286','Team Building','','','','Moderator','|2|,|3|,|1|,|4|','|2|,|3|,|4|','','','|2|','0','0','0','2000','1','1')
INSERT INTO CategoriesModules (UniqueID,CatID,ModuleID) VALUES('162471246996230','174330925492184','20')
INSERT INTO CategoriesPortals (UniqueID,CatID,PortalID) VALUES('180770872142981','174330925492184','0')
INSERT INTO Categories (CatID,ListUnder,CategoryName,Description,Keywords,CatType,Moderator,AccessKeys,WriteKeys,SEODescription,SEOPageTitle,ManageKeys,AccessHide,WriteHide,ExcPortalSecurity,Weight,ShowList,Sharing) VALUES('154062739260270','504358599663048','Technical Analysis','','','','Moderator','|2|,|3|,|1|,|4|','|2|,|3|,|4|','','','|2|','0','0','0','2000','1','1')
INSERT INTO CategoriesModules (UniqueID,CatID,ModuleID) VALUES('195397684112127','154062739260270','20')
INSERT INTO CategoriesPortals (UniqueID,CatID,PortalID) VALUES('104062159075980','154062739260270','0')
INSERT INTO Categories (CatID,ListUnder,CategoryName,Description,Keywords,CatType,Moderator,AccessKeys,WriteKeys,SEODescription,SEOPageTitle,ManageKeys,AccessHide,WriteHide,ExcPortalSecurity,Weight,ShowList,Sharing) VALUES('712882919123450','533666869140335','Technology','','','','Moderator','|2|,|3|,|1|,|4|','|2|,|3|,|4|','','','|2|','0','0','0','2000','1','1')
INSERT INTO CategoriesModules (UniqueID,CatID,ModuleID) VALUES('205063803111374','712882919123450','20')
INSERT INTO CategoriesPortals (UniqueID,CatID,PortalID) VALUES('189940612484033','712882919123450','0')
INSERT INTO Categories (CatID,ListUnder,CategoryName,Description,Keywords,CatType,Moderator,AccessKeys,WriteKeys,SEODescription,SEOPageTitle,ManageKeys,AccessHide,WriteHide,ExcPortalSecurity,Weight,ShowList,Sharing) VALUES('746298399382528','845494891751785','Technology','','','','Moderator','|2|,|3|,|1|,|4|','|2|,|3|,|4|','','','|2|','0','0','0','2000','1','1')
INSERT INTO CategoriesModules (UniqueID,CatID,ModuleID) VALUES('121575819436874','746298399382528','20')
INSERT INTO CategoriesPortals (UniqueID,CatID,PortalID) VALUES('865141942777276','746298399382528','0')
INSERT INTO Categories (CatID,ListUnder,CategoryName,Description,Keywords,CatType,Moderator,AccessKeys,WriteKeys,SEODescription,SEOPageTitle,ManageKeys,AccessHide,WriteHide,ExcPortalSecurity,Weight,ShowList,Sharing) VALUES('660729051198512','926958022387637','Technology Vendors','','','','Moderator','|2|,|3|,|1|,|4|','|2|,|3|,|4|','','','|2|','0','0','0','2000','1','1')
INSERT INTO CategoriesModules (UniqueID,CatID,ModuleID) VALUES('132985870616932','660729051198512','20')
INSERT INTO CategoriesPortals (UniqueID,CatID,PortalID) VALUES('141507478945365','660729051198512','0')
INSERT INTO Categories (CatID,ListUnder,CategoryName,Description,Keywords,CatType,Moderator,AccessKeys,WriteKeys,SEODescription,SEOPageTitle,ManageKeys,AccessHide,WriteHide,ExcPortalSecurity,Weight,ShowList,Sharing) VALUES('197531586023575','0','Telecommunications','','','','Moderator','|2|,|3|,|1|,|4|','|2|,|3|,|4|','','','|2|','0','0','0','2000','1','1')
INSERT INTO CategoriesModules (UniqueID,CatID,ModuleID) VALUES('147649040246180','197531586023575','20')
INSERT INTO CategoriesPortals (UniqueID,CatID,PortalID) VALUES('256750434544418','197531586023575','0')
INSERT INTO Categories (CatID,ListUnder,CategoryName,Description,Keywords,CatType,Moderator,AccessKeys,WriteKeys,SEODescription,SEOPageTitle,ManageKeys,AccessHide,WriteHide,ExcPortalSecurity,Weight,ShowList,Sharing) VALUES('890706870237946','203370697495731','Telecommuting','','','','Moderator','|2|,|3|,|1|,|4|','|2|,|3|,|4|','','','|2|','0','0','0','2000','1','1')
INSERT INTO CategoriesModules (UniqueID,CatID,ModuleID) VALUES('784373787509367','890706870237946','20')
INSERT INTO CategoriesPortals (UniqueID,CatID,PortalID) VALUES('150631519237203','890706870237946','0')
INSERT INTO Categories (CatID,ListUnder,CategoryName,Description,Keywords,CatType,Moderator,AccessKeys,WriteKeys,SEODescription,SEOPageTitle,ManageKeys,AccessHide,WriteHide,ExcPortalSecurity,Weight,ShowList,Sharing) VALUES('596109850248743','213563058167417','Telemarketing','','','','Moderator','|2|,|3|,|1|,|4|','|2|,|3|,|4|','','','|2|','0','0','0','2000','1','1')
INSERT INTO CategoriesModules (UniqueID,CatID,ModuleID) VALUES('139317959047263','596109850248743','20')
INSERT INTO CategoriesPortals (UniqueID,CatID,PortalID) VALUES('185873400815434','596109850248743','0')
INSERT INTO Categories (CatID,ListUnder,CategoryName,Description,Keywords,CatType,Moderator,AccessKeys,WriteKeys,SEODescription,SEOPageTitle,ManageKeys,AccessHide,WriteHide,ExcPortalSecurity,Weight,ShowList,Sharing) VALUES('109054525263847','207494574995551','Telephones','','','','Moderator','|2|,|3|,|1|,|4|','|2|,|3|,|4|','','','|2|','0','0','0','2000','1','1')
INSERT INTO CategoriesModules (UniqueID,CatID,ModuleID) VALUES('443295632333158','109054525263847','20')
INSERT INTO CategoriesPortals (UniqueID,CatID,PortalID) VALUES('128060273848732','109054525263847','0')
INSERT INTO Categories (CatID,ListUnder,CategoryName,Description,Keywords,CatType,Moderator,AccessKeys,WriteKeys,SEODescription,SEOPageTitle,ManageKeys,AccessHide,WriteHide,ExcPortalSecurity,Weight,ShowList,Sharing) VALUES('178603219675021','185728045685285','Television','','','','Moderator','|2|,|3|,|1|,|4|','|2|,|3|,|4|','','','|2|','0','0','0','2000','1','1')
INSERT INTO CategoriesModules (UniqueID,CatID,ModuleID) VALUES('131337967565131','178603219675021','20')
INSERT INTO CategoriesPortals (UniqueID,CatID,PortalID) VALUES('731765993271742','178603219675021','0')
INSERT INTO Categories (CatID,ListUnder,CategoryName,Description,Keywords,CatType,Moderator,AccessKeys,WriteKeys,SEODescription,SEOPageTitle,ManageKeys,AccessHide,WriteHide,ExcPortalSecurity,Weight,ShowList,Sharing) VALUES('503715371536158','167827787849526','Temperature','','','','Moderator','|2|,|3|,|1|,|4|','|2|,|3|,|4|','','','|2|','0','0','0','2000','1','1')
INSERT INTO CategoriesModules (UniqueID,CatID,ModuleID) VALUES('190940849043833','503715371536158','20')
INSERT INTO CategoriesPortals (UniqueID,CatID,PortalID) VALUES('213946854173266','503715371536158','0')
INSERT INTO Categories (CatID,ListUnder,CategoryName,Description,Keywords,CatType,Moderator,AccessKeys,WriteKeys,SEODescription,SEOPageTitle,ManageKeys,AccessHide,WriteHide,ExcPortalSecurity,Weight,ShowList,Sharing) VALUES('104765516681331','157714611147670','Tenant Relocation','','','','Moderator','|2|,|3|,|1|,|4|','|2|,|3|,|4|','','','|2|','0','0','0','2000','1','1')
INSERT INTO CategoriesModules (UniqueID,CatID,ModuleID) VALUES('768101440087838','104765516681331','20')
INSERT INTO CategoriesPortals (UniqueID,CatID,PortalID) VALUES('100718572615219','104765516681331','0')
INSERT INTO Categories (CatID,ListUnder,CategoryName,Description,Keywords,CatType,Moderator,AccessKeys,WriteKeys,SEODescription,SEOPageTitle,ManageKeys,AccessHide,WriteHide,ExcPortalSecurity,Weight,ShowList,Sharing) VALUES('153606664112676','209685725805440','Tenant Screening','','','','Moderator','|2|,|3|,|1|,|4|','|2|,|3|,|4|','','','|2|','0','0','0','2000','1','1')
INSERT INTO CategoriesModules (UniqueID,CatID,ModuleID) VALUES('952775985244290','153606664112676','20')
INSERT INTO CategoriesPortals (UniqueID,CatID,PortalID) VALUES('748361363026752','153606664112676','0')
INSERT INTO Categories (CatID,ListUnder,CategoryName,Description,Keywords,CatType,Moderator,AccessKeys,WriteKeys,SEODescription,SEOPageTitle,ManageKeys,AccessHide,WriteHide,ExcPortalSecurity,Weight,ShowList,Sharing) VALUES('228005497145867','138186154628395','Test Equipment','','','','Moderator','|2|,|3|,|1|,|4|','|2|,|3|,|4|','','','|2|','0','0','0','2000','1','1')
INSERT INTO CategoriesModules (UniqueID,CatID,ModuleID) VALUES('111545901538182','228005497145867','20')
INSERT INTO CategoriesPortals (UniqueID,CatID,PortalID) VALUES('148337976825291','228005497145867','0')
INSERT INTO Categories (CatID,ListUnder,CategoryName,Description,Keywords,CatType,Moderator,AccessKeys,WriteKeys,SEODescription,SEOPageTitle,ManageKeys,AccessHide,WriteHide,ExcPortalSecurity,Weight,ShowList,Sharing) VALUES('102066541311573','114176321849964','Test Facilities','','','','Moderator','|2|,|3|,|1|,|4|','|2|,|3|,|4|','','','|2|','0','0','0','2000','1','1')
INSERT INTO CategoriesModules (UniqueID,CatID,ModuleID) VALUES('293184449760479','102066541311573','20')
INSERT INTO CategoriesPortals (UniqueID,CatID,PortalID) VALUES('163228083011526','102066541311573','0')
INSERT INTO Categories (CatID,ListUnder,CategoryName,Description,Keywords,CatType,Moderator,AccessKeys,WriteKeys,SEODescription,SEOPageTitle,ManageKeys,AccessHide,WriteHide,ExcPortalSecurity,Weight,ShowList,Sharing) VALUES('963175640290570','161898503042338','Test Measurement','','','','Moderator','|2|,|3|,|1|,|4|','|2|,|3|,|4|','','','|2|','0','0','0','2000','1','1')
INSERT INTO CategoriesModules (UniqueID,CatID,ModuleID) VALUES('107951313523277','963175640290570','20')
INSERT INTO CategoriesPortals (UniqueID,CatID,PortalID) VALUES('304194211208761','963175640290570','0')
INSERT INTO Categories (CatID,ListUnder,CategoryName,Description,Keywords,CatType,Moderator,AccessKeys,WriteKeys,SEODescription,SEOPageTitle,ManageKeys,AccessHide,WriteHide,ExcPortalSecurity,Weight,ShowList,Sharing) VALUES('930684891775213','207494574995551','Testing','','','','Moderator','|2|,|3|,|1|,|4|','|2|,|3|,|4|','','','|2|','0','0','0','2000','1','1')
INSERT INTO CategoriesModules (UniqueID,CatID,ModuleID) VALUES('165169344986471','930684891775213','20')
INSERT INTO CategoriesPortals (UniqueID,CatID,PortalID) VALUES('946722972872818','930684891775213','0')
INSERT INTO Categories (CatID,ListUnder,CategoryName,Description,Keywords,CatType,Moderator,AccessKeys,WriteKeys,SEODescription,SEOPageTitle,ManageKeys,AccessHide,WriteHide,ExcPortalSecurity,Weight,ShowList,Sharing) VALUES('986128792653211','940557948960701','Testing Equipment','','','','Moderator','|2|,|3|,|1|,|4|','|2|,|3|,|4|','','','|2|','0','0','0','2000','1','1')
INSERT INTO CategoriesModules (UniqueID,CatID,ModuleID) VALUES('115357025183480','986128792653211','20')
INSERT INTO CategoriesPortals (UniqueID,CatID,PortalID) VALUES('441947991132517','986128792653211','0')
INSERT INTO Categories (CatID,ListUnder,CategoryName,Description,Keywords,CatType,Moderator,AccessKeys,WriteKeys,SEODescription,SEOPageTitle,ManageKeys,AccessHide,WriteHide,ExcPortalSecurity,Weight,ShowList,Sharing) VALUES('643822624136026','468964763450112','Testing Services','','','','Moderator','|2|,|3|,|1|,|4|','|2|,|3|,|4|','','','|2|','0','0','0','2000','1','1')
INSERT INTO CategoriesModules (UniqueID,CatID,ModuleID) VALUES('708701279331423','643822624136026','20')
INSERT INTO CategoriesPortals (UniqueID,CatID,PortalID) VALUES('586852171895786','643822624136026','0')
INSERT INTO Categories (CatID,ListUnder,CategoryName,Description,Keywords,CatType,Moderator,AccessKeys,WriteKeys,SEODescription,SEOPageTitle,ManageKeys,AccessHide,WriteHide,ExcPortalSecurity,Weight,ShowList,Sharing) VALUES('208392173185557','114176321849964','Textiles','','','','Moderator','|2|,|3|,|1|,|4|','|2|,|3|,|4|','','','|2|','0','0','0','2000','1','1')
INSERT INTO CategoriesModules (UniqueID,CatID,ModuleID) VALUES('157862144768400','208392173185557','20')
INSERT INTO CategoriesPortals (UniqueID,CatID,PortalID) VALUES('707016398118448','208392173185557','0')
INSERT INTO Categories (CatID,ListUnder,CategoryName,Description,Keywords,CatType,Moderator,AccessKeys,WriteKeys,SEODescription,SEOPageTitle,ManageKeys,AccessHide,WriteHide,ExcPortalSecurity,Weight,ShowList,Sharing) VALUES('109635606384544','197042017854268','Textiles','','','','Moderator','|2|,|3|,|1|,|4|','|2|,|3|,|4|','','','|2|','0','0','0','2000','1','1')
INSERT INTO CategoriesModules (UniqueID,CatID,ModuleID) VALUES('281064405812184','109635606384544','20')
INSERT INTO CategoriesPortals (UniqueID,CatID,PortalID) VALUES('780829780093699','109635606384544','0')
INSERT INTO Categories (CatID,ListUnder,CategoryName,Description,Keywords,CatType,Moderator,AccessKeys,WriteKeys,SEODescription,SEOPageTitle,ManageKeys,AccessHide,WriteHide,ExcPortalSecurity,Weight,ShowList,Sharing) VALUES('114176321849964','0','Textiles','','','','Moderator','|2|,|3|,|1|,|4|','|2|,|3|,|4|','','','|2|','0','0','0','2000','1','1')
INSERT INTO CategoriesModules (UniqueID,CatID,ModuleID) VALUES('175021119045549','114176321849964','20')
INSERT INTO CategoriesPortals (UniqueID,CatID,PortalID) VALUES('210546038211842','114176321849964','0')
INSERT INTO Categories (CatID,ListUnder,CategoryName,Description,Keywords,CatType,Moderator,AccessKeys,WriteKeys,SEODescription,SEOPageTitle,ManageKeys,AccessHide,WriteHide,ExcPortalSecurity,Weight,ShowList,Sharing) VALUES('299634105453428','301518407739005','Theaters','','','','Moderator','|2|,|3|,|1|,|4|','|2|,|3|,|4|','','','|2|','0','0','0','2000','1','1')
INSERT INTO CategoriesModules (UniqueID,CatID,ModuleID) VALUES('120892296484852','299634105453428','20')
INSERT INTO CategoriesPortals (UniqueID,CatID,PortalID) VALUES('953115205394597','299634105453428','0')
INSERT INTO Categories (CatID,ListUnder,CategoryName,Description,Keywords,CatType,Moderator,AccessKeys,WriteKeys,SEODescription,SEOPageTitle,ManageKeys,AccessHide,WriteHide,ExcPortalSecurity,Weight,ShowList,Sharing) VALUES('104060387712036','941546425030488','Themed','','','','Moderator','|2|,|3|,|1|,|4|','|2|,|3|,|4|','','','|2|','0','0','0','2000','1','1')
INSERT INTO CategoriesModules (UniqueID,CatID,ModuleID) VALUES('298853942751748','104060387712036','20')
INSERT INTO CategoriesPortals (UniqueID,CatID,PortalID) VALUES('161953392592420','104060387712036','0')
INSERT INTO Categories (CatID,ListUnder,CategoryName,Description,Keywords,CatType,Moderator,AccessKeys,WriteKeys,SEODescription,SEOPageTitle,ManageKeys,AccessHide,WriteHide,ExcPortalSecurity,Weight,ShowList,Sharing) VALUES('194935869168732','138401084934556','Theory of Constraints','','','','Moderator','|2|,|3|,|1|,|4|','|2|,|3|,|4|','','','|2|','0','0','0','2000','1','1')
INSERT INTO CategoriesModules (UniqueID,CatID,ModuleID) VALUES('111345195723573','194935869168732','20')
INSERT INTO CategoriesPortals (UniqueID,CatID,PortalID) VALUES('766814051267130','194935869168732','0')
INSERT INTO Categories (CatID,ListUnder,CategoryName,Description,Keywords,CatType,Moderator,AccessKeys,WriteKeys,SEODescription,SEOPageTitle,ManageKeys,AccessHide,WriteHide,ExcPortalSecurity,Weight,ShowList,Sharing) VALUES('199254070362757','187495860612871','Thermal Moisture','','','','Moderator','|2|,|3|,|1|,|4|','|2|,|3|,|4|','','','|2|','0','0','0','2000','1','1')
INSERT INTO CategoriesModules (UniqueID,CatID,ModuleID) VALUES('570981083687876','199254070362757','20')
INSERT INTO CategoriesPortals (UniqueID,CatID,PortalID) VALUES('125806180070633','199254070362757','0')
INSERT INTO Categories (CatID,ListUnder,CategoryName,Description,Keywords,CatType,Moderator,AccessKeys,WriteKeys,SEODescription,SEOPageTitle,ManageKeys,AccessHide,WriteHide,ExcPortalSecurity,Weight,ShowList,Sharing) VALUES('994429535098526','138186154628395','Thermal Process','','','','Moderator','|2|,|3|,|1|,|4|','|2|,|3|,|4|','','','|2|','0','0','0','2000','1','1')
INSERT INTO CategoriesModules (UniqueID,CatID,ModuleID) VALUES('200067417133127','994429535098526','20')
INSERT INTO CategoriesPortals (UniqueID,CatID,PortalID) VALUES('218437461123737','994429535098526','0')
INSERT INTO Categories (CatID,ListUnder,CategoryName,Description,Keywords,CatType,Moderator,AccessKeys,WriteKeys,SEODescription,SEOPageTitle,ManageKeys,AccessHide,WriteHide,ExcPortalSecurity,Weight,ShowList,Sharing) VALUES('991817603922651','112619746118561','Thermobonded','','','','Moderator','|2|,|3|,|1|,|4|','|2|,|3|,|4|','','','|2|','0','0','0','2000','1','1')
INSERT INTO CategoriesModules (UniqueID,CatID,ModuleID) VALUES('561248869758865','991817603922651','20')
INSERT INTO CategoriesPortals (UniqueID,CatID,PortalID) VALUES('131660553269318','991817603922651','0')
INSERT INTO Categories (CatID,ListUnder,CategoryName,Description,Keywords,CatType,Moderator,AccessKeys,WriteKeys,SEODescription,SEOPageTitle,ManageKeys,AccessHide,WriteHide,ExcPortalSecurity,Weight,ShowList,Sharing) VALUES('124932766546244','454474966627687','Thermoforming','','','','Moderator','|2|,|3|,|1|,|4|','|2|,|3|,|4|','','','|2|','0','0','0','2000','1','1')
INSERT INTO CategoriesModules (UniqueID,CatID,ModuleID) VALUES('140856283329766','124932766546244','20')
INSERT INTO CategoriesPortals (UniqueID,CatID,PortalID) VALUES('183304131736126','124932766546244','0')
INSERT INTO Categories (CatID,ListUnder,CategoryName,Description,Keywords,CatType,Moderator,AccessKeys,WriteKeys,SEODescription,SEOPageTitle,ManageKeys,AccessHide,WriteHide,ExcPortalSecurity,Weight,ShowList,Sharing) VALUES('124514535767898','518067943485998','Third Party Administrators','','','','Moderator','|2|,|3|,|1|,|4|','|2|,|3|,|4|','','','|2|','0','0','0','2000','1','1')
INSERT INTO CategoriesModules (UniqueID,CatID,ModuleID) VALUES('196493870134490','124514535767898','20')
INSERT INTO CategoriesPortals (UniqueID,CatID,PortalID) VALUES('194713044222422','124514535767898','0')
INSERT INTO Categories (CatID,ListUnder,CategoryName,Description,Keywords,CatType,Moderator,AccessKeys,WriteKeys,SEODescription,SEOPageTitle,ManageKeys,AccessHide,WriteHide,ExcPortalSecurity,Weight,ShowList,Sharing) VALUES('200824908410531','158387187662955','Time Management','','','','Moderator','|2|,|3|,|1|,|4|','|2|,|3|,|4|','','','|2|','0','0','0','2000','1','1')
INSERT INTO CategoriesModules (UniqueID,CatID,ModuleID) VALUES('458319900847151','200824908410531','20')
INSERT INTO CategoriesPortals (UniqueID,CatID,PortalID) VALUES('107697750753562','200824908410531','0')
INSERT INTO Categories (CatID,ListUnder,CategoryName,Description,Keywords,CatType,Moderator,AccessKeys,WriteKeys,SEODescription,SEOPageTitle,ManageKeys,AccessHide,WriteHide,ExcPortalSecurity,Weight,ShowList,Sharing) VALUES('827364965234762','557531039724881','Time Recording Management','','','','Moderator','|2|,|3|,|1|,|4|','|2|,|3|,|4|','','','|2|','0','0','0','2000','1','1')
INSERT INTO CategoriesModules (UniqueID,CatID,ModuleID) VALUES('131105694081078','827364965234762','20')
INSERT INTO CategoriesPortals (UniqueID,CatID,PortalID) VALUES('889377298163915','827364965234762','0')
INSERT INTO Categories (CatID,ListUnder,CategoryName,Description,Keywords,CatType,Moderator,AccessKeys,WriteKeys,SEODescription,SEOPageTitle,ManageKeys,AccessHide,WriteHide,ExcPortalSecurity,Weight,ShowList,Sharing) VALUES('686967002277766','337252452252724','Tobacco','','','','Moderator','|2|,|3|,|1|,|4|','|2|,|3|,|4|','','','|2|','0','0','0','2000','1','1')
INSERT INTO CategoriesModules (UniqueID,CatID,ModuleID) VALUES('137721188683567','686967002277766','20')
INSERT INTO CategoriesPortals (UniqueID,CatID,PortalID) VALUES('837341601842799','686967002277766','0')
INSERT INTO Categories (CatID,ListUnder,CategoryName,Description,Keywords,CatType,Moderator,AccessKeys,WriteKeys,SEODescription,SEOPageTitle,ManageKeys,AccessHide,WriteHide,ExcPortalSecurity,Weight,ShowList,Sharing) VALUES('110067110366341','105883198110683','Toiletries','','','','Moderator','|2|,|3|,|1|,|4|','|2|,|3|,|4|','','','|2|','0','0','0','2000','1','1')
INSERT INTO CategoriesModules (UniqueID,CatID,ModuleID) VALUES('127799098568129','110067110366341','20')
INSERT INTO CategoriesPortals (UniqueID,CatID,PortalID) VALUES('360372965084534','110067110366341','0')
INSERT INTO Categories (CatID,ListUnder,CategoryName,Description,Keywords,CatType,Moderator,AccessKeys,WriteKeys,SEODescription,SEOPageTitle,ManageKeys,AccessHide,WriteHide,ExcPortalSecurity,Weight,ShowList,Sharing) VALUES('117979404010855','134301758144739','Toll Free','','','','Moderator','|2|,|3|,|1|,|4|','|2|,|3|,|4|','','','|2|','0','0','0','2000','1','1')
INSERT INTO CategoriesModules (UniqueID,CatID,ModuleID) VALUES('196669139321386','117979404010855','20')
INSERT INTO CategoriesPortals (UniqueID,CatID,PortalID) VALUES('142947752455108','117979404010855','0')
INSERT INTO Categories (CatID,ListUnder,CategoryName,Description,Keywords,CatType,Moderator,AccessKeys,WriteKeys,SEODescription,SEOPageTitle,ManageKeys,AccessHide,WriteHide,ExcPortalSecurity,Weight,ShowList,Sharing) VALUES('187710109521340','565581992163321','Tools','','','','Moderator','|2|,|3|,|1|,|4|','|2|,|3|,|4|','','','|2|','0','0','0','2000','1','1')
INSERT INTO CategoriesModules (UniqueID,CatID,ModuleID) VALUES('549352533214264','187710109521340','20')
INSERT INTO CategoriesPortals (UniqueID,CatID,PortalID) VALUES('162938104608682','187710109521340','0')
INSERT INTO Categories (CatID,ListUnder,CategoryName,Description,Keywords,CatType,Moderator,AccessKeys,WriteKeys,SEODescription,SEOPageTitle,ManageKeys,AccessHide,WriteHide,ExcPortalSecurity,Weight,ShowList,Sharing) VALUES('159278550213806','137369301724224','Tools Equipment','','','','Moderator','|2|,|3|,|1|,|4|','|2|,|3|,|4|','','','|2|','0','0','0','2000','1','1')
INSERT INTO CategoriesModules (UniqueID,CatID,ModuleID) VALUES('482228303231414','159278550213806','20')
INSERT INTO CategoriesPortals (UniqueID,CatID,PortalID) VALUES('149376360102560','159278550213806','0')
INSERT INTO Categories (CatID,ListUnder,CategoryName,Description,Keywords,CatType,Moderator,AccessKeys,WriteKeys,SEODescription,SEOPageTitle,ManageKeys,AccessHide,WriteHide,ExcPortalSecurity,Weight,ShowList,Sharing) VALUES('160703766987234','146887866941263','Tools Equipment','','','','Moderator','|2|,|3|,|1|,|4|','|2|,|3|,|4|','','','|2|','0','0','0','2000','1','1')
INSERT INTO CategoriesModules (UniqueID,CatID,ModuleID) VALUES('199365982936471','160703766987234','20')
INSERT INTO CategoriesPortals (UniqueID,CatID,PortalID) VALUES('190138535319138','160703766987234','0')
INSERT INTO Categories (CatID,ListUnder,CategoryName,Description,Keywords,CatType,Moderator,AccessKeys,WriteKeys,SEODescription,SEOPageTitle,ManageKeys,AccessHide,WriteHide,ExcPortalSecurity,Weight,ShowList,Sharing) VALUES('165204206021048','377508838087964','Tools Equipment','','','','Moderator','|2|,|3|,|1|,|4|','|2|,|3|,|4|','','','|2|','0','0','0','2000','1','1')
INSERT INTO CategoriesModules (UniqueID,CatID,ModuleID) VALUES('179612224048855','165204206021048','20')
INSERT INTO CategoriesPortals (UniqueID,CatID,PortalID) VALUES('460326259249353','165204206021048','0')
INSERT INTO Categories (CatID,ListUnder,CategoryName,Description,Keywords,CatType,Moderator,AccessKeys,WriteKeys,SEODescription,SEOPageTitle,ManageKeys,AccessHide,WriteHide,ExcPortalSecurity,Weight,ShowList,Sharing) VALUES('116758753129274','369761046869198','Tools Equipment','','','','Moderator','|2|,|3|,|1|,|4|','|2|,|3|,|4|','','','|2|','0','0','0','2000','1','1')
INSERT INTO CategoriesModules (UniqueID,CatID,ModuleID) VALUES('137246685713643','116758753129274','20')
INSERT INTO CategoriesPortals (UniqueID,CatID,PortalID) VALUES('103497227742076','116758753129274','0')
INSERT INTO Categories (CatID,ListUnder,CategoryName,Description,Keywords,CatType,Moderator,AccessKeys,WriteKeys,SEODescription,SEOPageTitle,ManageKeys,AccessHide,WriteHide,ExcPortalSecurity,Weight,ShowList,Sharing) VALUES('114389567487715','184812797232269','Tools Equipment','','','','Moderator','|2|,|3|,|1|,|4|','|2|,|3|,|4|','','','|2|','0','0','0','2000','1','1')
INSERT INTO CategoriesModules (UniqueID,CatID,ModuleID) VALUES('179639646744477','114389567487715','20')
INSERT INTO CategoriesPortals (UniqueID,CatID,PortalID) VALUES('118369589175854','114389567487715','0')
INSERT INTO Categories (CatID,ListUnder,CategoryName,Description,Keywords,CatType,Moderator,AccessKeys,WriteKeys,SEODescription,SEOPageTitle,ManageKeys,AccessHide,WriteHide,ExcPortalSecurity,Weight,ShowList,Sharing) VALUES('124915284722542','152296721796111','Tools Equipment','','','','Moderator','|2|,|3|,|1|,|4|','|2|,|3|,|4|','','','|2|','0','0','0','2000','1','1')
INSERT INTO CategoriesModules (UniqueID,CatID,ModuleID) VALUES('356761377489579','124915284722542','20')
INSERT INTO CategoriesPortals (UniqueID,CatID,PortalID) VALUES('169484801457768','124915284722542','0')
INSERT INTO Categories (CatID,ListUnder,CategoryName,Description,Keywords,CatType,Moderator,AccessKeys,WriteKeys,SEODescription,SEOPageTitle,ManageKeys,AccessHide,WriteHide,ExcPortalSecurity,Weight,ShowList,Sharing) VALUES('112396315362830','133486879635548','Tools Equipment','','','','Moderator','|2|,|3|,|1|,|4|','|2|,|3|,|4|','','','|2|','0','0','0','2000','1','1')
INSERT INTO CategoriesModules (UniqueID,CatID,ModuleID) VALUES('454948066707906','112396315362830','20')
INSERT INTO CategoriesPortals (UniqueID,CatID,PortalID) VALUES('194840500535073','112396315362830','0')
INSERT INTO Categories (CatID,ListUnder,CategoryName,Description,Keywords,CatType,Moderator,AccessKeys,WriteKeys,SEODescription,SEOPageTitle,ManageKeys,AccessHide,WriteHide,ExcPortalSecurity,Weight,ShowList,Sharing) VALUES('141682859952945','180637350615341','Tools Equipment','','','','Moderator','|2|,|3|,|1|,|4|','|2|,|3|,|4|','','','|2|','0','0','0','2000','1','1')
INSERT INTO CategoriesModules (UniqueID,CatID,ModuleID) VALUES('169310819838567','141682859952945','20')
INSERT INTO CategoriesPortals (UniqueID,CatID,PortalID) VALUES('128370422835451','141682859952945','0')
INSERT INTO Categories (CatID,ListUnder,CategoryName,Description,Keywords,CatType,Moderator,AccessKeys,WriteKeys,SEODescription,SEOPageTitle,ManageKeys,AccessHide,WriteHide,ExcPortalSecurity,Weight,ShowList,Sharing) VALUES('756987700662398','138401084934556','Tools Equipment','','','','Moderator','|2|,|3|,|1|,|4|','|2|,|3|,|4|','','','|2|','0','0','0','2000','1','1')
INSERT INTO CategoriesModules (UniqueID,CatID,ModuleID) VALUES('605745929129060','756987700662398','20')
INSERT INTO CategoriesPortals (UniqueID,CatID,PortalID) VALUES('194559404070263','756987700662398','0')
INSERT INTO Categories (CatID,ListUnder,CategoryName,Description,Keywords,CatType,Moderator,AccessKeys,WriteKeys,SEODescription,SEOPageTitle,ManageKeys,AccessHide,WriteHide,ExcPortalSecurity,Weight,ShowList,Sharing) VALUES('822186531722270','498359095706613','Tools Equipment','','','','Moderator','|2|,|3|,|1|,|4|','|2|,|3|,|4|','','','|2|','0','0','0','2000','1','1')
INSERT INTO CategoriesModules (UniqueID,CatID,ModuleID) VALUES('132272643561868','822186531722270','20')
INSERT INTO CategoriesPortals (UniqueID,CatID,PortalID) VALUES('176474183661665','822186531722270','0')
INSERT INTO Categories (CatID,ListUnder,CategoryName,Description,Keywords,CatType,Moderator,AccessKeys,WriteKeys,SEODescription,SEOPageTitle,ManageKeys,AccessHide,WriteHide,ExcPortalSecurity,Weight,ShowList,Sharing) VALUES('926577716796148','211779882274336','Tools Equipment','','','','Moderator','|2|,|3|,|1|,|4|','|2|,|3|,|4|','','','|2|','0','0','0','2000','1','1')
INSERT INTO CategoriesModules (UniqueID,CatID,ModuleID) VALUES('855597570082126','926577716796148','20')
INSERT INTO CategoriesPortals (UniqueID,CatID,PortalID) VALUES('187232154067825','926577716796148','0')
INSERT INTO Categories (CatID,ListUnder,CategoryName,Description,Keywords,CatType,Moderator,AccessKeys,WriteKeys,SEODescription,SEOPageTitle,ManageKeys,AccessHide,WriteHide,ExcPortalSecurity,Weight,ShowList,Sharing) VALUES('365645764582654','940769377248751','Tools Equipment','','','','Moderator','|2|,|3|,|1|,|4|','|2|,|3|,|4|','','','|2|','0','0','0','2000','1','1')
INSERT INTO CategoriesModules (UniqueID,CatID,ModuleID) VALUES('166488219842642','365645764582654','20')
INSERT INTO CategoriesPortals (UniqueID,CatID,PortalID) VALUES('923033576367753','365645764582654','0')
INSERT INTO Categories (CatID,ListUnder,CategoryName,Description,Keywords,CatType,Moderator,AccessKeys,WriteKeys,SEODescription,SEOPageTitle,ManageKeys,AccessHide,WriteHide,ExcPortalSecurity,Weight,ShowList,Sharing) VALUES('611485443154315','283931278617428','Tools Equipment','','','','Moderator','|2|,|3|,|1|,|4|','|2|,|3|,|4|','','','|2|','0','0','0','2000','1','1')
INSERT INTO CategoriesModules (UniqueID,CatID,ModuleID) VALUES('190699639869214','611485443154315','20')
INSERT INTO CategoriesPortals (UniqueID,CatID,PortalID) VALUES('171415420603758','611485443154315','0')
INSERT INTO Categories (CatID,ListUnder,CategoryName,Description,Keywords,CatType,Moderator,AccessKeys,WriteKeys,SEODescription,SEOPageTitle,ManageKeys,AccessHide,WriteHide,ExcPortalSecurity,Weight,ShowList,Sharing) VALUES('669359034442262','120439851846156','Tools Equipment','','','','Moderator','|2|,|3|,|1|,|4|','|2|,|3|,|4|','','','|2|','0','0','0','2000','1','1')
INSERT INTO CategoriesModules (UniqueID,CatID,ModuleID) VALUES('408817962432324','669359034442262','20')
INSERT INTO CategoriesPortals (UniqueID,CatID,PortalID) VALUES('203851561237844','669359034442262','0')
INSERT INTO Categories (CatID,ListUnder,CategoryName,Description,Keywords,CatType,Moderator,AccessKeys,WriteKeys,SEODescription,SEOPageTitle,ManageKeys,AccessHide,WriteHide,ExcPortalSecurity,Weight,ShowList,Sharing) VALUES('652043691356112','180965748237478','Tools Equipment','','','','Moderator','|2|,|3|,|1|,|4|','|2|,|3|,|4|','','','|2|','0','0','0','2000','1','1')
INSERT INTO CategoriesModules (UniqueID,CatID,ModuleID) VALUES('445807135818764','652043691356112','20')
INSERT INTO CategoriesPortals (UniqueID,CatID,PortalID) VALUES('559981037776425','652043691356112','0')
INSERT INTO Categories (CatID,ListUnder,CategoryName,Description,Keywords,CatType,Moderator,AccessKeys,WriteKeys,SEODescription,SEOPageTitle,ManageKeys,AccessHide,WriteHide,ExcPortalSecurity,Weight,ShowList,Sharing) VALUES('565581992163321','144315891422463','Tools Equipment','','','','Moderator','|2|,|3|,|1|,|4|','|2|,|3|,|4|','','','|2|','0','0','0','2000','1','1')
INSERT INTO CategoriesModules (UniqueID,CatID,ModuleID) VALUES('186468684656866','565581992163321','20')
INSERT INTO CategoriesPortals (UniqueID,CatID,PortalID) VALUES('327401092753618','565581992163321','0')
INSERT INTO Categories (CatID,ListUnder,CategoryName,Description,Keywords,CatType,Moderator,AccessKeys,WriteKeys,SEODescription,SEOPageTitle,ManageKeys,AccessHide,WriteHide,ExcPortalSecurity,Weight,ShowList,Sharing) VALUES('108798682942472','498359095706613','Tortillas','','','','Moderator','|2|,|3|,|1|,|4|','|2|,|3|,|4|','','','|2|','0','0','0','2000','1','1')
INSERT INTO CategoriesModules (UniqueID,CatID,ModuleID) VALUES('204849300737318','108798682942472','20')
INSERT INTO CategoriesPortals (UniqueID,CatID,PortalID) VALUES('119119281043845','108798682942472','0')
INSERT INTO Categories (CatID,ListUnder,CategoryName,Description,Keywords,CatType,Moderator,AccessKeys,WriteKeys,SEODescription,SEOPageTitle,ManageKeys,AccessHide,WriteHide,ExcPortalSecurity,Weight,ShowList,Sharing) VALUES('530909286468354','207494574995551','Towers','','','','Moderator','|2|,|3|,|1|,|4|','|2|,|3|,|4|','','','|2|','0','0','0','2000','1','1')
INSERT INTO CategoriesModules (UniqueID,CatID,ModuleID) VALUES('171197297612696','530909286468354','20')
INSERT INTO CategoriesPortals (UniqueID,CatID,PortalID) VALUES('476273089454641','530909286468354','0')
INSERT INTO Categories (CatID,ListUnder,CategoryName,Description,Keywords,CatType,Moderator,AccessKeys,WriteKeys,SEODescription,SEOPageTitle,ManageKeys,AccessHide,WriteHide,ExcPortalSecurity,Weight,ShowList,Sharing) VALUES('802004287975747','337252452252724','Toys Games','','','','Moderator','|2|,|3|,|1|,|4|','|2|,|3|,|4|','','','|2|','0','0','0','2000','1','1')
INSERT INTO CategoriesModules (UniqueID,CatID,ModuleID) VALUES('137983485437130','802004287975747','20')
INSERT INTO CategoriesPortals (UniqueID,CatID,PortalID) VALUES('607547513845616','802004287975747','0')
INSERT INTO Categories (CatID,ListUnder,CategoryName,Description,Keywords,CatType,Moderator,AccessKeys,WriteKeys,SEODescription,SEOPageTitle,ManageKeys,AccessHide,WriteHide,ExcPortalSecurity,Weight,ShowList,Sharing) VALUES('801477738406185','578463442162431','Tractors Machinery Implements','','','','Moderator','|2|,|3|,|1|,|4|','|2|,|3|,|4|','','','|2|','0','0','0','2000','1','1')
INSERT INTO CategoriesModules (UniqueID,CatID,ModuleID) VALUES('200784889277407','801477738406185','20')
INSERT INTO CategoriesPortals (UniqueID,CatID,PortalID) VALUES('384137301328718','801477738406185','0')
INSERT INTO Categories (CatID,ListUnder,CategoryName,Description,Keywords,CatType,Moderator,AccessKeys,WriteKeys,SEODescription,SEOPageTitle,ManageKeys,AccessHide,WriteHide,ExcPortalSecurity,Weight,ShowList,Sharing) VALUES('494775525584774','106523100228551','Trade','','','','Moderator','|2|,|3|,|1|,|4|','|2|,|3|,|4|','','','|2|','0','0','0','2000','1','1')
INSERT INTO CategoriesModules (UniqueID,CatID,ModuleID) VALUES('111534163744121','494775525584774','20')
INSERT INTO CategoriesPortals (UniqueID,CatID,PortalID) VALUES('690711298205335','494775525584774','0')
INSERT INTO Categories (CatID,ListUnder,CategoryName,Description,Keywords,CatType,Moderator,AccessKeys,WriteKeys,SEODescription,SEOPageTitle,ManageKeys,AccessHide,WriteHide,ExcPortalSecurity,Weight,ShowList,Sharing) VALUES('121260471237175','114176321849964','Trade Shows','','','','Moderator','|2|,|3|,|1|,|4|','|2|,|3|,|4|','','','|2|','0','0','0','2000','1','1')
INSERT INTO CategoriesModules (UniqueID,CatID,ModuleID) VALUES('169549244952744','121260471237175','20')
INSERT INTO CategoriesPortals (UniqueID,CatID,PortalID) VALUES('158472073128852','121260471237175','0')
INSERT INTO Categories (CatID,ListUnder,CategoryName,Description,Keywords,CatType,Moderator,AccessKeys,WriteKeys,SEODescription,SEOPageTitle,ManageKeys,AccessHide,WriteHide,ExcPortalSecurity,Weight,ShowList,Sharing) VALUES('150741235458101','205739367724222','Traffic Control','','','','Moderator','|2|,|3|,|1|,|4|','|2|,|3|,|4|','','','|2|','0','0','0','2000','1','1')
INSERT INTO CategoriesModules (UniqueID,CatID,ModuleID) VALUES('108337054255621','150741235458101','20')
INSERT INTO CategoriesPortals (UniqueID,CatID,PortalID) VALUES('193338557954463','150741235458101','0')
INSERT INTO Categories (CatID,ListUnder,CategoryName,Description,Keywords,CatType,Moderator,AccessKeys,WriteKeys,SEODescription,SEOPageTitle,ManageKeys,AccessHide,WriteHide,ExcPortalSecurity,Weight,ShowList,Sharing) VALUES('212497062072140','463872615556238','Traffic Measurement','','','','Moderator','|2|,|3|,|1|,|4|','|2|,|3|,|4|','','','|2|','0','0','0','2000','1','1')
INSERT INTO CategoriesModules (UniqueID,CatID,ModuleID) VALUES('210528882720752','212497062072140','20')
INSERT INTO CategoriesPortals (UniqueID,CatID,PortalID) VALUES('397574140405645','212497062072140','0')
INSERT INTO Categories (CatID,ListUnder,CategoryName,Description,Keywords,CatType,Moderator,AccessKeys,WriteKeys,SEODescription,SEOPageTitle,ManageKeys,AccessHide,WriteHide,ExcPortalSecurity,Weight,ShowList,Sharing) VALUES('158048092256995','281579693301792','Trailers','','','','Moderator','|2|,|3|,|1|,|4|','|2|,|3|,|4|','','','|2|','0','0','0','2000','1','1')
INSERT INTO CategoriesModules (UniqueID,CatID,ModuleID) VALUES('422749886676877','158048092256995','20')
INSERT INTO CategoriesPortals (UniqueID,CatID,PortalID) VALUES('647866321732569','158048092256995','0')
INSERT INTO Categories (CatID,ListUnder,CategoryName,Description,Keywords,CatType,Moderator,AccessKeys,WriteKeys,SEODescription,SEOPageTitle,ManageKeys,AccessHide,WriteHide,ExcPortalSecurity,Weight,ShowList,Sharing) VALUES('667074174244178','696248301012678','Training Safety','','','','Moderator','|2|,|3|,|1|,|4|','|2|,|3|,|4|','','','|2|','0','0','0','2000','1','1')
INSERT INTO CategoriesModules (UniqueID,CatID,ModuleID) VALUES('848605325657363','667074174244178','20')
INSERT INTO CategoriesPortals (UniqueID,CatID,PortalID) VALUES('247658983844601','667074174244178','0')
INSERT INTO Categories (CatID,ListUnder,CategoryName,Description,Keywords,CatType,Moderator,AccessKeys,WriteKeys,SEODescription,SEOPageTitle,ManageKeys,AccessHide,WriteHide,ExcPortalSecurity,Weight,ShowList,Sharing) VALUES('625091847244235','166717347983737','Training Safety','','','','Moderator','|2|,|3|,|1|,|4|','|2|,|3|,|4|','','','|2|','0','0','0','2000','1','1')
INSERT INTO CategoriesModules (UniqueID,CatID,ModuleID) VALUES('139349103536155','625091847244235','20')
INSERT INTO CategoriesPortals (UniqueID,CatID,PortalID) VALUES('138296871056578','625091847244235','0')
INSERT INTO Categories (CatID,ListUnder,CategoryName,Description,Keywords,CatType,Moderator,AccessKeys,WriteKeys,SEODescription,SEOPageTitle,ManageKeys,AccessHide,WriteHide,ExcPortalSecurity,Weight,ShowList,Sharing) VALUES('102663817568172','193867785169430','Transformation','','','','Moderator','|2|,|3|,|1|,|4|','|2|,|3|,|4|','','','|2|','0','0','0','2000','1','1')
INSERT INTO CategoriesModules (UniqueID,CatID,ModuleID) VALUES('303663063522646','102663817568172','20')
INSERT INTO CategoriesPortals (UniqueID,CatID,PortalID) VALUES('514146328271647','102663817568172','0')
INSERT INTO Categories (CatID,ListUnder,CategoryName,Description,Keywords,CatType,Moderator,AccessKeys,WriteKeys,SEODescription,SEOPageTitle,ManageKeys,AccessHide,WriteHide,ExcPortalSecurity,Weight,ShowList,Sharing) VALUES('604226644725205','184812797232269','Transformers','','','','Moderator','|2|,|3|,|1|,|4|','|2|,|3|,|4|','','','|2|','0','0','0','2000','1','1')
INSERT INTO CategoriesModules (UniqueID,CatID,ModuleID) VALUES('716111216033116','604226644725205','20')
INSERT INTO CategoriesPortals (UniqueID,CatID,PortalID) VALUES('207058941060647','604226644725205','0')
INSERT INTO Categories (CatID,ListUnder,CategoryName,Description,Keywords,CatType,Moderator,AccessKeys,WriteKeys,SEODescription,SEOPageTitle,ManageKeys,AccessHide,WriteHide,ExcPortalSecurity,Weight,ShowList,Sharing) VALUES('184812797232269','161898503042338','Transformers Inductors','','','','Moderator','|2|,|3|,|1|,|4|','|2|,|3|,|4|','','','|2|','0','0','0','2000','1','1')
INSERT INTO CategoriesModules (UniqueID,CatID,ModuleID) VALUES('162831562975725','184812797232269','20')
INSERT INTO CategoriesPortals (UniqueID,CatID,PortalID) VALUES('629033526538626','184812797232269','0')
INSERT INTO Categories (CatID,ListUnder,CategoryName,Description,Keywords,CatType,Moderator,AccessKeys,WriteKeys,SEODescription,SEOPageTitle,ManageKeys,AccessHide,WriteHide,ExcPortalSecurity,Weight,ShowList,Sharing) VALUES('633794462398274','216037974577765','Transportation','','','','Moderator','|2|,|3|,|1|,|4|','|2|,|3|,|4|','','','|2|','0','0','0','2000','1','1')
INSERT INTO CategoriesModules (UniqueID,CatID,ModuleID) VALUES('917551565234416','633794462398274','20')
INSERT INTO CategoriesPortals (UniqueID,CatID,PortalID) VALUES('127859293132288','633794462398274','0')
INSERT INTO Categories (CatID,ListUnder,CategoryName,Description,Keywords,CatType,Moderator,AccessKeys,WriteKeys,SEODescription,SEOPageTitle,ManageKeys,AccessHide,WriteHide,ExcPortalSecurity,Weight,ShowList,Sharing) VALUES('205739367724222','0','Transportation Logistics','','','','Moderator','|2|,|3|,|1|,|4|','|2|,|3|,|4|','','','|2|','0','0','0','2000','1','1')
INSERT INTO CategoriesModules (UniqueID,CatID,ModuleID) VALUES('669387959952435','205739367724222','20')
INSERT INTO CategoriesPortals (UniqueID,CatID,PortalID) VALUES('156242228732254','205739367724222','0')
INSERT INTO Categories (CatID,ListUnder,CategoryName,Description,Keywords,CatType,Moderator,AccessKeys,WriteKeys,SEODescription,SEOPageTitle,ManageKeys,AccessHide,WriteHide,ExcPortalSecurity,Weight,ShowList,Sharing) VALUES('270447554931863','483932662101247','Travel','','','','Moderator','|2|,|3|,|1|,|4|','|2|,|3|,|4|','','','|2|','0','0','0','2000','1','1')
INSERT INTO CategoriesModules (UniqueID,CatID,ModuleID) VALUES('205209359485346','270447554931863','20')
INSERT INTO CategoriesPortals (UniqueID,CatID,PortalID) VALUES('187325644403741','270447554931863','0')
INSERT INTO Categories (CatID,ListUnder,CategoryName,Description,Keywords,CatType,Moderator,AccessKeys,WriteKeys,SEODescription,SEOPageTitle,ManageKeys,AccessHide,WriteHide,ExcPortalSecurity,Weight,ShowList,Sharing) VALUES('329372151341555','152656969788212','Travel','','','','Moderator','|2|,|3|,|1|,|4|','|2|,|3|,|4|','','','|2|','0','0','0','2000','1','1')
INSERT INTO CategoriesModules (UniqueID,CatID,ModuleID) VALUES('654062246405953','329372151341555','20')
INSERT INTO CategoriesPortals (UniqueID,CatID,PortalID) VALUES('145388531047288','329372151341555','0')
INSERT INTO Categories (CatID,ListUnder,CategoryName,Description,Keywords,CatType,Moderator,AccessKeys,WriteKeys,SEODescription,SEOPageTitle,ManageKeys,AccessHide,WriteHide,ExcPortalSecurity,Weight,ShowList,Sharing) VALUES('170955684945235','102651687824638','Tree Farming','','','','Moderator','|2|,|3|,|1|,|4|','|2|,|3|,|4|','','','|2|','0','0','0','2000','1','1')
INSERT INTO CategoriesModules (UniqueID,CatID,ModuleID) VALUES('679188905412743','170955684945235','20')
INSERT INTO CategoriesPortals (UniqueID,CatID,PortalID) VALUES('162160380257744','170955684945235','0')
INSERT INTO Categories (CatID,ListUnder,CategoryName,Description,Keywords,CatType,Moderator,AccessKeys,WriteKeys,SEODescription,SEOPageTitle,ManageKeys,AccessHide,WriteHide,ExcPortalSecurity,Weight,ShowList,Sharing) VALUES('211779882274336','144315891422463','Trenchless Technology','','','','Moderator','|2|,|3|,|1|,|4|','|2|,|3|,|4|','','','|2|','0','0','0','2000','1','1')
INSERT INTO CategoriesModules (UniqueID,CatID,ModuleID) VALUES('176667108435556','211779882274336','20')
INSERT INTO CategoriesPortals (UniqueID,CatID,PortalID) VALUES('163243839082987','211779882274336','0')
INSERT INTO Categories (CatID,ListUnder,CategoryName,Description,Keywords,CatType,Moderator,AccessKeys,WriteKeys,SEODescription,SEOPageTitle,ManageKeys,AccessHide,WriteHide,ExcPortalSecurity,Weight,ShowList,Sharing) VALUES('665777582453316','205739367724222','Trolleys','','','','Moderator','|2|,|3|,|1|,|4|','|2|,|3|,|4|','','','|2|','0','0','0','2000','1','1')
INSERT INTO CategoriesModules (UniqueID,CatID,ModuleID) VALUES('839986831384385','665777582453316','20')
INSERT INTO CategoriesPortals (UniqueID,CatID,PortalID) VALUES('136871852436223','665777582453316','0')
INSERT INTO Categories (CatID,ListUnder,CategoryName,Description,Keywords,CatType,Moderator,AccessKeys,WriteKeys,SEODescription,SEOPageTitle,ManageKeys,AccessHide,WriteHide,ExcPortalSecurity,Weight,ShowList,Sharing) VALUES('631485673682308','281579693301792','Truck Parts Repair','','','','Moderator','|2|,|3|,|1|,|4|','|2|,|3|,|4|','','','|2|','0','0','0','2000','1','1')
INSERT INTO CategoriesModules (UniqueID,CatID,ModuleID) VALUES('730599243131531','631485673682308','20')
INSERT INTO CategoriesPortals (UniqueID,CatID,PortalID) VALUES('398700935205230','631485673682308','0')
INSERT INTO Categories (CatID,ListUnder,CategoryName,Description,Keywords,CatType,Moderator,AccessKeys,WriteKeys,SEODescription,SEOPageTitle,ManageKeys,AccessHide,WriteHide,ExcPortalSecurity,Weight,ShowList,Sharing) VALUES('124336228593748','281579693301792','Truck Sales','','','','Moderator','|2|,|3|,|1|,|4|','|2|,|3|,|4|','','','|2|','0','0','0','2000','1','1')
INSERT INTO CategoriesModules (UniqueID,CatID,ModuleID) VALUES('154003050754733','124336228593748','20')
INSERT INTO CategoriesPortals (UniqueID,CatID,PortalID) VALUES('604804823257129','124336228593748','0')
INSERT INTO Categories (CatID,ListUnder,CategoryName,Description,Keywords,CatType,Moderator,AccessKeys,WriteKeys,SEODescription,SEOPageTitle,ManageKeys,AccessHide,WriteHide,ExcPortalSecurity,Weight,ShowList,Sharing) VALUES('846702247673284','281579693301792','Truck Stops','','','','Moderator','|2|,|3|,|1|,|4|','|2|,|3|,|4|','','','|2|','0','0','0','2000','1','1')
INSERT INTO CategoriesModules (UniqueID,CatID,ModuleID) VALUES('154857923647761','846702247673284','20')
INSERT INTO CategoriesPortals (UniqueID,CatID,PortalID) VALUES('108512133812737','846702247673284','0')
INSERT INTO Categories (CatID,ListUnder,CategoryName,Description,Keywords,CatType,Moderator,AccessKeys,WriteKeys,SEODescription,SEOPageTitle,ManageKeys,AccessHide,WriteHide,ExcPortalSecurity,Weight,ShowList,Sharing) VALUES('669751464548627','281579693301792','Truck Transport','','','','Moderator','|2|,|3|,|1|,|4|','|2|,|3|,|4|','','','|2|','0','0','0','2000','1','1')
INSERT INTO CategoriesModules (UniqueID,CatID,ModuleID) VALUES('156900100162417','669751464548627','20')
INSERT INTO CategoriesPortals (UniqueID,CatID,PortalID) VALUES('242316186516177','669751464548627','0')
INSERT INTO Categories (CatID,ListUnder,CategoryName,Description,Keywords,CatType,Moderator,AccessKeys,WriteKeys,SEODescription,SEOPageTitle,ManageKeys,AccessHide,WriteHide,ExcPortalSecurity,Weight,ShowList,Sharing) VALUES('921020618536208','626661713511206','Truck Van Rental','','','','Moderator','|2|,|3|,|1|,|4|','|2|,|3|,|4|','','','|2|','0','0','0','2000','1','1')
INSERT INTO CategoriesModules (UniqueID,CatID,ModuleID) VALUES('192288528766692','921020618536208','20')
INSERT INTO CategoriesPortals (UniqueID,CatID,PortalID) VALUES('199941593582861','921020618536208','0')
INSERT INTO Categories (CatID,ListUnder,CategoryName,Description,Keywords,CatType,Moderator,AccessKeys,WriteKeys,SEODescription,SEOPageTitle,ManageKeys,AccessHide,WriteHide,ExcPortalSecurity,Weight,ShowList,Sharing) VALUES('281579693301792','205739367724222','Trucking','','','','Moderator','|2|,|3|,|1|,|4|','|2|,|3|,|4|','','','|2|','0','0','0','2000','1','1')
INSERT INTO CategoriesModules (UniqueID,CatID,ModuleID) VALUES('789199004863708','281579693301792','20')
INSERT INTO CategoriesPortals (UniqueID,CatID,PortalID) VALUES('181941666035332','281579693301792','0')
INSERT INTO Categories (CatID,ListUnder,CategoryName,Description,Keywords,CatType,Moderator,AccessKeys,WriteKeys,SEODescription,SEOPageTitle,ManageKeys,AccessHide,WriteHide,ExcPortalSecurity,Weight,ShowList,Sharing) VALUES('457892248103235','112191732677701','Trucks Vehicles','','','','Moderator','|2|,|3|,|1|,|4|','|2|,|3|,|4|','','','|2|','0','0','0','2000','1','1')
INSERT INTO CategoriesModules (UniqueID,CatID,ModuleID) VALUES('198459824475246','457892248103235','20')
INSERT INTO CategoriesPortals (UniqueID,CatID,PortalID) VALUES('914363306264084','457892248103235','0')
INSERT INTO Categories (CatID,ListUnder,CategoryName,Description,Keywords,CatType,Moderator,AccessKeys,WriteKeys,SEODescription,SEOPageTitle,ManageKeys,AccessHide,WriteHide,ExcPortalSecurity,Weight,ShowList,Sharing) VALUES('942706672546943','105420242607528','Trust Formation','','','','Moderator','|2|,|3|,|1|,|4|','|2|,|3|,|4|','','','|2|','0','0','0','2000','1','1')
INSERT INTO CategoriesModules (UniqueID,CatID,ModuleID) VALUES('163955765239578','942706672546943','20')
INSERT INTO CategoriesPortals (UniqueID,CatID,PortalID) VALUES('156529586682675','942706672546943','0')
INSERT INTO Categories (CatID,ListUnder,CategoryName,Description,Keywords,CatType,Moderator,AccessKeys,WriteKeys,SEODescription,SEOPageTitle,ManageKeys,AccessHide,WriteHide,ExcPortalSecurity,Weight,ShowList,Sharing) VALUES('180868224743989','344209413176037','Turfgrass','','','','Moderator','|2|,|3|,|1|,|4|','|2|,|3|,|4|','','','|2|','0','0','0','2000','1','1')
INSERT INTO CategoriesModules (UniqueID,CatID,ModuleID) VALUES('960062435591596','180868224743989','20')
INSERT INTO CategoriesPortals (UniqueID,CatID,PortalID) VALUES('409337179972113','180868224743989','0')
INSERT INTO Categories (CatID,ListUnder,CategoryName,Description,Keywords,CatType,Moderator,AccessKeys,WriteKeys,SEODescription,SEOPageTitle,ManageKeys,AccessHide,WriteHide,ExcPortalSecurity,Weight,ShowList,Sharing) VALUES('177607500924287','197531586023575','Two-Way Radio','','','','Moderator','|2|,|3|,|1|,|4|','|2|,|3|,|4|','','','|2|','0','0','0','2000','1','1')
INSERT INTO CategoriesModules (UniqueID,CatID,ModuleID) VALUES('149072435776332','177607500924287','20')
INSERT INTO CategoriesPortals (UniqueID,CatID,PortalID) VALUES('462259820285539','177607500924287','0')
INSERT INTO Categories (CatID,ListUnder,CategoryName,Description,Keywords,CatType,Moderator,AccessKeys,WriteKeys,SEODescription,SEOPageTitle,ManageKeys,AccessHide,WriteHide,ExcPortalSecurity,Weight,ShowList,Sharing) VALUES('105084260093956','412429472676434','Undeveloped or Vacant','','','','Moderator','|2|,|3|,|1|,|4|','|2|,|3|,|4|','','','|2|','0','0','0','2000','1','1')
INSERT INTO CategoriesModules (UniqueID,CatID,ModuleID) VALUES('208463101193755','105084260093956','20')
INSERT INTO CategoriesPortals (UniqueID,CatID,PortalID) VALUES('558233670624939','105084260093956','0')
INSERT INTO Categories (CatID,ListUnder,CategoryName,Description,Keywords,CatType,Moderator,AccessKeys,WriteKeys,SEODescription,SEOPageTitle,ManageKeys,AccessHide,WriteHide,ExcPortalSecurity,Weight,ShowList,Sharing) VALUES('171074809511511','655618163243369','Uninterruptible Power Supplies','','','','Moderator','|2|,|3|,|1|,|4|','|2|,|3|,|4|','','','|2|','0','0','0','2000','1','1')
INSERT INTO CategoriesModules (UniqueID,CatID,ModuleID) VALUES('187521072052279','171074809511511','20')
INSERT INTO CategoriesPortals (UniqueID,CatID,PortalID) VALUES('106227141864132','171074809511511','0')
INSERT INTO Categories (CatID,ListUnder,CategoryName,Description,Keywords,CatType,Moderator,AccessKeys,WriteKeys,SEODescription,SEOPageTitle,ManageKeys,AccessHide,WriteHide,ExcPortalSecurity,Weight,ShowList,Sharing) VALUES('127451218916417','565581992163321','Used','','','','Moderator','|2|,|3|,|1|,|4|','|2|,|3|,|4|','','','|2|','0','0','0','2000','1','1')
INSERT INTO CategoriesModules (UniqueID,CatID,ModuleID) VALUES('183673127892537','127451218916417','20')
INSERT INTO CategoriesPortals (UniqueID,CatID,PortalID) VALUES('146312535173785','127451218916417','0')
INSERT INTO Categories (CatID,ListUnder,CategoryName,Description,Keywords,CatType,Moderator,AccessKeys,WriteKeys,SEODescription,SEOPageTitle,ManageKeys,AccessHide,WriteHide,ExcPortalSecurity,Weight,ShowList,Sharing) VALUES('108790965071661','138186154628395','Used Machinery','','','','Moderator','|2|,|3|,|1|,|4|','|2|,|3|,|4|','','','|2|','0','0','0','2000','1','1')
INSERT INTO CategoriesModules (UniqueID,CatID,ModuleID) VALUES('122956272237168','108790965071661','20')
INSERT INTO CategoriesPortals (UniqueID,CatID,PortalID) VALUES('105368691781265','108790965071661','0')
INSERT INTO Categories (CatID,ListUnder,CategoryName,Description,Keywords,CatType,Moderator,AccessKeys,WriteKeys,SEODescription,SEOPageTitle,ManageKeys,AccessHide,WriteHide,ExcPortalSecurity,Weight,ShowList,Sharing) VALUES('653046044916322','141682859952945','Used Remanufactured','','','','Moderator','|2|,|3|,|1|,|4|','|2|,|3|,|4|','','','|2|','0','0','0','2000','1','1')
INSERT INTO CategoriesModules (UniqueID,CatID,ModuleID) VALUES('186172190318482','653046044916322','20')
INSERT INTO CategoriesPortals (UniqueID,CatID,PortalID) VALUES('754675848128462','653046044916322','0')
INSERT INTO Categories (CatID,ListUnder,CategoryName,Description,Keywords,CatType,Moderator,AccessKeys,WriteKeys,SEODescription,SEOPageTitle,ManageKeys,AccessHide,WriteHide,ExcPortalSecurity,Weight,ShowList,Sharing) VALUES('131617887013514','136878005372291','Utilities','','','','Moderator','|2|,|3|,|1|,|4|','|2|,|3|,|4|','','','|2|','0','0','0','2000','1','1')
INSERT INTO CategoriesModules (UniqueID,CatID,ModuleID) VALUES('208588374327359','131617887013514','20')
INSERT INTO CategoriesPortals (UniqueID,CatID,PortalID) VALUES('214585620065486','131617887013514','0')
INSERT INTO Categories (CatID,ListUnder,CategoryName,Description,Keywords,CatType,Moderator,AccessKeys,WriteKeys,SEODescription,SEOPageTitle,ManageKeys,AccessHide,WriteHide,ExcPortalSecurity,Weight,ShowList,Sharing) VALUES('176543389482665','180077455433202','Vacuum Tubes','','','','Moderator','|2|,|3|,|1|,|4|','|2|,|3|,|4|','','','|2|','0','0','0','2000','1','1')
INSERT INTO CategoriesModules (UniqueID,CatID,ModuleID) VALUES('375494820038913','176543389482665','20')
INSERT INTO CategoriesPortals (UniqueID,CatID,PortalID) VALUES('148877144917078','176543389482665','0')
INSERT INTO Categories (CatID,ListUnder,CategoryName,Description,Keywords,CatType,Moderator,AccessKeys,WriteKeys,SEODescription,SEOPageTitle,ManageKeys,AccessHide,WriteHide,ExcPortalSecurity,Weight,ShowList,Sharing) VALUES('212616128974962','121738407646224','Valuation Services','','','','Moderator','|2|,|3|,|1|,|4|','|2|,|3|,|4|','','','|2|','0','0','0','2000','1','1')
INSERT INTO CategoriesModules (UniqueID,CatID,ModuleID) VALUES('145112142629360','212616128974962','20')
INSERT INTO CategoriesPortals (UniqueID,CatID,PortalID) VALUES('126366317621333','212616128974962','0')
INSERT INTO Categories (CatID,ListUnder,CategoryName,Description,Keywords,CatType,Moderator,AccessKeys,WriteKeys,SEODescription,SEOPageTitle,ManageKeys,AccessHide,WriteHide,ExcPortalSecurity,Weight,ShowList,Sharing) VALUES('192914342442924','138401084934556','Value Based Management','','','','Moderator','|2|,|3|,|1|,|4|','|2|,|3|,|4|','','','|2|','0','0','0','2000','1','1')
INSERT INTO CategoriesModules (UniqueID,CatID,ModuleID) VALUES('493133443654442','192914342442924','20')
INSERT INTO CategoriesPortals (UniqueID,CatID,PortalID) VALUES('593120270122387','192914342442924','0')
INSERT INTO Categories (CatID,ListUnder,CategoryName,Description,Keywords,CatType,Moderator,AccessKeys,WriteKeys,SEODescription,SEOPageTitle,ManageKeys,AccessHide,WriteHide,ExcPortalSecurity,Weight,ShowList,Sharing) VALUES('207422318873718','727012399526175','Valves Hoses Fittings','','','','Moderator','|2|,|3|,|1|,|4|','|2|,|3|,|4|','','','|2|','0','0','0','2000','1','1')
INSERT INTO CategoriesModules (UniqueID,CatID,ModuleID) VALUES('149928852466982','207422318873718','20')
INSERT INTO CategoriesPortals (UniqueID,CatID,PortalID) VALUES('632960643212317','207422318873718','0')
INSERT INTO Categories (CatID,ListUnder,CategoryName,Description,Keywords,CatType,Moderator,AccessKeys,WriteKeys,SEODescription,SEOPageTitle,ManageKeys,AccessHide,WriteHide,ExcPortalSecurity,Weight,ShowList,Sharing) VALUES('189929856013306','189238540572357','Vegetables','','','','Moderator','|2|,|3|,|1|,|4|','|2|,|3|,|4|','','','|2|','0','0','0','2000','1','1')
INSERT INTO CategoriesModules (UniqueID,CatID,ModuleID) VALUES('167904157617434','189929856013306','20')
INSERT INTO CategoriesPortals (UniqueID,CatID,PortalID) VALUES('171985391095357','189929856013306','0')
INSERT INTO Categories (CatID,ListUnder,CategoryName,Description,Keywords,CatType,Moderator,AccessKeys,WriteKeys,SEODescription,SEOPageTitle,ManageKeys,AccessHide,WriteHide,ExcPortalSecurity,Weight,ShowList,Sharing) VALUES('505663887344523','180637350615341','Vegetarian','','','','Moderator','|2|,|3|,|1|,|4|','|2|,|3|,|4|','','','|2|','0','0','0','2000','1','1')
INSERT INTO CategoriesModules (UniqueID,CatID,ModuleID) VALUES('950692677812165','505663887344523','20')
INSERT INTO CategoriesPortals (UniqueID,CatID,PortalID) VALUES('758105098501739','505663887344523','0')
INSERT INTO Categories (CatID,ListUnder,CategoryName,Description,Keywords,CatType,Moderator,AccessKeys,WriteKeys,SEODescription,SEOPageTitle,ManageKeys,AccessHide,WriteHide,ExcPortalSecurity,Weight,ShowList,Sharing) VALUES('105382079913886','138186154628395','Vehicle Repair Maintenance','','','','Moderator','|2|,|3|,|1|,|4|','|2|,|3|,|4|','','','|2|','0','0','0','2000','1','1')
INSERT INTO CategoriesModules (UniqueID,CatID,ModuleID) VALUES('530866594878041','105382079913886','20')
INSERT INTO CategoriesPortals (UniqueID,CatID,PortalID) VALUES('161576647693321','105382079913886','0')
INSERT INTO Categories (CatID,ListUnder,CategoryName,Description,Keywords,CatType,Moderator,AccessKeys,WriteKeys,SEODescription,SEOPageTitle,ManageKeys,AccessHide,WriteHide,ExcPortalSecurity,Weight,ShowList,Sharing) VALUES('963588723547575','121738407646224','Vending','','','','Moderator','|2|,|3|,|1|,|4|','|2|,|3|,|4|','','','|2|','0','0','0','2000','1','1')
INSERT INTO CategoriesModules (UniqueID,CatID,ModuleID) VALUES('208186217886049','963588723547575','20')
INSERT INTO CategoriesPortals (UniqueID,CatID,PortalID) VALUES('856176820479834','963588723547575','0')
INSERT INTO Categories (CatID,ListUnder,CategoryName,Description,Keywords,CatType,Moderator,AccessKeys,WriteKeys,SEODescription,SEOPageTitle,ManageKeys,AccessHide,WriteHide,ExcPortalSecurity,Weight,ShowList,Sharing) VALUES('142689120513716','170779964580587','Vendors','','','','Moderator','|2|,|3|,|1|,|4|','|2|,|3|,|4|','','','|2|','0','0','0','2000','1','1')
INSERT INTO CategoriesModules (UniqueID,CatID,ModuleID) VALUES('124806830181688','142689120513716','20')
INSERT INTO CategoriesPortals (UniqueID,CatID,PortalID) VALUES('586966965211129','142689120513716','0')
INSERT INTO Categories (CatID,ListUnder,CategoryName,Description,Keywords,CatType,Moderator,AccessKeys,WriteKeys,SEODescription,SEOPageTitle,ManageKeys,AccessHide,WriteHide,ExcPortalSecurity,Weight,ShowList,Sharing) VALUES('424416946702259','293246790583114','Venture Capital','','','','Moderator','|2|,|3|,|1|,|4|','|2|,|3|,|4|','','','|2|','0','0','0','2000','1','1')
INSERT INTO CategoriesModules (UniqueID,CatID,ModuleID) VALUES('126744151677392','424416946702259','20')
INSERT INTO CategoriesPortals (UniqueID,CatID,PortalID) VALUES('117521963988877','424416946702259','0')
INSERT INTO Categories (CatID,ListUnder,CategoryName,Description,Keywords,CatType,Moderator,AccessKeys,WriteKeys,SEODescription,SEOPageTitle,ManageKeys,AccessHide,WriteHide,ExcPortalSecurity,Weight,ShowList,Sharing) VALUES('133996325451003','120268798198852','Veterinary','','','','Moderator','|2|,|3|,|1|,|4|','|2|,|3|,|4|','','','|2|','0','0','0','2000','1','1')
INSERT INTO CategoriesModules (UniqueID,CatID,ModuleID) VALUES('650947956784649','133996325451003','20')
INSERT INTO CategoriesPortals (UniqueID,CatID,PortalID) VALUES('180975555467392','133996325451003','0')
INSERT INTO Categories (CatID,ListUnder,CategoryName,Description,Keywords,CatType,Moderator,AccessKeys,WriteKeys,SEODescription,SEOPageTitle,ManageKeys,AccessHide,WriteHide,ExcPortalSecurity,Weight,ShowList,Sharing) VALUES('788225038171484','758042103067618','Viacom','','','','Moderator','|2|,|3|,|1|,|4|','|2|,|3|,|4|','','','|2|','0','0','0','2000','1','1')
INSERT INTO CategoriesModules (UniqueID,CatID,ModuleID) VALUES('203060640241143','788225038171484','20')
INSERT INTO CategoriesPortals (UniqueID,CatID,PortalID) VALUES('711097989130265','788225038171484','0')
INSERT INTO Categories (CatID,ListUnder,CategoryName,Description,Keywords,CatType,Moderator,AccessKeys,WriteKeys,SEODescription,SEOPageTitle,ManageKeys,AccessHide,WriteHide,ExcPortalSecurity,Weight,ShowList,Sharing) VALUES('178370903020082','185896419053654','Video','','','','Moderator','|2|,|3|,|1|,|4|','|2|,|3|,|4|','','','|2|','0','0','0','2000','1','1')
INSERT INTO CategoriesModules (UniqueID,CatID,ModuleID) VALUES('164239593885180','178370903020082','20')
INSERT INTO CategoriesPortals (UniqueID,CatID,PortalID) VALUES('427289595447984','178370903020082','0')
INSERT INTO Categories (CatID,ListUnder,CategoryName,Description,Keywords,CatType,Moderator,AccessKeys,WriteKeys,SEODescription,SEOPageTitle,ManageKeys,AccessHide,WriteHide,ExcPortalSecurity,Weight,ShowList,Sharing) VALUES('472178732818776','746298399382528','Video Management Systems','','','','Moderator','|2|,|3|,|1|,|4|','|2|,|3|,|4|','','','|2|','0','0','0','2000','1','1')
INSERT INTO CategoriesModules (UniqueID,CatID,ModuleID) VALUES('896249753876298','472178732818776','20')
INSERT INTO CategoriesPortals (UniqueID,CatID,PortalID) VALUES('980549278540563','472178732818776','0')
INSERT INTO Categories (CatID,ListUnder,CategoryName,Description,Keywords,CatType,Moderator,AccessKeys,WriteKeys,SEODescription,SEOPageTitle,ManageKeys,AccessHide,WriteHide,ExcPortalSecurity,Weight,ShowList,Sharing) VALUES('727637453226262','138401084934556','Virtual Corporations','','','','Moderator','|2|,|3|,|1|,|4|','|2|,|3|,|4|','','','|2|','0','0','0','2000','1','1')
INSERT INTO CategoriesModules (UniqueID,CatID,ModuleID) VALUES('683899412310312','727637453226262','20')
INSERT INTO CategoriesPortals (UniqueID,CatID,PortalID) VALUES('187584099229225','727637453226262','0')
INSERT INTO Categories (CatID,ListUnder,CategoryName,Description,Keywords,CatType,Moderator,AccessKeys,WriteKeys,SEODescription,SEOPageTitle,ManageKeys,AccessHide,WriteHide,ExcPortalSecurity,Weight,ShowList,Sharing) VALUES('182275490933163','167827787849526','Viscometer','','','','Moderator','|2|,|3|,|1|,|4|','|2|,|3|,|4|','','','|2|','0','0','0','2000','1','1')
INSERT INTO CategoriesModules (UniqueID,CatID,ModuleID) VALUES('179257567976181','182275490933163','20')
INSERT INTO CategoriesPortals (UniqueID,CatID,PortalID) VALUES('179131963687124','182275490933163','0')
INSERT INTO Categories (CatID,ListUnder,CategoryName,Description,Keywords,CatType,Moderator,AccessKeys,WriteKeys,SEODescription,SEOPageTitle,ManageKeys,AccessHide,WriteHide,ExcPortalSecurity,Weight,ShowList,Sharing) VALUES('121779923681222','134301758144739','VoIP','','','','Moderator','|2|,|3|,|1|,|4|','|2|,|3|,|4|','','','|2|','0','0','0','2000','1','1')
INSERT INTO CategoriesModules (UniqueID,CatID,ModuleID) VALUES('549345851163841','121779923681222','20')
INSERT INTO CategoriesPortals (UniqueID,CatID,PortalID) VALUES('492701299238649','121779923681222','0')
INSERT INTO Categories (CatID,ListUnder,CategoryName,Description,Keywords,CatType,Moderator,AccessKeys,WriteKeys,SEODescription,SEOPageTitle,ManageKeys,AccessHide,WriteHide,ExcPortalSecurity,Weight,ShowList,Sharing) VALUES('136285110675331','112619746118561','Waddings Battings','','','','Moderator','|2|,|3|,|1|,|4|','|2|,|3|,|4|','','','|2|','0','0','0','2000','1','1')
INSERT INTO CategoriesModules (UniqueID,CatID,ModuleID) VALUES('190350279176561','136285110675331','20')
INSERT INTO CategoriesPortals (UniqueID,CatID,PortalID) VALUES('147740286682222','136285110675331','0')
INSERT INTO Categories (CatID,ListUnder,CategoryName,Description,Keywords,CatType,Moderator,AccessKeys,WriteKeys,SEODescription,SEOPageTitle,ManageKeys,AccessHide,WriteHide,ExcPortalSecurity,Weight,ShowList,Sharing) VALUES('135528004033075','187495860612871','Wall Floor Decorative Finishes','','','','Moderator','|2|,|3|,|1|,|4|','|2|,|3|,|4|','','','|2|','0','0','0','2000','1','1')
INSERT INTO CategoriesModules (UniqueID,CatID,ModuleID) VALUES('944882225238361','135528004033075','20')
INSERT INTO CategoriesPortals (UniqueID,CatID,PortalID) VALUES('171834940132634','135528004033075','0')
INSERT INTO Categories (CatID,ListUnder,CategoryName,Description,Keywords,CatType,Moderator,AccessKeys,WriteKeys,SEODescription,SEOPageTitle,ManageKeys,AccessHide,WriteHide,ExcPortalSecurity,Weight,ShowList,Sharing) VALUES('216037974577765','136878005372291','Waste Management','','','','Moderator','|2|,|3|,|1|,|4|','|2|,|3|,|4|','','','|2|','0','0','0','2000','1','1')
INSERT INTO CategoriesModules (UniqueID,CatID,ModuleID) VALUES('207886282163528','216037974577765','20')
INSERT INTO CategoriesPortals (UniqueID,CatID,PortalID) VALUES('972350511451871','216037974577765','0')
INSERT INTO Categories (CatID,ListUnder,CategoryName,Description,Keywords,CatType,Moderator,AccessKeys,WriteKeys,SEODescription,SEOPageTitle,ManageKeys,AccessHide,WriteHide,ExcPortalSecurity,Weight,ShowList,Sharing) VALUES('873607405885568','131617887013514','Water','','','','Moderator','|2|,|3|,|1|,|4|','|2|,|3|,|4|','','','|2|','0','0','0','2000','1','1')
INSERT INTO CategoriesModules (UniqueID,CatID,ModuleID) VALUES('139794449710092','873607405885568','20')
INSERT INTO CategoriesPortals (UniqueID,CatID,PortalID) VALUES('126378307363198','873607405885568','0')
INSERT INTO Categories (CatID,ListUnder,CategoryName,Description,Keywords,CatType,Moderator,AccessKeys,WriteKeys,SEODescription,SEOPageTitle,ManageKeys,AccessHide,WriteHide,ExcPortalSecurity,Weight,ShowList,Sharing) VALUES('113465032445180','940769377248751','Water','','','','Moderator','|2|,|3|,|1|,|4|','|2|,|3|,|4|','','','|2|','0','0','0','2000','1','1')
INSERT INTO CategoriesModules (UniqueID,CatID,ModuleID) VALUES('243657622662891','113465032445180','20')
INSERT INTO CategoriesPortals (UniqueID,CatID,PortalID) VALUES('598991347143416','113465032445180','0')
INSERT INTO Categories (CatID,ListUnder,CategoryName,Description,Keywords,CatType,Moderator,AccessKeys,WriteKeys,SEODescription,SEOPageTitle,ManageKeys,AccessHide,WriteHide,ExcPortalSecurity,Weight,ShowList,Sharing) VALUES('837748085182624','280965458060437','Water Buffalo','','','','Moderator','|2|,|3|,|1|,|4|','|2|,|3|,|4|','','','|2|','0','0','0','2000','1','1')
INSERT INTO CategoriesModules (UniqueID,CatID,ModuleID) VALUES('202083565122665','837748085182624','20')
INSERT INTO CategoriesPortals (UniqueID,CatID,PortalID) VALUES('436647561659851','837748085182624','0')
INSERT INTO Categories (CatID,ListUnder,CategoryName,Description,Keywords,CatType,Moderator,AccessKeys,WriteKeys,SEODescription,SEOPageTitle,ManageKeys,AccessHide,WriteHide,ExcPortalSecurity,Weight,ShowList,Sharing) VALUES('133913476192594','155435063371167','Water Damage','','','','Moderator','|2|,|3|,|1|,|4|','|2|,|3|,|4|','','','|2|','0','0','0','2000','1','1')
INSERT INTO CategoriesModules (UniqueID,CatID,ModuleID) VALUES('101615357143964','133913476192594','20')
INSERT INTO CategoriesPortals (UniqueID,CatID,PortalID) VALUES('446855085125928','133913476192594','0')
INSERT INTO Categories (CatID,ListUnder,CategoryName,Description,Keywords,CatType,Moderator,AccessKeys,WriteKeys,SEODescription,SEOPageTitle,ManageKeys,AccessHide,WriteHide,ExcPortalSecurity,Weight,ShowList,Sharing) VALUES('101087685921836','141294954067458','Water Treatment','','','','Moderator','|2|,|3|,|1|,|4|','|2|,|3|,|4|','','','|2|','0','0','0','2000','1','1')
INSERT INTO CategoriesModules (UniqueID,CatID,ModuleID) VALUES('103067886185570','101087685921836','20')
INSERT INTO CategoriesPortals (UniqueID,CatID,PortalID) VALUES('572619536875436','101087685921836','0')
INSERT INTO Categories (CatID,ListUnder,CategoryName,Description,Keywords,CatType,Moderator,AccessKeys,WriteKeys,SEODescription,SEOPageTitle,ManageKeys,AccessHide,WriteHide,ExcPortalSecurity,Weight,ShowList,Sharing) VALUES('985567527211658','458171633668170','Water Wells Pumps','','','','Moderator','|2|,|3|,|1|,|4|','|2|,|3|,|4|','','','|2|','0','0','0','2000','1','1')
INSERT INTO CategoriesModules (UniqueID,CatID,ModuleID) VALUES('387956650652444','985567527211658','20')
INSERT INTO CategoriesPortals (UniqueID,CatID,PortalID) VALUES('236973707249017','985567527211658','0')
INSERT INTO Categories (CatID,ListUnder,CategoryName,Description,Keywords,CatType,Moderator,AccessKeys,WriteKeys,SEODescription,SEOPageTitle,ManageKeys,AccessHide,WriteHide,ExcPortalSecurity,Weight,ShowList,Sharing) VALUES('148758838200067','522844526019066','Wax','','','','Moderator','|2|,|3|,|1|,|4|','|2|,|3|,|4|','','','|2|','0','0','0','2000','1','1')
INSERT INTO CategoriesModules (UniqueID,CatID,ModuleID) VALUES('161148889456766','148758838200067','20')
INSERT INTO CategoriesPortals (UniqueID,CatID,PortalID) VALUES('183545693097343','148758838200067','0')
INSERT INTO Categories (CatID,ListUnder,CategoryName,Description,Keywords,CatType,Moderator,AccessKeys,WriteKeys,SEODescription,SEOPageTitle,ManageKeys,AccessHide,WriteHide,ExcPortalSecurity,Weight,ShowList,Sharing) VALUES('145926944486275','302144370971758','Welding','','','','Moderator','|2|,|3|,|1|,|4|','|2|,|3|,|4|','','','|2|','0','0','0','2000','1','1')
INSERT INTO CategoriesModules (UniqueID,CatID,ModuleID) VALUES('149108666316645','145926944486275','20')
INSERT INTO CategoriesPortals (UniqueID,CatID,PortalID) VALUES('415643233935672','145926944486275','0')
INSERT INTO Categories (CatID,ListUnder,CategoryName,Description,Keywords,CatType,Moderator,AccessKeys,WriteKeys,SEODescription,SEOPageTitle,ManageKeys,AccessHide,WriteHide,ExcPortalSecurity,Weight,ShowList,Sharing) VALUES('171441668272134','138186154628395','Welding Equipment','','','','Moderator','|2|,|3|,|1|,|4|','|2|,|3|,|4|','','','|2|','0','0','0','2000','1','1')
INSERT INTO CategoriesModules (UniqueID,CatID,ModuleID) VALUES('268015586522174','171441668272134','20')
INSERT INTO CategoriesPortals (UniqueID,CatID,PortalID) VALUES('829955540121888','171441668272134','0')
INSERT INTO Categories (CatID,ListUnder,CategoryName,Description,Keywords,CatType,Moderator,AccessKeys,WriteKeys,SEODescription,SEOPageTitle,ManageKeys,AccessHide,WriteHide,ExcPortalSecurity,Weight,ShowList,Sharing) VALUES('176912517441657','454474966627687','Wholesale Distribution','','','','Moderator','|2|,|3|,|1|,|4|','|2|,|3|,|4|','','','|2|','0','0','0','2000','1','1')
INSERT INTO CategoriesModules (UniqueID,CatID,ModuleID) VALUES('122490086695316','176912517441657','20')
INSERT INTO CategoriesPortals (UniqueID,CatID,PortalID) VALUES('193245769067054','176912517441657','0')
INSERT INTO Categories (CatID,ListUnder,CategoryName,Description,Keywords,CatType,Moderator,AccessKeys,WriteKeys,SEODescription,SEOPageTitle,ManageKeys,AccessHide,WriteHide,ExcPortalSecurity,Weight,ShowList,Sharing) VALUES('158209345357411','154294030131064','Wholesale Distribution','','','','Moderator','|2|,|3|,|1|,|4|','|2|,|3|,|4|','','','|2|','0','0','0','2000','1','1')
INSERT INTO CategoriesModules (UniqueID,CatID,ModuleID) VALUES('596876563133222','158209345357411','20')
INSERT INTO CategoriesPortals (UniqueID,CatID,PortalID) VALUES('146111279816874','158209345357411','0')
INSERT INTO Categories (CatID,ListUnder,CategoryName,Description,Keywords,CatType,Moderator,AccessKeys,WriteKeys,SEODescription,SEOPageTitle,ManageKeys,AccessHide,WriteHide,ExcPortalSecurity,Weight,ShowList,Sharing) VALUES('181498276126157','180077455433202','Wholesale Distribution','','','','Moderator','|2|,|3|,|1|,|4|','|2|,|3|,|4|','','','|2|','0','0','0','2000','1','1')
INSERT INTO CategoriesModules (UniqueID,CatID,ModuleID) VALUES('599400230681574','181498276126157','20')
INSERT INTO CategoriesPortals (UniqueID,CatID,PortalID) VALUES('643871993441456','181498276126157','0')
INSERT INTO Categories (CatID,ListUnder,CategoryName,Description,Keywords,CatType,Moderator,AccessKeys,WriteKeys,SEODescription,SEOPageTitle,ManageKeys,AccessHide,WriteHide,ExcPortalSecurity,Weight,ShowList,Sharing) VALUES('185342716777865','877724855173932','Wholesale Distribution','','','','Moderator','|2|,|3|,|1|,|4|','|2|,|3|,|4|','','','|2|','0','0','0','2000','1','1')
INSERT INTO CategoriesModules (UniqueID,CatID,ModuleID) VALUES('439056988022766','185342716777865','20')
INSERT INTO CategoriesPortals (UniqueID,CatID,PortalID) VALUES('181176404611024','185342716777865','0')
INSERT INTO Categories (CatID,ListUnder,CategoryName,Description,Keywords,CatType,Moderator,AccessKeys,WriteKeys,SEODescription,SEOPageTitle,ManageKeys,AccessHide,WriteHide,ExcPortalSecurity,Weight,ShowList,Sharing) VALUES('185696628082195','655618163243369','Wholesale Distribution','','','','Moderator','|2|,|3|,|1|,|4|','|2|,|3|,|4|','','','|2|','0','0','0','2000','1','1')
INSERT INTO CategoriesModules (UniqueID,CatID,ModuleID) VALUES('181117982002894','185696628082195','20')
INSERT INTO CategoriesPortals (UniqueID,CatID,PortalID) VALUES('759869769778876','185696628082195','0')
INSERT INTO Categories (CatID,ListUnder,CategoryName,Description,Keywords,CatType,Moderator,AccessKeys,WriteKeys,SEODescription,SEOPageTitle,ManageKeys,AccessHide,WriteHide,ExcPortalSecurity,Weight,ShowList,Sharing) VALUES('187249906736495','830096638971954','Wholesale Distribution','','','','Moderator','|2|,|3|,|1|,|4|','|2|,|3|,|4|','','','|2|','0','0','0','2000','1','1')
INSERT INTO CategoriesModules (UniqueID,CatID,ModuleID) VALUES('355500443710455','187249906736495','20')
INSERT INTO CategoriesPortals (UniqueID,CatID,PortalID) VALUES('851357685451048','187249906736495','0')
INSERT INTO Categories (CatID,ListUnder,CategoryName,Description,Keywords,CatType,Moderator,AccessKeys,WriteKeys,SEODescription,SEOPageTitle,ManageKeys,AccessHide,WriteHide,ExcPortalSecurity,Weight,ShowList,Sharing) VALUES('187840814081062','187495860612871','Wholesale Distribution','','','','Moderator','|2|,|3|,|1|,|4|','|2|,|3|,|4|','','','|2|','0','0','0','2000','1','1')
INSERT INTO CategoriesModules (UniqueID,CatID,ModuleID) VALUES('114586073562347','187840814081062','20')
INSERT INTO CategoriesPortals (UniqueID,CatID,PortalID) VALUES('179984328026722','187840814081062','0')
INSERT INTO Categories (CatID,ListUnder,CategoryName,Description,Keywords,CatType,Moderator,AccessKeys,WriteKeys,SEODescription,SEOPageTitle,ManageKeys,AccessHide,WriteHide,ExcPortalSecurity,Weight,ShowList,Sharing) VALUES('207740768066363','112619746118561','Wholesale Distribution','','','','Moderator','|2|,|3|,|1|,|4|','|2|,|3|,|4|','','','|2|','0','0','0','2000','1','1')
INSERT INTO CategoriesModules (UniqueID,CatID,ModuleID) VALUES('170599885575248','207740768066363','20')
INSERT INTO CategoriesPortals (UniqueID,CatID,PortalID) VALUES('132669577661970','207740768066363','0')
INSERT INTO Categories (CatID,ListUnder,CategoryName,Description,Keywords,CatType,Moderator,AccessKeys,WriteKeys,SEODescription,SEOPageTitle,ManageKeys,AccessHide,WriteHide,ExcPortalSecurity,Weight,ShowList,Sharing) VALUES('199494721446264','120268798198852','Wholesale Distribution','','','','Moderator','|2|,|3|,|1|,|4|','|2|,|3|,|4|','','','|2|','0','0','0','2000','1','1')
INSERT INTO CategoriesModules (UniqueID,CatID,ModuleID) VALUES('199979663240121','199494721446264','20')
INSERT INTO CategoriesPortals (UniqueID,CatID,PortalID) VALUES('673149826456383','199494721446264','0')
INSERT INTO Categories (CatID,ListUnder,CategoryName,Description,Keywords,CatType,Moderator,AccessKeys,WriteKeys,SEODescription,SEOPageTitle,ManageKeys,AccessHide,WriteHide,ExcPortalSecurity,Weight,ShowList,Sharing) VALUES('154262739858936','116414705839970','Wholesale Distribution','','','','Moderator','|2|,|3|,|1|,|4|','|2|,|3|,|4|','','','|2|','0','0','0','2000','1','1')
INSERT INTO CategoriesModules (UniqueID,CatID,ModuleID) VALUES('180192141421400','154262739858936','20')
INSERT INTO CategoriesPortals (UniqueID,CatID,PortalID) VALUES('721529202121210','154262739858936','0')
INSERT INTO Categories (CatID,ListUnder,CategoryName,Description,Keywords,CatType,Moderator,AccessKeys,WriteKeys,SEODescription,SEOPageTitle,ManageKeys,AccessHide,WriteHide,ExcPortalSecurity,Weight,ShowList,Sharing) VALUES('126808014477241','158188270226404','Wholesale Distribution','','','','Moderator','|2|,|3|,|1|,|4|','|2|,|3|,|4|','','','|2|','0','0','0','2000','1','1')
INSERT INTO CategoriesModules (UniqueID,CatID,ModuleID) VALUES('134474742378874','126808014477241','20')
INSERT INTO CategoriesPortals (UniqueID,CatID,PortalID) VALUES('212812484602542','126808014477241','0')
INSERT INTO Categories (CatID,ListUnder,CategoryName,Description,Keywords,CatType,Moderator,AccessKeys,WriteKeys,SEODescription,SEOPageTitle,ManageKeys,AccessHide,WriteHide,ExcPortalSecurity,Weight,ShowList,Sharing) VALUES('102549937211235','185896419053654','Wholesale Distribution','','','','Moderator','|2|,|3|,|1|,|4|','|2|,|3|,|4|','','','|2|','0','0','0','2000','1','1')
INSERT INTO CategoriesModules (UniqueID,CatID,ModuleID) VALUES('148733097618623','102549937211235','20')
INSERT INTO CategoriesPortals (UniqueID,CatID,PortalID) VALUES('404466664521676','102549937211235','0')
INSERT INTO Categories (CatID,ListUnder,CategoryName,Description,Keywords,CatType,Moderator,AccessKeys,WriteKeys,SEODescription,SEOPageTitle,ManageKeys,AccessHide,WriteHide,ExcPortalSecurity,Weight,ShowList,Sharing) VALUES('108617535117749','180637350615341','Wholesale Distribution','','','','Moderator','|2|,|3|,|1|,|4|','|2|,|3|,|4|','','','|2|','0','0','0','2000','1','1')
INSERT INTO CategoriesModules (UniqueID,CatID,ModuleID) VALUES('179060696752189','108617535117749','20')
INSERT INTO CategoriesPortals (UniqueID,CatID,PortalID) VALUES('191402771973803','108617535117749','0')
INSERT INTO Categories (CatID,ListUnder,CategoryName,Description,Keywords,CatType,Moderator,AccessKeys,WriteKeys,SEODescription,SEOPageTitle,ManageKeys,AccessHide,WriteHide,ExcPortalSecurity,Weight,ShowList,Sharing) VALUES('112952032575840','518067943485998','Wholesale Distribution','','','','Moderator','|2|,|3|,|1|,|4|','|2|,|3|,|4|','','','|2|','0','0','0','2000','1','1')
INSERT INTO CategoriesModules (UniqueID,CatID,ModuleID) VALUES('168786256446384','112952032575840','20')
INSERT INTO CategoriesPortals (UniqueID,CatID,PortalID) VALUES('167509955332125','112952032575840','0')
INSERT INTO Categories (CatID,ListUnder,CategoryName,Description,Keywords,CatType,Moderator,AccessKeys,WriteKeys,SEODescription,SEOPageTitle,ManageKeys,AccessHide,WriteHide,ExcPortalSecurity,Weight,ShowList,Sharing) VALUES('116005416343973','161898503042338','Wholesale Distribution','','','','Moderator','|2|,|3|,|1|,|4|','|2|,|3|,|4|','','','|2|','0','0','0','2000','1','1')
INSERT INTO CategoriesModules (UniqueID,CatID,ModuleID) VALUES('185382389614067','116005416343973','20')
INSERT INTO CategoriesPortals (UniqueID,CatID,PortalID) VALUES('239624620754483','116005416343973','0')
INSERT INTO Categories (CatID,ListUnder,CategoryName,Description,Keywords,CatType,Moderator,AccessKeys,WriteKeys,SEODescription,SEOPageTitle,ManageKeys,AccessHide,WriteHide,ExcPortalSecurity,Weight,ShowList,Sharing) VALUES('125406295039650','144315891422463','Wholesale Distribution','','','','Moderator','|2|,|3|,|1|,|4|','|2|,|3|,|4|','','','|2|','0','0','0','2000','1','1')
INSERT INTO CategoriesModules (UniqueID,CatID,ModuleID) VALUES('122975977144497','125406295039650','20')
INSERT INTO CategoriesPortals (UniqueID,CatID,PortalID) VALUES('619888072129824','125406295039650','0')
INSERT INTO Categories (CatID,ListUnder,CategoryName,Description,Keywords,CatType,Moderator,AccessKeys,WriteKeys,SEODescription,SEOPageTitle,ManageKeys,AccessHide,WriteHide,ExcPortalSecurity,Weight,ShowList,Sharing) VALUES('835539410356862','133529660719882','Wholesale Distribution','','','','Moderator','|2|,|3|,|1|,|4|','|2|,|3|,|4|','','','|2|','0','0','0','2000','1','1')
INSERT INTO CategoriesModules (UniqueID,CatID,ModuleID) VALUES('115669116714327','835539410356862','20')
INSERT INTO CategoriesPortals (UniqueID,CatID,PortalID) VALUES('150789346062122','835539410356862','0')
INSERT INTO Categories (CatID,ListUnder,CategoryName,Description,Keywords,CatType,Moderator,AccessKeys,WriteKeys,SEODescription,SEOPageTitle,ManageKeys,AccessHide,WriteHide,ExcPortalSecurity,Weight,ShowList,Sharing) VALUES('702273461502886','175127912074352','Wholesale Distribution','','','','Moderator','|2|,|3|,|1|,|4|','|2|,|3|,|4|','','','|2|','0','0','0','2000','1','1')
INSERT INTO CategoriesModules (UniqueID,CatID,ModuleID) VALUES('613367074442710','702273461502886','20')
INSERT INTO CategoriesPortals (UniqueID,CatID,PortalID) VALUES('890608353347619','702273461502886','0')
INSERT INTO Categories (CatID,ListUnder,CategoryName,Description,Keywords,CatType,Moderator,AccessKeys,WriteKeys,SEODescription,SEOPageTitle,ManageKeys,AccessHide,WriteHide,ExcPortalSecurity,Weight,ShowList,Sharing) VALUES('789328452232952','208392173185557','Wholesale Distribution','','','','Moderator','|2|,|3|,|1|,|4|','|2|,|3|,|4|','','','|2|','0','0','0','2000','1','1')
INSERT INTO CategoriesModules (UniqueID,CatID,ModuleID) VALUES('141476101871090','789328452232952','20')
INSERT INTO CategoriesPortals (UniqueID,CatID,PortalID) VALUES('223315139277787','789328452232952','0')
INSERT INTO Categories (CatID,ListUnder,CategoryName,Description,Keywords,CatType,Moderator,AccessKeys,WriteKeys,SEODescription,SEOPageTitle,ManageKeys,AccessHide,WriteHide,ExcPortalSecurity,Weight,ShowList,Sharing) VALUES('822186261465646','284131841433627','Wholesale Distribution','','','','Moderator','|2|,|3|,|1|,|4|','|2|,|3|,|4|','','','|2|','0','0','0','2000','1','1')
INSERT INTO CategoriesModules (UniqueID,CatID,ModuleID) VALUES('302568271796827','822186261465646','20')
INSERT INTO CategoriesPortals (UniqueID,CatID,PortalID) VALUES('109972826365333','822186261465646','0')
INSERT INTO Categories (CatID,ListUnder,CategoryName,Description,Keywords,CatType,Moderator,AccessKeys,WriteKeys,SEODescription,SEOPageTitle,ManageKeys,AccessHide,WriteHide,ExcPortalSecurity,Weight,ShowList,Sharing) VALUES('224723681357238','963175640290570','Wholesale Distribution','','','','Moderator','|2|,|3|,|1|,|4|','|2|,|3|,|4|','','','|2|','0','0','0','2000','1','1')
INSERT INTO CategoriesModules (UniqueID,CatID,ModuleID) VALUES('882172785925578','224723681357238','20')
INSERT INTO CategoriesPortals (UniqueID,CatID,PortalID) VALUES('447897863308335','224723681357238','0')
INSERT INTO Categories (CatID,ListUnder,CategoryName,Description,Keywords,CatType,Moderator,AccessKeys,WriteKeys,SEODescription,SEOPageTitle,ManageKeys,AccessHide,WriteHide,ExcPortalSecurity,Weight,ShowList,Sharing) VALUES('212749461389744','630326987373262','Wholesale Distribution','','','','Moderator','|2|,|3|,|1|,|4|','|2|,|3|,|4|','','','|2|','0','0','0','2000','1','1')
INSERT INTO CategoriesModules (UniqueID,CatID,ModuleID) VALUES('717000784114704','212749461389744','20')
INSERT INTO CategoriesPortals (UniqueID,CatID,PortalID) VALUES('159355920510441','212749461389744','0')
INSERT INTO Categories (CatID,ListUnder,CategoryName,Description,Keywords,CatType,Moderator,AccessKeys,WriteKeys,SEODescription,SEOPageTitle,ManageKeys,AccessHide,WriteHide,ExcPortalSecurity,Weight,ShowList,Sharing) VALUES('598682571578324','141294954067458','Wholesale Distribution','','','','Moderator','|2|,|3|,|1|,|4|','|2|,|3|,|4|','','','|2|','0','0','0','2000','1','1')
INSERT INTO CategoriesModules (UniqueID,CatID,ModuleID) VALUES('110907634298935','598682571578324','20')
INSERT INTO CategoriesPortals (UniqueID,CatID,PortalID) VALUES('297904603412557','598682571578324','0')
INSERT INTO Categories (CatID,ListUnder,CategoryName,Description,Keywords,CatType,Moderator,AccessKeys,WriteKeys,SEODescription,SEOPageTitle,ManageKeys,AccessHide,WriteHide,ExcPortalSecurity,Weight,ShowList,Sharing) VALUES('553492697637457','167827787849526','Wholesale Distribution','','','','Moderator','|2|,|3|,|1|,|4|','|2|,|3|,|4|','','','|2|','0','0','0','2000','1','1')
INSERT INTO CategoriesModules (UniqueID,CatID,ModuleID) VALUES('460480446177372','553492697637457','20')
INSERT INTO CategoriesPortals (UniqueID,CatID,PortalID) VALUES('172215571074238','553492697637457','0')
INSERT INTO Categories (CatID,ListUnder,CategoryName,Description,Keywords,CatType,Moderator,AccessKeys,WriteKeys,SEODescription,SEOPageTitle,ManageKeys,AccessHide,WriteHide,ExcPortalSecurity,Weight,ShowList,Sharing) VALUES('142267519150532','0','Wholesale Trade','','','','Moderator','|2|,|3|,|1|,|4|','|2|,|3|,|4|','','','|2|','0','0','0','2000','1','1')
INSERT INTO CategoriesModules (UniqueID,CatID,ModuleID) VALUES('186147435445856','142267519150532','20')
INSERT INTO CategoriesPortals (UniqueID,CatID,PortalID) VALUES('460114737228418','142267519150532','0')
INSERT INTO Categories (CatID,ListUnder,CategoryName,Description,Keywords,CatType,Moderator,AccessKeys,WriteKeys,SEODescription,SEOPageTitle,ManageKeys,AccessHide,WriteHide,ExcPortalSecurity,Weight,ShowList,Sharing) VALUES('945827895383802','700966963821894','Wind','','','','Moderator','|2|,|3|,|1|,|4|','|2|,|3|,|4|','','','|2|','0','0','0','2000','1','1')
INSERT INTO CategoriesModules (UniqueID,CatID,ModuleID) VALUES('177354204072623','945827895383802','20')
INSERT INTO CategoriesPortals (UniqueID,CatID,PortalID) VALUES('161655468316668','945827895383802','0')
INSERT INTO Categories (CatID,ListUnder,CategoryName,Description,Keywords,CatType,Moderator,AccessKeys,WriteKeys,SEODescription,SEOPageTitle,ManageKeys,AccessHide,WriteHide,ExcPortalSecurity,Weight,ShowList,Sharing) VALUES('512264459545567','940769377248751','Wine','','','','Moderator','|2|,|3|,|1|,|4|','|2|,|3|,|4|','','','|2|','0','0','0','2000','1','1')
INSERT INTO CategoriesModules (UniqueID,CatID,ModuleID) VALUES('982132008806376','512264459545567','20')
INSERT INTO CategoriesPortals (UniqueID,CatID,PortalID) VALUES('126984365024215','512264459545567','0')
INSERT INTO Categories (CatID,ListUnder,CategoryName,Description,Keywords,CatType,Moderator,AccessKeys,WriteKeys,SEODescription,SEOPageTitle,ManageKeys,AccessHide,WriteHide,ExcPortalSecurity,Weight,ShowList,Sharing) VALUES('197205877162808','208392173185557','Wipers Rags','','','','Moderator','|2|,|3|,|1|,|4|','|2|,|3|,|4|','','','|2|','0','0','0','2000','1','1')
INSERT INTO CategoriesModules (UniqueID,CatID,ModuleID) VALUES('704505861089396','197205877162808','20')
INSERT INTO CategoriesPortals (UniqueID,CatID,PortalID) VALUES('157011622798277','197205877162808','0')
INSERT INTO Categories (CatID,ListUnder,CategoryName,Description,Keywords,CatType,Moderator,AccessKeys,WriteKeys,SEODescription,SEOPageTitle,ManageKeys,AccessHide,WriteHide,ExcPortalSecurity,Weight,ShowList,Sharing) VALUES('147456997242756','302144370971758','Wire Forming','','','','Moderator','|2|,|3|,|1|,|4|','|2|,|3|,|4|','','','|2|','0','0','0','2000','1','1')
INSERT INTO CategoriesModules (UniqueID,CatID,ModuleID) VALUES('155641510762344','147456997242756','20')
INSERT INTO CategoriesPortals (UniqueID,CatID,PortalID) VALUES('177505821924226','147456997242756','0')
INSERT INTO Categories (CatID,ListUnder,CategoryName,Description,Keywords,CatType,Moderator,AccessKeys,WriteKeys,SEODescription,SEOPageTitle,ManageKeys,AccessHide,WriteHide,ExcPortalSecurity,Weight,ShowList,Sharing) VALUES('132861331024726','134301758144739','Wireless','','','','Moderator','|2|,|3|,|1|,|4|','|2|,|3|,|4|','','','|2|','0','0','0','2000','1','1')
INSERT INTO CategoriesModules (UniqueID,CatID,ModuleID) VALUES('607867530035767','132861331024726','20')
INSERT INTO CategoriesPortals (UniqueID,CatID,PortalID) VALUES('402081456228026','132861331024726','0')
INSERT INTO Categories (CatID,ListUnder,CategoryName,Description,Keywords,CatType,Moderator,AccessKeys,WriteKeys,SEODescription,SEOPageTitle,ManageKeys,AccessHide,WriteHide,ExcPortalSecurity,Weight,ShowList,Sharing) VALUES('140347755735915','207494574995551','Wireless','','','','Moderator','|2|,|3|,|1|,|4|','|2|,|3|,|4|','','','|2|','0','0','0','2000','1','1')
INSERT INTO CategoriesModules (UniqueID,CatID,ModuleID) VALUES('204368173903735','140347755735915','20')
INSERT INTO CategoriesPortals (UniqueID,CatID,PortalID) VALUES('105866203742882','140347755735915','0')
INSERT INTO Categories (CatID,ListUnder,CategoryName,Description,Keywords,CatType,Moderator,AccessKeys,WriteKeys,SEODescription,SEOPageTitle,ManageKeys,AccessHide,WriteHide,ExcPortalSecurity,Weight,ShowList,Sharing) VALUES('433057039522447','161898503042338','Wiring Accessories','','','','Moderator','|2|,|3|,|1|,|4|','|2|,|3|,|4|','','','|2|','0','0','0','2000','1','1')
INSERT INTO CategoriesModules (UniqueID,CatID,ModuleID) VALUES('169731134039585','433057039522447','20')
INSERT INTO CategoriesPortals (UniqueID,CatID,PortalID) VALUES('130570606786845','433057039522447','0')
INSERT INTO Categories (CatID,ListUnder,CategoryName,Description,Keywords,CatType,Moderator,AccessKeys,WriteKeys,SEODescription,SEOPageTitle,ManageKeys,AccessHide,WriteHide,ExcPortalSecurity,Weight,ShowList,Sharing) VALUES('107146829846681','187495860612871','Wood Plastics','','','','Moderator','|2|,|3|,|1|,|4|','|2|,|3|,|4|','','','|2|','0','0','0','2000','1','1')
INSERT INTO CategoriesModules (UniqueID,CatID,ModuleID) VALUES('518477960424483','107146829846681','20')
INSERT INTO CategoriesPortals (UniqueID,CatID,PortalID) VALUES('117673781241395','107146829846681','0')
INSERT INTO Categories (CatID,ListUnder,CategoryName,Description,Keywords,CatType,Moderator,AccessKeys,WriteKeys,SEODescription,SEOPageTitle,ManageKeys,AccessHide,WriteHide,ExcPortalSecurity,Weight,ShowList,Sharing) VALUES('188033484244533','138186154628395','Woodworking Machinery','','','','Moderator','|2|,|3|,|1|,|4|','|2|,|3|,|4|','','','|2|','0','0','0','2000','1','1')
INSERT INTO CategoriesModules (UniqueID,CatID,ModuleID) VALUES('593392375382515','188033484244533','20')
INSERT INTO CategoriesPortals (UniqueID,CatID,PortalID) VALUES('162147731250256','188033484244533','0')
INSERT INTO Categories (CatID,ListUnder,CategoryName,Description,Keywords,CatType,Moderator,AccessKeys,WriteKeys,SEODescription,SEOPageTitle,ManageKeys,AccessHide,WriteHide,ExcPortalSecurity,Weight,ShowList,Sharing) VALUES('779952819128442','518067943485998','Workers'' Compensation','','','','Moderator','|2|,|3|,|1|,|4|','|2|,|3|,|4|','','','|2|','0','0','0','2000','1','1')
INSERT INTO CategoriesModules (UniqueID,CatID,ModuleID) VALUES('233983587101590','779952819128442','20')
INSERT INTO CategoriesPortals (UniqueID,CatID,PortalID) VALUES('850661858854693','779952819128442','0')
INSERT INTO Categories (CatID,ListUnder,CategoryName,Description,Keywords,CatType,Moderator,AccessKeys,WriteKeys,SEODescription,SEOPageTitle,ManageKeys,AccessHide,WriteHide,ExcPortalSecurity,Weight,ShowList,Sharing) VALUES('156958104208916','186117298227345','Working Papers','','','','Moderator','|2|,|3|,|1|,|4|','|2|,|3|,|4|','','','|2|','0','0','0','2000','1','1')
INSERT INTO CategoriesModules (UniqueID,CatID,ModuleID) VALUES('128262326045223','156958104208916','20')
INSERT INTO CategoriesPortals (UniqueID,CatID,PortalID) VALUES('391970742017493','156958104208916','0')
INSERT INTO Categories (CatID,ListUnder,CategoryName,Description,Keywords,CatType,Moderator,AccessKeys,WriteKeys,SEODescription,SEOPageTitle,ManageKeys,AccessHide,WriteHide,ExcPortalSecurity,Weight,ShowList,Sharing) VALUES('157872305156248','293246790583114','World War II Dormant Accounts','','','','Moderator','|2|,|3|,|1|,|4|','|2|,|3|,|4|','','','|2|','0','0','0','2000','1','1')
INSERT INTO CategoriesModules (UniqueID,CatID,ModuleID) VALUES('277467307417386','157872305156248','20')
INSERT INTO CategoriesPortals (UniqueID,CatID,PortalID) VALUES('571459437388717','157872305156248','0')
INSERT INTO Categories (CatID,ListUnder,CategoryName,Description,Keywords,CatType,Moderator,AccessKeys,WriteKeys,SEODescription,SEOPageTitle,ManageKeys,AccessHide,WriteHide,ExcPortalSecurity,Weight,ShowList,Sharing) VALUES('862580812625328','153991554677553','Wound Care','','','','Moderator','|2|,|3|,|1|,|4|','|2|,|3|,|4|','','','|2|','0','0','0','2000','1','1')
INSERT INTO CategoriesModules (UniqueID,CatID,ModuleID) VALUES('104643336785331','862580812625328','20')
INSERT INTO CategoriesPortals (UniqueID,CatID,PortalID) VALUES('104490791526142','862580812625328','0')
INSERT INTO Categories (CatID,ListUnder,CategoryName,Description,Keywords,CatType,Moderator,AccessKeys,WriteKeys,SEODescription,SEOPageTitle,ManageKeys,AccessHide,WriteHide,ExcPortalSecurity,Weight,ShowList,Sharing) VALUES('153509031031260','121052169707044','Yeasts','','','','Moderator','|2|,|3|,|1|,|4|','|2|,|3|,|4|','','','|2|','0','0','0','2000','1','1')
INSERT INTO CategoriesModules (UniqueID,CatID,ModuleID) VALUES('654310089242746','153509031031260','20')
INSERT INTO CategoriesPortals (UniqueID,CatID,PortalID) VALUES('142730455929459','153509031031260','0')
INSERT INTO Categories (CatID,ListUnder,CategoryName,Description,Keywords,CatType,Moderator,AccessKeys,WriteKeys,SEODescription,SEOPageTitle,ManageKeys,AccessHide,WriteHide,ExcPortalSecurity,Weight,ShowList,Sharing) VALUES('136529219212773','185728045685285','Yellow Pages','','','','Moderator','|2|,|3|,|1|,|4|','|2|,|3|,|4|','','','|2|','0','0','0','2000','1','1')
INSERT INTO CategoriesModules (UniqueID,CatID,ModuleID) VALUES('438052277648410','136529219212773','20')
INSERT INTO CategoriesPortals (UniqueID,CatID,PortalID) VALUES('355415770085726','136529219212773','0')
[[GO]]