<ROOTLEVEL>
  <MODULE989>
    <PostJoinClass2>0</PostJoinClass2>
    <GetJoinClass2>0</GetJoinClass2>
    <PostJoinClass3>0</PostJoinClass3>
    <GetJoinClass3>0</GetJoinClass3>
    <PostJoinClass1>0</PostJoinClass1>
    <GetJoinClass1>0</GetJoinClass1>
    <PostJoinClass4>0</PostJoinClass4>
    <GetJoinClass4>0</GetJoinClass4>
  </MODULE989>
  <MODULE39>
    <PostReferUser>0</PostReferUser>
    <GetReferUser>0</GetReferUser>
  </MODULE39>
  <MODULE35>
    <PostPostArticle>0</PostPostArticle>
    <GetPostArticle>0</GetPostArticle>
    <PostViewArticle>0</PostViewArticle>
    <GetViewArticle>0</GetViewArticle>
  </MODULE35>
  <MODULE31>
    <PostAddAction>0</PostAddAction>
    <GetAddAction>0</GetAddAction>
    <PostViewAuction>0</PostViewAuction>
    <GetViewAuction>0</GetViewAuction>
    <PostBidItem>0</PostBidItem>
    <GetBidItem>0</GetBidItem>
  </MODULE31>
  <MODULE61>
    <PostAddBlog>0</PostAddBlog>
    <GetAddBlog>0</GetAddBlog>
    <PostViewBlog>0</PostViewBlog>
    <GetViewBlog>0</GetViewBlog>
  </MODULE61>
  <MODULE20>
    <PostPostBusiness>0</PostPostBusiness>
    <GetPostBusiness>0</GetPostBusiness>
    <PostViewBusiness>0</PostViewBusiness>
    <GetViewBusiness>0</GetViewBusiness>
  </MODULE20>
  <MODULE44>
    <PostPostAd>0</PostPostAd>
    <GetPostAd>0</GetPostAd>
    <PostViewAd>0</PostViewAd>
    <GetViewAd>0</GetViewAd>
    <PostPurchaseItem>0</PostPurchaseItem>
    <GetPurchaseItem>0</GetPurchaseItem>
  </MODULE44>
  <MODULE8>
    <PostRateList>0</PostRateList>
    <GetRateList>0</GetRateList>
    <PostLeaveComment>0</PostLeaveComment>
    <GetLeaveComment>0</GetLeaveComment>
  </MODULE8>
  <MODULE62>
    <PostAddCAuction>0</PostAddCAuction>
    <GetAddCAuction>0</GetAddCAuction>
    <PostBidCAuction>0</PostBidCAuction>
    <GetBidCAuction>0</GetBidCAuction>
  </MODULE62>
  <MODULE5>
    <PostAddCoupon>0</PostAddCoupon>
    <GetAddCoupon>0</GetAddCoupon>
  </MODULE5>
  <MODULE46>
    <PostPostEvent>0</PostPostEvent>
    <GetPostEvent>0</GetPostEvent>
    <PostViewEvent>0</PostViewEvent>
    <GetViewEvent>0</GetViewEvent>
  </MODULE46>
  <MODULE10>
    <PostUploadFile>0</PostUploadFile>
    <GetUploadFile>0</GetUploadFile>
    <PostDownloadFile>0</PostDownloadFile>
    <GetDownloadFile>0</GetDownloadFile>
  </MODULE10>
  <MODULE13>
    <PostSubmitForm>0</PostSubmitForm>
    <GetSubmitForm>0</GetSubmitForm>
  </MODULE13>
  <MODULE12>
    <PostPostTopic>0</PostPostTopic>
    <GetPostTopic>0</GetPostTopic>
    <PostReplyTopic>0</PostReplyTopic>
    <GetReplyTopic>0</GetReplyTopic>
  </MODULE12>
  <MODULE14>
    <PostSignGuestbook>0</PostSignGuestbook>
    <GetSignGuestbook>0</GetSignGuestbook>
  </MODULE14>
  <MODULE40>
    <PostRatePicture>0</PostRatePicture>
    <GetRatePicture>0</GetRatePicture>
  </MODULE40>
  <MODULE48>
    <PostAddResume>0</PostAddResume>
    <GetAddResume>0</GetAddResume>
    <PostPostJob>0</PostPostJob>
    <GetPostJob>0</GetPostJob>
    <PostAddCompany>0</PostAddCompany>
    <GetAddCompany>0</GetAddCompany>
  </MODULE48>
  <MODULE19>
    <PostPostLink>0</PostPostLink>
    <GetPostLink>0</GetPostLink>
    <PostViewLink>0</PostViewLink>
    <GetViewLink>0</GetViewLink>
  </MODULE19>
  <MODULE18>
    <PostCreateProfile>0</PostCreateProfile>
    <GetCreateProfile>0</GetCreateProfile>
  </MODULE18>
  <MODULE17>
    <PostSendMessage>0</PostSendMessage>
    <GetSendMessage>0</GetSendMessage>
  </MODULE17>
  <MODULE28>
    <PostCreateAlbum>0</PostCreateAlbum>
    <GetCreateAlbum>0</GetCreateAlbum>
    <PostUploadPicture>0</PostUploadPicture>
    <GetUploadPicture>0</GetUploadPicture>
  </MODULE28>
  <MODULE52>
    <PostUploadPhoto>0</PostUploadPhoto>
    <GetUploadPhoto>0</GetUploadPhoto>
  </MODULE52>
  <MODULE25>
    <PostVotePoll>0</PostVotePoll>
    <GetVotePoll>0</GetVotePoll>
  </MODULE25>
  <MODULE32>
    <PostPostProperty>0</PostPostProperty>
    <GetPostProperty>0</GetPostProperty>
    <PostViewProperty>0</PostViewProperty>
    <GetViewProperty>0</GetViewProperty>
  </MODULE32>
  <MODULE43>
    <PostReferUser>0</PostReferUser>
    <GetReferUser>0</GetReferUser>
  </MODULE43>
  <MODULE997>
    <PostCreateAccount>0</PostCreateAccount>
    <GetCreateAccount>0</GetCreateAccount>
  </MODULE997>
  <MODULE7>
    <PostCreateSite>0</PostCreateSite>
    <GetCreateSite>0</GetCreateSite>
  </MODULE7>
  <MODULE63>
    <PostAddProfile>0</PostAddProfile>
    <GetAddProfile>0</GetAddProfile>
  </MODULE63>
  <MODULE36>
    <PostPostReview>0</PostPostReview>
    <GetPostReview>0</GetPostReview>
  </MODULE36>
</ROOTLEVEL>