<?xml version="1.0"?>

<ROOTLEVEL>
  <MODULE994>
    <AdminUserMan>|2|</AdminUserMan>
    <GroupLists>|2|</GroupLists>
  </MODULE994>
  <MODULE996>
    <AdminAccess>|2|</AdminAccess>
    <AdminSetup>|2|</AdminSetup>
    <AdminEditPage>|2|</AdminEditPage>
    <AdminSecurity>|2|</AdminSecurity>
    <AdminStats>|2|</AdminStats>
    <AdminAdvance>|2|</AdminAdvance>
    <AdminModuleMan>|2|</AdminModuleMan>
    <AdminSiteLooks>|2|</AdminSiteLooks>
    <AdminErrorLogs>|2|</AdminErrorLogs>
    <AdminActivities>|2|</AdminActivities>
    <AdminPointSys>|2|</AdminPointSys>
  </MODULE996>
  <MODULE2>
    <AdsAccess>|2|,|3|,|1|,|4|</AdsAccess>
    <AdsStats>|2|,|3|,|4|</AdsStats>
    <AdsAllStats>|2|</AdsAllStats>
    <AdsAdmin>|2|</AdsAdmin>
  </MODULE2>
  <MODULE39>
    <AffiliateJoin>|2|,|3|,|1|,|4|</AffiliateJoin>
    <AffiliateAdmin>|2|</AffiliateAdmin>
  </MODULE39>
  <MODULE35>
    <ArticlesAccess>|2|,|3|,|1|,|4|</ArticlesAccess>
    <ArticlesPost>|2|,|4|</ArticlesPost>
    <ArticlesAdmin>|2|</ArticlesAdmin>
  </MODULE35>
  <MODULE31>
    <AuctionAccess>|2|,|3|,|1|,|4|</AuctionAccess>
    <AuctionPost>|2|,|4|</AuctionPost>
    <AuctionAdmin>|2|</AuctionAdmin>
  </MODULE31>
  <MODULE61>
    <BlogsAccess>|2|,|3|,|1|,|4|</BlogsAccess>
    <BlogsCreate>|2|,|4|</BlogsCreate>
    <BlogsAdmin>|2|</BlogsAdmin>
  </MODULE61>
  <MODULE20>
    <BusinessAccess>|2|,|3|,|1|,|4|</BusinessAccess>
    <BusinessPost>|2|,|4|</BusinessPost>
    <BusinessSiteURL>|2|,|4|</BusinessSiteURL>
    <BusinessMyListings>|2|,|3|,|4|</BusinessMyListings>
    <BusinessRandom>|2|,|4|</BusinessRandom>
    <BusinessAdmin>|2|</BusinessAdmin>
  </MODULE20>
  <MODULE42>
    <TeleAccess>|2|,|3|,|4|</TeleAccess>
    <TeleAdmin>|2|</TeleAdmin>
  </MODULE42>
  <MODULE44>
    <ClassifiedAccess>|2|,|3|,|1|,|4|</ClassifiedAccess>
    <ClassifiedPost>|2|,|4|</ClassifiedPost>
    <ClassifiedAdmin>|2|</ClassifiedAdmin>
  </MODULE44>
  <MODULE5>
    <DiscountsAccess>|2|,|3|,|1|,|4|</DiscountsAccess>
    <DiscountsPost>|2|,|4|</DiscountsPost>
    <DiscountsAdmin>|2|</DiscountsAdmin>
  </MODULE5>
  <MODULE37>
    <ELearningAccess>|2|,|3|,|1|,|4|</ELearningAccess>
    <ELearningAdmin>|2|</ELearningAdmin>
  </MODULE37>
  <MODULE46>
    <EventsAccess>|2|,|3|,|1|,|4|</EventsAccess>
    <EventsPost>|2|,|3|,|4|</EventsPost>
    <EventsShared>|2|,|4|</EventsShared>
    <EventsAdmin>|2|</EventsAdmin>
  </MODULE46>
  <MODULE9>
    <FAQAccess>|2|,|3|,|1|,|4|</FAQAccess>
    <FAQAdmin>|2|</FAQAdmin>
  </MODULE9>
  <MODULE10>
    <LibraryAccess>|2|,|3|,|1|,|4|</LibraryAccess>
    <LibraryUpload>|2|,|4|</LibraryUpload>
    <LibraryAdmin>|2|</LibraryAdmin>
  </MODULE10>
  <MODULE13>
    <FormsAccess>|2|,|3|,|1|,|4|</FormsAccess>
    <FormsAdmin>|2|</FormsAdmin>
  </MODULE13>
  <MODULE12>
    <ForumsAccess>|2|,|3|,|1|,|4|</ForumsAccess>
    <ForumsPost>|2|,|3|,|4|</ForumsPost>
    <ForumsAdmin>|2|</ForumsAdmin>
  </MODULE12>
  <MODULE14>
    <GuestbookAccess>|2|,|3|,|1|,|4|</GuestbookAccess>
    <GuestbookSign>|2|,|3|,|1|,|4|</GuestbookSign>
    <GuestbookAdmin>|2|</GuestbookAdmin>
  </MODULE14>
  <MODULE40>
    <HotNotAccess>|2|,|3|,|1|,|4|</HotNotAccess>
    <HotNotUpload>|2|,|4|</HotNotUpload>
    <HotNotAdmin>|2|</HotNotAdmin>
  </MODULE40>
  <MODULE19>
    <LinksAccess>|2|,|3|,|1|,|4|</LinksAccess>
    <LinksPost>|2|,|4|</LinksPost>
    <LinksAdmin>|2|</LinksAdmin>
  </MODULE19>
  <MODULE18>
    <MatchAccess>|2|,|3|,|1|,|4|</MatchAccess>
    <MatchView>|2|,|3|,|1|,|4|</MatchView>
    <MatchModify>|2|,|3|,|4|</MatchModify>
    <MatchAdmin>|2|</MatchAdmin>
  </MODULE18>
  <MODULE17>
    <MessengerAccess>|2|,|3|,|4|</MessengerAccess>
    <MessengerRead>|2|,|3|,|4|</MessengerRead>
    <MessengerFind>|2|,|3|,|1|,|4|</MessengerFind>
    <MessengerCompose>|2|,|3|,|4|</MessengerCompose>
    <MessengerReply>|2|,|3|,|4|</MessengerReply>
    <MessengerMass>|2|</MessengerMass>
  </MODULE17>
  <MODULE23>
    <NewsAccess>|2|,|3|,|1|,|4|</NewsAccess>
    <NewsAdmin>|2|</NewsAdmin>
  </MODULE23>
  <MODULE24>
    <NewsletJoin>|2|,|3|,|1|,|4|</NewsletJoin>
    <NewsletAdmin>|2|</NewsletAdmin>
  </MODULE24>
  <MODULE47>
    <GamesAccess>|2|,|3|,|1|,|4|</GamesAccess>
    <GamesAdmin>|2|</GamesAdmin>
  </MODULE47>
  <MODULE28>
    <PhotosAccess>|2|,|3|,|1|,|4|</PhotosAccess>
    <PhotosShared>|2|,|3|,|4|</PhotosShared>
    <PhotosCreate>|2|,|3|,|4|</PhotosCreate>
    <PhotosPassword>|2|,|4|</PhotosPassword>
    <PhotosAdmin>|2|</PhotosAdmin>
  </MODULE28>
  <MODULE25>
    <PollsAccess>|2|,|3|,|1|,|4|</PollsAccess>
    <PollsVote>|2|,|3|,|1|,|4|</PollsVote>
    <PollsAdmin>|2|</PollsAdmin>
  </MODULE25>
  <MODULE60>
    <PortalsAccess>|2|,|3|,|1|,|4|</PortalsAccess>
    <PortalsCreate>|2|</PortalsCreate>
    <PortalsAdmin>|2|</PortalsAdmin>
  </MODULE60>
  <MODULE32>
    <RStateAccess>|2|,|3|,|1|,|4|</RStateAccess>
    <RStatePost>|2|,|4|</RStatePost>
    <RStateAdmin>|2|</RStateAdmin>
  </MODULE32>
  <MODULE43>
    <ReferAccess>|2|,|3|,|1|,|4|</ReferAccess>
    <ReferAdmin>|2|</ReferAdmin>
  </MODULE43>
  <MODULE995>
    <ShopCartAdmin>|2|</ShopCartAdmin>
  </MODULE995>
  <MODULE41>
    <ShopMallAccess>|2|,|3|,|1|,|4|</ShopMallAccess>
    <ShopMallAdmin>|2|</ShopMallAdmin>
  </MODULE41>
  <MODULE50>
    <SpeakerAccess>|2|,|3|,|1|,|4|</SpeakerAccess>
    <SpeakerAdmin>|2|</SpeakerAdmin>
  </MODULE50>
  <MODULE7>
    <UPagesAccess>|2|,|3|,|1|,|4|</UPagesAccess>
    <UPagesCreate>|2|,|4|</UPagesCreate>
    <UPagesPassword>|2|,|4|</UPagesPassword>
    <UPagesManage>|2|</UPagesManage>
  </MODULE7>
  <MODULE63>
    <ProfilesAccess>|2|,|3|,|1|,|4|</ProfilesAccess>
    <ProfilesView>|2|,|3|,|1|,|4|</ProfilesView>
    <ProfilesModify>|2|,|3|,|4|</ProfilesModify>
    <ProfilesAdmin>|2|</ProfilesAdmin>
  </MODULE63>
  <MODULE36>
    <ReviewsAccess>|2|,|3|,|1|,|4|</ReviewsAccess>
    <ReviewsWrite>|2|,|3|,|4|</ReviewsWrite>
    <ReviewsAdmin>|2|</ReviewsAdmin>
  </MODULE36>
  <MODULE34>
    <WhosOnline>|2|,|3|,|1|,|4|</WhosOnline>
  </MODULE34>
</ROOTLEVEL>